event_id,driver_id,status,season,lap,car_lap,fastf1,cls,lap1,contact_msg,multi_car,spun_msg,neutralised,in_pits,slow_before,penalised,other_penalised,basis,p_mechanical_class,p_incident_class,p_other_class,p_mechanical,p_own_error,p_other_driver,p_external,p_team_ops,p_unknown
2010-01,buemi,Electrical,2010,47,47,False,mechanical,False,False,True,False,False,False,False,False,False,status code,1.0,0.0,0.0,0.95,0.0,0.0,0.0,0.0,0.050000000000000044
2010-01,trulli,Hydraulics,2010,47,47,False,mechanical,False,False,True,False,False,False,False,False,False,status code,1.0,0.0,0.0,0.95,0.0,0.0,0.0,0.0,0.050000000000000044
2010-01,rosa,Hydraulics,2010,29,29,False,mechanical,False,False,False,False,False,False,False,False,False,status code,1.0,0.0,0.0,0.95,0.0,0.0,0.0,0.0,0.050000000000000044
2010-01,bruno_senna,Overheating,2010,18,18,False,mechanical,False,False,True,False,False,False,False,False,False,status code,1.0,0.0,0.0,0.95,0.0,0.0,0.0,0.0,0.050000000000000044
2010-01,glock,Gearbox,2010,17,17,False,mechanical,False,False,True,False,False,False,False,False,False,status code,1.0,0.0,0.0,0.95,0.0,0.0,0.0,0.0,0.050000000000000044
2010-01,petrov,Suspension,2010,14,14,False,mechanical,False,False,False,False,False,False,False,False,False,status code,1.0,0.0,0.0,0.95,0.0,0.0,0.0,0.0,0.050000000000000044
2010-01,kobayashi,Hydraulics,2010,12,12,False,mechanical,False,False,False,False,False,False,False,False,False,status code,1.0,0.0,0.0,0.95,0.0,0.0,0.0,0.0,0.050000000000000044
2010-01,grassi,Hydraulics,2010,3,3,False,mechanical,False,False,True,False,False,False,False,False,False,status code,1.0,0.0,0.0,0.95,0.0,0.0,0.0,0.0,0.050000000000000044
2010-01,chandhok,Accident,2010,2,2,False,incident,False,False,True,False,False,False,False,False,False,status code,0.0,1.0,0.0,0.0,0.285,0.285,0.0,0.0,0.43000000000000005
2010-02,glock,Suspension,2010,42,42,False,mechanical,False,False,False,False,False,False,False,False,False,status code,1.0,0.0,0.0,0.95,0.0,0.0,0.0,0.0,0.050000000000000044
2010-02,grassi,Hydraulics,2010,27,27,False,mechanical,False,False,True,False,False,False,False,False,False,status code,1.0,0.0,0.0,0.95,0.0,0.0,0.0,0.0,0.050000000000000044
2010-02,vettel,Wheel,2010,26,26,False,other,False,False,True,False,False,False,False,False,False,status code,0.0,0.0,1.0,0.475,0.0,0.0,0.0,0.475,0.050000000000000044
2010-02,sutil,Engine,2010,10,10,False,mechanical,False,False,True,False,False,False,False,False,False,status code,1.0,0.0,0.0,0.95,0.0,0.0,0.0,0.0,0.050000000000000044
2010-02,petrov,Spun off,2010,10,10,False,incident,False,False,True,False,False,False,False,False,False,status code,0.0,1.0,0.0,0.0,0.285,0.285,0.0,0.0,0.43000000000000005
2010-02,bruno_senna,Hydraulics,2010,5,5,False,mechanical,False,False,False,False,False,False,False,False,False,status code,1.0,0.0,0.0,0.95,0.0,0.0,0.0,0.0,0.050000000000000044
2010-02,buemi,Collision,2010,1,1,False,incident,True,False,True,False,False,False,False,False,False,status code,0.0,1.0,0.0,0.0,0.285,0.285,0.0,0.0,0.43000000000000005
2010-02,hulkenberg,Collision,2010,1,1,False,incident,True,False,True,False,False,False,False,False,False,status code,0.0,1.0,0.0,0.0,0.285,0.285,0.0,0.0,0.43000000000000005
2010-02,kobayashi,Collision,2010,1,1,False,incident,True,False,True,False,False,False,False,False,False,status code,0.0,1.0,0.0,0.0,0.285,0.285,0.0,0.0,0.43000000000000005
2010-03,alonso,Engine,2010,55,55,False,mechanical,False,False,False,False,False,False,False,False,False,status code,1.0,0.0,0.0,0.95,0.0,0.0,0.0,0.0,0.050000000000000044
2010-03,petrov,Gearbox,2010,33,33,False,mechanical,False,False,False,False,False,False,False,False,False,status code,1.0,0.0,0.0,0.95,0.0,0.0,0.0,0.0,0.050000000000000044
2010-03,liuzzi,Throttle,2010,13,13,False,mechanical,False,False,False,False,False,False,False,False,False,status code,1.0,0.0,0.0,0.95,0.0,0.0,0.0,0.0,0.050000000000000044
2010-03,michael_schumacher,Wheel,2010,10,10,False,other,False,False,True,False,False,False,False,False,False,status code,0.0,0.0,1.0,0.475,0.0,0.0,0.0,0.475,0.050000000000000044
2010-03,kobayashi,Engine,2010,9,9,False,mechanical,False,False,True,False,False,False,False,False,False,status code,1.0,0.0,0.0,0.95,0.0,0.0,0.0,0.0,0.050000000000000044
2010-03,glock,Spun off,2010,3,3,False,incident,False,False,False,False,False,False,False,False,False,status code,0.0,1.0,0.0,0.0,0.6649999999999999,0.0,0.095,0.0,0.24000000000000005
2010-04,trulli,Hydraulics,2010,27,27,False,mechanical,False,False,False,False,False,False,False,False,False,status code,1.0,0.0,0.0,0.95,0.0,0.0,0.0,0.0,0.050000000000000044
2010-04,grassi,Clutch,2010,9,9,False,mechanical,False,False,True,False,False,False,False,False,False,status code,1.0,0.0,0.0,0.95,0.0,0.0,0.0,0.0,0.050000000000000044
2010-04,rosa,Technical,2010,8,8,False,mechanical,False,False,True,False,False,False,False,False,False,status code,1.0,0.0,0.0,0.95,0.0,0.0,0.0,0.0,0.050000000000000044
2010-04,buemi,Accident,2010,1,1,False,incident,True,False,True,False,False,False,False,False,False,status code,0.0,1.0,0.0,0.0,0.285,0.285,0.0,0.0,0.43000000000000005
2010-04,kobayashi,Accident,2010,1,1,False,incident,True,False,True,False,False,False,False,False,False,status code,0.0,1.0,0.0,0.0,0.285,0.285,0.0,0.0,0.43000000000000005
2010-04,liuzzi,Accident,2010,1,1,False,incident,True,False,True,False,False,False,False,False,False,status code,0.0,1.0,0.0,0.0,0.285,0.285,0.0,0.0,0.43000000000000005
2010-05,hamilton,Puncture,2010,65,65,False,other,False,False,True,False,False,False,False,False,False,status code,0.0,0.0,1.0,0.0,0.0,0.0,0.475,0.0,0.525
2010-05,liuzzi,Engine,2010,65,65,False,mechanical,False,False,True,False,False,False,False,False,False,status code,1.0,0.0,0.0,0.95,0.0,0.0,0.0,0.0,0.050000000000000044
2010-05,buemi,Hydraulics,2010,43,43,False,mechanical,False,False,False,False,False,False,False,False,False,status code,1.0,0.0,0.0,0.95,0.0,0.0,0.0,0.0,0.050000000000000044
2010-05,chandhok,Suspension,2010,28,28,False,mechanical,False,False,False,False,False,False,False,False,False,status code,1.0,0.0,0.0,0.95,0.0,0.0,0.0,0.0,0.050000000000000044
2010-05,rosa,Collision,2010,19,19,False,incident,False,False,False,False,False,False,False,False,False,status code,0.0,1.0,0.0,0.0,0.285,0.285,0.0,0.0,0.43000000000000005
2010-05,bruno_senna,Accident,2010,1,1,False,incident,True,False,False,False,False,False,False,False,False,status code,0.0,1.0,0.0,0.0,0.6649999999999999,0.0,0.095,0.0,0.24000000000000005
2010-06,petrov,Brakes,2010,74,74,False,mechanical,False,False,False,False,False,False,False,False,False,status code,1.0,0.0,0.0,0.95,0.0,0.0,0.0,0.0,0.050000000000000044
2010-06,chandhok,Collision,2010,71,71,False,incident,False,False,True,False,False,False,False,False,False,status code,0.0,1.0,0.0,0.0,0.285,0.285,0.0,0.0,0.43000000000000005
2010-06,trulli,Collision,2010,71,71,False,incident,False,False,True,False,False,False,False,False,False,status code,0.0,1.0,0.0,0.0,0.285,0.285,0.0,0.0,0.43000000000000005
2010-06,kovalainen,Steering,2010,59,59,False,mechanical,False,False,True,False,False,False,False,False,False,status code,1.0,0.0,0.0,0.95,0.0,0.0,0.0,0.0,0.050000000000000044
2010-06,bruno_senna,Hydraulics,2010,59,59,False,mechanical,False,False,True,False,False,False,False,False,False,status code,1.0,0.0,0.0,0.95,0.0,0.0,0.0,0.0,0.050000000000000044
2010-06,barrichello,Suspension,2010,31,31,False,mechanical,False,False,False,False,False,False,False,False,False,status code,1.0,0.0,0.0,0.95,0.0,0.0,0.0,0.0,0.050000000000000044
2010-06,kobayashi,Gearbox,2010,27,27,False,mechanical,False,False,True,False,False,False,False,False,False,status code,1.0,0.0,0.0,0.95,0.0,0.0,0.0,0.0,0.050000000000000044
2010-06,grassi,Wheel,2010,26,26,False,other,False,False,True,False,False,False,False,False,False,status code,0.0,0.0,1.0,0.475,0.0,0.0,0.0,0.475,0.050000000000000044
2010-06,glock,Track rod,2010,23,23,False,mechanical,False,False,True,False,False,False,False,False,False,status code,1.0,0.0,0.0,0.95,0.0,0.0,0.0,0.0,0.050000000000000044
2010-06,rosa,Hydraulics,2010,22,22,False,mechanical,False,False,True,False,False,False,False,False,False,status code,1.0,0.0,0.0,0.95,0.0,0.0,0.0,0.0,0.050000000000000044
2010-06,button,Engine,2010,3,3,False,mechanical,False,False,False,False,False,False,False,False,False,status code,1.0,0.0,0.0,0.95,0.0,0.0,0.0,0.0,0.050000000000000044
2010-06,hulkenberg,Front wing,2010,1,1,False,mechanical,True,False,False,False,False,False,False,False,False,status code,1.0,0.0,0.0,0.95,0.0,0.0,0.0,0.0,0.050000000000000044
2010-07,chandhok,Fuel pump,2010,53,53,False,mechanical,False,False,False,False,False,False,False,False,False,status code,1.0,0.0,0.0,0.95,0.0,0.0,0.0,0.0,0.050000000000000044
2010-07,bruno_senna,Fuel pressure,2010,47,47,False,mechanical,False,False,False,False,False,False,False,False,False,status code,1.0,0.0,0.0,0.95,0.0,0.0,0.0,0.0,0.050000000000000044
2010-07,vettel,Collision,2010,40,40,False,incident,False,False,False,False,False,False,False,False,False,status code,0.0,1.0,0.0,0.0,0.285,0.285,0.0,0.0,0.43000000000000005
2010-07,kovalainen,Hydraulics,2010,34,34,False,mechanical,False,False,True,False,False,False,False,False,False,status code,1.0,0.0,0.0,0.95,0.0,0.0,0.0,0.0,0.050000000000000044
2010-07,trulli,Hydraulics,2010,33,33,False,mechanical,False,False,True,False,False,False,False,False,False,status code,1.0,0.0,0.0,0.95,0.0,0.0,0.0,0.0,0.050000000000000044
2010-08,glock,Mechanical,2010,56,56,False,mechanical,False,False,False,False,False,False,False,False,False,status code,1.0,0.0,0.0,0.95,0.0,0.0,0.0,0.0,0.050000000000000044
2010-08,trulli,Brakes,2010,48,48,False,mechanical,False,False,False,False,False,False,False,False,False,status code,1.0,0.0,0.0,0.95,0.0,0.0,0.0,0.0,0.050000000000000044
2010-08,rosa,Engine,2010,32,32,False,mechanical,False,False,False,False,False,False,False,False,False,status code,1.0,0.0,0.0,0.95,0.0,0.0,0.0,0.0,0.050000000000000044
2010-08,bruno_senna,Hydraulics,2010,15,15,False,mechanical,False,False,False,False,False,False,False,False,False,status code,1.0,0.0,0.0,0.95,0.0,0.0,0.0,0.0,0.050000000000000044
2010-08,kobayashi,Accident,2010,2,2,False,incident,False,False,False,False,False,False,False,False,False,status code,0.0,1.0,0.0,0.0,0.6649999999999999,0.0,0.095,0.0,0.24000000000000005
2010-09,hulkenberg,Exhaust,2010,50,50,False,mechanical,False,False,False,False,False,False,False,False,False,status code,1.0,0.0,0.0,0.95,0.0,0.0,0.0,0.0,0.050000000000000044
2010-09,kovalainen,Collision,2010,9,9,False,incident,False,False,True,False,False,False,False,False,False,status code,0.0,1.0,0.0,0.0,0.285,0.285,0.0,0.0,0.43000000000000005
2010-09,webber,Collision,2010,9,9,False,incident,False,False,True,False,False,False,False,False,False,status code,0.0,1.0,0.0,0.0,0.285,0.285,0.0,0.0,0.43000000000000005
2010-10,alguersuari,Brakes,2010,45,45,False,mechanical,False,False,False,False,False,False,False,False,False,status code,1.0,0.0,0.0,0.95,0.0,0.0,0.0,0.0,0.050000000000000044
2010-10,rosa,Collision,2010,30,30,False,incident,False,False,False,False,False,False,False,False,False,status code,0.0,1.0,0.0,0.0,0.285,0.285,0.0,0.0,0.43000000000000005
2010-10,kubica,Driveshaft,2010,20,20,False,mechanical,False,False,False,False,False,False,False,False,False,status code,1.0,0.0,0.0,0.95,0.0,0.0,0.0,0.0,0.050000000000000044
2010-10,grassi,Hydraulics,2010,10,10,False,mechanical,False,False,False,False,False,False,False,False,False,status code,1.0,0.0,0.0,0.95,0.0,0.0,0.0,0.0,0.050000000000000044
2010-11,kovalainen,Collision,2010,57,57,False,incident,False,False,False,False,False,False,False,False,False,status code,0.0,1.0,0.0,0.0,0.285,0.285,0.0,0.0,0.43000000000000005
2010-11,grassi,Gearbox,2010,51,51,False,mechanical,False,False,False,False,False,False,False,False,False,status code,1.0,0.0,0.0,0.95,0.0,0.0,0.0,0.0,0.050000000000000044
2010-11,yamamoto,Engine,2010,20,20,False,mechanical,False,False,False,False,False,False,False,False,False,status code,1.0,0.0,0.0,0.95,0.0,0.0,0.0,0.0,0.050000000000000044
2010-11,trulli,Gearbox,2010,4,4,False,mechanical,False,False,False,False,False,False,False,False,False,status code,1.0,0.0,0.0,0.95,0.0,0.0,0.0,0.0,0.050000000000000044
2010-11,buemi,Collision,2010,2,2,False,incident,False,False,False,False,False,False,False,False,False,status code,0.0,1.0,0.0,0.0,0.285,0.285,0.0,0.0,0.43000000000000005
2010-12,hamilton,Gearbox,2010,24,24,False,mechanical,False,False,True,False,False,False,False,False,False,status code,1.0,0.0,0.0,0.95,0.0,0.0,0.0,0.0,0.050000000000000044
2010-12,kubica,Retired,2010,24,24,False,other,False,False,True,False,False,False,False,False,False,class base rates,0.4793650793650794,0.4666666666666667,0.05396825396825397,0.4793650793650794,0.13999999999999999,0.13999999999999999,0.0,0.0,0.24063492063492065
2010-12,rosberg,Wheel,2010,16,16,False,other,False,False,True,False,False,False,False,False,False,status code,0.0,0.0,1.0,0.475,0.0,0.0,0.0,0.475,0.050000000000000044
2010-12,sutil,Collision,2010,16,16,False,incident,False,False,True,False,False,False,False,False,False,status code,0.0,1.0,0.0,0.0,0.285,0.285,0.0,0.0,0.43000000000000005
2010-12,alguersuari,Engine,2010,2,2,False,mechanical,False,False,False,False,False,False,False,False,False,status code,1.0,0.0,0.0,0.95,0.0,0.0,0.0,0.0,0.050000000000000044
2010-13,alonso,Accident,2010,38,38,False,incident,False,False,False,False,False,False,False,False,False,status code,0.0,1.0,0.0,0.0,0.6649999999999999,0.0,0.095,0.0,0.24000000000000005
2010-13,button,Collision,2010,16,16,False,incident,False,False,False,False,False,False,False,False,False,status code,0.0,1.0,0.0,0.0,0.285,0.285,0.0,0.0,0.43000000000000005
2010-13,bruno_senna,Retired,2010,6,6,False,other,False,False,False,False,False,False,False,False,False,class base rates,0.4793650793650794,0.4666666666666667,0.05396825396825397,0.4793650793650794,0.32666666666666666,0.0,0.04666666666666667,0.0,0.14730158730158732
2010-13,barrichello,Collision,2010,1,1,False,incident,True,False,False,False,False,False,False,False,False,status code,0.0,1.0,0.0,0.0,0.285,0.285,0.0,0.0,0.43000000000000005
2010-14,trulli,Engine,2010,47,47,False,mechanical,False,False,False,False,False,False,False,False,False,status code,1.0,0.0,0.0,0.95,0.0,0.0,0.0,0.0,0.050000000000000044
2010-14,bruno_senna,Retired,2010,12,12,False,other,False,False,False,False,False,False,False,False,False,class base rates,0.4793650793650794,0.4666666666666667,0.05396825396825397,0.4793650793650794,0.32666666666666666,0.0,0.04666666666666667,0.0,0.14730158730158732
2010-14,hamilton,Collision,2010,1,1,False,incident,True,False,True,False,False,False,False,False,False,status code,0.0,1.0,0.0,0.0,0.285,0.285,0.0,0.0,0.43000000000000005
2010-14,kobayashi,Gearbox,2010,1,1,False,mechanical,True,False,True,False,False,False,False,False,False,status code,1.0,0.0,0.0,0.95,0.0,0.0,0.0,0.0,0.050000000000000044
2010-15,kovalainen,Engine,2010,59,59,False,mechanical,False,False,False,False,False,False,False,False,False,status code,1.0,0.0,0.0,0.95,0.0,0.0,0.0,0.0,0.050000000000000044
2010-15,glock,Hydraulics,2010,50,50,False,mechanical,False,False,False,False,False,False,False,False,False,status code,1.0,0.0,0.0,0.95,0.0,0.0,0.0,0.0,0.050000000000000044
2010-15,heidfeld,Collision,2010,37,37,False,incident,False,False,True,False,False,False,False,False,False,status code,0.0,1.0,0.0,0.0,0.285,0.285,0.0,0.0,0.43000000000000005
2010-15,hamilton,Collision,2010,36,36,False,incident,False,False,True,False,False,False,False,False,False,status code,0.0,1.0,0.0,0.0,0.285,0.285,0.0,0.0,0.43000000000000005
2010-15,klien,Hydraulics,2010,32,32,False,mechanical,False,False,True,False,False,False,False,False,False,status code,1.0,0.0,0.0,0.95,0.0,0.0,0.0,0.0,0.050000000000000044
2010-15,kobayashi,Accident,2010,31,31,False,incident,False,False,True,False,False,False,False,False,False,status code,0.0,1.0,0.0,0.0,0.285,0.285,0.0,0.0,0.43000000000000005
2010-15,bruno_senna,Accident,2010,30,30,False,incident,False,False,True,False,False,False,False,False,False,status code,0.0,1.0,0.0,0.0,0.285,0.285,0.0,0.0,0.43000000000000005
2010-15,trulli,Hydraulics,2010,28,28,False,mechanical,False,False,False,False,False,False,False,False,False,status code,1.0,0.0,0.0,0.95,0.0,0.0,0.0,0.0,0.050000000000000044
2010-15,liuzzi,Collision,2010,2,2,False,incident,False,False,False,False,False,False,False,False,False,status code,0.0,1.0,0.0,0.0,0.285,0.285,0.0,0.0,0.43000000000000005
2010-16,rosberg,Suspension,2010,48,48,False,mechanical,False,False,False,False,False,False,False,False,False,status code,1.0,0.0,0.0,0.95,0.0,0.0,0.0,0.0,0.050000000000000044
2010-16,sutil,Oil leak,2010,45,45,False,mechanical,False,False,False,False,False,False,False,False,False,status code,1.0,0.0,0.0,0.95,0.0,0.0,0.0,0.0,0.050000000000000044
2010-16,kubica,Wheel,2010,3,3,False,other,False,False,False,False,False,False,False,False,False,status code,0.0,0.0,1.0,0.475,0.0,0.0,0.0,0.475,0.050000000000000044
2010-16,hulkenberg,Accident,2010,1,1,False,incident,True,False,True,False,False,False,False,False,False,status code,0.0,1.0,0.0,0.0,0.285,0.285,0.0,0.0,0.43000000000000005
2010-16,massa,Accident,2010,1,1,False,incident,True,False,True,False,False,False,False,False,False,status code,0.0,1.0,0.0,0.0,0.285,0.285,0.0,0.0,0.43000000000000005
2010-16,petrov,Accident,2010,1,1,False,incident,True,False,True,False,False,False,False,False,False,status code,0.0,1.0,0.0,0.0,0.285,0.285,0.0,0.0,0.43000000000000005
2010-16,liuzzi,Accident,2010,1,1,False,incident,True,False,True,False,False,False,False,False,False,status code,0.0,1.0,0.0,0.0,0.285,0.285,0.0,0.0,0.43000000000000005
2010-16,grassi,Suspension,2010,1,1,False,mechanical,True,False,True,False,False,False,False,False,False,status code,1.0,0.0,0.0,0.95,0.0,0.0,0.0,0.0,0.050000000000000044
2010-17,sutil,Collision,2010,47,47,False,incident,False,False,True,False,False,False,False,False,False,status code,0.0,1.0,0.0,0.0,0.285,0.285,0.0,0.0,0.43000000000000005
2010-17,vettel,Engine,2010,46,46,False,mechanical,False,False,True,False,False,False,False,False,False,status code,1.0,0.0,0.0,0.95,0.0,0.0,0.0,0.0,0.050000000000000044
2010-17,petrov,Accident,2010,40,40,False,incident,False,False,False,False,False,False,False,False,False,status code,0.0,1.0,0.0,0.0,0.6649999999999999,0.0,0.095,0.0,0.24000000000000005
2010-17,glock,Collision,2010,32,32,False,incident,False,False,True,False,False,False,False,False,False,status code,0.0,1.0,0.0,0.0,0.285,0.285,0.0,0.0,0.43000000000000005
2010-17,buemi,Collision,2010,31,31,False,incident,False,False,True,False,False,False,False,False,False,status code,0.0,1.0,0.0,0.0,0.285,0.285,0.0,0.0,0.43000000000000005
2010-17,grassi,Accident,2010,26,26,False,incident,False,False,True,False,False,False,False,False,False,status code,0.0,1.0,0.0,0.0,0.285,0.285,0.0,0.0,0.43000000000000005
2010-17,trulli,Hydraulics,2010,26,26,False,mechanical,False,False,True,False,False,False,False,False,False,status code,1.0,0.0,0.0,0.95,0.0,0.0,0.0,0.0,0.050000000000000044
2010-17,webber,Accident,2010,19,19,False,incident,False,False,True,False,False,False,False,False,False,status code,0.0,1.0,0.0,0.0,0.285,0.285,0.0,0.0,0.43000000000000005
2010-17,rosberg,Collision,2010,19,19,False,incident,False,False,True,False,False,False,False,False,False,status code,0.0,1.0,0.0,0.0,0.285,0.285,0.0,0.0,0.43000000000000005
2010-18,liuzzi,Accident,2010,50,50,False,incident,False,False,False,False,False,False,False,False,False,status code,0.0,1.0,0.0,0.0,0.6649999999999999,0.0,0.095,0.0,0.24000000000000005
2010-19,trulli,Rear wing,2010,52,52,False,mechanical,False,False,False,False,False,False,False,False,False,status code,1.0,0.0,0.0,0.95,0.0,0.0,0.0,0.0,0.050000000000000044
2010-19,glock,Gearbox,2010,44,44,False,mechanical,False,False,False,False,False,False,False,False,False,status code,1.0,0.0,0.0,0.95,0.0,0.0,0.0,0.0,0.050000000000000044
2010-19,michael_schumacher,Collision,2010,1,1,False,incident,True,False,True,False,False,False,False,False,False,status code,0.0,1.0,0.0,0.0,0.285,0.285,0.0,0.0,0.43000000000000005
2010-19,liuzzi,Collision,2010,1,1,False,incident,True,False,True,False,False,False,False,False,False,status code,0.0,1.0,0.0,0.0,0.285,0.285,0.0,0.0,0.43000000000000005
2011-01,barrichello,Transmission,2011,49,49,False,mechanical,False,False,False,False,False,False,False,False,False,status code,1.0,0.0,0.0,0.95,0.0,0.0,0.0,0.0,0.050000000000000044
2011-01,rosberg,Collision,2011,23,23,False,incident,False,False,False,False,False,False,False,False,False,status code,0.0,1.0,0.0,0.0,0.285,0.285,0.0,0.0,0.43000000000000005
2011-01,kovalainen,Water leak,2011,20,20,False,mechanical,False,False,True,False,False,False,False,False,False,status code,1.0,0.0,0.0,0.95,0.0,0.0,0.0,0.0,0.050000000000000044
2011-01,michael_schumacher,Collision,2011,20,20,False,incident,False,False,True,False,False,False,False,False,False,status code,0.0,1.0,0.0,0.0,0.285,0.285,0.0,0.0,0.43000000000000005
2011-01,maldonado,Transmission,2011,10,10,False,mechanical,False,False,False,False,False,False,False,False,False,status code,1.0,0.0,0.0,0.95,0.0,0.0,0.0,0.0,0.050000000000000044
2011-02,petrov,Accident,2011,53,53,False,incident,False,False,False,False,False,False,False,False,False,status code,0.0,1.0,0.0,0.0,0.6649999999999999,0.0,0.095,0.0,0.24000000000000005
2011-02,ambrosio,Accident,2011,43,43,False,incident,False,False,False,False,False,False,False,False,False,status code,0.0,1.0,0.0,0.0,0.6649999999999999,0.0,0.095,0.0,0.24000000000000005
2011-02,trulli,Clutch,2011,32,32,False,mechanical,False,False,False,False,False,False,False,False,False,status code,1.0,0.0,0.0,0.95,0.0,0.0,0.0,0.0,0.050000000000000044
2011-02,perez,Accident,2011,24,24,False,incident,False,False,True,False,False,False,False,False,False,status code,0.0,1.0,0.0,0.0,0.285,0.285,0.0,0.0,0.43000000000000005
2011-02,barrichello,Gearbox,2011,23,23,False,mechanical,False,False,True,False,False,False,False,False,False,status code,1.0,0.0,0.0,0.95,0.0,0.0,0.0,0.0,0.050000000000000044
2011-02,maldonado,Engine misfire,2011,9,9,False,mechanical,False,False,False,False,False,False,False,False,False,status code,1.0,0.0,0.0,0.95,0.0,0.0,0.0,0.0,0.050000000000000044
2011-03,alguersuari,Wheel,2011,10,10,False,other,False,False,False,False,False,False,False,False,False,status code,0.0,0.0,1.0,0.475,0.0,0.0,0.0,0.475,0.050000000000000044
2011-04,resta,Retired,2011,45,45,False,other,False,False,False,False,False,False,False,False,False,class base rates,0.4793650793650794,0.4666666666666667,0.05396825396825397,0.4793650793650794,0.32666666666666666,0.0,0.04666666666666667,0.0,0.14730158730158732
2011-05,massa,Gearbox,2011,59,59,False,mechanical,False,False,False,False,False,False,False,False,False,status code,1.0,0.0,0.0,0.95,0.0,0.0,0.0,0.0,0.050000000000000044
2011-05,kovalainen,Accident,2011,49,49,False,incident,False,False,False,False,False,False,False,False,False,status code,0.0,1.0,0.0,0.0,0.6649999999999999,0.0,0.095,0.0,0.24000000000000005
2011-05,liuzzi,Gearbox,2011,29,29,False,mechanical,False,False,False,False,False,False,False,False,False,status code,1.0,0.0,0.0,0.95,0.0,0.0,0.0,0.0,0.050000000000000044
2011-06,maldonado,Accident,2011,74,74,False,incident,False,False,False,False,False,False,False,False,False,status code,0.0,1.0,0.0,0.0,0.6649999999999999,0.0,0.095,0.0,0.24000000000000005
2011-06,petrov,Collision,2011,68,68,False,incident,False,False,True,False,False,False,False,False,False,status code,0.0,1.0,0.0,0.0,0.285,0.285,0.0,0.0,0.43000000000000005
2011-06,alguersuari,Collision,2011,67,67,False,incident,False,False,True,False,False,False,False,False,False,status code,0.0,1.0,0.0,0.0,0.285,0.285,0.0,0.0,0.43000000000000005
2011-06,massa,Accident,2011,33,33,False,incident,False,False,True,False,False,False,False,False,False,status code,0.0,1.0,0.0,0.0,0.285,0.285,0.0,0.0,0.43000000000000005
2011-06,michael_schumacher,Engine,2011,33,33,False,mechanical,False,False,True,False,False,False,False,False,False,status code,1.0,0.0,0.0,0.95,0.0,0.0,0.0,0.0,0.050000000000000044
2011-06,glock,Suspension,2011,31,31,False,mechanical,False,False,False,False,False,False,False,False,False,status code,1.0,0.0,0.0,0.95,0.0,0.0,0.0,0.0,0.050000000000000044
2011-07,resta,Accident,2011,68,68,False,incident,False,False,False,False,False,False,False,False,False,status code,0.0,1.0,0.0,0.0,0.6649999999999999,0.0,0.095,0.0,0.24000000000000005
2011-07,maldonado,Retired,2011,62,62,False,other,False,False,False,False,False,False,False,False,False,class base rates,0.4793650793650794,0.4666666666666667,0.05396825396825397,0.4793650793650794,0.32666666666666666,0.0,0.04666666666666667,0.0,0.14730158730158732
2011-07,heidfeld,Accident,2011,56,56,False,incident,False,False,False,False,False,False,False,False,False,status code,0.0,1.0,0.0,0.0,0.6649999999999999,0.0,0.095,0.0,0.24000000000000005
2011-07,sutil,Accident,2011,50,50,False,incident,False,False,False,False,False,False,False,False,False,status code,0.0,1.0,0.0,0.0,0.6649999999999999,0.0,0.095,0.0,0.24000000000000005
2011-07,alonso,Collision,2011,37,37,False,incident,False,False,False,False,False,False,False,False,False,status code,0.0,1.0,0.0,0.0,0.285,0.285,0.0,0.0,0.43000000000000005
2011-07,kovalainen,Transmission,2011,29,29,False,mechanical,False,False,False,False,False,False,False,False,False,status code,1.0,0.0,0.0,0.95,0.0,0.0,0.0,0.0,0.050000000000000044
2011-07,hamilton,Collision,2011,8,8,False,incident,False,False,False,False,False,False,False,False,False,status code,0.0,1.0,0.0,0.0,0.285,0.285,0.0,0.0,0.43000000000000005
2011-09,button,Wheel nut,2011,40,40,False,other,False,False,False,False,False,False,False,False,False,status code,0.0,0.0,1.0,0.0,0.0,0.0,0.0,0.95,0.050000000000000044
2011-09,buemi,Accident,2011,26,26,False,incident,False,False,False,False,False,False,False,False,False,status code,0.0,1.0,0.0,0.0,0.6649999999999999,0.0,0.095,0.0,0.24000000000000005
2011-09,kobayashi,Engine,2011,24,24,False,mechanical,False,False,False,False,False,False,False,False,False,status code,1.0,0.0,0.0,0.95,0.0,0.0,0.0,0.0,0.050000000000000044
2011-09,trulli,Oil leak,2011,11,11,False,mechanical,False,False,False,False,False,False,False,False,False,status code,1.0,0.0,0.0,0.95,0.0,0.0,0.0,0.0,0.050000000000000044
2011-09,kovalainen,Gearbox,2011,3,3,False,mechanical,False,False,False,False,False,False,False,False,False,status code,1.0,0.0,0.0,0.95,0.0,0.0,0.0,0.0,0.050000000000000044
2011-10,liuzzi,Electrical,2011,38,38,False,mechanical,False,False,False,False,False,False,False,False,False,status code,1.0,0.0,0.0,0.95,0.0,0.0,0.0,0.0,0.050000000000000044
2011-10,button,Hydraulics,2011,36,36,False,mechanical,False,False,False,False,False,False,False,False,False,status code,1.0,0.0,0.0,0.95,0.0,0.0,0.0,0.0,0.050000000000000044
2011-10,barrichello,Oil leak,2011,17,17,False,mechanical,False,False,False,False,False,False,False,False,False,status code,1.0,0.0,0.0,0.95,0.0,0.0,0.0,0.0,0.050000000000000044
2011-10,heidfeld,Collision,2011,10,10,False,incident,False,False,False,False,False,False,False,False,False,status code,0.0,1.0,0.0,0.0,0.285,0.285,0.0,0.0,0.43000000000000005
2011-11,kovalainen,Water leak,2011,56,56,False,mechanical,False,False,False,False,False,False,False,False,False,status code,1.0,0.0,0.0,0.95,0.0,0.0,0.0,0.0,0.050000000000000044
2011-11,michael_schumacher,Gearbox,2011,27,27,False,mechanical,False,False,False,False,False,False,False,False,False,status code,1.0,0.0,0.0,0.95,0.0,0.0,0.0,0.0,0.050000000000000044
2011-11,heidfeld,Heat shield fire,2011,24,24,False,mechanical,False,False,False,False,False,False,False,False,False,status code,1.0,0.0,0.0,0.95,0.0,0.0,0.0,0.0,0.050000000000000044
2011-11,trulli,Oil leak,2011,18,18,False,mechanical,False,False,False,False,False,False,False,False,False,status code,1.0,0.0,0.0,0.95,0.0,0.0,0.0,0.0,0.050000000000000044
2011-12,perez,Suspension,2011,28,28,False,mechanical,False,False,False,False,False,False,False,False,False,status code,1.0,0.0,0.0,0.95,0.0,0.0,0.0,0.0,0.050000000000000044
2011-12,ricciardo,Engine,2011,14,14,False,mechanical,False,False,True,False,False,False,False,False,False,status code,1.0,0.0,0.0,0.95,0.0,0.0,0.0,0.0,0.050000000000000044
2011-12,hamilton,Collision,2011,13,13,False,incident,False,False,True,False,False,False,False,False,False,status code,0.0,1.0,0.0,0.0,0.285,0.285,0.0,0.0,0.43000000000000005
2011-12,buemi,Rear wing,2011,7,7,False,mechanical,False,False,False,False,False,False,False,False,False,status code,1.0,0.0,0.0,0.95,0.0,0.0,0.0,0.0,0.050000000000000044
2011-12,alguersuari,Collision,2011,1,1,False,incident,True,False,False,False,False,False,False,False,False,status code,0.0,1.0,0.0,0.0,0.285,0.285,0.0,0.0,0.43000000000000005
2011-13,perez,Gearbox,2011,33,33,False,mechanical,False,False,False,False,False,False,False,False,False,status code,1.0,0.0,0.0,0.95,0.0,0.0,0.0,0.0,0.050000000000000044
2011-13,kobayashi,Gearbox,2011,22,22,False,mechanical,False,False,False,False,False,False,False,False,False,status code,1.0,0.0,0.0,0.95,0.0,0.0,0.0,0.0,0.050000000000000044
2011-13,sutil,Hydraulics,2011,10,10,False,mechanical,False,False,False,False,False,False,False,False,False,status code,1.0,0.0,0.0,0.95,0.0,0.0,0.0,0.0,0.050000000000000044
2011-13,webber,Accident,2011,5,5,False,incident,False,False,False,False,False,False,False,False,False,status code,0.0,1.0,0.0,0.0,0.6649999999999999,0.0,0.095,0.0,0.24000000000000005
2011-13,ambrosio,Gearbox,2011,2,2,False,mechanical,False,False,True,False,False,False,False,False,False,status code,1.0,0.0,0.0,0.95,0.0,0.0,0.0,0.0,0.050000000000000044
2011-13,petrov,Collision,2011,1,1,False,incident,True,False,True,False,False,False,False,False,False,status code,0.0,1.0,0.0,0.0,0.285,0.285,0.0,0.0,0.43000000000000005
2011-13,rosberg,Collision,2011,1,1,False,incident,True,False,True,False,False,False,False,False,False,status code,0.0,1.0,0.0,0.0,0.285,0.285,0.0,0.0,0.43000000000000005
2011-13,liuzzi,Collision,2011,1,1,False,incident,True,False,True,False,False,False,False,False,False,status code,0.0,1.0,0.0,0.0,0.285,0.285,0.0,0.0,0.43000000000000005
2011-14,alguersuari,Accident,2011,57,57,False,incident,False,False,False,False,False,False,False,False,False,status code,0.0,1.0,0.0,0.0,0.6649999999999999,0.0,0.095,0.0,0.24000000000000005
2011-14,trulli,Gearbox,2011,48,48,False,mechanical,False,False,False,False,False,False,False,False,False,status code,1.0,0.0,0.0,0.95,0.0,0.0,0.0,0.0,0.050000000000000044
2011-14,michael_schumacher,Accident,2011,29,29,False,incident,False,False,False,False,False,False,False,False,False,status code,0.0,1.0,0.0,0.0,0.6649999999999999,0.0,0.095,0.0,0.24000000000000005
2011-14,glock,Accident,2011,10,10,False,incident,False,False,False,False,False,False,False,False,False,status code,0.0,1.0,0.0,0.0,0.6649999999999999,0.0,0.095,0.0,0.24000000000000005
2011-15,buemi,Wheel,2011,12,12,False,other,False,False,False,False,False,False,False,False,False,status code,0.0,0.0,1.0,0.475,0.0,0.0,0.0,0.475,0.050000000000000044
2011-16,maldonado,Clutch,2011,31,31,False,mechanical,False,False,False,False,False,False,False,False,False,status code,1.0,0.0,0.0,0.95,0.0,0.0,0.0,0.0,0.050000000000000044
2011-16,petrov,Collision,2011,17,17,False,incident,False,False,True,False,False,False,False,False,False,status code,0.0,1.0,0.0,0.0,0.285,0.285,0.0,0.0,0.43000000000000005
2011-16,michael_schumacher,Collision,2011,16,16,False,incident,False,False,True,False,False,False,False,False,False,status code,0.0,1.0,0.0,0.0,0.285,0.285,0.0,0.0,0.43000000000000005
2011-17,massa,Suspension,2011,33,33,False,mechanical,False,False,False,False,False,False,False,False,False,status code,1.0,0.0,0.0,0.95,0.0,0.0,0.0,0.0,0.050000000000000044
2011-17,buemi,Engine,2011,25,25,False,mechanical,False,False,False,False,False,False,False,False,False,status code,1.0,0.0,0.0,0.95,0.0,0.0,0.0,0.0,0.050000000000000044
2011-17,maldonado,Gearbox,2011,13,13,False,mechanical,False,False,False,False,False,False,False,False,False,status code,1.0,0.0,0.0,0.95,0.0,0.0,0.0,0.0,0.050000000000000044
2011-17,glock,Collision,2011,3,3,False,incident,False,False,False,False,False,False,False,False,False,status code,0.0,1.0,0.0,0.0,0.285,0.285,0.0,0.0,0.43000000000000005
2011-17,kobayashi,Collision,2011,1,1,False,incident,True,False,False,False,False,False,False,False,False,status code,0.0,1.0,0.0,0.0,0.285,0.285,0.0,0.0,0.43000000000000005
2011-18,ricciardo,Mechanical,2011,49,49,False,mechanical,False,False,False,False,False,False,False,False,False,status code,1.0,0.0,0.0,0.95,0.0,0.0,0.0,0.0,0.050000000000000044
2011-18,buemi,Hydraulics,2011,20,20,False,mechanical,False,False,True,False,False,False,False,False,False,status code,1.0,0.0,0.0,0.95,0.0,0.0,0.0,0.0,0.050000000000000044
2011-18,ambrosio,Brakes,2011,19,19,False,mechanical,False,False,True,False,False,False,False,False,False,status code,1.0,0.0,0.0,0.95,0.0,0.0,0.0,0.0,0.050000000000000044
2011-18,vettel,Puncture,2011,2,2,False,other,False,False,False,False,False,False,False,False,False,status code,0.0,0.0,1.0,0.0,0.0,0.0,0.475,0.0,0.525
2011-19,liuzzi,Retired,2011,62,62,False,other,False,False,False,False,False,False,False,False,False,class base rates,0.4793650793650794,0.4666666666666667,0.05396825396825397,0.4793650793650794,0.32666666666666666,0.0,0.04666666666666667,0.0,0.14730158730158732
2011-19,hamilton,Gearbox,2011,47,47,False,mechanical,False,False,False,False,False,False,False,False,False,status code,1.0,0.0,0.0,0.95,0.0,0.0,0.0,0.0,0.050000000000000044
2011-19,maldonado,Retired,2011,27,27,False,other,False,False,False,False,False,False,False,False,False,class base rates,0.4793650793650794,0.4666666666666667,0.05396825396825397,0.4793650793650794,0.32666666666666666,0.0,0.04666666666666667,0.0,0.14730158730158732
2011-19,glock,Retired,2011,22,22,False,other,False,False,False,False,False,False,False,False,False,class base rates,0.4793650793650794,0.4666666666666667,0.05396825396825397,0.4793650793650794,0.32666666666666666,0.0,0.04666666666666667,0.0,0.14730158730158732
2012-01,maldonado,Accident,2012,58,58,False,incident,False,False,False,False,False,False,False,False,False,status code,0.0,1.0,0.0,0.0,0.6649999999999999,0.0,0.095,0.0,0.24000000000000005
2012-01,bruno_senna,Collision,2012,53,53,False,incident,False,False,False,False,False,False,False,False,False,status code,0.0,1.0,0.0,0.0,0.285,0.285,0.0,0.0,0.43000000000000005
2012-01,massa,Collision,2012,47,47,False,incident,False,False,False,False,False,False,False,False,False,status code,0.0,1.0,0.0,0.0,0.285,0.285,0.0,0.0,0.43000000000000005
2012-01,kovalainen,Suspension,2012,39,39,False,mechanical,False,False,False,False,False,False,False,False,False,status code,1.0,0.0,0.0,0.95,0.0,0.0,0.0,0.0,0.050000000000000044
2012-01,petrov,Steering,2012,35,35,False,mechanical,False,False,False,False,False,False,False,False,False,status code,1.0,0.0,0.0,0.95,0.0,0.0,0.0,0.0,0.050000000000000044
2012-01,michael_schumacher,Gearbox,2012,11,11,False,mechanical,False,False,False,False,False,False,False,False,False,status code,1.0,0.0,0.0,0.95,0.0,0.0,0.0,0.0,0.050000000000000044
2012-01,grosjean,Collision,2012,2,2,False,incident,False,False,True,False,False,False,False,False,False,status code,0.0,1.0,0.0,0.0,0.285,0.285,0.0,0.0,0.43000000000000005
2012-01,hulkenberg,Collision,2012,1,1,False,incident,True,False,True,False,False,False,False,False,False,status code,0.0,1.0,0.0,0.0,0.285,0.285,0.0,0.0,0.43000000000000005
2012-02,maldonado,Engine,2012,55,55,False,mechanical,False,False,False,False,False,False,False,False,False,status code,1.0,0.0,0.0,0.95,0.0,0.0,0.0,0.0,0.050000000000000044
2012-02,kobayashi,Retired,2012,47,47,False,other,False,False,False,False,False,False,False,False,False,class base rates,0.4793650793650794,0.4666666666666667,0.05396825396825397,0.4793650793650794,0.32666666666666666,0.0,0.04666666666666667,0.0,0.14730158730158732
2012-02,grosjean,Collision,2012,4,4,False,incident,False,False,False,False,False,False,False,False,False,status code,0.0,1.0,0.0,0.0,0.285,0.285,0.0,0.0,0.43000000000000005
2012-03,michael_schumacher,Wheel nut,2012,13,13,False,other,False,False,False,False,False,False,False,False,False,status code,0.0,0.0,1.0,0.0,0.0,0.0,0.0,0.95,0.050000000000000044
2012-04,button,Exhaust,2012,56,56,False,mechanical,False,False,True,False,False,False,False,False,False,status code,1.0,0.0,0.0,0.95,0.0,0.0,0.0,0.0,0.050000000000000044
2012-04,bruno_senna,Vibrations,2012,55,55,False,mechanical,False,False,True,False,False,False,False,False,False,status code,1.0,0.0,0.0,0.95,0.0,0.0,0.0,0.0,0.050000000000000044
2012-04,maldonado,Puncture,2012,26,26,False,other,False,False,True,False,False,False,False,False,False,status code,0.0,0.0,1.0,0.0,0.0,0.0,0.475,0.0,0.525
2012-04,pic,Engine,2012,25,25,False,mechanical,False,False,True,False,False,False,False,False,False,status code,1.0,0.0,0.0,0.95,0.0,0.0,0.0,0.0,0.050000000000000044
2012-05,perez,Wheel nut,2012,38,38,False,other,False,False,False,False,False,False,False,False,False,status code,0.0,0.0,1.0,0.0,0.0,0.0,0.0,0.95,0.050000000000000044
2012-05,pic,Mechanical,2012,36,36,False,mechanical,False,False,False,False,False,False,False,False,False,status code,1.0,0.0,0.0,0.95,0.0,0.0,0.0,0.0,0.050000000000000044
2012-05,karthikeyan,Mechanical,2012,23,23,False,mechanical,False,False,False,False,False,False,False,False,False,status code,1.0,0.0,0.0,0.95,0.0,0.0,0.0,0.0,0.050000000000000044
2012-05,bruno_senna,Collision,2012,13,13,False,incident,False,False,True,False,False,False,False,False,False,status code,0.0,1.0,0.0,0.0,0.285,0.285,0.0,0.0,0.43000000000000005
2012-05,michael_schumacher,Collision,2012,13,13,False,incident,False,False,True,False,False,False,False,False,False,status code,0.0,1.0,0.0,0.0,0.285,0.285,0.0,0.0,0.43000000000000005
2012-06,button,Collision,2012,71,71,False,incident,False,False,False,False,False,False,False,False,False,status code,0.0,1.0,0.0,0.0,0.285,0.285,0.0,0.0,0.43000000000000005
2012-06,ricciardo,Retired,2012,66,66,False,other,False,False,True,False,False,False,False,False,False,class base rates,0.4793650793650794,0.4666666666666667,0.05396825396825397,0.4793650793650794,0.13999999999999999,0.13999999999999999,0.0,0.0,0.24063492063492065
2012-06,pic,Retired,2012,65,65,False,other,False,False,True,False,False,False,False,False,False,class base rates,0.4793650793650794,0.4666666666666667,0.05396825396825397,0.4793650793650794,0.13999999999999999,0.13999999999999999,0.0,0.0,0.24063492063492065
2012-06,michael_schumacher,Fuel pressure,2012,64,64,False,mechanical,False,False,True,False,False,False,False,False,False,status code,1.0,0.0,0.0,0.95,0.0,0.0,0.0,0.0,0.050000000000000044
2012-06,petrov,Electrical,2012,16,16,False,mechanical,False,False,False,False,False,False,False,False,False,status code,1.0,0.0,0.0,0.95,0.0,0.0,0.0,0.0,0.050000000000000044
2012-06,kobayashi,Accident,2012,6,6,False,incident,False,False,False,False,False,False,False,False,False,status code,0.0,1.0,0.0,0.0,0.6649999999999999,0.0,0.095,0.0,0.24000000000000005
2012-06,rosa,Accident,2012,1,1,False,incident,True,False,True,False,False,False,False,False,False,status code,0.0,1.0,0.0,0.0,0.285,0.285,0.0,0.0,0.43000000000000005
2012-06,maldonado,Accident,2012,1,1,False,incident,True,False,True,False,False,False,False,False,False,status code,0.0,1.0,0.0,0.0,0.285,0.285,0.0,0.0,0.43000000000000005
2012-06,grosjean,Accident,2012,1,1,False,incident,True,False,True,False,False,False,False,False,False,status code,0.0,1.0,0.0,0.0,0.285,0.285,0.0,0.0,0.43000000000000005
2012-07,glock,Suspension,2012,57,57,False,mechanical,False,False,False,False,False,False,False,False,False,status code,1.0,0.0,0.0,0.95,0.0,0.0,0.0,0.0,0.050000000000000044
2012-07,michael_schumacher,Rear wing,2012,44,44,False,mechanical,False,False,False,False,False,False,False,False,False,status code,1.0,0.0,0.0,0.95,0.0,0.0,0.0,0.0,0.050000000000000044
2012-07,rosa,Brakes,2012,25,25,False,mechanical,False,False,False,False,False,False,False,False,False,status code,1.0,0.0,0.0,0.95,0.0,0.0,0.0,0.0,0.050000000000000044
2012-07,karthikeyan,Suspension,2012,23,23,False,mechanical,False,False,False,False,False,False,False,False,False,status code,1.0,0.0,0.0,0.95,0.0,0.0,0.0,0.0,0.050000000000000044
2012-08,hamilton,Collision,2012,56,56,False,incident,False,False,False,False,False,False,False,False,False,status code,0.0,1.0,0.0,0.0,0.285,0.285,0.0,0.0,0.43000000000000005
2012-08,grosjean,Electronics,2012,41,41,False,mechanical,False,False,False,False,False,False,False,False,False,status code,1.0,0.0,0.0,0.95,0.0,0.0,0.0,0.0,0.050000000000000044
2012-08,vettel,Gearbox,2012,34,34,False,mechanical,False,False,True,False,False,False,False,False,False,status code,1.0,0.0,0.0,0.95,0.0,0.0,0.0,0.0,0.050000000000000044
2012-08,kobayashi,Collision,2012,34,34,False,incident,False,False,True,False,False,False,False,False,False,status code,0.0,1.0,0.0,0.0,0.285,0.285,0.0,0.0,0.43000000000000005
2012-08,vergne,Collision,2012,27,27,False,incident,False,False,False,False,False,False,False,False,False,status code,0.0,1.0,0.0,0.0,0.285,0.285,0.0,0.0,0.43000000000000005
2012-09,perez,Collision,2012,12,12,False,incident,False,False,False,False,False,False,False,False,False,status code,0.0,1.0,0.0,0.0,0.285,0.285,0.0,0.0,0.43000000000000005
2012-09,resta,Collision,2012,3,3,False,incident,False,False,False,False,False,False,False,False,False,status code,0.0,1.0,0.0,0.0,0.285,0.285,0.0,0.0,0.43000000000000005
2012-10,hamilton,Puncture,2012,57,57,False,other,False,False,False,False,False,False,False,False,False,status code,0.0,0.0,1.0,0.0,0.0,0.0,0.475,0.0,0.525
2012-11,karthikeyan,Suspension,2012,61,61,False,mechanical,False,False,False,False,False,False,False,False,False,status code,1.0,0.0,0.0,0.95,0.0,0.0,0.0,0.0,0.050000000000000044
2012-12,karthikeyan,Spun off,2012,30,30,False,incident,False,False,False,False,False,False,False,False,False,status code,0.0,1.0,0.0,0.0,0.6649999999999999,0.0,0.095,0.0,0.24000000000000005
2012-12,maldonado,Collision,2012,5,5,False,incident,False,False,False,False,False,False,False,False,False,status code,0.0,1.0,0.0,0.0,0.285,0.285,0.0,0.0,0.43000000000000005
2012-12,perez,Collision,2012,1,1,False,incident,True,False,True,False,False,False,False,False,False,status code,0.0,1.0,0.0,0.0,0.285,0.285,0.0,0.0,0.43000000000000005
2012-12,alonso,Collision,2012,1,1,False,incident,True,False,True,False,False,False,False,False,False,status code,0.0,1.0,0.0,0.0,0.285,0.285,0.0,0.0,0.43000000000000005
2012-12,hamilton,Collision,2012,1,1,False,incident,True,False,True,False,False,False,False,False,False,status code,0.0,1.0,0.0,0.0,0.285,0.285,0.0,0.0,0.43000000000000005
2012-12,grosjean,Collision,2012,1,1,False,incident,True,False,True,False,False,False,False,False,False,status code,0.0,1.0,0.0,0.0,0.285,0.285,0.0,0.0,0.43000000000000005
2012-13,webber,Vibrations,2012,52,52,False,mechanical,False,False,True,False,False,False,False,False,False,status code,1.0,0.0,0.0,0.95,0.0,0.0,0.0,0.0,0.050000000000000044
2012-13,hulkenberg,Brakes,2012,51,51,False,mechanical,False,False,True,False,False,False,False,False,False,status code,1.0,0.0,0.0,0.95,0.0,0.0,0.0,0.0,0.050000000000000044
2012-13,vettel,Alternator,2012,48,48,False,mechanical,False,False,False,False,False,False,False,False,False,status code,1.0,0.0,0.0,0.95,0.0,0.0,0.0,0.0,0.050000000000000044
2012-13,button,Fuel pressure,2012,33,33,False,mechanical,False,False,False,False,False,False,False,False,False,status code,1.0,0.0,0.0,0.95,0.0,0.0,0.0,0.0,0.050000000000000044
2012-13,vergne,Suspension,2012,9,9,False,mechanical,False,False,False,False,False,False,False,False,False,status code,1.0,0.0,0.0,0.95,0.0,0.0,0.0,0.0,0.050000000000000044
2012-14,bruno_senna,Retired,2012,58,58,False,other,False,False,False,False,False,False,False,False,False,class base rates,0.4793650793650794,0.4666666666666667,0.05396825396825397,0.4793650793650794,0.32666666666666666,0.0,0.04666666666666667,0.0,0.14730158730158732
2012-14,vergne,Collision,2012,39,39,False,incident,False,False,True,False,False,False,False,False,False,status code,0.0,1.0,0.0,0.0,0.285,0.285,0.0,0.0,0.43000000000000005
2012-14,michael_schumacher,Collision,2012,39,39,False,incident,False,False,True,False,False,False,False,False,False,status code,0.0,1.0,0.0,0.0,0.285,0.285,0.0,0.0,0.43000000000000005
2012-14,maldonado,Hydraulics,2012,37,37,False,mechanical,False,False,False,False,False,False,False,False,False,status code,1.0,0.0,0.0,0.95,0.0,0.0,0.0,0.0,0.050000000000000044
2012-14,karthikeyan,Accident,2012,31,31,False,incident,False,False,False,False,False,False,False,False,False,status code,0.0,1.0,0.0,0.0,0.6649999999999999,0.0,0.095,0.0,0.24000000000000005
2012-14,hamilton,Gearbox,2012,23,23,False,mechanical,False,False,False,False,False,False,False,False,False,status code,1.0,0.0,0.0,0.95,0.0,0.0,0.0,0.0,0.050000000000000044
2012-15,pic,Engine,2012,38,38,False,mechanical,False,False,False,False,False,False,False,False,False,status code,1.0,0.0,0.0,0.95,0.0,0.0,0.0,0.0,0.050000000000000044
2012-15,karthikeyan,Vibrations,2012,33,33,False,mechanical,False,False,False,False,False,False,False,False,False,status code,1.0,0.0,0.0,0.95,0.0,0.0,0.0,0.0,0.050000000000000044
2012-15,perez,Spun off,2012,19,19,False,incident,False,False,False,False,False,False,False,False,False,status code,0.0,1.0,0.0,0.0,0.6649999999999999,0.0,0.095,0.0,0.24000000000000005
2012-15,alonso,Collision,2012,1,1,False,incident,True,False,True,False,False,False,False,False,False,status code,0.0,1.0,0.0,0.0,0.285,0.285,0.0,0.0,0.43000000000000005
2012-15,rosberg,Collision,2012,1,1,False,incident,True,False,True,False,False,False,False,False,False,status code,0.0,1.0,0.0,0.0,0.285,0.285,0.0,0.0,0.43000000000000005
2012-16,rosa,Throttle,2012,17,17,False,mechanical,False,False,True,False,False,False,False,False,False,status code,1.0,0.0,0.0,0.95,0.0,0.0,0.0,0.0,0.050000000000000044
2012-16,kobayashi,Collision damage,2012,17,17,False,incident,False,False,True,False,False,False,False,False,False,status code,0.0,1.0,0.0,0.0,0.285,0.285,0.0,0.0,0.43000000000000005
2012-16,rosberg,Collision,2012,2,2,False,incident,False,False,True,False,False,False,False,False,False,status code,0.0,1.0,0.0,0.0,0.285,0.285,0.0,0.0,0.43000000000000005
2012-16,button,Collision,2012,1,1,False,incident,True,False,True,False,False,False,False,False,False,status code,0.0,1.0,0.0,0.0,0.285,0.285,0.0,0.0,0.43000000000000005
2012-17,michael_schumacher,Retired,2012,56,56,False,other,False,False,False,False,False,False,False,False,False,class base rates,0.4793650793650794,0.4666666666666667,0.05396825396825397,0.4793650793650794,0.32666666666666666,0.0,0.04666666666666667,0.0,0.14730158730158732
2012-17,rosa,Accident,2012,44,44,False,incident,False,False,False,False,False,False,False,False,False,status code,0.0,1.0,0.0,0.0,0.6649999999999999,0.0,0.095,0.0,0.24000000000000005
2012-17,perez,Accident,2012,22,22,False,incident,False,False,False,False,False,False,False,False,False,status code,0.0,1.0,0.0,0.0,0.6649999999999999,0.0,0.095,0.0,0.24000000000000005
2012-18,pic,Retired,2012,42,42,False,other,False,False,False,False,False,False,False,False,False,class base rates,0.4793650793650794,0.4666666666666667,0.05396825396825397,0.4793650793650794,0.32666666666666666,0.0,0.04666666666666667,0.0,0.14730158730158732
2012-18,grosjean,Collision,2012,38,38,False,incident,False,False,True,False,False,False,False,False,False,status code,0.0,1.0,0.0,0.0,0.285,0.285,0.0,0.0,0.43000000000000005
2012-18,webber,Collision,2012,38,38,False,incident,False,False,True,False,False,False,False,False,False,status code,0.0,1.0,0.0,0.0,0.285,0.285,0.0,0.0,0.43000000000000005
2012-18,hamilton,Electrical,2012,20,20,False,mechanical,False,False,False,False,False,False,False,False,False,status code,1.0,0.0,0.0,0.95,0.0,0.0,0.0,0.0,0.050000000000000044
2012-18,karthikeyan,Collision,2012,8,8,False,incident,False,False,True,False,False,False,False,False,False,status code,0.0,1.0,0.0,0.0,0.285,0.285,0.0,0.0,0.43000000000000005
2012-18,rosberg,Collision,2012,8,8,False,incident,False,False,True,False,False,False,False,False,False,status code,0.0,1.0,0.0,0.0,0.285,0.285,0.0,0.0,0.43000000000000005
2012-18,hulkenberg,Collision,2012,1,1,False,incident,True,False,False,False,False,False,False,False,False,status code,0.0,1.0,0.0,0.0,0.285,0.285,0.0,0.0,0.43000000000000005
2012-19,webber,Alternator,2012,17,17,False,mechanical,False,False,False,False,False,False,False,False,False,status code,1.0,0.0,0.0,0.95,0.0,0.0,0.0,0.0,0.050000000000000044
2012-19,vergne,Suspension,2012,15,15,False,mechanical,False,False,False,False,False,False,False,False,False,status code,1.0,0.0,0.0,0.95,0.0,0.0,0.0,0.0,0.050000000000000044
2012-20,resta,Accident,2012,69,69,False,incident,False,False,False,False,False,False,False,False,False,status code,0.0,1.0,0.0,0.0,0.6649999999999999,0.0,0.095,0.0,0.24000000000000005
2012-20,hamilton,Collision,2012,55,55,False,incident,False,False,False,False,False,False,False,False,False,status code,0.0,1.0,0.0,0.0,0.285,0.285,0.0,0.0,0.43000000000000005
2012-20,grosjean,Accident,2012,6,6,False,incident,False,False,False,False,False,False,False,False,False,status code,0.0,1.0,0.0,0.0,0.6649999999999999,0.0,0.095,0.0,0.24000000000000005
2012-20,maldonado,Collision,2012,2,2,False,incident,False,False,True,False,False,False,False,False,False,status code,0.0,1.0,0.0,0.0,0.285,0.285,0.0,0.0,0.43000000000000005
2012-20,bruno_senna,Collision,2012,1,1,False,incident,True,False,True,False,False,False,False,False,False,status code,0.0,1.0,0.0,0.0,0.285,0.285,0.0,0.0,0.43000000000000005
2012-20,perez,Collision,2012,1,1,False,incident,True,False,True,False,False,False,False,False,False,status code,0.0,1.0,0.0,0.0,0.285,0.285,0.0,0.0,0.43000000000000005
2013-01,ricciardo,Hydraulics,2013,40,40,False,mechanical,False,False,False,False,False,False,False,False,False,status code,1.0,0.0,0.0,0.95,0.0,0.0,0.0,0.0,0.050000000000000044
2013-01,rosberg,Electrical,2013,27,27,False,mechanical,False,False,False,False,False,False,False,False,False,status code,1.0,0.0,0.0,0.95,0.0,0.0,0.0,0.0,0.050000000000000044
2013-01,maldonado,Spun off,2013,25,25,False,incident,False,False,False,False,False,False,False,False,False,status code,0.0,1.0,0.0,0.0,0.6649999999999999,0.0,0.095,0.0,0.24000000000000005
2013-02,button,Withdrew,2013,54,54,False,other,False,False,False,False,False,False,False,False,False,class base rates,0.4793650793650794,0.4666666666666667,0.05396825396825397,0.4793650793650794,0.32666666666666666,0.0,0.04666666666666667,0.0,0.14730158730158732
2013-02,ricciardo,Retired,2013,52,52,False,other,False,False,False,False,False,False,False,False,False,class base rates,0.4793650793650794,0.4666666666666667,0.05396825396825397,0.4793650793650794,0.32666666666666666,0.0,0.04666666666666667,0.0,0.14730158730158732
2013-02,maldonado,Retired,2013,46,46,False,other,False,False,False,False,False,False,False,False,False,class base rates,0.4793650793650794,0.4666666666666667,0.05396825396825397,0.4793650793650794,0.32666666666666666,0.0,0.04666666666666667,0.0,0.14730158730158732
2013-02,sutil,Wheel nut,2013,28,28,False,other,False,False,False,False,False,False,False,False,False,status code,0.0,0.0,1.0,0.0,0.0,0.0,0.0,0.95,0.050000000000000044
2013-02,resta,Wheel nut,2013,23,23,False,other,False,False,False,False,False,False,False,False,False,status code,0.0,0.0,1.0,0.0,0.0,0.0,0.0,0.95,0.050000000000000044
2013-02,alonso,Collision,2013,2,2,False,incident,False,False,False,False,False,False,False,False,False,status code,0.0,1.0,0.0,0.0,0.285,0.285,0.0,0.0,0.43000000000000005
2013-03,rosberg,Suspension,2013,22,22,False,mechanical,False,False,False,False,False,False,False,False,False,status code,1.0,0.0,0.0,0.95,0.0,0.0,0.0,0.0,0.050000000000000044
2013-03,webber,Wheel,2013,16,16,False,other,False,False,False,False,False,False,False,False,False,status code,0.0,0.0,1.0,0.475,0.0,0.0,0.0,0.475,0.050000000000000044
2013-03,sutil,Collision,2013,6,6,False,incident,False,False,True,False,False,False,False,False,False,status code,0.0,1.0,0.0,0.0,0.285,0.285,0.0,0.0,0.43000000000000005
2013-03,gutierrez,Collision,2013,5,5,False,incident,False,False,True,False,False,False,False,False,False,status code,0.0,1.0,0.0,0.0,0.285,0.285,0.0,0.0,0.43000000000000005
2013-04,vergne,Puncture,2013,17,17,False,other,False,False,False,False,False,False,False,False,False,status code,0.0,0.0,1.0,0.0,0.0,0.0,0.475,0.0,0.525
2013-05,vergne,Accident,2013,53,53,False,incident,False,False,False,False,False,False,False,False,False,status code,0.0,1.0,0.0,0.0,0.6649999999999999,0.0,0.095,0.0,0.24000000000000005
2013-05,garde,Wheel,2013,22,22,False,other,False,False,False,False,False,False,False,False,False,status code,0.0,0.0,1.0,0.475,0.0,0.0,0.0,0.475,0.050000000000000044
2013-05,grosjean,Suspension,2013,9,9,False,mechanical,False,False,False,False,False,False,False,False,False,status code,1.0,0.0,0.0,0.95,0.0,0.0,0.0,0.0,0.050000000000000044
2013-06,perez,Suspension,2013,73,73,False,mechanical,False,False,False,False,False,False,False,False,False,status code,1.0,0.0,0.0,0.95,0.0,0.0,0.0,0.0,0.050000000000000044
2013-06,grosjean,Collision,2013,64,64,False,incident,False,False,False,False,False,False,False,False,False,status code,0.0,1.0,0.0,0.0,0.285,0.285,0.0,0.0,0.43000000000000005
2013-06,ricciardo,Collision,2013,62,62,False,incident,False,False,False,False,False,False,False,False,False,status code,0.0,1.0,0.0,0.0,0.285,0.285,0.0,0.0,0.43000000000000005
2013-06,jules_bianchi,Brakes,2013,59,59,False,mechanical,False,False,False,False,False,False,False,False,False,status code,1.0,0.0,0.0,0.95,0.0,0.0,0.0,0.0,0.050000000000000044
2013-06,maldonado,Collision,2013,45,45,False,incident,False,False,False,False,False,False,False,False,False,status code,0.0,1.0,0.0,0.0,0.285,0.285,0.0,0.0,0.43000000000000005
2013-06,massa,Accident,2013,29,29,False,incident,False,False,False,False,False,False,False,False,False,status code,0.0,1.0,0.0,0.0,0.6649999999999999,0.0,0.095,0.0,0.24000000000000005
2013-06,pic,Gearbox,2013,8,8,False,mechanical,False,False,False,False,False,False,False,False,False,status code,1.0,0.0,0.0,0.95,0.0,0.0,0.0,0.0,0.050000000000000044
2013-07,gutierrez,Accident,2013,64,64,False,incident,False,False,False,False,False,False,False,False,False,status code,0.0,1.0,0.0,0.0,0.6649999999999999,0.0,0.095,0.0,0.24000000000000005
2013-07,hulkenberg,Collision,2013,46,46,False,incident,False,False,False,False,False,False,False,False,False,status code,0.0,1.0,0.0,0.0,0.285,0.285,0.0,0.0,0.43000000000000005
2013-07,garde,Collision,2013,44,44,False,incident,False,False,False,False,False,False,False,False,False,status code,0.0,1.0,0.0,0.0,0.285,0.285,0.0,0.0,0.43000000000000005
2013-08,grosjean,Retired,2013,52,52,False,other,False,False,False,False,False,False,False,False,False,class base rates,0.4793650793650794,0.4666666666666667,0.05396825396825397,0.4793650793650794,0.32666666666666666,0.0,0.04666666666666667,0.0,0.14730158730158732
2013-08,perez,Wheel,2013,47,47,False,other,False,False,False,False,False,False,False,False,False,status code,0.0,0.0,1.0,0.475,0.0,0.0,0.0,0.475,0.050000000000000044
2013-08,vettel,Gearbox,2013,42,42,False,mechanical,False,False,False,False,False,False,False,False,False,status code,1.0,0.0,0.0,0.95,0.0,0.0,0.0,0.0,0.050000000000000044
2013-08,vergne,Tyre,2013,36,36,False,other,False,False,False,False,False,False,False,False,False,status code,0.0,0.0,1.0,0.0,0.0,0.0,0.475,0.0,0.525
2013-09,vergne,Hydraulics,2013,23,23,False,mechanical,False,False,True,False,False,False,False,False,False,status code,1.0,0.0,0.0,0.95,0.0,0.0,0.0,0.0,0.050000000000000044
2013-09,jules_bianchi,Engine,2013,22,22,False,mechanical,False,False,True,False,False,False,False,False,False,status code,1.0,0.0,0.0,0.95,0.0,0.0,0.0,0.0,0.050000000000000044
2013-09,massa,Spun off,2013,4,4,False,incident,False,False,False,False,False,False,False,False,False,status code,0.0,1.0,0.0,0.0,0.6649999999999999,0.0,0.095,0.0,0.24000000000000005
2013-10,resta,Hydraulics,2013,67,67,False,mechanical,False,False,False,False,False,False,False,False,False,status code,1.0,0.0,0.0,0.95,0.0,0.0,0.0,0.0,0.050000000000000044
2013-10,rosberg,Engine,2013,65,65,False,mechanical,False,False,False,False,False,False,False,False,False,status code,1.0,0.0,0.0,0.95,0.0,0.0,0.0,0.0,0.050000000000000044
2013-10,bottas,Hydraulics,2013,43,43,False,mechanical,False,False,False,False,False,False,False,False,False,status code,1.0,0.0,0.0,0.95,0.0,0.0,0.0,0.0,0.050000000000000044
2013-10,gutierrez,Transmission,2013,29,29,False,mechanical,False,False,False,False,False,False,False,False,False,status code,1.0,0.0,0.0,0.95,0.0,0.0,0.0,0.0,0.050000000000000044
2013-10,sutil,Hydraulics,2013,20,20,False,mechanical,False,False,False,False,False,False,False,False,False,status code,1.0,0.0,0.0,0.95,0.0,0.0,0.0,0.0,0.050000000000000044
2013-11,resta,Collision,2013,27,27,False,incident,False,False,True,False,False,False,False,False,False,status code,0.0,1.0,0.0,0.0,0.285,0.285,0.0,0.0,0.43000000000000005
2013-11,raikkonen,Brakes,2013,26,26,False,mechanical,False,False,True,False,False,False,False,False,False,status code,1.0,0.0,0.0,0.95,0.0,0.0,0.0,0.0,0.050000000000000044
2013-11,pic,Oil leak,2013,9,9,False,mechanical,False,False,False,False,False,False,False,False,False,status code,1.0,0.0,0.0,0.95,0.0,0.0,0.0,0.0,0.050000000000000044
2013-12,vergne,Transmission,2013,15,15,False,mechanical,False,False,False,False,False,False,False,False,False,status code,1.0,0.0,0.0,0.95,0.0,0.0,0.0,0.0,0.050000000000000044
2013-12,resta,Accident,2013,1,1,False,incident,True,False,False,False,False,False,False,False,False,status code,0.0,1.0,0.0,0.0,0.6649999999999999,0.0,0.095,0.0,0.24000000000000005
2013-13,webber,Water pressure,2013,61,61,False,mechanical,False,False,False,False,False,False,False,False,False,status code,1.0,0.0,0.0,0.95,0.0,0.0,0.0,0.0,0.050000000000000044
2013-13,resta,Accident,2013,55,55,False,incident,False,False,False,False,False,False,False,False,False,status code,0.0,1.0,0.0,0.0,0.6649999999999999,0.0,0.095,0.0,0.24000000000000005
2013-13,grosjean,Pneumatics,2013,38,38,False,mechanical,False,False,False,False,False,False,False,False,False,status code,1.0,0.0,0.0,0.95,0.0,0.0,0.0,0.0,0.050000000000000044
2013-13,ricciardo,Accident,2013,24,24,False,incident,False,False,False,False,False,False,False,False,False,status code,0.0,1.0,0.0,0.0,0.6649999999999999,0.0,0.095,0.0,0.24000000000000005
2013-14,sutil,Collision,2013,51,51,False,incident,False,False,False,False,False,False,False,False,False,status code,0.0,1.0,0.0,0.0,0.285,0.285,0.0,0.0,0.43000000000000005
2013-14,webber,Collision,2013,37,37,False,incident,False,False,False,False,False,False,False,False,False,status code,0.0,1.0,0.0,0.0,0.285,0.285,0.0,0.0,0.43000000000000005
2013-14,resta,Spun off,2013,25,25,False,incident,False,False,False,False,False,False,False,False,False,status code,0.0,1.0,0.0,0.0,0.6649999999999999,0.0,0.095,0.0,0.24000000000000005
2013-15,hamilton,Puncture,2013,8,8,False,other,False,False,False,False,False,False,False,False,False,status code,0.0,0.0,1.0,0.0,0.0,0.0,0.475,0.0,0.525
2013-15,garde,Accident,2013,1,1,False,incident,True,False,True,False,False,False,False,False,False,status code,0.0,1.0,0.0,0.0,0.285,0.285,0.0,0.0,0.43000000000000005
2013-15,jules_bianchi,Accident,2013,1,1,False,incident,True,False,True,False,False,False,False,False,False,status code,0.0,1.0,0.0,0.0,0.285,0.285,0.0,0.0,0.43000000000000005
2013-16,hulkenberg,Mechanical,2013,55,55,False,mechanical,False,False,False,False,False,False,False,False,False,status code,1.0,0.0,0.0,0.95,0.0,0.0,0.0,0.0,0.050000000000000044
2013-16,webber,Alternator,2013,40,40,False,mechanical,False,False,False,False,False,False,False,False,False,status code,1.0,0.0,0.0,0.95,0.0,0.0,0.0,0.0,0.050000000000000044
2013-16,pic,Hydraulics,2013,36,36,False,mechanical,False,False,False,False,False,False,False,False,False,status code,1.0,0.0,0.0,0.95,0.0,0.0,0.0,0.0,0.050000000000000044
2013-16,garde,Collision,2013,2,2,False,incident,False,False,False,False,False,False,False,False,False,status code,0.0,1.0,0.0,0.0,0.285,0.285,0.0,0.0,0.43000000000000005
2013-17,raikkonen,Accident,2013,1,1,False,incident,True,False,False,False,False,False,False,False,False,status code,0.0,1.0,0.0,0.0,0.6649999999999999,0.0,0.095,0.0,0.24000000000000005
2013-18,sutil,Accident,2013,1,1,False,incident,True,False,False,False,False,False,False,False,False,status code,0.0,1.0,0.0,0.0,0.6649999999999999,0.0,0.095,0.0,0.24000000000000005
2013-19,pic,Mechanical,2013,59,59,False,mechanical,False,False,False,False,False,False,False,False,False,status code,1.0,0.0,0.0,0.95,0.0,0.0,0.0,0.0,0.050000000000000044
2013-19,bottas,Accident,2013,46,46,False,incident,False,False,False,False,False,False,False,False,False,status code,0.0,1.0,0.0,0.0,0.6649999999999999,0.0,0.095,0.0,0.24000000000000005
2013-19,grosjean,Engine,2013,3,3,False,mechanical,False,False,False,False,False,False,False,False,False,status code,1.0,0.0,0.0,0.95,0.0,0.0,0.0,0.0,0.050000000000000044
2014-01,grosjean,ERS,2014,44,44,False,mechanical,False,False,False,False,False,False,False,False,False,status code,1.0,0.0,0.0,0.95,0.0,0.0,0.0,0.0,0.050000000000000044
2014-01,maldonado,ERS,2014,30,30,False,mechanical,False,False,False,False,False,False,False,False,False,status code,1.0,0.0,0.0,0.95,0.0,0.0,0.0,0.0,0.050000000000000044
2014-01,ericsson,Oil pressure,2014,28,28,False,mechanical,False,False,False,False,False,False,False,False,False,status code,1.0,0.0,0.0,0.95,0.0,0.0,0.0,0.0,0.050000000000000044
2014-01,vettel,Engine,2014,4,4,False,mechanical,False,False,True,False,False,False,False,False,False,status code,1.0,0.0,0.0,0.95,0.0,0.0,0.0,0.0,0.050000000000000044
2014-01,hamilton,Engine,2014,3,3,False,mechanical,False,False,True,False,False,False,False,False,False,status code,1.0,0.0,0.0,0.95,0.0,0.0,0.0,0.0,0.050000000000000044
2014-01,massa,Collision,2014,1,1,False,incident,True,False,True,False,False,False,False,False,False,status code,0.0,1.0,0.0,0.0,0.285,0.285,0.0,0.0,0.43000000000000005
2014-01,kobayashi,Collision,2014,1,1,False,incident,True,False,True,False,False,False,False,False,False,status code,0.0,1.0,0.0,0.0,0.285,0.285,0.0,0.0,0.43000000000000005
2014-02,ricciardo,Technical,2014,50,50,False,mechanical,False,False,False,False,False,False,False,False,False,status code,1.0,0.0,0.0,0.95,0.0,0.0,0.0,0.0,0.050000000000000044
2014-02,gutierrez,Gearbox,2014,36,36,False,mechanical,False,False,False,False,False,False,False,False,False,status code,1.0,0.0,0.0,0.95,0.0,0.0,0.0,0.0,0.050000000000000044
2014-02,sutil,Electrical,2014,33,33,False,mechanical,False,False,False,False,False,False,False,False,False,status code,1.0,0.0,0.0,0.95,0.0,0.0,0.0,0.0,0.050000000000000044
2014-02,vergne,Power Unit,2014,19,19,False,mechanical,False,False,False,False,False,False,False,False,False,status code,1.0,0.0,0.0,0.95,0.0,0.0,0.0,0.0,0.050000000000000044
2014-02,jules_bianchi,Brakes,2014,9,9,False,mechanical,False,False,True,False,False,False,False,False,False,status code,1.0,0.0,0.0,0.95,0.0,0.0,0.0,0.0,0.050000000000000044
2014-02,maldonado,Engine,2014,8,8,False,mechanical,False,False,True,False,False,False,False,False,False,status code,1.0,0.0,0.0,0.95,0.0,0.0,0.0,0.0,0.050000000000000044
2014-03,button,Clutch,2014,56,56,False,mechanical,False,False,False,False,False,False,False,False,False,status code,1.0,0.0,0.0,0.95,0.0,0.0,0.0,0.0,0.050000000000000044
2014-03,kevin_magnussen,Clutch,2014,41,41,False,mechanical,False,False,True,False,False,False,False,False,False,status code,1.0,0.0,0.0,0.95,0.0,0.0,0.0,0.0,0.050000000000000044
2014-03,gutierrez,Collision,2014,40,40,False,incident,False,False,True,False,False,False,False,False,False,status code,0.0,1.0,0.0,0.0,0.285,0.285,0.0,0.0,0.43000000000000005
2014-03,ericsson,Retired,2014,34,34,False,other,False,False,False,False,False,False,False,False,False,class base rates,0.4793650793650794,0.4666666666666667,0.05396825396825397,0.4793650793650794,0.32666666666666666,0.0,0.04666666666666667,0.0,0.14730158730158732
2014-03,vergne,Retired,2014,19,19,False,other,False,False,True,False,False,False,False,False,False,class base rates,0.4793650793650794,0.4666666666666667,0.05396825396825397,0.4793650793650794,0.13999999999999999,0.13999999999999999,0.0,0.0,0.24063492063492065
2014-03,sutil,Collision,2014,18,18,False,incident,False,False,True,False,False,False,False,False,False,status code,0.0,1.0,0.0,0.0,0.285,0.285,0.0,0.0,0.43000000000000005
2014-04,grosjean,Gearbox,2014,29,29,False,mechanical,False,False,False,False,False,False,False,False,False,status code,1.0,0.0,0.0,0.95,0.0,0.0,0.0,0.0,0.050000000000000044
2014-04,sutil,Engine,2014,6,6,False,mechanical,False,False,False,False,False,False,False,False,False,status code,1.0,0.0,0.0,0.95,0.0,0.0,0.0,0.0,0.050000000000000044
2014-05,kobayashi,Brakes,2014,35,35,False,mechanical,False,False,False,False,False,False,False,False,False,status code,1.0,0.0,0.0,0.95,0.0,0.0,0.0,0.0,0.050000000000000044
2014-05,vergne,Exhaust,2014,25,25,False,mechanical,False,False,False,False,False,False,False,False,False,status code,1.0,0.0,0.0,0.95,0.0,0.0,0.0,0.0,0.050000000000000044
2014-06,gutierrez,Accident,2014,60,60,False,incident,False,False,False,False,False,False,False,False,False,status code,0.0,1.0,0.0,0.0,0.6649999999999999,0.0,0.095,0.0,0.24000000000000005
2014-06,bottas,Engine,2014,56,56,False,mechanical,False,False,False,False,False,False,False,False,False,status code,1.0,0.0,0.0,0.95,0.0,0.0,0.0,0.0,0.050000000000000044
2014-06,vergne,Engine,2014,51,51,False,mechanical,False,False,False,False,False,False,False,False,False,status code,1.0,0.0,0.0,0.95,0.0,0.0,0.0,0.0,0.050000000000000044
2014-06,sutil,Accident,2014,24,24,False,incident,False,False,False,False,False,False,False,False,False,status code,0.0,1.0,0.0,0.0,0.6649999999999999,0.0,0.095,0.0,0.24000000000000005
2014-06,kvyat,Mechanical,2014,11,11,False,mechanical,False,False,False,False,False,False,False,False,False,status code,1.0,0.0,0.0,0.95,0.0,0.0,0.0,0.0,0.050000000000000044
2014-06,vettel,Turbo,2014,6,6,False,mechanical,False,False,False,False,False,False,False,False,False,status code,1.0,0.0,0.0,0.95,0.0,0.0,0.0,0.0,0.050000000000000044
2014-06,perez,Collision,2014,1,1,False,incident,True,False,False,False,False,False,False,False,False,status code,0.0,1.0,0.0,0.0,0.285,0.285,0.0,0.0,0.43000000000000005
2014-07,perez,Collision,2014,70,70,False,incident,False,False,True,False,False,False,False,False,False,status code,0.0,1.0,0.0,0.0,0.285,0.285,0.0,0.0,0.43000000000000005
2014-07,massa,Collision,2014,70,70,False,incident,False,False,True,False,False,False,False,False,False,status code,0.0,1.0,0.0,0.0,0.285,0.285,0.0,0.0,0.43000000000000005
2014-07,gutierrez,ERS,2014,65,65,False,mechanical,False,False,False,False,False,False,False,False,False,status code,1.0,0.0,0.0,0.95,0.0,0.0,0.0,0.0,0.050000000000000044
2014-07,grosjean,Rear wing,2014,60,60,False,mechanical,False,False,False,False,False,False,False,False,False,status code,1.0,0.0,0.0,0.95,0.0,0.0,0.0,0.0,0.050000000000000044
2014-07,kvyat,Drivetrain,2014,48,48,False,mechanical,False,False,True,False,False,False,False,False,False,status code,1.0,0.0,0.0,0.95,0.0,0.0,0.0,0.0,0.050000000000000044
2014-07,hamilton,Brakes,2014,47,47,False,mechanical,False,False,True,False,False,False,False,False,False,status code,1.0,0.0,0.0,0.95,0.0,0.0,0.0,0.0,0.050000000000000044
2014-07,kobayashi,Suspension,2014,24,24,False,mechanical,False,False,False,False,False,False,False,False,False,status code,1.0,0.0,0.0,0.95,0.0,0.0,0.0,0.0,0.050000000000000044
2014-07,maldonado,Power Unit,2014,22,22,False,mechanical,False,False,False,False,False,False,False,False,False,status code,1.0,0.0,0.0,0.95,0.0,0.0,0.0,0.0,0.050000000000000044
2014-07,ericsson,Turbo,2014,8,8,False,mechanical,False,False,False,False,False,False,False,False,False,status code,1.0,0.0,0.0,0.95,0.0,0.0,0.0,0.0,0.050000000000000044
2014-07,chilton,Collision,2014,1,1,False,incident,True,False,True,False,False,False,False,False,False,status code,0.0,1.0,0.0,0.0,0.285,0.285,0.0,0.0,0.43000000000000005
2014-07,jules_bianchi,Collision,2014,1,1,False,incident,True,False,True,False,False,False,False,False,False,status code,0.0,1.0,0.0,0.0,0.285,0.285,0.0,0.0,0.43000000000000005
2014-08,vergne,Brakes,2014,60,60,False,mechanical,False,False,False,False,False,False,False,False,False,status code,1.0,0.0,0.0,0.95,0.0,0.0,0.0,0.0,0.050000000000000044
2014-08,vettel,Electrical,2014,35,35,False,mechanical,False,False,False,False,False,False,False,False,False,status code,1.0,0.0,0.0,0.95,0.0,0.0,0.0,0.0,0.050000000000000044
2014-08,kvyat,Suspension,2014,25,25,False,mechanical,False,False,False,False,False,False,False,False,False,status code,1.0,0.0,0.0,0.95,0.0,0.0,0.0,0.0,0.050000000000000044
2014-09,rosberg,Gearbox,2014,29,29,False,mechanical,False,False,False,False,False,False,False,False,False,status code,1.0,0.0,0.0,0.95,0.0,0.0,0.0,0.0,0.050000000000000044
2014-09,ericsson,Suspension,2014,12,12,False,mechanical,False,False,False,False,False,False,False,False,False,status code,1.0,0.0,0.0,0.95,0.0,0.0,0.0,0.0,0.050000000000000044
2014-09,gutierrez,Collision,2014,10,10,False,incident,False,False,False,False,False,False,False,False,False,status code,0.0,1.0,0.0,0.0,0.285,0.285,0.0,0.0,0.43000000000000005
2014-09,massa,Collision,2014,1,1,False,incident,True,False,True,False,False,False,False,False,False,status code,0.0,1.0,0.0,0.0,0.285,0.285,0.0,0.0,0.43000000000000005
2014-09,raikkonen,Collision,2014,1,1,False,incident,True,False,True,False,False,False,False,False,False,status code,0.0,1.0,0.0,0.0,0.285,0.285,0.0,0.0,0.43000000000000005
2014-10,sutil,Brakes,2014,48,48,False,mechanical,False,False,False,False,False,False,False,False,False,status code,1.0,0.0,0.0,0.95,0.0,0.0,0.0,0.0,0.050000000000000044
2014-10,kvyat,Oil leak,2014,45,45,False,mechanical,False,False,False,False,False,False,False,False,False,status code,1.0,0.0,0.0,0.95,0.0,0.0,0.0,0.0,0.050000000000000044
2014-10,grosjean,Water leak,2014,27,27,False,mechanical,False,False,False,False,False,False,False,False,False,status code,1.0,0.0,0.0,0.95,0.0,0.0,0.0,0.0,0.050000000000000044
2014-10,massa,Collision,2014,1,1,False,incident,True,False,False,False,False,False,False,False,False,status code,0.0,1.0,0.0,0.0,0.285,0.285,0.0,0.0,0.43000000000000005
2014-11,gutierrez,Retired,2014,34,34,False,other,False,False,False,False,False,False,False,False,False,class base rates,0.4793650793650794,0.4666666666666667,0.05396825396825397,0.4793650793650794,0.32666666666666666,0.0,0.04666666666666667,0.0,0.14730158730158732
2014-11,kobayashi,Retired,2014,27,27,False,other,False,False,False,False,False,False,False,False,False,class base rates,0.4793650793650794,0.4666666666666667,0.05396825396825397,0.4793650793650794,0.32666666666666666,0.0,0.04666666666666667,0.0,0.14730158730158732
2014-11,perez,Accident,2014,24,24,False,incident,False,False,False,False,False,False,False,False,False,status code,0.0,1.0,0.0,0.0,0.6649999999999999,0.0,0.095,0.0,0.24000000000000005
2014-11,hulkenberg,Accident,2014,17,17,False,incident,False,False,False,False,False,False,False,False,False,status code,0.0,1.0,0.0,0.0,0.6649999999999999,0.0,0.095,0.0,0.24000000000000005
2014-11,grosjean,Accident,2014,12,12,False,incident,False,False,False,False,False,False,False,False,False,status code,0.0,1.0,0.0,0.0,0.6649999999999999,0.0,0.095,0.0,0.24000000000000005
2014-11,ericsson,Accident,2014,9,9,False,incident,False,False,False,False,False,False,False,False,False,status code,0.0,1.0,0.0,0.0,0.6649999999999999,0.0,0.095,0.0,0.24000000000000005
2014-12,jules_bianchi,Gearbox,2014,40,40,False,mechanical,False,False,True,False,False,False,False,False,False,status code,1.0,0.0,0.0,0.95,0.0,0.0,0.0,0.0,0.050000000000000044
2014-12,hamilton,Retired,2014,39,39,False,other,False,False,True,False,False,False,False,False,False,class base rates,0.4793650793650794,0.4666666666666667,0.05396825396825397,0.4793650793650794,0.13999999999999999,0.13999999999999999,0.0,0.0,0.24063492063492065
2014-12,grosjean,Retired,2014,34,34,False,other,False,False,False,False,False,False,False,False,False,class base rates,0.4793650793650794,0.4666666666666667,0.05396825396825397,0.4793650793650794,0.32666666666666666,0.0,0.04666666666666667,0.0,0.14730158730158732
2014-12,maldonado,Mechanical,2014,2,2,False,mechanical,False,False,True,False,False,False,False,False,False,status code,1.0,0.0,0.0,0.95,0.0,0.0,0.0,0.0,0.050000000000000044
2014-12,lotterer,Power Unit,2014,2,2,False,mechanical,False,False,True,False,False,False,False,False,False,status code,1.0,0.0,0.0,0.95,0.0,0.0,0.0,0.0,0.050000000000000044
2014-13,alonso,Engine,2014,29,29,False,mechanical,False,False,False,False,False,False,False,False,False,status code,1.0,0.0,0.0,0.95,0.0,0.0,0.0,0.0,0.050000000000000044
2014-13,chilton,Accident,2014,6,6,False,incident,False,False,False,False,False,False,False,False,False,status code,0.0,1.0,0.0,0.0,0.6649999999999999,0.0,0.095,0.0,0.24000000000000005
2014-14,button,Retired,2014,53,53,False,other,False,False,False,False,False,False,False,False,False,class base rates,0.4793650793650794,0.4666666666666667,0.05396825396825397,0.4793650793650794,0.32666666666666666,0.0,0.04666666666666667,0.0,0.14730158730158732
2014-14,sutil,Water pressure,2014,41,41,False,mechanical,False,False,False,False,False,False,False,False,False,status code,1.0,0.0,0.0,0.95,0.0,0.0,0.0,0.0,0.050000000000000044
2014-14,gutierrez,Electrical,2014,18,18,False,mechanical,False,False,False,False,False,False,False,False,False,status code,1.0,0.0,0.0,0.95,0.0,0.0,0.0,0.0,0.050000000000000044
2014-14,rosberg,Electrical,2014,14,14,False,mechanical,False,False,False,False,False,False,False,False,False,status code,1.0,0.0,0.0,0.95,0.0,0.0,0.0,0.0,0.050000000000000044
2014-15,jules_bianchi,Accident,2014,42,42,False,incident,False,False,True,False,False,False,False,False,False,status code,0.0,1.0,0.0,0.0,0.285,0.285,0.0,0.0,0.43000000000000005
2014-15,sutil,Accident,2014,41,41,False,incident,False,False,True,False,False,False,False,False,False,status code,0.0,1.0,0.0,0.0,0.285,0.285,0.0,0.0,0.43000000000000005
2014-15,alonso,Electronics,2014,3,3,False,mechanical,False,False,False,False,False,False,False,False,False,status code,1.0,0.0,0.0,0.95,0.0,0.0,0.0,0.0,0.050000000000000044
2014-16,kobayashi,Brakes,2014,22,22,False,mechanical,False,False,False,False,False,False,False,False,False,status code,1.0,0.0,0.0,0.95,0.0,0.0,0.0,0.0,0.050000000000000044
2014-16,chilton,Suspension,2014,10,10,False,mechanical,False,False,False,False,False,False,False,False,False,status code,1.0,0.0,0.0,0.95,0.0,0.0,0.0,0.0,0.050000000000000044
2014-17,hulkenberg,Engine,2014,17,17,False,mechanical,False,False,False,False,False,False,False,False,False,status code,1.0,0.0,0.0,0.95,0.0,0.0,0.0,0.0,0.050000000000000044
2014-17,perez,Collision damage,2014,2,2,False,incident,False,False,True,False,False,False,False,False,False,status code,0.0,1.0,0.0,0.0,0.285,0.285,0.0,0.0,0.43000000000000005
2014-17,sutil,Collision,2014,1,1,False,incident,True,False,True,False,False,False,False,False,False,status code,0.0,1.0,0.0,0.0,0.285,0.285,0.0,0.0,0.43000000000000005
2014-18,ricciardo,Suspension,2014,40,40,False,mechanical,False,False,False,False,False,False,False,False,False,status code,1.0,0.0,0.0,0.95,0.0,0.0,0.0,0.0,0.050000000000000044
2014-19,kobayashi,Retired,2014,43,43,False,other,False,False,False,False,False,False,False,False,False,class base rates,0.4793650793650794,0.4666666666666667,0.05396825396825397,0.4793650793650794,0.32666666666666666,0.0,0.04666666666666667,0.0,0.14730158730158732
2014-19,maldonado,Power Unit,2014,27,27,False,mechanical,False,False,False,False,False,False,False,False,False,status code,1.0,0.0,0.0,0.95,0.0,0.0,0.0,0.0,0.050000000000000044
2014-19,kvyat,Power Unit,2014,15,15,False,mechanical,False,False,False,False,False,False,False,False,False,status code,1.0,0.0,0.0,0.95,0.0,0.0,0.0,0.0,0.050000000000000044
2015-01,raikkonen,Wheel,2015,41,41,False,other,False,False,False,False,False,False,False,False,False,status code,0.0,0.0,1.0,0.475,0.0,0.0,0.0,0.475,0.050000000000000044
2015-01,max_verstappen,Engine,2015,33,33,False,mechanical,False,False,False,False,False,False,False,False,False,status code,1.0,0.0,0.0,0.95,0.0,0.0,0.0,0.0,0.050000000000000044
2015-01,grosjean,Power loss,2015,1,1,False,mechanical,True,False,True,False,False,False,False,False,False,status code,1.0,0.0,0.0,0.95,0.0,0.0,0.0,0.0,0.050000000000000044
2015-01,maldonado,Accident,2015,1,1,False,incident,True,False,True,False,False,False,False,False,False,status code,0.0,1.0,0.0,0.0,0.285,0.285,0.0,0.0,0.43000000000000005
2015-02,maldonado,Retired,2015,48,48,False,other,False,False,False,False,False,False,False,False,False,class base rates,0.4793650793650794,0.4666666666666667,0.05396825396825397,0.4793650793650794,0.32666666666666666,0.0,0.04666666666666667,0.0,0.14730158730158732
2015-02,button,Turbo,2015,42,42,False,mechanical,False,False,False,False,False,False,False,False,False,status code,1.0,0.0,0.0,0.95,0.0,0.0,0.0,0.0,0.050000000000000044
2015-02,alonso,ERS,2015,22,22,False,mechanical,False,False,False,False,False,False,False,False,False,status code,1.0,0.0,0.0,0.95,0.0,0.0,0.0,0.0,0.050000000000000044
2015-02,ericsson,Spun off,2015,4,4,False,incident,False,False,False,False,False,False,False,False,False,status code,0.0,1.0,0.0,0.0,0.6649999999999999,0.0,0.095,0.0,0.24000000000000005
2015-03,max_verstappen,Transmission,2015,53,53,False,mechanical,False,False,False,False,False,False,False,False,False,status code,1.0,0.0,0.0,0.95,0.0,0.0,0.0,0.0,0.050000000000000044
2015-03,maldonado,Brakes,2015,50,50,False,mechanical,False,False,False,False,False,False,False,False,False,status code,1.0,0.0,0.0,0.95,0.0,0.0,0.0,0.0,0.050000000000000044
2015-03,kvyat,Power Unit,2015,16,16,False,mechanical,False,False,False,False,False,False,False,False,False,status code,1.0,0.0,0.0,0.95,0.0,0.0,0.0,0.0,0.050000000000000044
2015-03,hulkenberg,Gearbox,2015,10,10,False,mechanical,False,False,False,False,False,False,False,False,False,status code,1.0,0.0,0.0,0.95,0.0,0.0,0.0,0.0,0.050000000000000044
2015-04,max_verstappen,Electrical,2015,35,35,False,mechanical,False,False,False,False,False,False,False,False,False,status code,1.0,0.0,0.0,0.95,0.0,0.0,0.0,0.0,0.050000000000000044
2015-04,sainz,Engine,2015,30,30,False,mechanical,False,False,False,False,False,False,False,False,False,status code,1.0,0.0,0.0,0.95,0.0,0.0,0.0,0.0,0.050000000000000044
2015-05,maldonado,Accident,2015,46,46,False,incident,False,False,False,False,False,False,False,False,False,status code,0.0,1.0,0.0,0.0,0.6649999999999999,0.0,0.095,0.0,0.24000000000000005
2015-05,alonso,Brakes,2015,27,27,False,mechanical,False,False,False,False,False,False,False,False,False,status code,1.0,0.0,0.0,0.95,0.0,0.0,0.0,0.0,0.050000000000000044
2015-06,max_verstappen,Accident,2015,63,63,False,incident,False,False,False,False,False,False,False,False,False,status code,0.0,1.0,0.0,0.0,0.6649999999999999,0.0,0.095,0.0,0.24000000000000005
2015-06,alonso,Gearbox,2015,42,42,False,mechanical,False,False,False,False,False,False,False,False,False,status code,1.0,0.0,0.0,0.95,0.0,0.0,0.0,0.0,0.050000000000000044
2015-06,maldonado,Brakes,2015,6,6,False,mechanical,False,False,False,False,False,False,False,False,False,status code,1.0,0.0,0.0,0.95,0.0,0.0,0.0,0.0,0.050000000000000044
2015-07,merhi,Retired,2015,58,58,False,other,False,False,False,False,False,False,False,False,False,class base rates,0.4793650793650794,0.4666666666666667,0.05396825396825397,0.4793650793650794,0.32666666666666666,0.0,0.04666666666666667,0.0,0.14730158730158732
2015-07,button,Retired,2015,55,55,False,other,False,False,False,False,False,False,False,False,False,class base rates,0.4793650793650794,0.4666666666666667,0.05396825396825397,0.4793650793650794,0.32666666666666666,0.0,0.04666666666666667,0.0,0.14730158730158732
2015-07,alonso,Engine,2015,45,45,False,mechanical,False,False,False,False,False,False,False,False,False,status code,1.0,0.0,0.0,0.95,0.0,0.0,0.0,0.0,0.050000000000000044
2015-08,grosjean,Gearbox,2015,36,36,False,mechanical,False,False,True,False,False,False,False,False,False,status code,1.0,0.0,0.0,0.95,0.0,0.0,0.0,0.0,0.050000000000000044
2015-08,sainz,Power loss,2015,36,36,False,mechanical,False,False,True,False,False,False,False,False,False,status code,1.0,0.0,0.0,0.95,0.0,0.0,0.0,0.0,0.050000000000000044
2015-08,button,Retired,2015,9,9,False,other,False,False,False,False,False,False,False,False,False,class base rates,0.4793650793650794,0.4666666666666667,0.05396825396825397,0.4793650793650794,0.32666666666666666,0.0,0.04666666666666667,0.0,0.14730158730158732
2015-08,stevens,Oil leak,2015,2,2,False,mechanical,False,False,True,False,False,False,False,False,False,status code,1.0,0.0,0.0,0.95,0.0,0.0,0.0,0.0,0.050000000000000044
2015-08,raikkonen,Collision,2015,1,1,False,incident,True,False,True,False,False,False,False,False,False,status code,0.0,1.0,0.0,0.0,0.285,0.285,0.0,0.0,0.43000000000000005
2015-08,alonso,Collision,2015,1,1,False,incident,True,False,True,False,False,False,False,False,False,status code,0.0,1.0,0.0,0.0,0.285,0.285,0.0,0.0,0.43000000000000005
2015-09,sainz,Electrical,2015,32,32,False,mechanical,False,False,False,False,False,False,False,False,False,status code,1.0,0.0,0.0,0.95,0.0,0.0,0.0,0.0,0.050000000000000044
2015-09,ricciardo,Electrical,2015,22,22,False,mechanical,False,False,False,False,False,False,False,False,False,status code,1.0,0.0,0.0,0.95,0.0,0.0,0.0,0.0,0.050000000000000044
2015-09,max_verstappen,Spun off,2015,4,4,False,incident,False,False,False,False,False,False,False,False,False,status code,0.0,1.0,0.0,0.0,0.6649999999999999,0.0,0.095,0.0,0.24000000000000005
2015-09,grosjean,Collision,2015,1,1,False,incident,True,False,True,False,False,False,False,False,False,status code,0.0,1.0,0.0,0.0,0.285,0.285,0.0,0.0,0.43000000000000005
2015-09,maldonado,Collision,2015,1,1,False,incident,True,False,True,False,False,False,False,False,False,status code,0.0,1.0,0.0,0.0,0.285,0.285,0.0,0.0,0.43000000000000005
2015-09,button,Collision,2015,1,1,False,incident,True,False,True,False,False,False,False,False,False,status code,0.0,1.0,0.0,0.0,0.285,0.285,0.0,0.0,0.43000000000000005
2015-10,sainz,Electrical,2015,61,61,False,mechanical,False,False,False,False,False,False,False,False,False,status code,1.0,0.0,0.0,0.95,0.0,0.0,0.0,0.0,0.050000000000000044
2015-10,raikkonen,Power Unit,2015,56,56,False,mechanical,False,False,False,False,False,False,False,False,False,status code,1.0,0.0,0.0,0.95,0.0,0.0,0.0,0.0,0.050000000000000044
2015-10,perez,Suspension,2015,54,54,False,mechanical,False,False,False,False,False,False,False,False,False,status code,1.0,0.0,0.0,0.95,0.0,0.0,0.0,0.0,0.050000000000000044
2015-10,hulkenberg,Front wing,2015,42,42,False,mechanical,False,False,False,False,False,False,False,False,False,status code,1.0,0.0,0.0,0.95,0.0,0.0,0.0,0.0,0.050000000000000044
2015-11,bottas,Power Unit,2015,44,44,False,mechanical,False,False,True,False,False,False,False,False,False,status code,1.0,0.0,0.0,0.95,0.0,0.0,0.0,0.0,0.050000000000000044
2015-11,vettel,Tyre,2015,43,43,False,other,False,False,True,False,False,False,False,False,False,status code,0.0,0.0,1.0,0.0,0.0,0.0,0.475,0.0,0.525
2015-11,sainz,Power Unit,2015,33,33,False,mechanical,False,False,False,False,False,False,False,False,False,status code,1.0,0.0,0.0,0.95,0.0,0.0,0.0,0.0,0.050000000000000044
2015-11,ricciardo,Power Unit,2015,20,20,False,mechanical,False,False,False,False,False,False,False,False,False,status code,1.0,0.0,0.0,0.95,0.0,0.0,0.0,0.0,0.050000000000000044
2015-11,maldonado,Engine,2015,3,3,False,mechanical,False,False,False,False,False,False,False,False,False,status code,1.0,0.0,0.0,0.95,0.0,0.0,0.0,0.0,0.050000000000000044
2015-12,grosjean,Collision damage,2015,2,2,False,incident,False,False,True,False,False,False,False,False,False,status code,0.0,1.0,0.0,0.0,0.285,0.285,0.0,0.0,0.43000000000000005
2015-12,maldonado,Collision damage,2015,2,2,False,incident,False,False,True,False,False,False,False,False,False,status code,0.0,1.0,0.0,0.0,0.285,0.285,0.0,0.0,0.43000000000000005
2015-13,grosjean,Tyre,2015,60,60,False,other,False,False,False,False,False,False,False,False,False,status code,0.0,0.0,1.0,0.0,0.0,0.0,0.475,0.0,0.525
2015-13,button,Gearbox,2015,53,53,False,mechanical,False,False,False,False,False,False,False,False,False,status code,1.0,0.0,0.0,0.95,0.0,0.0,0.0,0.0,0.050000000000000044
2015-13,alonso,Gearbox,2015,34,34,False,mechanical,False,False,True,False,False,False,False,False,False,status code,1.0,0.0,0.0,0.95,0.0,0.0,0.0,0.0,0.050000000000000044
2015-13,hamilton,Throttle,2015,33,33,False,mechanical,False,False,True,False,False,False,False,False,False,status code,1.0,0.0,0.0,0.95,0.0,0.0,0.0,0.0,0.050000000000000044
2015-13,massa,Gearbox,2015,31,31,False,mechanical,False,False,False,False,False,False,False,False,False,status code,1.0,0.0,0.0,0.95,0.0,0.0,0.0,0.0,0.050000000000000044
2015-13,hulkenberg,Collision,2015,13,13,False,incident,False,False,False,False,False,False,False,False,False,status code,0.0,1.0,0.0,0.0,0.285,0.285,0.0,0.0,0.43000000000000005
2015-14,nasr,Retired,2015,50,50,False,other,False,False,False,False,False,False,False,False,False,class base rates,0.4793650793650794,0.4666666666666667,0.05396825396825397,0.4793650793650794,0.32666666666666666,0.0,0.04666666666666667,0.0,0.14730158730158732
2015-15,bottas,Collision,2015,53,53,False,incident,False,False,False,False,False,False,False,False,False,status code,0.0,1.0,0.0,0.0,0.285,0.285,0.0,0.0,0.43000000000000005
2015-15,ricciardo,Suspension,2015,48,48,False,mechanical,False,False,False,False,False,False,False,False,False,status code,1.0,0.0,0.0,0.95,0.0,0.0,0.0,0.0,0.050000000000000044
2015-15,sainz,Brakes,2015,46,46,False,mechanical,False,False,False,False,False,False,False,False,False,status code,1.0,0.0,0.0,0.95,0.0,0.0,0.0,0.0,0.050000000000000044
2015-15,grosjean,Accident,2015,12,12,False,incident,False,False,False,False,False,False,False,False,False,status code,0.0,1.0,0.0,0.0,0.6649999999999999,0.0,0.095,0.0,0.24000000000000005
2015-15,rosberg,Throttle,2015,8,8,False,mechanical,False,False,False,False,False,False,False,False,False,status code,1.0,0.0,0.0,0.95,0.0,0.0,0.0,0.0,0.050000000000000044
2015-15,hulkenberg,Collision,2015,1,1,False,incident,True,False,True,False,False,False,False,False,False,status code,0.0,1.0,0.0,0.0,0.285,0.285,0.0,0.0,0.43000000000000005
2015-15,ericsson,Collision,2015,1,1,False,incident,True,False,True,False,False,False,False,False,False,status code,0.0,1.0,0.0,0.0,0.285,0.285,0.0,0.0,0.43000000000000005
2015-16,kvyat,Accident,2015,42,42,False,incident,False,False,False,False,False,False,False,False,False,status code,0.0,1.0,0.0,0.0,0.6649999999999999,0.0,0.095,0.0,0.24000000000000005
2015-16,hulkenberg,Accident,2015,36,36,False,incident,False,False,False,False,False,False,False,False,False,status code,0.0,1.0,0.0,0.0,0.6649999999999999,0.0,0.095,0.0,0.24000000000000005
2015-16,ericsson,Retired,2015,26,26,False,other,False,False,True,False,False,False,False,False,False,class base rates,0.4793650793650794,0.4666666666666667,0.05396825396825397,0.4793650793650794,0.13999999999999999,0.13999999999999999,0.0,0.0,0.24063492063492065
2015-16,raikkonen,Brake duct,2015,26,26,False,mechanical,False,False,True,False,False,False,False,False,False,status code,1.0,0.0,0.0,0.95,0.0,0.0,0.0,0.0,0.050000000000000044
2015-16,massa,Retired,2015,24,24,False,other,False,False,False,False,False,False,False,False,False,class base rates,0.4793650793650794,0.4666666666666667,0.05396825396825397,0.4793650793650794,0.32666666666666666,0.0,0.04666666666666667,0.0,0.14730158730158732
2015-16,grosjean,Retired,2015,11,11,False,other,False,False,False,False,False,False,False,False,False,class base rates,0.4793650793650794,0.4666666666666667,0.05396825396825397,0.4793650793650794,0.32666666666666666,0.0,0.04666666666666667,0.0,0.14730158730158732
2015-16,bottas,Retired,2015,6,6,False,other,False,False,False,False,False,False,False,False,False,class base rates,0.4793650793650794,0.4666666666666667,0.05396825396825397,0.4793650793650794,0.32666666666666666,0.0,0.04666666666666667,0.0,0.14730158730158732
2015-16,stevens,Retired,2015,2,2,False,other,False,False,False,False,False,False,False,False,False,class base rates,0.4793650793650794,0.4666666666666667,0.05396825396825397,0.4793650793650794,0.32666666666666666,0.0,0.04666666666666667,0.0,0.14730158730158732
2015-17,nasr,Brakes,2015,58,58,False,mechanical,False,False,False,False,False,False,False,False,False,status code,1.0,0.0,0.0,0.95,0.0,0.0,0.0,0.0,0.050000000000000044
2015-17,vettel,Accident,2015,51,51,False,incident,False,False,False,False,False,False,False,False,False,status code,0.0,1.0,0.0,0.0,0.6649999999999999,0.0,0.095,0.0,0.24000000000000005
2015-17,raikkonen,Collision,2015,22,22,False,incident,False,False,False,False,False,False,False,False,False,status code,0.0,1.0,0.0,0.0,0.285,0.285,0.0,0.0,0.43000000000000005
2015-17,alonso,Retired,2015,2,2,False,other,False,False,False,False,False,False,False,False,False,class base rates,0.4793650793650794,0.4666666666666667,0.05396825396825397,0.4793650793650794,0.32666666666666666,0.0,0.04666666666666667,0.0,0.14730158730158732
2015-18,sainz,Retired,2015,1,1,False,other,True,False,False,False,False,False,False,False,False,class base rates,0.4793650793650794,0.4666666666666667,0.05396825396825397,0.4793650793650794,0.32666666666666666,0.0,0.04666666666666667,0.0,0.14730158730158732
2015-19,maldonado,Collision,2015,1,1,False,incident,True,False,False,False,False,False,False,False,False,status code,0.0,1.0,0.0,0.0,0.285,0.285,0.0,0.0,0.43000000000000005
2016-01,ericsson,Engine,2016,39,39,False,mechanical,False,False,False,False,False,False,False,False,False,status code,1.0,0.0,0.0,0.95,0.0,0.0,0.0,0.0,0.050000000000000044
2016-01,raikkonen,Engine,2016,22,22,False,mechanical,False,False,False,False,False,False,False,False,False,status code,1.0,0.0,0.0,0.95,0.0,0.0,0.0,0.0,0.050000000000000044
2016-01,haryanto,Mechanical,2016,18,18,False,mechanical,False,False,True,False,False,False,False,False,False,status code,1.0,0.0,0.0,0.95,0.0,0.0,0.0,0.0,0.050000000000000044
2016-01,gutierrez,Collision,2016,17,17,False,incident,False,False,True,False,False,False,False,False,False,status code,0.0,1.0,0.0,0.0,0.285,0.285,0.0,0.0,0.43000000000000005
2016-01,alonso,Collision,2016,17,17,False,incident,False,False,True,False,False,False,False,False,False,status code,0.0,1.0,0.0,0.0,0.285,0.285,0.0,0.0,0.43000000000000005
2016-02,sainz,Retired,2016,30,30,False,other,False,False,False,False,False,False,False,False,False,class base rates,0.4793650793650794,0.4666666666666667,0.05396825396825397,0.4793650793650794,0.32666666666666666,0.0,0.04666666666666667,0.0,0.14730158730158732
2016-02,gutierrez,Retired,2016,10,10,False,other,False,False,False,False,False,False,False,False,False,class base rates,0.4793650793650794,0.4666666666666667,0.05396825396825397,0.4793650793650794,0.32666666666666666,0.0,0.04666666666666667,0.0,0.14730158730158732
2016-02,button,Power Unit,2016,7,7,False,mechanical,False,False,False,False,False,False,False,False,False,status code,1.0,0.0,0.0,0.95,0.0,0.0,0.0,0.0,0.050000000000000044
2016-04,max_verstappen,Power Unit,2016,34,34,False,mechanical,False,False,False,False,False,False,False,False,False,status code,1.0,0.0,0.0,0.95,0.0,0.0,0.0,0.0,0.050000000000000044
2016-04,vettel,Collision,2016,1,1,False,incident,True,False,True,False,False,False,False,False,False,status code,0.0,1.0,0.0,0.0,0.285,0.285,0.0,0.0,0.43000000000000005
2016-04,hulkenberg,Collision,2016,1,1,False,incident,True,False,True,False,False,False,False,False,False,status code,0.0,1.0,0.0,0.0,0.285,0.285,0.0,0.0,0.43000000000000005
2016-04,haryanto,Collision,2016,1,1,False,incident,True,False,True,False,False,False,False,False,False,status code,0.0,1.0,0.0,0.0,0.285,0.285,0.0,0.0,0.43000000000000005
2016-05,grosjean,Engine,2016,57,57,False,mechanical,False,False,False,False,False,False,False,False,False,status code,1.0,0.0,0.0,0.95,0.0,0.0,0.0,0.0,0.050000000000000044
2016-05,alonso,Engine,2016,46,46,False,mechanical,False,False,False,False,False,False,False,False,False,status code,1.0,0.0,0.0,0.95,0.0,0.0,0.0,0.0,0.050000000000000044
2016-05,hulkenberg,Engine,2016,21,21,False,mechanical,False,False,False,False,False,False,False,False,False,status code,1.0,0.0,0.0,0.95,0.0,0.0,0.0,0.0,0.050000000000000044
2016-05,hamilton,Collision,2016,1,1,False,incident,True,False,True,False,False,False,False,False,False,status code,0.0,1.0,0.0,0.0,0.285,0.285,0.0,0.0,0.43000000000000005
2016-05,rosberg,Collision,2016,1,1,False,incident,True,False,True,False,False,False,False,False,False,status code,0.0,1.0,0.0,0.0,0.285,0.285,0.0,0.0,0.43000000000000005
2016-06,ericsson,Collision,2016,52,52,False,incident,False,False,False,False,False,False,False,False,False,status code,0.0,1.0,0.0,0.0,0.285,0.285,0.0,0.0,0.43000000000000005
2016-06,nasr,Retired,2016,49,49,False,other,False,False,False,False,False,False,False,False,False,class base rates,0.4793650793650794,0.4666666666666667,0.05396825396825397,0.4793650793650794,0.32666666666666666,0.0,0.04666666666666667,0.0,0.14730158730158732
2016-06,max_verstappen,Accident,2016,35,35,False,incident,False,False,False,False,False,False,False,False,False,status code,0.0,1.0,0.0,0.0,0.6649999999999999,0.0,0.095,0.0,0.24000000000000005
2016-06,kevin_magnussen,Retired,2016,33,33,False,other,False,False,False,False,False,False,False,False,False,class base rates,0.4793650793650794,0.4666666666666667,0.05396825396825397,0.4793650793650794,0.32666666666666666,0.0,0.04666666666666667,0.0,0.14730158730158732
2016-06,kvyat,Accident,2016,19,19,False,incident,False,False,False,False,False,False,False,False,False,status code,0.0,1.0,0.0,0.0,0.6649999999999999,0.0,0.095,0.0,0.24000000000000005
2016-06,raikkonen,Accident,2016,11,11,False,incident,False,False,False,False,False,False,False,False,False,status code,0.0,1.0,0.0,0.0,0.6649999999999999,0.0,0.095,0.0,0.24000000000000005
2016-06,jolyon_palmer,Accident,2016,8,8,False,incident,False,False,False,False,False,False,False,False,False,status code,0.0,1.0,0.0,0.0,0.6649999999999999,0.0,0.095,0.0,0.24000000000000005
2016-07,massa,Retired,2016,36,36,False,other,False,False,False,False,False,False,False,False,False,class base rates,0.4793650793650794,0.4666666666666667,0.05396825396825397,0.4793650793650794,0.32666666666666666,0.0,0.04666666666666667,0.0,0.14730158730158732
2016-07,jolyon_palmer,Retired,2016,17,17,False,other,False,False,False,False,False,False,False,False,False,class base rates,0.4793650793650794,0.4666666666666667,0.05396825396825397,0.4793650793650794,0.32666666666666666,0.0,0.04666666666666667,0.0,0.14730158730158732
2016-07,button,Power Unit,2016,10,10,False,mechanical,False,False,False,False,False,False,False,False,False,status code,1.0,0.0,0.0,0.95,0.0,0.0,0.0,0.0,0.050000000000000044
2016-08,alonso,Gearbox,2016,43,43,False,mechanical,False,False,False,False,False,False,False,False,False,status code,1.0,0.0,0.0,0.95,0.0,0.0,0.0,0.0,0.050000000000000044
2016-08,wehrlein,Brakes,2016,40,40,False,mechanical,False,False,False,False,False,False,False,False,False,status code,1.0,0.0,0.0,0.95,0.0,0.0,0.0,0.0,0.050000000000000044
2016-08,sainz,Suspension,2016,32,32,False,mechanical,False,False,False,False,False,False,False,False,False,status code,1.0,0.0,0.0,0.95,0.0,0.0,0.0,0.0,0.050000000000000044
2016-08,kvyat,Suspension,2016,7,7,False,mechanical,False,False,False,False,False,False,False,False,False,status code,1.0,0.0,0.0,0.95,0.0,0.0,0.0,0.0,0.050000000000000044
2016-09,perez,Brakes,2016,70,70,False,mechanical,False,False,False,False,False,False,False,False,False,status code,1.0,0.0,0.0,0.95,0.0,0.0,0.0,0.0,0.050000000000000044
2016-09,alonso,Battery,2016,65,65,False,mechanical,False,False,True,False,False,False,False,False,False,status code,1.0,0.0,0.0,0.95,0.0,0.0,0.0,0.0,0.050000000000000044
2016-09,hulkenberg,Brakes,2016,65,65,False,mechanical,False,False,True,False,False,False,False,False,False,status code,1.0,0.0,0.0,0.95,0.0,0.0,0.0,0.0,0.050000000000000044
2016-09,massa,Brakes,2016,64,64,False,mechanical,False,False,True,False,False,False,False,False,False,status code,1.0,0.0,0.0,0.95,0.0,0.0,0.0,0.0,0.050000000000000044
2016-09,vettel,Tyre,2016,27,27,False,other,False,False,False,False,False,False,False,False,False,status code,0.0,0.0,1.0,0.0,0.0,0.0,0.475,0.0,0.525
2016-09,kvyat,Retired,2016,3,3,False,other,False,False,False,False,False,False,False,False,False,class base rates,0.4793650793650794,0.4666666666666667,0.05396825396825397,0.4793650793650794,0.32666666666666666,0.0,0.04666666666666667,0.0,0.14730158730158732
2016-10,kevin_magnussen,Gearbox,2016,50,50,False,mechanical,False,False,False,False,False,False,False,False,False,status code,1.0,0.0,0.0,0.95,0.0,0.0,0.0,0.0,0.050000000000000044
2016-10,jolyon_palmer,Gearbox,2016,38,38,False,mechanical,False,False,False,False,False,False,False,False,False,status code,1.0,0.0,0.0,0.95,0.0,0.0,0.0,0.0,0.050000000000000044
2016-10,haryanto,Spun off,2016,25,25,False,incident,False,False,False,False,False,False,False,False,False,status code,0.0,1.0,0.0,0.0,0.6649999999999999,0.0,0.095,0.0,0.24000000000000005
2016-10,grosjean,Retired,2016,18,18,False,other,False,False,False,False,False,False,False,False,False,class base rates,0.4793650793650794,0.4666666666666667,0.05396825396825397,0.4793650793650794,0.32666666666666666,0.0,0.04666666666666667,0.0,0.14730158730158732
2016-10,ericsson,Power Unit,2016,12,12,False,mechanical,False,False,False,False,False,False,False,False,False,status code,1.0,0.0,0.0,0.95,0.0,0.0,0.0,0.0,0.050000000000000044
2016-10,wehrlein,Spun off,2016,7,7,False,incident,False,False,False,False,False,False,False,False,False,status code,0.0,1.0,0.0,0.0,0.6649999999999999,0.0,0.095,0.0,0.24000000000000005
2016-11,button,Oil leak,2016,61,61,False,mechanical,False,False,False,False,False,False,False,False,False,status code,1.0,0.0,0.0,0.95,0.0,0.0,0.0,0.0,0.050000000000000044
2016-12,nasr,Power Unit,2016,58,58,False,mechanical,False,False,False,False,False,False,False,False,False,status code,1.0,0.0,0.0,0.95,0.0,0.0,0.0,0.0,0.050000000000000044
2016-12,massa,Suspension,2016,37,37,False,mechanical,False,False,False,False,False,False,False,False,False,status code,1.0,0.0,0.0,0.95,0.0,0.0,0.0,0.0,0.050000000000000044
2016-13,kevin_magnussen,Accident,2016,6,6,False,incident,False,False,False,False,False,False,False,False,False,status code,0.0,1.0,0.0,0.0,0.6649999999999999,0.0,0.095,0.0,0.24000000000000005
2016-13,ericsson,Gearbox,2016,4,4,False,mechanical,False,False,False,False,False,False,False,False,False,status code,1.0,0.0,0.0,0.95,0.0,0.0,0.0,0.0,0.050000000000000044
2016-13,sainz,Puncture,2016,2,2,False,other,False,False,True,False,False,False,False,False,False,status code,0.0,0.0,1.0,0.0,0.0,0.0,0.475,0.0,0.525
2016-13,button,Collision damage,2016,2,2,False,incident,False,False,True,False,False,False,False,False,False,status code,0.0,1.0,0.0,0.0,0.285,0.285,0.0,0.0,0.43000000000000005
2016-13,wehrlein,Collision damage,2016,1,1,False,incident,True,False,True,False,False,False,False,False,False,status code,0.0,1.0,0.0,0.0,0.285,0.285,0.0,0.0,0.43000000000000005
2016-14,kvyat,Battery,2016,37,37,False,mechanical,False,False,False,False,False,False,False,False,False,status code,1.0,0.0,0.0,0.95,0.0,0.0,0.0,0.0,0.050000000000000044
2016-14,wehrlein,Oil leak,2016,27,27,False,mechanical,False,False,False,False,False,False,False,False,False,status code,1.0,0.0,0.0,0.95,0.0,0.0,0.0,0.0,0.050000000000000044
2016-14,jolyon_palmer,Collision damage,2016,8,8,False,incident,False,False,True,False,False,False,False,False,False,status code,0.0,1.0,0.0,0.0,0.285,0.285,0.0,0.0,0.43000000000000005
2016-14,nasr,Collision damage,2016,7,7,False,incident,False,False,True,False,False,False,False,False,False,status code,0.0,1.0,0.0,0.0,0.285,0.285,0.0,0.0,0.43000000000000005
2016-15,button,Brakes,2016,44,44,False,mechanical,False,False,False,False,False,False,False,False,False,status code,1.0,0.0,0.0,0.95,0.0,0.0,0.0,0.0,0.050000000000000044
2016-15,bottas,Overheating,2016,36,36,False,mechanical,False,False,False,False,False,False,False,False,False,status code,1.0,0.0,0.0,0.95,0.0,0.0,0.0,0.0,0.050000000000000044
2016-15,hulkenberg,Collision,2016,1,1,False,incident,True,False,False,False,False,False,False,False,False,status code,0.0,1.0,0.0,0.0,0.285,0.285,0.0,0.0,0.43000000000000005
2016-16,nasr,Brakes,2016,47,47,False,mechanical,False,False,False,False,False,False,False,False,False,status code,1.0,0.0,0.0,0.95,0.0,0.0,0.0,0.0,0.050000000000000044
2016-16,hamilton,Engine,2016,41,41,False,mechanical,False,False,True,False,False,False,False,False,False,status code,1.0,0.0,0.0,0.95,0.0,0.0,0.0,0.0,0.050000000000000044
2016-16,gutierrez,Wheel nut,2016,40,40,False,other,False,False,True,False,False,False,False,False,False,status code,0.0,0.0,1.0,0.0,0.0,0.0,0.0,0.95,0.050000000000000044
2016-16,kevin_magnussen,Power loss,2016,18,18,False,mechanical,False,False,False,False,False,False,False,False,False,status code,1.0,0.0,0.0,0.95,0.0,0.0,0.0,0.0,0.050000000000000044
2016-16,grosjean,Brakes,2016,8,8,False,mechanical,False,False,False,False,False,False,False,False,False,status code,1.0,0.0,0.0,0.95,0.0,0.0,0.0,0.0,0.050000000000000044
2016-16,vettel,Collision,2016,1,1,False,incident,True,False,False,False,False,False,False,False,False,status code,0.0,1.0,0.0,0.0,0.285,0.285,0.0,0.0,0.43000000000000005
2016-18,raikkonen,Wheel,2016,39,39,False,other,False,False,False,False,False,False,False,False,False,status code,0.0,0.0,1.0,0.475,0.0,0.0,0.0,0.475,0.050000000000000044
2016-18,max_verstappen,Gearbox,2016,29,29,False,mechanical,False,False,False,False,False,False,False,False,False,status code,1.0,0.0,0.0,0.95,0.0,0.0,0.0,0.0,0.050000000000000044
2016-18,gutierrez,Brakes,2016,17,17,False,mechanical,False,False,False,False,False,False,False,False,False,status code,1.0,0.0,0.0,0.95,0.0,0.0,0.0,0.0,0.050000000000000044
2016-18,hulkenberg,Collision,2016,2,2,False,incident,False,False,False,False,False,False,False,False,False,status code,0.0,1.0,0.0,0.0,0.285,0.285,0.0,0.0,0.43000000000000005
2016-19,wehrlein,Collision,2016,1,1,False,incident,True,False,False,False,False,False,False,False,False,status code,0.0,1.0,0.0,0.0,0.285,0.285,0.0,0.0,0.43000000000000005
2016-20,gutierrez,Retired,2016,61,61,False,other,False,False,False,False,False,False,False,False,False,class base rates,0.4793650793650794,0.4666666666666667,0.05396825396825397,0.4793650793650794,0.32666666666666666,0.0,0.04666666666666667,0.0,0.14730158730158732
2016-20,massa,Collision,2016,47,47,False,incident,False,False,False,False,False,False,False,False,False,status code,0.0,1.0,0.0,0.0,0.285,0.285,0.0,0.0,0.43000000000000005
2016-20,jolyon_palmer,Collision damage,2016,21,21,False,incident,False,False,True,False,False,False,False,False,False,status code,0.0,1.0,0.0,0.0,0.285,0.285,0.0,0.0,0.43000000000000005
2016-20,raikkonen,Collision,2016,20,20,False,incident,False,False,True,False,False,False,False,False,False,status code,0.0,1.0,0.0,0.0,0.285,0.285,0.0,0.0,0.43000000000000005
2016-20,ericsson,Collision,2016,12,12,False,incident,False,False,False,False,False,False,False,False,False,status code,0.0,1.0,0.0,0.0,0.285,0.285,0.0,0.0,0.43000000000000005
2016-21,sainz,Collision damage,2016,42,42,False,incident,False,False,False,False,False,False,False,False,False,status code,0.0,1.0,0.0,0.0,0.285,0.285,0.0,0.0,0.43000000000000005
2016-21,kvyat,Gearbox,2016,15,15,False,mechanical,False,False,False,False,False,False,False,False,False,status code,1.0,0.0,0.0,0.95,0.0,0.0,0.0,0.0,0.050000000000000044
2016-21,button,Suspension,2016,13,13,False,mechanical,False,False,False,False,False,False,False,False,False,status code,1.0,0.0,0.0,0.95,0.0,0.0,0.0,0.0,0.050000000000000044
2016-21,bottas,Suspension,2016,7,7,False,mechanical,False,False,True,False,False,False,False,False,False,status code,1.0,0.0,0.0,0.95,0.0,0.0,0.0,0.0,0.050000000000000044
2016-21,kevin_magnussen,Suspension,2016,6,6,False,mechanical,False,False,True,False,False,False,False,False,False,status code,1.0,0.0,0.0,0.95,0.0,0.0,0.0,0.0,0.050000000000000044
2017-01,alonso,Vibrations,2017,51,51,False,mechanical,False,False,False,False,False,False,False,False,False,status code,1.0,0.0,0.0,0.95,0.0,0.0,0.0,0.0,0.050000000000000044
2017-01,kevin_magnussen,Suspension,2017,47,47,False,mechanical,False,False,False,False,False,False,False,False,False,status code,1.0,0.0,0.0,0.95,0.0,0.0,0.0,0.0,0.050000000000000044
2017-01,stroll,Brakes,2017,41,41,False,mechanical,False,False,False,False,False,False,False,False,False,status code,1.0,0.0,0.0,0.95,0.0,0.0,0.0,0.0,0.050000000000000044
2017-01,ricciardo,Power Unit,2017,26,26,False,mechanical,False,False,False,False,False,False,False,False,False,status code,1.0,0.0,0.0,0.95,0.0,0.0,0.0,0.0,0.050000000000000044
2017-01,ericsson,Hydraulics,2017,22,22,False,mechanical,False,False,False,False,False,False,False,False,False,status code,1.0,0.0,0.0,0.95,0.0,0.0,0.0,0.0,0.050000000000000044
2017-01,jolyon_palmer,Brakes,2017,16,16,False,mechanical,False,False,False,False,False,False,False,False,False,status code,1.0,0.0,0.0,0.95,0.0,0.0,0.0,0.0,0.050000000000000044
2017-01,grosjean,Water leak,2017,14,14,False,mechanical,False,False,False,False,False,False,False,False,False,status code,1.0,0.0,0.0,0.95,0.0,0.0,0.0,0.0,0.050000000000000044
2017-02,alonso,Driveshaft,2017,34,34,False,mechanical,False,False,False,False,False,False,False,False,False,status code,1.0,0.0,0.0,0.95,0.0,0.0,0.0,0.0,0.050000000000000044
2017-02,kvyat,Hydraulics,2017,19,19,False,mechanical,False,False,True,False,False,False,False,False,False,status code,1.0,0.0,0.0,0.95,0.0,0.0,0.0,0.0,0.050000000000000044
2017-02,vandoorne,Fuel pressure,2017,18,18,False,mechanical,False,False,True,False,False,False,False,False,False,status code,1.0,0.0,0.0,0.95,0.0,0.0,0.0,0.0,0.050000000000000044
2017-02,giovinazzi,Accident,2017,4,4,False,incident,False,False,False,False,False,False,False,False,False,status code,0.0,1.0,0.0,0.0,0.6649999999999999,0.0,0.095,0.0,0.24000000000000005
2017-02,stroll,Collision,2017,1,1,False,incident,True,False,False,False,False,False,False,False,False,status code,0.0,1.0,0.0,0.0,0.285,0.285,0.0,0.0,0.43000000000000005
2017-03,alonso,Power Unit,2017,55,55,False,mechanical,False,False,False,False,False,False,False,False,False,status code,1.0,0.0,0.0,0.95,0.0,0.0,0.0,0.0,0.050000000000000044
2017-03,ericsson,Gearbox,2017,51,51,False,mechanical,False,False,False,False,False,False,False,False,False,status code,1.0,0.0,0.0,0.95,0.0,0.0,0.0,0.0,0.050000000000000044
2017-03,sainz,Collision,2017,13,13,False,incident,False,False,True,False,False,False,False,False,False,status code,0.0,1.0,0.0,0.0,0.285,0.285,0.0,0.0,0.43000000000000005
2017-03,stroll,Collision,2017,13,13,False,incident,False,False,True,False,False,False,False,False,False,status code,0.0,1.0,0.0,0.0,0.285,0.285,0.0,0.0,0.43000000000000005
2017-03,max_verstappen,Brakes,2017,12,12,False,mechanical,False,False,True,False,False,False,False,False,False,status code,1.0,0.0,0.0,0.95,0.0,0.0,0.0,0.0,0.050000000000000044
2017-03,kevin_magnussen,Electrical,2017,9,9,False,mechanical,False,False,False,False,False,False,False,False,False,status code,1.0,0.0,0.0,0.95,0.0,0.0,0.0,0.0,0.050000000000000044
2017-03,vandoorne,Power Unit,2017,1,1,False,mechanical,True,False,False,False,False,False,False,False,False,status code,1.0,0.0,0.0,0.95,0.0,0.0,0.0,0.0,0.050000000000000044
2017-04,ricciardo,Brakes,2017,6,6,False,mechanical,False,False,False,False,False,False,False,False,False,status code,1.0,0.0,0.0,0.95,0.0,0.0,0.0,0.0,0.050000000000000044
2017-04,jolyon_palmer,Collision,2017,1,1,False,incident,True,False,True,False,False,False,False,False,False,status code,0.0,1.0,0.0,0.0,0.285,0.285,0.0,0.0,0.43000000000000005
2017-04,grosjean,Collision,2017,1,1,False,incident,True,False,True,False,False,False,False,False,False,status code,0.0,1.0,0.0,0.0,0.285,0.285,0.0,0.0,0.43000000000000005
2017-05,bottas,Power Unit,2017,39,39,False,mechanical,False,False,False,False,False,False,False,False,False,status code,1.0,0.0,0.0,0.95,0.0,0.0,0.0,0.0,0.050000000000000044
2017-05,vandoorne,Collision,2017,33,33,False,incident,False,False,False,False,False,False,False,False,False,status code,0.0,1.0,0.0,0.0,0.285,0.285,0.0,0.0,0.43000000000000005
2017-05,max_verstappen,Collision damage,2017,2,2,False,incident,False,False,True,False,False,False,False,False,False,status code,0.0,1.0,0.0,0.0,0.285,0.285,0.0,0.0,0.43000000000000005
2017-05,raikkonen,Collision damage,2017,1,1,False,incident,True,False,True,False,False,False,False,False,False,status code,0.0,1.0,0.0,0.0,0.285,0.285,0.0,0.0,0.43000000000000005
2017-06,kvyat,Collision damage,2017,72,72,False,incident,False,False,True,False,False,False,False,False,False,status code,0.0,1.0,0.0,0.0,0.285,0.285,0.0,0.0,0.43000000000000005
2017-06,stroll,Brakes,2017,72,72,False,mechanical,False,False,True,False,False,False,False,False,False,status code,1.0,0.0,0.0,0.95,0.0,0.0,0.0,0.0,0.050000000000000044
2017-06,vandoorne,Accident,2017,67,67,False,incident,False,False,False,False,False,False,False,False,False,status code,0.0,1.0,0.0,0.0,0.6649999999999999,0.0,0.095,0.0,0.24000000000000005
2017-06,ericsson,Accident,2017,64,64,False,incident,False,False,False,False,False,False,False,False,False,status code,0.0,1.0,0.0,0.0,0.6649999999999999,0.0,0.095,0.0,0.24000000000000005
2017-06,button,Collision damage,2017,58,58,False,incident,False,False,True,False,False,False,False,False,False,status code,0.0,1.0,0.0,0.0,0.285,0.285,0.0,0.0,0.43000000000000005
2017-06,wehrlein,Collision,2017,58,58,False,incident,False,False,True,False,False,False,False,False,False,status code,0.0,1.0,0.0,0.0,0.285,0.285,0.0,0.0,0.43000000000000005
2017-06,hulkenberg,Gearbox,2017,16,16,False,mechanical,False,False,False,False,False,False,False,False,False,status code,1.0,0.0,0.0,0.95,0.0,0.0,0.0,0.0,0.050000000000000044
2017-07,alonso,Power Unit,2017,67,67,False,mechanical,False,False,False,False,False,False,False,False,False,status code,1.0,0.0,0.0,0.95,0.0,0.0,0.0,0.0,0.050000000000000044
2017-07,kvyat,Power Unit,2017,55,55,False,mechanical,False,False,False,False,False,False,False,False,False,status code,1.0,0.0,0.0,0.95,0.0,0.0,0.0,0.0,0.050000000000000044
2017-07,max_verstappen,Electrical,2017,11,11,False,mechanical,False,False,False,False,False,False,False,False,False,status code,1.0,0.0,0.0,0.95,0.0,0.0,0.0,0.0,0.050000000000000044
2017-07,massa,Collision,2017,1,1,False,incident,True,False,True,False,False,False,False,False,False,status code,0.0,1.0,0.0,0.0,0.285,0.285,0.0,0.0,0.43000000000000005
2017-07,sainz,Collision,2017,1,1,False,incident,True,False,True,False,False,False,False,False,False,status code,0.0,1.0,0.0,0.0,0.285,0.285,0.0,0.0,0.43000000000000005
2017-08,raikkonen,Water pressure,2017,47,47,False,mechanical,False,False,False,False,False,False,False,False,False,status code,1.0,0.0,0.0,0.95,0.0,0.0,0.0,0.0,0.050000000000000044
2017-08,perez,Seat,2017,40,40,False,mechanical,False,False,False,False,False,False,False,False,False,status code,1.0,0.0,0.0,0.95,0.0,0.0,0.0,0.0,0.050000000000000044
2017-08,massa,Suspension,2017,26,26,False,mechanical,False,False,True,False,False,False,False,False,False,status code,1.0,0.0,0.0,0.95,0.0,0.0,0.0,0.0,0.050000000000000044
2017-08,hulkenberg,Accident,2017,25,25,False,incident,False,False,True,False,False,False,False,False,False,status code,0.0,1.0,0.0,0.0,0.285,0.285,0.0,0.0,0.43000000000000005
2017-08,max_verstappen,Oil pressure,2017,13,13,False,mechanical,False,False,False,False,False,False,False,False,False,status code,1.0,0.0,0.0,0.95,0.0,0.0,0.0,0.0,0.050000000000000044
2017-08,kvyat,Battery,2017,10,10,False,mechanical,False,False,False,False,False,False,False,False,False,status code,1.0,0.0,0.0,0.95,0.0,0.0,0.0,0.0,0.050000000000000044
2017-08,jolyon_palmer,Power Unit,2017,8,8,False,mechanical,False,False,False,False,False,False,False,False,False,status code,1.0,0.0,0.0,0.95,0.0,0.0,0.0,0.0,0.050000000000000044
2017-09,sainz,Engine,2017,45,45,False,mechanical,False,False,False,False,False,False,False,False,False,status code,1.0,0.0,0.0,0.95,0.0,0.0,0.0,0.0,0.050000000000000044
2017-09,kevin_magnussen,Hydraulics,2017,30,30,False,mechanical,False,False,False,False,False,False,False,False,False,status code,1.0,0.0,0.0,0.95,0.0,0.0,0.0,0.0,0.050000000000000044
2017-09,alonso,Collision damage,2017,2,2,False,incident,False,False,True,False,False,False,False,False,False,status code,0.0,1.0,0.0,0.0,0.285,0.285,0.0,0.0,0.43000000000000005
2017-09,max_verstappen,Collision damage,2017,1,1,False,incident,True,False,True,False,False,False,False,False,False,status code,0.0,1.0,0.0,0.0,0.285,0.285,0.0,0.0,0.43000000000000005
2017-10,alonso,Power Unit,2017,33,33,False,mechanical,False,False,False,False,False,False,False,False,False,status code,1.0,0.0,0.0,0.95,0.0,0.0,0.0,0.0,0.050000000000000044
2017-10,sainz,Collision damage,2017,1,1,False,incident,True,False,True,False,False,False,False,False,False,status code,0.0,1.0,0.0,0.0,0.285,0.285,0.0,0.0,0.43000000000000005
2017-10,jolyon_palmer,Hydraulics,2017,1,1,False,mechanical,True,False,True,False,False,False,False,False,False,status code,1.0,0.0,0.0,0.95,0.0,0.0,0.0,0.0,0.050000000000000044
2017-11,hulkenberg,Brakes,2017,68,68,False,mechanical,False,False,False,False,False,False,False,False,False,status code,1.0,0.0,0.0,0.95,0.0,0.0,0.0,0.0,0.050000000000000044
2017-11,resta,Oil leak,2017,61,61,False,mechanical,False,False,False,False,False,False,False,False,False,status code,1.0,0.0,0.0,0.95,0.0,0.0,0.0,0.0,0.050000000000000044
2017-11,grosjean,Wheel nut,2017,21,21,False,other,False,False,False,False,False,False,False,False,False,status code,0.0,0.0,1.0,0.0,0.0,0.0,0.0,0.95,0.050000000000000044
2017-11,ricciardo,Collision,2017,1,1,False,incident,True,False,False,False,False,False,False,False,False,status code,0.0,1.0,0.0,0.0,0.285,0.285,0.0,0.0,0.43000000000000005
2017-12,perez,Gearbox,2017,43,43,False,mechanical,False,False,False,False,False,False,False,False,False,status code,1.0,0.0,0.0,0.95,0.0,0.0,0.0,0.0,0.050000000000000044
2017-12,alonso,Engine,2017,26,26,False,mechanical,False,False,False,False,False,False,False,False,False,status code,1.0,0.0,0.0,0.95,0.0,0.0,0.0,0.0,0.050000000000000044
2017-12,max_verstappen,Engine,2017,8,8,False,mechanical,False,False,False,False,False,False,False,False,False,status code,1.0,0.0,0.0,0.95,0.0,0.0,0.0,0.0,0.050000000000000044
2017-12,wehrlein,Collision,2017,3,3,False,incident,False,False,False,False,False,False,False,False,False,status code,0.0,1.0,0.0,0.0,0.285,0.285,0.0,0.0,0.43000000000000005
2017-13,alonso,Gearbox,2017,51,51,False,mechanical,False,False,True,False,False,False,False,False,False,status code,1.0,0.0,0.0,0.95,0.0,0.0,0.0,0.0,0.050000000000000044
2017-13,ericsson,Gearbox,2017,50,50,False,mechanical,False,False,True,False,False,False,False,False,False,status code,1.0,0.0,0.0,0.95,0.0,0.0,0.0,0.0,0.050000000000000044
2017-13,vandoorne,Engine,2017,34,34,False,mechanical,False,False,False,False,False,False,False,False,False,status code,1.0,0.0,0.0,0.95,0.0,0.0,0.0,0.0,0.050000000000000044
2017-13,jolyon_palmer,Engine,2017,30,30,False,mechanical,False,False,False,False,False,False,False,False,False,status code,1.0,0.0,0.0,0.95,0.0,0.0,0.0,0.0,0.050000000000000044
2017-14,kevin_magnussen,Engine,2017,51,51,False,mechanical,False,False,False,False,False,False,False,False,False,status code,1.0,0.0,0.0,0.95,0.0,0.0,0.0,0.0,0.050000000000000044
2017-14,hulkenberg,Engine,2017,49,49,False,mechanical,False,False,False,False,False,False,False,False,False,status code,1.0,0.0,0.0,0.95,0.0,0.0,0.0,0.0,0.050000000000000044
2017-14,ericsson,Accident,2017,36,36,False,incident,False,False,False,False,False,False,False,False,False,status code,0.0,1.0,0.0,0.0,0.6649999999999999,0.0,0.095,0.0,0.24000000000000005
2017-14,kvyat,Accident,2017,11,11,False,incident,False,False,False,False,False,False,False,False,False,status code,0.0,1.0,0.0,0.0,0.6649999999999999,0.0,0.095,0.0,0.24000000000000005
2017-14,alonso,Collision damage,2017,9,9,False,incident,False,False,False,False,False,False,False,False,False,status code,0.0,1.0,0.0,0.0,0.285,0.285,0.0,0.0,0.43000000000000005
2017-14,vettel,Accident,2017,1,1,False,incident,True,False,True,False,False,False,False,False,False,status code,0.0,1.0,0.0,0.0,0.285,0.285,0.0,0.0,0.43000000000000005
2017-14,max_verstappen,Accident,2017,1,1,False,incident,True,False,True,False,False,False,False,False,False,status code,0.0,1.0,0.0,0.0,0.285,0.285,0.0,0.0,0.43000000000000005
2017-14,raikkonen,Accident,2017,1,1,False,incident,True,False,True,False,False,False,False,False,False,status code,0.0,1.0,0.0,0.0,0.285,0.285,0.0,0.0,0.43000000000000005
2017-15,sainz,Engine,2017,30,30,False,mechanical,False,False,False,False,False,False,False,False,False,status code,1.0,0.0,0.0,0.95,0.0,0.0,0.0,0.0,0.050000000000000044
2017-15,raikkonen,Battery,2017,1,1,False,mechanical,True,False,False,False,False,False,False,False,False,status code,1.0,0.0,0.0,0.95,0.0,0.0,0.0,0.0,0.050000000000000044
2017-16,stroll,Wheel,2017,46,46,False,other,False,False,False,False,False,False,False,False,False,status code,0.0,0.0,1.0,0.475,0.0,0.0,0.0,0.475,0.050000000000000044
2017-16,hulkenberg,Front wing,2017,41,41,False,mechanical,False,False,False,False,False,False,False,False,False,status code,1.0,0.0,0.0,0.95,0.0,0.0,0.0,0.0,0.050000000000000044
2017-16,ericsson,Accident,2017,8,8,False,incident,False,False,False,False,False,False,False,False,False,status code,0.0,1.0,0.0,0.0,0.6649999999999999,0.0,0.095,0.0,0.24000000000000005
2017-16,vettel,Spark plugs,2017,5,5,False,mechanical,False,False,False,False,False,False,False,False,False,status code,1.0,0.0,0.0,0.95,0.0,0.0,0.0,0.0,0.050000000000000044
2017-16,sainz,Accident,2017,1,1,False,incident,True,False,False,False,False,False,False,False,False,status code,0.0,1.0,0.0,0.0,0.6649999999999999,0.0,0.095,0.0,0.24000000000000005
2017-17,alonso,Engine,2017,25,25,False,mechanical,False,False,False,False,False,False,False,False,False,status code,1.0,0.0,0.0,0.95,0.0,0.0,0.0,0.0,0.050000000000000044
2017-17,ricciardo,Engine,2017,15,15,False,mechanical,False,False,False,False,False,False,False,False,False,status code,1.0,0.0,0.0,0.95,0.0,0.0,0.0,0.0,0.050000000000000044
2017-17,wehrlein,Collision,2017,6,6,False,incident,False,False,False,False,False,False,False,False,False,status code,0.0,1.0,0.0,0.0,0.285,0.285,0.0,0.0,0.43000000000000005
2017-17,hulkenberg,Engine,2017,4,4,False,mechanical,False,False,False,False,False,False,False,False,False,status code,1.0,0.0,0.0,0.95,0.0,0.0,0.0,0.0,0.050000000000000044
2017-18,sainz,Engine,2017,60,60,False,mechanical,False,False,False,False,False,False,False,False,False,status code,1.0,0.0,0.0,0.95,0.0,0.0,0.0,0.0,0.050000000000000044
2017-18,ericsson,Engine,2017,56,56,False,mechanical,False,False,False,False,False,False,False,False,False,status code,1.0,0.0,0.0,0.95,0.0,0.0,0.0,0.0,0.050000000000000044
2017-18,brendon_hartley,Engine,2017,31,31,False,mechanical,False,False,False,False,False,False,False,False,False,status code,1.0,0.0,0.0,0.95,0.0,0.0,0.0,0.0,0.050000000000000044
2017-18,hulkenberg,Electrical,2017,25,25,False,mechanical,False,False,False,False,False,False,False,False,False,status code,1.0,0.0,0.0,0.95,0.0,0.0,0.0,0.0,0.050000000000000044
2017-18,ricciardo,Engine,2017,6,6,False,mechanical,False,False,False,False,False,False,False,False,False,status code,1.0,0.0,0.0,0.95,0.0,0.0,0.0,0.0,0.050000000000000044
2017-19,brendon_hartley,Engine,2017,41,41,False,mechanical,False,False,False,False,False,False,False,False,False,status code,1.0,0.0,0.0,0.95,0.0,0.0,0.0,0.0,0.050000000000000044
2017-19,ocon,Accident,2017,1,1,False,incident,True,False,True,False,False,False,False,False,False,status code,0.0,1.0,0.0,0.0,0.285,0.285,0.0,0.0,0.43000000000000005
2017-19,vandoorne,Accident,2017,1,1,False,incident,True,False,True,False,False,False,False,False,False,status code,0.0,1.0,0.0,0.0,0.285,0.285,0.0,0.0,0.43000000000000005
2017-19,kevin_magnussen,Accident,2017,1,1,False,incident,True,False,True,False,False,False,False,False,False,status code,0.0,1.0,0.0,0.0,0.285,0.285,0.0,0.0,0.43000000000000005
2017-20,sainz,Wheel,2017,32,32,False,other,False,False,False,False,False,False,False,False,False,status code,0.0,0.0,1.0,0.475,0.0,0.0,0.0,0.475,0.050000000000000044
2017-20,ricciardo,Hydraulics,2017,21,21,False,mechanical,False,False,False,False,False,False,False,False,False,status code,1.0,0.0,0.0,0.95,0.0,0.0,0.0,0.0,0.050000000000000044
2018-01,grosjean,Wheel,2018,25,25,True,other,False,False,False,False,True,True,False,False,False,status code,0.0,0.0,1.0,0.475,0.0,0.0,0.0,0.475,0.050000000000000044
2018-01,kevin_magnussen,Wheel,2018,23,23,True,other,False,False,False,False,False,True,False,False,False,status code,0.0,0.0,1.0,0.475,0.0,0.0,0.0,0.475,0.050000000000000044
2018-01,gasly,Engine,2018,14,14,True,mechanical,False,False,False,False,False,True,False,False,False,status code,1.0,0.0,0.0,0.95,0.0,0.0,0.0,0.0,0.050000000000000044
2018-01,ericsson,Steering,2018,6,6,True,mechanical,False,False,True,False,False,True,False,False,False,status code,1.0,0.0,0.0,0.95,0.0,0.0,0.0,0.0,0.050000000000000044
2018-01,sirotkin,Brakes,2018,5,5,True,mechanical,False,False,True,False,False,False,False,False,False,status code,1.0,0.0,0.0,0.95,0.0,0.0,0.0,0.0,0.050000000000000044
2018-02,raikkonen,Wheel,2018,36,36,True,other,False,False,False,False,False,True,False,False,False,status code,0.0,0.0,1.0,0.475,0.0,0.0,0.0,0.475,0.050000000000000044
2018-02,max_verstappen,Puncture,2018,4,4,True,other,False,False,False,False,False,False,False,False,False,status code,0.0,0.0,1.0,0.0,0.0,0.0,0.475,0.0,0.525
2018-02,ricciardo,Electrical,2018,2,2,True,mechanical,False,False,False,False,True,False,False,False,False,status code,1.0,0.0,0.0,0.95,0.0,0.0,0.0,0.0,0.050000000000000044
2018-03,brendon_hartley,Collision damage,2018,52,52,True,incident,False,False,False,False,False,True,False,False,False,status code,0.0,1.0,0.0,0.0,0.285,0.285,0.0,0.0,0.43000000000000005
2018-04,bottas,Puncture,2018,49,49,True,other,False,False,False,False,False,False,False,False,False,status code,0.0,0.0,1.0,0.0,0.0,0.0,0.475,0.0,0.525
2018-04,grosjean,Accident,2018,43,43,True,incident,False,False,False,False,False,False,True,False,False,status code,0.0,1.0,0.0,0.0,0.6649999999999999,0.0,0.095,0.0,0.24000000000000005
2018-04,max_verstappen,Collision,2018,40,40,True,incident,False,False,True,False,True,False,False,False,False,status code,0.0,1.0,0.0,0.0,0.285,0.285,0.0,0.0,0.43000000000000005
2018-04,ricciardo,Collision,2018,40,40,True,incident,False,False,True,False,True,False,True,False,False,status code,0.0,1.0,0.0,0.0,0.285,0.285,0.0,0.0,0.43000000000000005
2018-04,hulkenberg,Accident,2018,11,11,True,incident,False,False,False,False,False,False,False,False,False,status code,0.0,1.0,0.0,0.0,0.6649999999999999,0.0,0.095,0.0,0.24000000000000005
2018-04,ocon,Collision,2018,1,1,True,incident,True,False,True,False,True,False,False,False,False,status code,0.0,1.0,0.0,0.0,0.285,0.285,0.0,0.0,0.43000000000000005
2018-04,sirotkin,Collision,2018,1,1,True,incident,True,False,True,False,True,False,False,False,False,status code,0.0,1.0,0.0,0.0,0.285,0.285,0.0,0.0,0.43000000000000005
2018-05,vandoorne,Gearbox,2018,47,46,True,mechanical,False,False,False,False,False,True,False,False,False,status code,1.0,0.0,0.0,0.95,0.0,0.0,0.0,0.0,0.050000000000000044
2018-05,ocon,Oil leak,2018,40,39,True,mechanical,False,False,False,False,True,False,False,False,False,status code,1.0,0.0,0.0,0.95,0.0,0.0,0.0,0.0,0.050000000000000044
2018-05,raikkonen,Turbo,2018,26,26,True,mechanical,False,False,False,False,False,True,True,False,False,status code,1.0,0.0,0.0,0.95,0.0,0.0,0.0,0.0,0.050000000000000044
2018-05,grosjean,Collision,2018,1,1,True,incident,True,False,True,False,True,False,False,False,False,status code,0.0,1.0,0.0,0.0,0.285,0.285,0.0,0.0,0.43000000000000005
2018-05,gasly,Collision,2018,1,1,True,incident,True,False,True,False,True,False,False,False,False,status code,0.0,1.0,0.0,0.0,0.285,0.285,0.0,0.0,0.43000000000000005
2018-05,hulkenberg,Collision,2018,1,1,True,incident,True,False,True,False,True,False,False,False,False,status code,0.0,1.0,0.0,0.0,0.285,0.285,0.0,0.0,0.43000000000000005
2018-06,leclerc,Collision,2018,71,71,True,incident,False,False,True,False,False,False,False,False,False,status code,0.0,1.0,0.0,0.0,0.285,0.285,0.0,0.0,0.43000000000000005
2018-06,brendon_hartley,Collision,2018,71,71,True,incident,False,False,True,False,False,True,False,False,False,status code,0.0,1.0,0.0,0.0,0.285,0.285,0.0,0.0,0.43000000000000005
2018-06,alonso,Gearbox,2018,53,53,True,mechanical,False,False,False,False,False,False,True,False,False,status code,1.0,0.0,0.0,0.95,0.0,0.0,0.0,0.0,0.050000000000000044
2018-07,alonso,Exhaust,2018,41,41,True,mechanical,False,False,False,False,False,True,False,False,False,status code,1.0,0.0,0.0,0.95,0.0,0.0,0.0,0.0,0.050000000000000044
2018-07,brendon_hartley,Collision,2018,1,1,True,incident,True,False,True,False,True,False,False,False,False,status code,0.0,1.0,0.0,0.0,0.285,0.285,0.0,0.0,0.43000000000000005
2018-07,stroll,Collision,2018,1,1,True,incident,True,False,True,False,True,False,False,False,False,status code,0.0,1.0,0.0,0.0,0.285,0.285,0.0,0.0,0.43000000000000005
2018-08,alonso,Wheel,2018,52,51,True,other,False,False,False,False,True,True,True,False,False,status code,0.0,0.0,1.0,0.475,0.0,0.0,0.0,0.475,0.050000000000000044
2018-08,stroll,Puncture,2018,50,49,True,other,False,False,False,False,False,False,False,False,False,status code,0.0,0.0,1.0,0.0,0.0,0.0,0.475,0.0,0.525
2018-08,perez,Engine,2018,28,28,True,mechanical,False,False,False,False,False,True,False,False,False,status code,1.0,0.0,0.0,0.95,0.0,0.0,0.0,0.0,0.050000000000000044
2018-08,ocon,Collision,2018,1,1,True,incident,True,False,True,False,True,False,False,False,False,status code,0.0,1.0,0.0,0.0,0.285,0.285,0.0,0.0,0.43000000000000005
2018-08,gasly,Collision,2018,1,1,True,incident,True,False,True,False,True,False,False,False,False,status code,0.0,1.0,0.0,0.0,0.285,0.285,0.0,0.0,0.43000000000000005
2018-09,vandoorne,Collision damage,2018,69,66,True,incident,False,False,False,False,False,True,False,False,False,status code,0.0,1.0,0.0,0.0,0.285,0.285,0.0,0.0,0.43000000000000005
2018-09,hamilton,Fuel pressure,2018,63,63,True,mechanical,False,False,False,False,False,False,False,False,False,status code,1.0,0.0,0.0,0.95,0.0,0.0,0.0,0.0,0.050000000000000044
2018-09,brendon_hartley,Hydraulics,2018,56,55,True,mechanical,False,False,False,True,False,False,False,False,False,status code,1.0,0.0,0.0,0.95,0.0,0.0,0.0,0.0,0.050000000000000044
2018-09,ricciardo,Exhaust,2018,54,54,True,mechanical,False,False,False,False,False,False,False,False,False,status code,1.0,0.0,0.0,0.95,0.0,0.0,0.0,0.0,0.050000000000000044
2018-09,bottas,Hydraulics,2018,14,14,True,mechanical,False,False,False,False,True,False,False,False,False,status code,1.0,0.0,0.0,0.95,0.0,0.0,0.0,0.0,0.050000000000000044
2018-09,hulkenberg,Engine,2018,12,12,True,mechanical,False,False,False,False,False,False,False,False,False,status code,1.0,0.0,0.0,0.95,0.0,0.0,0.0,0.0,0.050000000000000044
2018-10,max_verstappen,Brakes,2018,47,47,True,mechanical,False,False,False,False,False,False,False,False,False,status code,1.0,0.0,0.0,0.95,0.0,0.0,0.0,0.0,0.050000000000000044
2018-10,grosjean,Collision,2018,38,38,True,incident,False,False,True,False,True,False,True,False,False,status code,0.0,1.0,0.0,0.0,0.285,0.285,0.0,0.0,0.43000000000000005
2018-10,sainz,Collision,2018,38,38,True,incident,False,False,True,False,True,False,True,False,False,status code,0.0,1.0,0.0,0.0,0.285,0.285,0.0,0.0,0.43000000000000005
2018-10,ericsson,Accident,2018,32,32,True,incident,False,False,False,False,True,False,False,False,False,status code,0.0,1.0,0.0,0.0,0.6649999999999999,0.0,0.095,0.0,0.24000000000000005
2018-10,leclerc,Tyre,2018,19,19,True,other,False,False,False,False,False,True,False,False,False,status code,0.0,0.0,1.0,0.0,0.0,0.0,0.475,0.0,0.525
2018-10,brendon_hartley,Power Unit,2018,2,2,True,mechanical,False,False,False,False,False,True,False,False,False,status code,1.0,0.0,0.0,0.95,0.0,0.0,0.0,0.0,0.050000000000000044
2018-11,alonso,Retired,2018,67,66,True,other,False,False,False,False,False,True,False,False,False,inferred from evidence,0.7404785136412148,0.20004552638328044,0.059475959975504804,0.7404785136412148,0.1400318684682963,0.0,0.020004552638328045,0.0,0.09948506525216089
2018-11,stroll,Engine,2018,55,54,True,mechanical,False,False,False,False,False,True,True,False,False,status code,1.0,0.0,0.0,0.95,0.0,0.0,0.0,0.0,0.050000000000000044
2018-11,vettel,Accident,2018,52,52,True,incident,False,False,True,False,True,False,True,False,False,status code,0.0,1.0,0.0,0.0,0.285,0.285,0.0,0.0,0.43000000000000005
2018-11,sirotkin,Engine,2018,53,52,True,mechanical,False,False,True,False,True,True,True,False,False,status code,1.0,0.0,0.0,0.95,0.0,0.0,0.0,0.0,0.050000000000000044
2018-11,ricciardo,Engine,2018,28,28,True,mechanical,False,False,False,False,False,False,False,False,False,status code,1.0,0.0,0.0,0.95,0.0,0.0,0.0,0.0,0.050000000000000044
2018-12,vandoorne,Gearbox,2018,51,50,True,mechanical,False,False,False,False,True,False,False,False,False,status code,1.0,0.0,0.0,0.95,0.0,0.0,0.0,0.0,0.050000000000000044
2018-12,max_verstappen,Power loss,2018,6,6,True,mechanical,False,False,False,False,True,False,False,False,False,status code,1.0,0.0,0.0,0.95,0.0,0.0,0.0,0.0,0.050000000000000044
2018-12,leclerc,Suspension,2018,1,1,True,mechanical,True,False,False,False,False,False,False,False,False,status code,1.0,0.0,0.0,0.95,0.0,0.0,0.0,0.0,0.050000000000000044
2018-13,ricciardo,Retired,2018,31,29,True,other,False,False,False,False,False,True,False,False,False,inferred from evidence,0.7404785136412148,0.20004552638328044,0.059475959975504804,0.7404785136412148,0.1400318684682963,0.0,0.020004552638328045,0.0,0.09948506525216089
2018-13,raikkonen,Brakes,2018,9,9,True,mechanical,False,True,True,False,False,True,False,False,False,status code,1.0,0.0,0.0,0.95,0.0,0.0,0.0,0.0,0.050000000000000044
2018-13,leclerc,Accident,2018,1,1,True,incident,True,False,True,False,True,False,False,False,False,status code,0.0,1.0,0.0,0.0,0.285,0.285,0.0,0.0,0.43000000000000005
2018-13,alonso,Accident,2018,1,1,True,incident,True,False,True,False,True,False,False,False,False,status code,0.0,1.0,0.0,0.0,0.285,0.285,0.0,0.0,0.43000000000000005
2018-13,hulkenberg,Accident,2018,1,1,True,incident,True,False,True,False,True,False,False,False,False,status code,0.0,1.0,0.0,0.0,0.285,0.285,0.0,0.0,0.43000000000000005
2018-14,ricciardo,Engine,2018,24,24,False,mechanical,False,False,False,False,False,False,False,False,False,status code,1.0,0.0,0.0,0.95,0.0,0.0,0.0,0.0,0.050000000000000044
2018-14,alonso,Engine,2018,10,10,False,mechanical,False,False,False,False,False,False,False,False,False,status code,1.0,0.0,0.0,0.95,0.0,0.0,0.0,0.0,0.050000000000000044
2018-14,brendon_hartley,Brakes,2018,1,1,False,mechanical,True,False,False,False,False,False,False,False,False,status code,1.0,0.0,0.0,0.95,0.0,0.0,0.0,0.0,0.050000000000000044
2018-15,ocon,Collision,2018,1,1,True,incident,True,True,True,False,True,False,False,False,True,status code,0.0,1.0,0.0,0.0,0.095,0.6649999999999999,0.0,0.0,0.24000000000000005
2018-16,gasly,Brakes,2018,5,5,True,mechanical,False,False,True,True,False,True,False,False,False,status code,1.0,0.0,0.0,0.95,0.0,0.0,0.0,0.0,0.050000000000000044
2018-16,brendon_hartley,Brakes,2018,6,5,True,mechanical,False,False,True,True,False,True,False,False,False,status code,1.0,0.0,0.0,0.95,0.0,0.0,0.0,0.0,0.050000000000000044
2018-17,leclerc,Mechanical,2018,40,39,True,mechanical,False,False,True,True,True,False,False,False,False,status code,1.0,0.0,0.0,0.95,0.0,0.0,0.0,0.0,0.050000000000000044
2018-17,hulkenberg,Engine,2018,39,38,True,mechanical,False,False,True,False,False,True,False,False,False,status code,1.0,0.0,0.0,0.95,0.0,0.0,0.0,0.0,0.050000000000000044
2018-17,kevin_magnussen,Collision damage,2018,9,9,True,incident,False,True,True,False,False,True,False,False,False,status code,0.0,1.0,0.0,0.0,0.285,0.285,0.0,0.0,0.43000000000000005
2018-18,leclerc,Collision damage,2018,33,32,True,incident,False,False,False,False,False,True,False,False,False,status code,0.0,1.0,0.0,0.0,0.285,0.285,0.0,0.0,0.43000000000000005
2018-18,ricciardo,Battery,2018,9,9,True,mechanical,False,True,True,False,False,False,False,False,False,status code,1.0,0.0,0.0,0.95,0.0,0.0,0.0,0.0,0.050000000000000044
2018-18,grosjean,Collision damage,2018,3,3,True,incident,False,False,True,False,False,True,False,False,False,status code,0.0,1.0,0.0,0.0,0.285,0.285,0.0,0.0,0.43000000000000005
2018-18,alonso,Collision,2018,2,2,True,incident,False,False,True,False,False,True,False,False,False,status code,0.0,1.0,0.0,0.0,0.285,0.285,0.0,0.0,0.43000000000000005
2018-19,ricciardo,Engine,2018,62,62,True,mechanical,False,False,False,False,True,False,False,False,False,status code,1.0,0.0,0.0,0.95,0.0,0.0,0.0,0.0,0.050000000000000044
2018-19,perez,Brakes,2018,40,39,True,mechanical,False,False,False,False,False,True,True,False,False,status code,1.0,0.0,0.0,0.95,0.0,0.0,0.0,0.0,0.050000000000000044
2018-19,sainz,Suspension,2018,29,29,True,mechanical,False,False,False,False,False,False,False,False,False,status code,1.0,0.0,0.0,0.95,0.0,0.0,0.0,0.0,0.050000000000000044
2018-19,alonso,Engine,2018,4,4,True,mechanical,False,False,False,False,True,False,False,False,False,status code,1.0,0.0,0.0,0.95,0.0,0.0,0.0,0.0,0.050000000000000044
2018-20,hulkenberg,Overheating,2018,33,33,True,mechanical,False,False,False,False,False,True,False,False,False,status code,1.0,0.0,0.0,0.95,0.0,0.0,0.0,0.0,0.050000000000000044
2018-20,ericsson,Collision,2018,22,21,True,incident,False,False,False,True,False,True,True,False,False,status code,0.0,1.0,0.0,0.0,0.285,0.285,0.0,0.0,0.43000000000000005
2018-21,gasly,Engine,2018,48,47,True,mechanical,False,False,False,False,False,False,False,False,False,status code,1.0,0.0,0.0,0.95,0.0,0.0,0.0,0.0,0.050000000000000044
2018-21,ocon,Engine,2018,45,45,True,mechanical,False,False,False,False,False,True,False,False,False,status code,1.0,0.0,0.0,0.95,0.0,0.0,0.0,0.0,0.050000000000000044
2018-21,ericsson,Power loss,2018,25,25,True,mechanical,False,False,False,False,False,False,False,False,False,status code,1.0,0.0,0.0,0.95,0.0,0.0,0.0,0.0,0.050000000000000044
2018-21,raikkonen,Power loss,2018,7,7,True,mechanical,False,False,False,False,True,True,False,False,False,status code,1.0,0.0,0.0,0.95,0.0,0.0,0.0,0.0,0.050000000000000044
2018-21,hulkenberg,Collision,2018,1,1,True,incident,True,False,False,False,True,False,False,False,False,status code,0.0,1.0,0.0,0.0,0.285,0.285,0.0,0.0,0.43000000000000005
2019-01,grosjean,Wheel,2019,30,30,True,other,False,False,True,False,False,False,False,False,False,status code,0.0,0.0,1.0,0.475,0.0,0.0,0.0,0.475,0.050000000000000044
2019-01,ricciardo,Damage,2019,30,29,True,incident,False,False,True,False,False,True,False,False,False,status code,0.0,1.0,0.0,0.0,0.285,0.285,0.0,0.0,0.43000000000000005
2019-01,sainz,Engine,2019,10,10,True,mechanical,False,False,False,False,False,False,False,False,False,status code,1.0,0.0,0.0,0.95,0.0,0.0,0.0,0.0,0.050000000000000044
2019-02,hulkenberg,Engine,2019,54,54,True,mechanical,False,False,True,False,True,False,False,False,False,status code,1.0,0.0,0.0,0.95,0.0,0.0,0.0,0.0,0.050000000000000044
2019-02,ricciardo,Out of fuel,2019,54,54,True,other,False,False,True,False,True,False,False,False,False,status code,0.0,0.0,1.0,0.0,0.0,0.0,0.0,0.95,0.050000000000000044
2019-02,sainz,Collision damage,2019,55,54,True,incident,False,False,True,False,True,True,False,False,False,status code,0.0,1.0,0.0,0.0,0.285,0.285,0.0,0.0,0.43000000000000005
2019-02,grosjean,Retired,2019,17,17,True,other,False,False,False,False,False,True,False,False,False,inferred from evidence,0.7404785136412148,0.20004552638328044,0.059475959975504804,0.7404785136412148,0.1400318684682963,0.0,0.020004552638328045,0.0,0.09948506525216089
2019-03,norris,Collision,2019,53,51,True,incident,False,False,False,False,False,True,False,False,False,status code,0.0,1.0,0.0,0.0,0.285,0.285,0.0,0.0,0.43000000000000005
2019-03,kvyat,Collision,2019,43,42,True,incident,False,False,False,False,False,True,False,False,False,status code,0.0,1.0,0.0,0.0,0.285,0.285,0.0,0.0,0.43000000000000005
2019-03,hulkenberg,Power Unit,2019,17,17,True,mechanical,False,False,False,False,False,True,False,False,False,status code,1.0,0.0,0.0,0.95,0.0,0.0,0.0,0.0,0.050000000000000044
2019-04,gasly,Transmission,2019,39,39,True,mechanical,False,False,True,False,True,False,False,False,False,status code,1.0,0.0,0.0,0.95,0.0,0.0,0.0,0.0,0.050000000000000044
2019-04,grosjean,Brakes,2019,40,39,True,mechanical,False,False,True,False,True,True,False,False,False,status code,1.0,0.0,0.0,0.95,0.0,0.0,0.0,0.0,0.050000000000000044
2019-04,kvyat,Collision,2019,35,34,True,incident,False,True,True,False,False,True,True,False,False,status code,0.0,1.0,0.0,0.0,0.285,0.285,0.0,0.0,0.43000000000000005
2019-04,ricciardo,Collision,2019,33,32,True,incident,False,True,True,False,False,True,False,False,False,status code,0.0,1.0,0.0,0.0,0.285,0.285,0.0,0.0,0.43000000000000005
2019-05,stroll,Collision,2019,46,45,True,incident,False,False,True,False,True,False,False,False,False,status code,0.0,1.0,0.0,0.0,0.285,0.285,0.0,0.0,0.43000000000000005
2019-05,norris,Collision,2019,46,45,True,incident,False,False,True,False,True,False,False,False,False,status code,0.0,1.0,0.0,0.0,0.285,0.285,0.0,0.0,0.43000000000000005
2019-06,leclerc,Collision,2019,17,17,True,incident,False,False,False,False,False,True,True,False,False,status code,0.0,1.0,0.0,0.0,0.285,0.285,0.0,0.0,0.43000000000000005
2019-07,albon,Collision damage,2019,62,60,True,incident,False,False,False,True,False,True,False,False,False,status code,0.0,1.0,0.0,0.0,0.285,0.285,0.0,0.0,0.43000000000000005
2019-07,norris,Suspension,2019,9,9,True,mechanical,False,False,False,True,False,False,False,False,False,status code,1.0,0.0,0.0,0.95,0.0,0.0,0.0,0.0,0.050000000000000044
2019-08,grosjean,Retired,2019,46,45,True,other,False,False,False,False,False,True,False,False,False,inferred from evidence,0.7404785136412148,0.20004552638328044,0.059475959975504804,0.7404785136412148,0.1400318684682963,0.0,0.020004552638328045,0.0,0.09948506525216089
2019-10,giovinazzi,Spun off,2019,19,19,True,incident,False,False,False,False,True,False,False,False,False,status code,0.0,1.0,0.0,0.0,0.6649999999999999,0.0,0.095,0.0,0.24000000000000005
2019-10,grosjean,Collision,2019,11,10,True,incident,False,False,False,False,False,True,False,False,False,status code,0.0,1.0,0.0,0.0,0.285,0.285,0.0,0.0,0.43000000000000005
2019-10,kevin_magnussen,Collision,2019,8,7,True,incident,False,False,False,False,False,True,False,False,False,status code,0.0,1.0,0.0,0.0,0.285,0.285,0.0,0.0,0.43000000000000005
2019-11,gasly,Collision,2019,62,62,True,incident,False,True,True,False,False,False,False,False,False,status code,0.0,1.0,0.0,0.0,0.285,0.285,0.0,0.0,0.43000000000000005
2019-11,bottas,Accident,2019,57,57,True,incident,False,False,False,False,True,False,False,False,False,status code,0.0,1.0,0.0,0.0,0.6649999999999999,0.0,0.095,0.0,0.24000000000000005
2019-11,hulkenberg,Accident,2019,40,40,True,incident,False,False,False,False,True,False,False,False,False,status code,0.0,1.0,0.0,0.0,0.6649999999999999,0.0,0.095,0.0,0.24000000000000005
2019-11,leclerc,Accident,2019,28,28,True,incident,False,False,False,False,True,True,False,False,False,status code,0.0,1.0,0.0,0.0,0.6649999999999999,0.0,0.095,0.0,0.24000000000000005
2019-11,norris,Power loss,2019,26,26,True,mechanical,False,False,False,False,False,True,False,False,False,status code,1.0,0.0,0.0,0.95,0.0,0.0,0.0,0.0,0.050000000000000044
2019-11,ricciardo,Exhaust,2019,14,14,True,mechanical,False,False,False,False,True,False,False,False,False,status code,1.0,0.0,0.0,0.95,0.0,0.0,0.0,0.0,0.050000000000000044
2019-11,perez,Spun off,2019,2,2,True,incident,False,False,False,False,True,False,False,False,False,status code,0.0,1.0,0.0,0.0,0.6649999999999999,0.0,0.095,0.0,0.24000000000000005
2019-12,grosjean,Water pressure,2019,51,50,True,mechanical,False,False,False,False,False,True,False,False,False,status code,1.0,0.0,0.0,0.95,0.0,0.0,0.0,0.0,0.050000000000000044
2019-13,norris,Engine,2019,44,44,True,mechanical,False,False,True,False,False,False,False,False,False,status code,1.0,0.0,0.0,0.95,0.0,0.0,0.0,0.0,0.050000000000000044
2019-13,giovinazzi,Accident,2019,43,43,True,incident,False,False,True,False,False,False,False,False,False,status code,0.0,1.0,0.0,0.0,0.285,0.285,0.0,0.0,0.43000000000000005
2019-13,sainz,Power loss,2019,2,2,True,mechanical,False,False,True,False,True,True,False,False,False,status code,1.0,0.0,0.0,0.95,0.0,0.0,0.0,0.0,0.050000000000000044
2019-13,max_verstappen,Accident,2019,1,1,True,incident,True,False,True,False,True,False,False,False,False,status code,0.0,1.0,0.0,0.0,0.285,0.285,0.0,0.0,0.43000000000000005
2019-14,kevin_magnussen,Hydraulics,2019,45,44,True,mechanical,False,False,False,False,False,True,False,False,False,status code,1.0,0.0,0.0,0.95,0.0,0.0,0.0,0.0,0.050000000000000044
2019-14,kvyat,Engine,2019,30,30,True,mechanical,False,False,False,False,True,False,True,False,False,status code,1.0,0.0,0.0,0.95,0.0,0.0,0.0,0.0,0.050000000000000044
2019-14,sainz,Wheel,2019,28,28,True,other,False,False,False,False,True,True,False,False,False,status code,0.0,0.0,1.0,0.475,0.0,0.0,0.0,0.475,0.050000000000000044
2019-15,raikkonen,Collision,2019,50,50,True,incident,False,False,False,False,True,False,True,False,False,status code,0.0,1.0,0.0,0.0,0.285,0.285,0.0,0.0,0.43000000000000005
2019-15,perez,Engine,2019,43,43,True,mechanical,False,False,False,False,True,False,False,False,False,status code,1.0,0.0,0.0,0.95,0.0,0.0,0.0,0.0,0.050000000000000044
2019-15,russell,Collision,2019,35,35,True,incident,False,False,False,False,True,False,False,False,False,status code,0.0,1.0,0.0,0.0,0.285,0.285,0.0,0.0,0.43000000000000005
2019-16,kubica,Brakes,2019,30,29,True,mechanical,False,False,False,False,True,True,True,False,False,status code,1.0,0.0,0.0,0.95,0.0,0.0,0.0,0.0,0.050000000000000044
2019-16,russell,Brakes,2019,28,28,True,mechanical,False,False,True,False,True,True,False,False,False,status code,1.0,0.0,0.0,0.95,0.0,0.0,0.0,0.0,0.050000000000000044
2019-16,vettel,Power loss,2019,27,27,True,mechanical,False,False,True,False,True,True,False,False,False,status code,1.0,0.0,0.0,0.95,0.0,0.0,0.0,0.0,0.050000000000000044
2019-16,ricciardo,Collision,2019,25,25,True,incident,False,False,False,False,False,True,False,False,False,status code,0.0,1.0,0.0,0.0,0.285,0.285,0.0,0.0,0.43000000000000005
2019-16,grosjean,Collision,2019,1,1,True,incident,True,False,False,False,True,False,False,False,False,status code,0.0,1.0,0.0,0.0,0.285,0.285,0.0,0.0,0.43000000000000005
2019-17,max_verstappen,Brakes,2019,15,15,True,mechanical,False,False,False,False,False,True,False,False,False,status code,1.0,0.0,0.0,0.95,0.0,0.0,0.0,0.0,0.050000000000000044
2019-18,raikkonen,Overheating,2019,60,59,True,mechanical,False,False,False,False,False,True,False,False,False,status code,1.0,0.0,0.0,0.95,0.0,0.0,0.0,0.0,0.050000000000000044
2019-18,norris,Withdrew,2019,51,49,True,other,False,False,False,False,False,True,False,False,False,inferred from evidence,0.7404785136412148,0.20004552638328044,0.059475959975504804,0.7404785136412148,0.1400318684682963,0.0,0.020004552638328045,0.0,0.09948506525216089
2019-19,gasly,Suspension,2019,56,55,True,mechanical,False,False,False,False,False,True,True,False,False,status code,1.0,0.0,0.0,0.95,0.0,0.0,0.0,0.0,0.050000000000000044
2019-19,kevin_magnussen,Brakes,2019,54,53,True,mechanical,False,False,False,False,False,False,False,False,False,status code,1.0,0.0,0.0,0.95,0.0,0.0,0.0,0.0,0.050000000000000044
2019-19,kubica,Oil leak,2019,33,32,True,mechanical,False,False,False,False,False,True,False,False,False,status code,1.0,0.0,0.0,0.95,0.0,0.0,0.0,0.0,0.050000000000000044
2019-19,vettel,Suspension,2019,8,8,True,mechanical,False,False,False,False,False,True,False,False,False,status code,1.0,0.0,0.0,0.95,0.0,0.0,0.0,0.0,0.050000000000000044
2019-20,vettel,Collision,2019,66,66,True,incident,False,False,True,False,True,False,False,False,False,status code,0.0,1.0,0.0,0.0,0.285,0.285,0.0,0.0,0.43000000000000005
2019-20,leclerc,Collision,2019,66,66,True,incident,False,False,True,False,True,False,False,False,False,status code,0.0,1.0,0.0,0.0,0.285,0.285,0.0,0.0,0.43000000000000005
2019-20,stroll,Suspension,2019,66,66,True,mechanical,False,False,True,False,True,False,False,False,False,status code,1.0,0.0,0.0,0.95,0.0,0.0,0.0,0.0,0.050000000000000044
2019-20,bottas,Power Unit,2019,52,52,True,mechanical,False,False,False,False,False,False,False,False,False,status code,1.0,0.0,0.0,0.95,0.0,0.0,0.0,0.0,0.050000000000000044
2019-21,stroll,Brakes,2019,47,46,True,mechanical,False,False,False,False,False,True,True,False,False,status code,1.0,0.0,0.0,0.95,0.0,0.0,0.0,0.0,0.050000000000000044
2020-01,kvyat,Suspension,2020,71,70,True,mechanical,False,False,False,False,False,False,False,False,False,status code,1.0,0.0,0.0,0.95,0.0,0.0,0.0,0.0,0.050000000000000044
2020-01,albon,Electronics,2020,69,68,True,mechanical,False,False,False,False,False,False,False,False,False,status code,1.0,0.0,0.0,0.95,0.0,0.0,0.0,0.0,0.050000000000000044
2020-01,raikkonen,Wheel,2020,58,54,True,other,False,False,False,False,False,False,True,False,False,status code,0.0,0.0,1.0,0.475,0.0,0.0,0.0,0.475,0.050000000000000044
2020-01,russell,Fuel pressure,2020,54,50,True,mechanical,False,False,False,False,True,False,False,False,False,status code,1.0,0.0,0.0,0.95,0.0,0.0,0.0,0.0,0.050000000000000044
2020-01,grosjean,Brakes,2020,51,50,True,mechanical,False,False,False,True,True,True,False,False,False,status code,1.0,0.0,0.0,0.95,0.0,0.0,0.0,0.0,0.050000000000000044
2020-01,kevin_magnussen,Brakes,2020,26,25,True,mechanical,False,False,False,False,True,False,False,False,False,status code,1.0,0.0,0.0,0.95,0.0,0.0,0.0,0.0,0.050000000000000044
2020-01,stroll,Engine,2020,21,21,True,mechanical,False,False,False,False,False,True,True,False,False,status code,1.0,0.0,0.0,0.95,0.0,0.0,0.0,0.0,0.050000000000000044
2020-01,ricciardo,Overheating,2020,18,18,True,mechanical,False,False,False,False,False,True,False,False,False,status code,1.0,0.0,0.0,0.95,0.0,0.0,0.0,0.0,0.050000000000000044
2020-01,max_verstappen,Electronics,2020,13,12,True,mechanical,False,False,False,False,False,True,False,False,False,status code,1.0,0.0,0.0,0.95,0.0,0.0,0.0,0.0,0.050000000000000044
2020-02,ocon,Overheating,2020,26,26,True,mechanical,False,False,False,False,False,True,False,False,False,status code,1.0,0.0,0.0,0.95,0.0,0.0,0.0,0.0,0.050000000000000044
2020-02,leclerc,Collision damage,2020,5,5,True,incident,False,True,True,False,False,True,False,False,False,status code,0.0,1.0,0.0,0.0,0.285,0.285,0.0,0.0,0.43000000000000005
2020-02,vettel,Collision damage,2020,2,2,True,incident,False,True,True,False,True,True,False,False,False,status code,0.0,1.0,0.0,0.0,0.285,0.285,0.0,0.0,0.43000000000000005
2020-03,gasly,Engine,2020,16,16,True,mechanical,False,False,False,False,False,True,False,False,False,status code,1.0,0.0,0.0,0.95,0.0,0.0,0.0,0.0,0.050000000000000044
2020-04,kvyat,Accident,2020,12,12,True,incident,False,False,False,False,True,False,False,False,False,status code,0.0,1.0,0.0,0.0,0.6649999999999999,0.0,0.095,0.0,0.24000000000000005
2020-04,kevin_magnussen,Collision,2020,2,2,True,incident,False,False,False,False,True,False,False,False,False,status code,0.0,1.0,0.0,0.0,0.285,0.285,0.0,0.0,0.43000000000000005
2020-05,kevin_magnussen,Retired,2020,45,44,True,other,False,False,False,False,False,True,False,False,False,inferred from evidence,0.7404785136412148,0.20004552638328044,0.059475959975504804,0.7404785136412148,0.1400318684682963,0.0,0.020004552638328045,0.0,0.09948506525216089
2020-06,leclerc,Electronics,2020,40,39,True,mechanical,False,False,False,True,False,True,True,False,False,status code,1.0,0.0,0.0,0.95,0.0,0.0,0.0,0.0,0.050000000000000044
2020-07,giovinazzi,Accident,2020,10,10,True,incident,False,False,True,False,True,False,False,False,False,status code,0.0,1.0,0.0,0.0,0.285,0.285,0.0,0.0,0.43000000000000005
2020-07,russell,Debris,2020,10,10,True,other,False,False,True,False,True,False,False,False,False,status code,0.0,0.0,1.0,0.0,0.0,0.0,0.95,0.0,0.050000000000000044
2020-08,max_verstappen,Power Unit,2020,31,31,True,mechanical,False,True,True,False,False,True,True,False,False,status code,1.0,0.0,0.0,0.95,0.0,0.0,0.0,0.0,0.050000000000000044
2020-08,leclerc,Accident,2020,24,24,True,incident,False,False,False,False,True,True,True,False,False,status code,0.0,1.0,0.0,0.0,0.6649999999999999,0.0,0.095,0.0,0.24000000000000005
2020-08,kevin_magnussen,Power Unit,2020,18,18,True,mechanical,False,False,False,False,False,True,False,False,False,status code,1.0,0.0,0.0,0.95,0.0,0.0,0.0,0.0,0.050000000000000044
2020-08,vettel,Brakes,2020,7,7,True,mechanical,False,False,False,False,False,True,False,False,False,status code,1.0,0.0,0.0,0.95,0.0,0.0,0.0,0.0,0.050000000000000044
2020-09,stroll,Puncture,2020,43,43,True,other,False,False,False,False,True,False,False,False,False,status code,0.0,0.0,1.0,0.0,0.0,0.0,0.475,0.0,0.525
2020-09,ocon,Brakes,2020,8,8,True,mechanical,False,False,True,False,True,True,False,False,False,status code,1.0,0.0,0.0,0.95,0.0,0.0,0.0,0.0,0.050000000000000044
2020-09,latifi,Collision,2020,7,7,True,incident,False,False,True,False,True,False,False,False,False,status code,0.0,1.0,0.0,0.0,0.285,0.285,0.0,0.0,0.43000000000000005
2020-09,kevin_magnussen,Collision,2020,6,6,True,incident,False,False,True,False,True,False,False,False,False,status code,0.0,1.0,0.0,0.0,0.285,0.285,0.0,0.0,0.43000000000000005
2020-09,giovinazzi,Collision,2020,6,6,True,incident,False,False,True,False,True,False,False,False,False,status code,0.0,1.0,0.0,0.0,0.285,0.285,0.0,0.0,0.43000000000000005
2020-09,sainz,Collision,2020,6,6,True,incident,False,True,True,False,True,False,False,False,False,status code,0.0,1.0,0.0,0.0,0.285,0.285,0.0,0.0,0.43000000000000005
2020-09,max_verstappen,Collision,2020,1,1,True,incident,True,False,True,False,True,False,False,False,False,status code,0.0,1.0,0.0,0.0,0.285,0.285,0.0,0.0,0.43000000000000005
2020-09,gasly,Collision,2020,1,1,True,incident,True,False,True,False,True,False,False,False,False,status code,0.0,1.0,0.0,0.0,0.285,0.285,0.0,0.0,0.43000000000000005
2020-10,sainz,Accident,2020,1,1,True,incident,True,False,True,False,True,False,False,False,False,status code,0.0,1.0,0.0,0.0,0.285,0.285,0.0,0.0,0.43000000000000005
2020-10,stroll,Collision,2020,1,1,True,incident,True,False,True,False,True,False,False,False,False,status code,0.0,1.0,0.0,0.0,0.285,0.285,0.0,0.0,0.43000000000000005
2020-11,norris,Power Unit,2020,44,43,True,mechanical,False,False,False,False,True,False,False,False,False,status code,1.0,0.0,0.0,0.95,0.0,0.0,0.0,0.0,0.050000000000000044
2020-11,albon,Radiator,2020,24,24,True,mechanical,False,False,True,False,False,True,False,True,False,status code,1.0,0.0,0.0,0.95,0.0,0.0,0.0,0.0,0.050000000000000044
2020-11,ocon,Gearbox,2020,23,23,True,mechanical,False,False,True,False,False,True,False,False,False,status code,1.0,0.0,0.0,0.95,0.0,0.0,0.0,0.0,0.050000000000000044
2020-11,bottas,Power Unit,2020,19,19,True,mechanical,False,False,False,False,False,True,True,False,False,status code,1.0,0.0,0.0,0.95,0.0,0.0,0.0,0.0,0.050000000000000044
2020-11,russell,Collision,2020,13,13,True,incident,False,False,False,True,False,False,True,False,False,status code,0.0,1.0,0.0,0.0,0.285,0.285,0.0,0.0,0.43000000000000005
2020-12,stroll,Collision damage,2020,53,52,True,incident,False,False,False,False,False,True,False,False,False,status code,0.0,1.0,0.0,0.0,0.285,0.285,0.0,0.0,0.43000000000000005
2020-13,russell,Accident,2020,52,52,True,incident,False,False,True,False,True,False,True,False,False,status code,0.0,1.0,0.0,0.0,0.285,0.285,0.0,0.0,0.43000000000000005
2020-13,max_verstappen,Puncture,2020,51,51,True,other,False,False,True,False,True,False,False,False,False,status code,0.0,0.0,1.0,0.0,0.0,0.0,0.475,0.0,0.525
2020-13,ocon,Gearbox,2020,28,28,True,mechanical,False,False,False,False,False,False,False,False,False,status code,1.0,0.0,0.0,0.95,0.0,0.0,0.0,0.0,0.050000000000000044
2020-13,gasly,Water pressure,2020,9,9,True,mechanical,False,False,False,False,False,True,False,False,False,status code,1.0,0.0,0.0,0.95,0.0,0.0,0.0,0.0,0.050000000000000044
2020-14,kevin_magnussen,Withdrew,2020,58,56,True,other,False,False,False,False,False,True,False,False,False,inferred from evidence,0.7404785136412148,0.20004552638328044,0.059475959975504804,0.7404785136412148,0.1400318684682963,0.0,0.020004552638328045,0.0,0.09948506525216089
2020-14,grosjean,Collision damage,2020,52,50,True,incident,False,False,False,False,False,True,False,False,False,status code,0.0,1.0,0.0,0.0,0.285,0.285,0.0,0.0,0.43000000000000005
2020-14,latifi,Collision damage,2020,43,40,True,incident,False,True,True,False,False,True,True,False,False,status code,0.0,1.0,0.0,0.0,0.285,0.285,0.0,0.0,0.43000000000000005
2020-14,giovinazzi,Gearbox,2020,12,12,True,mechanical,False,False,False,False,True,False,False,False,False,status code,1.0,0.0,0.0,0.95,0.0,0.0,0.0,0.0,0.050000000000000044
2020-15,perez,Engine,2020,54,54,True,mechanical,False,False,False,False,True,False,False,False,False,status code,1.0,0.0,0.0,0.95,0.0,0.0,0.0,0.0,0.050000000000000044
2020-15,stroll,Collision,2020,3,3,True,incident,False,False,False,False,True,False,False,False,False,status code,0.0,1.0,0.0,0.0,0.285,0.285,0.0,0.0,0.43000000000000005
2020-15,grosjean,Collision,2020,1,1,True,incident,True,False,False,False,True,False,False,False,False,status code,0.0,1.0,0.0,0.0,0.285,0.285,0.0,0.0,0.43000000000000005
2020-16,latifi,Engine,2020,54,53,True,mechanical,False,False,False,False,True,False,False,False,False,status code,1.0,0.0,0.0,0.95,0.0,0.0,0.0,0.0,0.050000000000000044
2020-16,max_verstappen,Accident,2020,1,1,True,incident,True,False,True,False,True,False,False,False,False,status code,0.0,1.0,0.0,0.0,0.285,0.285,0.0,0.0,0.43000000000000005
2020-16,leclerc,Collision,2020,1,1,True,incident,True,False,True,False,True,False,False,False,False,status code,0.0,1.0,0.0,0.0,0.285,0.285,0.0,0.0,0.43000000000000005
2020-17,perez,Transmission,2020,9,9,True,mechanical,False,False,False,False,True,False,False,False,False,status code,1.0,0.0,0.0,0.95,0.0,0.0,0.0,0.0,0.050000000000000044
2021-01,gasly,Retired,2021,54,53,True,other,False,False,True,False,False,True,False,False,False,inferred from evidence,0.5886731996859326,0.3573947358896036,0.05393206442446387,0.5886731996859326,0.10721842076688107,0.10721842076688107,0.0,0.0,0.1968899587803053
2021-01,latifi,Retired,2021,53,52,True,other,False,False,True,False,False,True,True,False,False,inferred from evidence,0.4564388367234869,0.4966141064883118,0.04694705678820137,0.4564388367234869,0.14898423194649352,0.14898423194649352,0.0,0.0,0.2455926993835261
2021-01,alonso,Brakes,2021,33,33,True,mechanical,False,False,False,False,False,True,True,False,False,status code,1.0,0.0,0.0,0.95,0.0,0.0,0.0,0.0,0.050000000000000044
2021-01,mazepin,Accident,2021,1,1,True,incident,True,False,False,False,True,False,False,False,False,status code,0.0,1.0,0.0,0.0,0.6649999999999999,0.0,0.095,0.0,0.24000000000000005
2021-02,vettel,Gearbox,2021,63,62,True,mechanical,False,False,False,False,False,True,False,False,False,status code,1.0,0.0,0.0,0.95,0.0,0.0,0.0,0.0,0.050000000000000044
2021-02,bottas,Collision,2021,32,31,True,incident,False,False,True,False,True,False,False,False,False,status code,0.0,1.0,0.0,0.0,0.285,0.285,0.0,0.0,0.43000000000000005
2021-02,russell,Collision,2021,32,31,True,incident,False,False,True,False,True,False,False,False,False,status code,0.0,1.0,0.0,0.0,0.285,0.285,0.0,0.0,0.43000000000000005
2021-02,latifi,Collision,2021,1,1,True,incident,True,False,False,False,True,False,False,False,False,status code,0.0,1.0,0.0,0.0,0.285,0.285,0.0,0.0,0.43000000000000005
2021-03,raikkonen,Collision damage,2021,2,2,True,incident,False,False,False,False,True,False,False,False,False,status code,0.0,1.0,0.0,0.0,0.285,0.285,0.0,0.0,0.43000000000000005
2021-04,tsunoda,Electrical,2021,7,7,True,mechanical,False,False,False,False,True,False,False,False,False,status code,1.0,0.0,0.0,0.95,0.0,0.0,0.0,0.0,0.050000000000000044
2021-05,bottas,Wheel nut,2021,30,30,True,other,False,False,False,False,False,True,False,False,False,status code,0.0,0.0,1.0,0.0,0.0,0.0,0.0,0.95,0.050000000000000044
2021-06,russell,Gearbox,2021,49,49,True,mechanical,False,False,False,False,True,True,False,False,False,status code,1.0,0.0,0.0,0.95,0.0,0.0,0.0,0.0,0.050000000000000044
2021-06,max_verstappen,Accident,2021,46,46,True,incident,False,False,False,False,True,False,False,False,False,status code,0.0,1.0,0.0,0.0,0.6649999999999999,0.0,0.095,0.0,0.24000000000000005
2021-06,stroll,Accident,2021,30,30,True,incident,False,False,False,False,True,False,False,False,False,status code,0.0,1.0,0.0,0.0,0.6649999999999999,0.0,0.095,0.0,0.24000000000000005
2021-06,ocon,Turbo,2021,4,4,True,mechanical,False,False,False,False,False,True,False,False,False,status code,1.0,0.0,0.0,0.95,0.0,0.0,0.0,0.0,0.050000000000000044
2021-08,russell,Engine,2021,38,37,True,mechanical,False,False,False,False,False,True,False,False,False,status code,1.0,0.0,0.0,0.95,0.0,0.0,0.0,0.0,0.050000000000000044
2021-08,gasly,Collision,2021,2,2,True,incident,False,False,False,False,False,True,False,False,False,status code,0.0,1.0,0.0,0.0,0.285,0.285,0.0,0.0,0.43000000000000005
2021-09,vettel,Collision,2021,71,70,True,incident,False,True,True,False,False,True,False,False,False,status code,0.0,1.0,0.0,0.0,0.285,0.285,0.0,0.0,0.43000000000000005
2021-09,ocon,Collision,2021,1,1,True,incident,True,False,False,False,True,False,False,False,False,status code,0.0,1.0,0.0,0.0,0.285,0.285,0.0,0.0,0.43000000000000005
2021-10,vettel,Retired,2021,41,41,True,other,False,False,False,False,False,True,False,False,False,inferred from evidence,0.7404785136412148,0.20004552638328044,0.059475959975504804,0.7404785136412148,0.1400318684682963,0.0,0.020004552638328045,0.0,0.09948506525216089
2021-10,max_verstappen,Collision,2021,1,1,True,incident,True,False,False,False,True,False,False,False,False,status code,0.0,1.0,0.0,0.0,0.285,0.285,0.0,0.0,0.43000000000000005
2021-11,mazepin,Collision,2021,4,4,True,incident,False,False,True,False,False,True,False,False,False,status code,0.0,1.0,0.0,0.0,0.285,0.285,0.0,0.0,0.43000000000000005
2021-11,norris,Collision,2021,3,3,True,incident,False,False,True,False,True,True,False,False,False,status code,0.0,1.0,0.0,0.0,0.285,0.285,0.0,0.0,0.43000000000000005
2021-11,bottas,Collision,2021,1,1,True,incident,True,False,True,False,True,False,False,False,False,status code,0.0,1.0,0.0,0.0,0.285,0.285,0.0,0.0,0.43000000000000005
2021-11,perez,Collision,2021,1,1,True,incident,True,False,True,False,True,False,False,False,False,status code,0.0,1.0,0.0,0.0,0.285,0.285,0.0,0.0,0.43000000000000005
2021-11,leclerc,Collision,2021,1,1,True,incident,True,False,True,False,True,False,False,False,False,status code,0.0,1.0,0.0,0.0,0.285,0.285,0.0,0.0,0.43000000000000005
2021-11,stroll,Collision,2021,1,1,True,incident,True,False,True,False,True,False,False,False,False,status code,0.0,1.0,0.0,0.0,0.285,0.285,0.0,0.0,0.43000000000000005
2021-13,russell,Gearbox,2021,72,70,True,mechanical,False,False,False,False,False,True,True,False,False,status code,1.0,0.0,0.0,0.95,0.0,0.0,0.0,0.0,0.050000000000000044
2021-13,tsunoda,Power Unit,2021,50,49,True,mechanical,False,False,False,False,False,True,False,False,False,status code,1.0,0.0,0.0,0.95,0.0,0.0,0.0,0.0,0.050000000000000044
2021-13,mazepin,Hydraulics,2021,43,42,True,mechanical,False,False,False,False,False,True,False,False,False,status code,1.0,0.0,0.0,0.95,0.0,0.0,0.0,0.0,0.050000000000000044
2021-14,mazepin,Power Unit,2021,42,42,True,mechanical,False,False,False,False,False,False,True,False,False,status code,1.0,0.0,0.0,0.95,0.0,0.0,0.0,0.0,0.050000000000000044
2021-14,hamilton,Collision,2021,26,26,True,incident,False,False,True,False,True,True,False,False,False,status code,0.0,1.0,0.0,0.0,0.285,0.285,0.0,0.0,0.43000000000000005
2021-14,max_verstappen,Collision,2021,26,26,True,incident,False,False,True,False,True,False,True,False,False,status code,0.0,1.0,0.0,0.0,0.285,0.285,0.0,0.0,0.43000000000000005
2021-14,gasly,Suspension,2021,4,4,True,mechanical,False,False,False,False,False,True,False,False,False,status code,1.0,0.0,0.0,0.95,0.0,0.0,0.0,0.0,0.050000000000000044
2021-15,latifi,Accident,2021,49,48,True,incident,False,False,False,True,False,True,False,False,False,status code,0.0,1.0,0.0,0.0,0.6649999999999999,0.0,0.095,0.0,0.24000000000000005
2021-15,mick_schumacher,Oil leak,2021,33,33,True,mechanical,False,False,False,False,False,True,False,False,False,status code,1.0,0.0,0.0,0.95,0.0,0.0,0.0,0.0,0.050000000000000044
2021-17,alonso,Rear wing,2021,51,50,True,mechanical,False,False,False,False,False,True,False,False,False,status code,1.0,0.0,0.0,0.95,0.0,0.0,0.0,0.0,0.050000000000000044
2021-17,ocon,Mechanical,2021,42,41,True,mechanical,False,False,False,False,False,True,False,False,False,status code,1.0,0.0,0.0,0.95,0.0,0.0,0.0,0.0,0.050000000000000044
2021-17,gasly,Suspension,2021,15,15,True,mechanical,False,False,False,False,False,True,False,False,False,status code,1.0,0.0,0.0,0.95,0.0,0.0,0.0,0.0,0.050000000000000044
2021-18,mick_schumacher,Collision,2021,1,1,True,incident,True,False,True,False,True,False,False,False,False,status code,0.0,1.0,0.0,0.0,0.285,0.285,0.0,0.0,0.43000000000000005
2021-18,tsunoda,Collision,2021,1,1,True,incident,True,False,True,False,True,False,False,False,False,status code,0.0,1.0,0.0,0.0,0.285,0.285,0.0,0.0,0.43000000000000005
2021-19,ricciardo,Power loss,2021,50,50,True,mechanical,False,False,False,False,False,True,False,False,False,status code,1.0,0.0,0.0,0.95,0.0,0.0,0.0,0.0,0.050000000000000044
2021-19,stroll,Collision damage,2021,48,48,True,incident,False,False,False,False,False,True,False,False,False,status code,0.0,1.0,0.0,0.0,0.285,0.285,0.0,0.0,0.43000000000000005
2021-20,latifi,Puncture,2021,52,51,True,other,False,False,False,False,False,False,False,False,False,status code,0.0,0.0,1.0,0.0,0.0,0.0,0.475,0.0,0.525
2021-20,bottas,Damage,2021,50,49,True,incident,False,False,False,False,False,True,False,False,False,status code,0.0,1.0,0.0,0.0,0.6649999999999999,0.0,0.095,0.0,0.24000000000000005
2021-21,vettel,Collision damage,2021,46,45,True,incident,False,False,False,False,False,True,False,False,False,status code,0.0,1.0,0.0,0.0,0.285,0.285,0.0,0.0,0.43000000000000005
2021-21,perez,Collision,2021,15,15,True,incident,False,False,True,False,True,False,False,False,False,status code,0.0,1.0,0.0,0.0,0.285,0.285,0.0,0.0,0.43000000000000005
2021-21,mazepin,Collision,2021,15,15,True,incident,False,False,True,False,True,False,True,False,False,status code,0.0,1.0,0.0,0.0,0.285,0.285,0.0,0.0,0.43000000000000005
2021-21,russell,Collision,2021,15,15,True,incident,False,False,True,False,True,False,True,False,False,status code,0.0,1.0,0.0,0.0,0.285,0.285,0.0,0.0,0.43000000000000005
2021-21,mick_schumacher,Accident,2021,9,9,True,incident,False,False,False,False,True,False,False,False,False,status code,0.0,1.0,0.0,0.0,0.6649999999999999,0.0,0.095,0.0,0.24000000000000005
2021-22,perez,Engine,2021,56,56,True,mechanical,False,False,False,False,False,True,True,False,False,status code,1.0,0.0,0.0,0.95,0.0,0.0,0.0,0.0,0.050000000000000044
2021-22,latifi,Accident,2021,52,51,True,incident,False,False,False,False,True,False,False,False,False,status code,0.0,1.0,0.0,0.0,0.6649999999999999,0.0,0.095,0.0,0.24000000000000005
2021-22,giovinazzi,Gearbox,2021,34,34,True,mechanical,False,False,False,False,False,False,False,False,False,status code,1.0,0.0,0.0,0.95,0.0,0.0,0.0,0.0,0.050000000000000044
2021-22,russell,Gearbox,2021,28,27,True,mechanical,False,False,True,False,False,True,False,False,False,status code,1.0,0.0,0.0,0.95,0.0,0.0,0.0,0.0,0.050000000000000044
2021-22,raikkonen,Brakes,2021,27,26,True,mechanical,False,False,True,False,False,True,False,False,False,status code,1.0,0.0,0.0,0.95,0.0,0.0,0.0,0.0,0.050000000000000044
2022-01,perez,Fuel pressure,2022,57,57,True,mechanical,False,False,False,False,False,False,False,False,False,status code,1.0,0.0,0.0,0.95,0.0,0.0,0.0,0.0,0.050000000000000044
2022-01,max_verstappen,Fuel pressure,2022,55,55,True,mechanical,False,False,False,False,False,True,False,False,False,status code,1.0,0.0,0.0,0.95,0.0,0.0,0.0,0.0,0.050000000000000044
2022-01,gasly,Power Unit,2022,45,45,True,mechanical,False,False,False,False,True,False,False,False,False,status code,1.0,0.0,0.0,0.95,0.0,0.0,0.0,0.0,0.050000000000000044
2022-02,albon,Collision damage,2022,48,48,True,incident,False,True,True,False,False,False,False,False,False,status code,0.0,1.0,0.0,0.0,0.285,0.285,0.0,0.0,0.43000000000000005
2022-02,bottas,Cooling system,2022,37,37,True,mechanical,False,False,True,False,True,True,False,False,False,status code,1.0,0.0,0.0,0.95,0.0,0.0,0.0,0.0,0.050000000000000044
2022-02,alonso,Water pump,2022,36,36,True,mechanical,False,False,True,False,False,False,False,False,False,status code,1.0,0.0,0.0,0.95,0.0,0.0,0.0,0.0,0.050000000000000044
2022-02,ricciardo,Gearbox,2022,36,36,True,mechanical,False,False,True,False,False,True,False,False,False,status code,1.0,0.0,0.0,0.95,0.0,0.0,0.0,0.0,0.050000000000000044
2022-02,latifi,Accident,2022,15,15,True,incident,False,False,False,False,True,False,False,False,False,status code,0.0,1.0,0.0,0.0,0.6649999999999999,0.0,0.095,0.0,0.24000000000000005
2022-02,tsunoda,Power Unit,2022,1,1,True,mechanical,True,False,False,False,False,False,False,False,False,status code,1.0,0.0,0.0,0.95,0.0,0.0,0.0,0.0,0.050000000000000044
2022-03,max_verstappen,Fuel leak,2022,39,39,True,mechanical,False,False,False,False,True,False,False,False,False,status code,1.0,0.0,0.0,0.95,0.0,0.0,0.0,0.0,0.050000000000000044
2022-03,vettel,Accident,2022,23,23,True,incident,False,False,False,False,True,False,False,False,False,status code,0.0,1.0,0.0,0.0,0.6649999999999999,0.0,0.095,0.0,0.24000000000000005
2022-03,sainz,Spun off,2022,2,2,True,incident,False,False,False,False,True,False,False,False,False,status code,0.0,1.0,0.0,0.0,0.6649999999999999,0.0,0.095,0.0,0.24000000000000005
2022-04,alonso,Collision damage,2022,7,7,True,incident,False,False,False,False,False,True,False,False,False,status code,0.0,1.0,0.0,0.0,0.285,0.285,0.0,0.0,0.43000000000000005
2022-04,sainz,Collision,2022,1,1,True,incident,True,True,True,False,True,False,False,False,False,status code,0.0,1.0,0.0,0.0,0.285,0.285,0.0,0.0,0.43000000000000005
2022-05,kevin_magnussen,Front wing,2022,57,57,True,mechanical,False,True,True,False,False,True,False,True,False,status code,1.0,0.0,0.0,0.95,0.0,0.0,0.0,0.0,0.050000000000000044
2022-05,vettel,Collision,2022,55,55,True,incident,False,True,True,True,False,True,False,False,True,status code,0.0,1.0,0.0,0.0,0.095,0.6649999999999999,0.0,0.0,0.24000000000000005
2022-05,gasly,Suspension,2022,46,46,True,mechanical,False,False,False,False,False,True,True,False,False,status code,1.0,0.0,0.0,0.95,0.0,0.0,0.0,0.0,0.050000000000000044
2022-05,norris,Collision,2022,40,40,True,incident,False,False,False,False,True,False,False,False,False,status code,0.0,1.0,0.0,0.0,0.285,0.285,0.0,0.0,0.43000000000000005
2022-05,zhou,Water leak,2022,7,7,True,mechanical,False,False,False,False,False,True,False,False,False,status code,1.0,0.0,0.0,0.95,0.0,0.0,0.0,0.0,0.050000000000000044
2022-06,zhou,Power loss,2022,29,29,True,mechanical,False,False,True,False,False,True,False,False,False,status code,1.0,0.0,0.0,0.95,0.0,0.0,0.0,0.0,0.050000000000000044
2022-06,leclerc,Turbo,2022,28,28,True,mechanical,False,False,True,False,False,True,False,False,False,status code,1.0,0.0,0.0,0.95,0.0,0.0,0.0,0.0,0.050000000000000044
2022-07,albon,Mechanical,2022,49,49,True,mechanical,False,False,False,False,False,True,False,False,False,status code,1.0,0.0,0.0,0.95,0.0,0.0,0.0,0.0,0.050000000000000044
2022-07,mick_schumacher,Accident,2022,26,25,True,incident,False,False,False,False,True,False,False,False,False,status code,0.0,1.0,0.0,0.0,0.6649999999999999,0.0,0.095,0.0,0.24000000000000005
2022-07,kevin_magnussen,Water pressure,2022,20,20,True,mechanical,False,False,False,False,False,True,False,False,False,status code,1.0,0.0,0.0,0.95,0.0,0.0,0.0,0.0,0.050000000000000044
2022-08,stroll,Vibrations,2022,48,47,True,mechanical,False,False,False,False,False,True,False,False,False,status code,1.0,0.0,0.0,0.95,0.0,0.0,0.0,0.0,0.050000000000000044
2022-08,kevin_magnussen,Power Unit,2022,32,32,True,mechanical,False,False,False,False,True,False,False,False,False,status code,1.0,0.0,0.0,0.95,0.0,0.0,0.0,0.0,0.050000000000000044
2022-08,zhou,Hydraulics,2022,24,24,True,mechanical,False,False,False,False,False,True,False,False,False,status code,1.0,0.0,0.0,0.95,0.0,0.0,0.0,0.0,0.050000000000000044
2022-08,leclerc,Power Unit,2022,22,22,True,mechanical,False,False,False,False,False,False,False,False,False,status code,1.0,0.0,0.0,0.95,0.0,0.0,0.0,0.0,0.050000000000000044
2022-08,sainz,Hydraulics,2022,9,9,True,mechanical,False,False,False,False,True,False,False,False,False,status code,1.0,0.0,0.0,0.95,0.0,0.0,0.0,0.0,0.050000000000000044
2022-09,tsunoda,Accident,2022,49,48,True,incident,False,False,False,False,True,True,False,False,False,status code,0.0,1.0,0.0,0.0,0.6649999999999999,0.0,0.095,0.0,0.24000000000000005
2022-09,mick_schumacher,Engine,2022,19,19,True,mechanical,False,False,False,False,True,False,False,False,False,status code,1.0,0.0,0.0,0.95,0.0,0.0,0.0,0.0,0.050000000000000044
2022-09,perez,Gearbox,2022,8,8,True,mechanical,False,False,False,False,True,False,False,False,False,status code,1.0,0.0,0.0,0.95,0.0,0.0,0.0,0.0,0.050000000000000044
2022-10,ocon,Fuel pump,2022,38,38,True,mechanical,False,False,False,False,True,False,False,False,False,status code,1.0,0.0,0.0,0.95,0.0,0.0,0.0,0.0,0.050000000000000044
2022-10,gasly,Collision damage,2022,27,27,True,incident,False,False,False,False,False,True,False,False,False,status code,0.0,1.0,0.0,0.0,0.285,0.285,0.0,0.0,0.43000000000000005
2022-10,bottas,Gearbox,2022,21,21,True,mechanical,False,False,False,False,False,True,False,False,False,status code,1.0,0.0,0.0,0.95,0.0,0.0,0.0,0.0,0.050000000000000044
2022-10,russell,Collision,2022,1,1,True,incident,True,False,True,False,True,False,False,False,False,status code,0.0,1.0,0.0,0.0,0.285,0.285,0.0,0.0,0.43000000000000005
2022-10,zhou,Collision,2022,1,1,True,incident,True,False,True,False,True,False,False,False,False,status code,0.0,1.0,0.0,0.0,0.285,0.285,0.0,0.0,0.43000000000000005
2022-10,albon,Collision,2022,1,1,True,incident,True,False,True,False,True,False,False,False,False,status code,0.0,1.0,0.0,0.0,0.285,0.285,0.0,0.0,0.43000000000000005
2022-11,sainz,Power Unit,2022,57,57,True,mechanical,False,False,False,False,True,False,False,False,False,status code,1.0,0.0,0.0,0.95,0.0,0.0,0.0,0.0,0.050000000000000044
2022-11,latifi,Undertray,2022,50,49,True,mechanical,False,False,False,False,False,True,False,False,False,status code,1.0,0.0,0.0,0.95,0.0,0.0,0.0,0.0,0.050000000000000044
2022-11,perez,Collision damage,2022,26,25,True,incident,False,False,False,False,False,True,False,False,False,status code,0.0,1.0,0.0,0.0,0.285,0.285,0.0,0.0,0.43000000000000005
2022-12,latifi,Collision damage,2022,42,41,True,incident,False,False,False,False,False,True,True,False,False,status code,0.0,1.0,0.0,0.0,0.285,0.285,0.0,0.0,0.43000000000000005
2022-12,kevin_magnussen,Collision damage,2022,38,38,True,incident,False,True,True,False,False,True,False,False,False,status code,0.0,1.0,0.0,0.0,0.285,0.285,0.0,0.0,0.43000000000000005
2022-12,leclerc,Accident,2022,18,18,True,incident,False,False,True,False,True,False,False,False,False,status code,0.0,1.0,0.0,0.0,0.285,0.285,0.0,0.0,0.43000000000000005
2022-12,tsunoda,Undertray,2022,18,18,True,mechanical,False,False,True,False,True,True,False,False,False,status code,1.0,0.0,0.0,0.95,0.0,0.0,0.0,0.0,0.050000000000000044
2022-13,bottas,Power Unit,2022,67,66,True,mechanical,False,False,False,False,True,False,False,False,False,status code,1.0,0.0,0.0,0.95,0.0,0.0,0.0,0.0,0.050000000000000044
2022-14,bottas,Accident,2022,2,2,True,incident,False,True,True,False,True,False,False,False,False,status code,0.0,1.0,0.0,0.0,0.285,0.285,0.0,0.0,0.43000000000000005
2022-14,hamilton,Collision damage,2022,1,1,True,incident,True,True,True,False,True,False,False,False,False,status code,0.0,1.0,0.0,0.0,0.285,0.285,0.0,0.0,0.43000000000000005
2022-15,bottas,Engine,2022,55,54,True,mechanical,False,False,False,False,True,False,False,False,False,status code,1.0,0.0,0.0,0.95,0.0,0.0,0.0,0.0,0.050000000000000044
2022-15,tsunoda,Differential,2022,46,44,True,mechanical,False,False,False,False,False,True,False,False,False,status code,1.0,0.0,0.0,0.95,0.0,0.0,0.0,0.0,0.050000000000000044
2022-16,ricciardo,Oil leak,2022,46,46,True,mechanical,False,False,False,False,False,False,False,False,False,status code,1.0,0.0,0.0,0.95,0.0,0.0,0.0,0.0,0.050000000000000044
2022-16,stroll,Engine,2022,41,40,True,mechanical,False,False,False,False,False,True,False,False,False,status code,1.0,0.0,0.0,0.95,0.0,0.0,0.0,0.0,0.050000000000000044
2022-16,alonso,Water pressure,2022,32,32,True,mechanical,False,False,False,False,False,True,False,False,False,status code,1.0,0.0,0.0,0.95,0.0,0.0,0.0,0.0,0.050000000000000044
2022-16,vettel,Engine,2022,11,11,True,mechanical,False,False,False,False,True,False,False,False,False,status code,1.0,0.0,0.0,0.95,0.0,0.0,0.0,0.0,0.050000000000000044
2022-17,tsunoda,Accident,2022,35,35,True,incident,False,False,False,False,True,False,False,False,False,status code,0.0,1.0,0.0,0.0,0.6649999999999999,0.0,0.095,0.0,0.24000000000000005
2022-17,ocon,Engine,2022,27,27,True,mechanical,False,False,True,False,True,False,False,False,False,status code,1.0,0.0,0.0,0.95,0.0,0.0,0.0,0.0,0.050000000000000044
2022-17,albon,Collision damage,2022,26,26,True,incident,False,False,True,False,True,True,False,False,False,status code,0.0,1.0,0.0,0.0,0.285,0.285,0.0,0.0,0.43000000000000005
2022-17,alonso,Engine,2022,21,21,True,mechanical,False,False,False,False,True,False,False,False,False,status code,1.0,0.0,0.0,0.95,0.0,0.0,0.0,0.0,0.050000000000000044
2022-17,latifi,Collision damage,2022,8,8,True,incident,False,False,True,False,True,True,False,False,False,status code,0.0,1.0,0.0,0.0,0.285,0.285,0.0,0.0,0.43000000000000005
2022-17,zhou,Collision,2022,7,7,True,incident,False,False,True,False,True,False,False,False,False,status code,0.0,1.0,0.0,0.0,0.285,0.285,0.0,0.0,0.43000000000000005
2022-18,sainz,Accident,2022,1,1,True,incident,True,False,True,False,True,False,False,False,False,status code,0.0,1.0,0.0,0.0,0.285,0.285,0.0,0.0,0.43000000000000005
2022-18,albon,Hydraulics,2022,1,1,True,mechanical,True,False,True,False,True,False,False,False,False,status code,1.0,0.0,0.0,0.95,0.0,0.0,0.0,0.0,0.050000000000000044
2022-19,stroll,Collision,2022,22,22,True,incident,False,False,False,False,True,False,True,False,False,status code,0.0,1.0,0.0,0.0,0.285,0.285,0.0,0.0,0.43000000000000005
2022-19,bottas,Spun off,2022,17,17,True,incident,False,False,False,False,True,False,False,False,False,status code,0.0,1.0,0.0,0.0,0.6649999999999999,0.0,0.095,0.0,0.24000000000000005
2022-19,sainz,Collision damage,2022,2,2,True,incident,False,True,True,True,False,True,False,False,True,status code,0.0,1.0,0.0,0.0,0.095,0.6649999999999999,0.0,0.0,0.24000000000000005
2022-20,alonso,Engine,2022,65,64,True,mechanical,False,False,False,False,True,False,False,False,False,status code,1.0,0.0,0.0,0.95,0.0,0.0,0.0,0.0,0.050000000000000044
2022-20,tsunoda,Collision damage,2022,52,51,True,incident,False,True,True,False,False,True,False,False,True,status code,0.0,1.0,0.0,0.0,0.095,0.6649999999999999,0.0,0.0,0.24000000000000005
2022-21,norris,Gearbox,2022,51,51,True,mechanical,False,False,False,False,False,False,False,False,False,status code,1.0,0.0,0.0,0.95,0.0,0.0,0.0,0.0,0.050000000000000044
2022-21,kevin_magnussen,Collision,2022,1,1,True,incident,True,True,True,False,True,False,False,False,False,status code,0.0,1.0,0.0,0.0,0.285,0.285,0.0,0.0,0.43000000000000005
2022-21,ricciardo,Collision,2022,1,1,True,incident,True,True,True,False,True,False,False,False,False,status code,0.0,1.0,0.0,0.0,0.285,0.285,0.0,0.0,0.43000000000000005
2022-22,hamilton,Hydraulics,2022,56,56,True,mechanical,False,False,False,False,False,True,False,False,False,status code,1.0,0.0,0.0,0.95,0.0,0.0,0.0,0.0,0.050000000000000044
2022-22,latifi,Collision damage,2022,58,56,True,incident,False,False,False,False,False,True,True,False,False,status code,0.0,1.0,0.0,0.0,0.285,0.285,0.0,0.0,0.43000000000000005
2022-22,alonso,Water leak,2022,28,28,True,mechanical,False,False,False,False,False,True,False,False,False,status code,1.0,0.0,0.0,0.95,0.0,0.0,0.0,0.0,0.050000000000000044
2023-01,ocon,Retired,2023,43,42,True,other,False,False,False,False,False,True,False,False,False,inferred from evidence,0.7404785136412148,0.20004552638328044,0.059475959975504804,0.7404785136412148,0.1400318684682963,0.0,0.020004552638328045,0.0,0.09948506525216089
2023-01,leclerc,Retired,2023,40,40,True,other,False,False,False,False,True,False,False,False,False,inferred from evidence,0.4945683374392911,0.43175117070816765,0.07368049185254123,0.4945683374392911,0.30222581949571736,0.0,0.04317511707081677,0.0,0.16003072599417478
2023-01,piastri,Retired,2023,14,14,True,other,False,False,False,False,False,True,False,False,False,inferred from evidence,0.7404785136412148,0.20004552638328044,0.059475959975504804,0.7404785136412148,0.1400318684682963,0.0,0.020004552638328045,0.0,0.09948506525216089
2023-02,albon,Retired,2023,28,28,True,other,False,False,False,False,False,True,False,False,False,inferred from evidence,0.7404785136412148,0.20004552638328044,0.059475959975504804,0.7404785136412148,0.1400318684682963,0.0,0.020004552638328045,0.0,0.09948506525216089
2023-02,stroll,Retired,2023,17,17,True,other,False,False,False,False,True,False,False,False,False,inferred from evidence,0.4945683374392911,0.43175117070816765,0.07368049185254123,0.4945683374392911,0.30222581949571736,0.0,0.04317511707081677,0.0,0.16003072599417478
2023-03,gasly,Retired,2023,57,57,True,other,False,True,True,False,True,False,False,False,False,inferred from evidence,0.10026705011614129,0.8824075547088984,0.017325395174960338,0.10026705011614129,0.2647222664126695,0.2647222664126695,0.0,0.0,0.3702884170585197
2023-03,ocon,Retired,2023,57,57,True,other,False,True,True,False,True,False,False,False,False,inferred from evidence,0.10026705011614129,0.8824075547088984,0.017325395174960338,0.10026705011614129,0.2647222664126695,0.2647222664126695,0.0,0.0,0.3702884170585197
2023-03,de_vries,Retired,2023,57,57,True,other,False,False,True,False,True,False,False,False,False,inferred from evidence,0.3193077309736789,0.6264323149495049,0.05425995407681624,0.3193077309736789,0.18792969448485147,0.18792969448485147,0.0,0.0,0.3048328800566182
2023-03,sargeant,Retired,2023,57,57,True,other,False,False,True,False,True,False,False,False,False,inferred from evidence,0.3193077309736789,0.6264323149495049,0.05425995407681624,0.3193077309736789,0.18792969448485147,0.18792969448485147,0.0,0.0,0.3048328800566182
2023-03,kevin_magnussen,Retired,2023,53,53,True,other,False,False,False,False,True,False,False,False,False,inferred from evidence,0.4945683374392911,0.43175117070816765,0.07368049185254123,0.4945683374392911,0.30222581949571736,0.0,0.04317511707081677,0.0,0.16003072599417478
2023-03,russell,Retired,2023,18,18,True,other,False,False,False,False,True,False,False,False,False,inferred from evidence,0.4945683374392911,0.43175117070816765,0.07368049185254123,0.4945683374392911,0.30222581949571736,0.0,0.04317511707081677,0.0,0.16003072599417478
2023-03,albon,Retired,2023,7,7,True,other,False,False,False,False,True,False,False,False,False,inferred from evidence,0.4945683374392911,0.43175117070816765,0.07368049185254123,0.4945683374392911,0.30222581949571736,0.0,0.04317511707081677,0.0,0.16003072599417478
2023-03,leclerc,Retired,2023,1,1,True,other,True,True,True,False,True,False,False,False,False,inferred from evidence,0.015850600984179487,0.9812455280319423,0.0029038709838782564,0.015850600984179487,0.2943736584095827,0.2943736584095827,0.0,0.0,0.3954020821966552
2023-04,zhou,Retired,2023,37,37,True,other,False,False,False,False,False,True,False,False,False,inferred from evidence,0.7404785136412148,0.20004552638328044,0.059475959975504804,0.7404785136412148,0.1400318684682963,0.0,0.020004552638328045,0.0,0.09948506525216089
2023-04,de_vries,Retired,2023,10,10,True,other,False,False,False,False,True,False,False,False,False,inferred from evidence,0.4945683374392911,0.43175117070816765,0.07368049185254123,0.4945683374392911,0.30222581949571736,0.0,0.04317511707081677,0.0,0.16003072599417478
2023-06,kevin_magnussen,Retired,2023,74,71,True,other,False,False,False,False,False,True,True,False,False,inferred from evidence,0.635193648543734,0.307528311699034,0.05727803975723202,0.635193648543734,0.21526981818932378,0.0,0.0307528311699034,0.0,0.11878370209703883
2023-06,stroll,Retired,2023,55,54,True,other,False,False,False,False,False,False,True,False,False,inferred from evidence,0.6009228869380712,0.31372660556598536,0.08535050749594356,0.6009228869380712,0.21960862389618974,0.0,0.031372660556598535,0.0,0.1480958286091406
2023-08,russell,Retired,2023,54,54,True,other,False,False,False,False,False,True,False,False,False,inferred from evidence,0.7404785136412148,0.20004552638328044,0.059475959975504804,0.7404785136412148,0.1400318684682963,0.0,0.020004552638328045,0.0,0.09948506525216089
2023-08,sargeant,Retired,2023,7,7,True,other,False,False,False,False,True,False,False,False,False,inferred from evidence,0.4945683374392911,0.43175117070816765,0.07368049185254123,0.4945683374392911,0.30222581949571736,0.0,0.04317511707081677,0.0,0.16003072599417478
2023-09,hulkenberg,Retired,2023,13,13,True,other,False,False,False,False,True,False,True,False,False,inferred from evidence,0.3660678230041052,0.5727054894486956,0.06122668754719914,0.3660678230041052,0.4008938426140869,0.0,0.05727054894486956,0.0,0.17576778543693827
2023-10,gasly,Retired,2023,47,47,True,other,False,True,True,False,False,True,False,False,True,inferred from evidence,0.2620123309521175,0.713578700146172,0.024408968901710616,0.2620123309521175,0.0713578700146172,0.49950509010232036,0.0,0.0,0.16712470893094503
2023-10,kevin_magnussen,Retired,2023,32,32,True,other,False,False,False,False,True,False,False,False,False,inferred from evidence,0.4945683374392911,0.43175117070816765,0.07368049185254123,0.4945683374392911,0.30222581949571736,0.0,0.04317511707081677,0.0,0.16003072599417478
2023-10,ocon,Retired,2023,10,10,True,other,False,False,False,False,False,True,False,False,False,inferred from evidence,0.7404785136412148,0.20004552638328044,0.059475959975504804,0.7404785136412148,0.1400318684682963,0.0,0.020004552638328045,0.0,0.09948506525216089
2023-11,sargeant,Retired,2023,69,68,True,other,False,False,False,True,False,True,False,False,False,inferred from evidence,0.7404785136412148,0.20004552638328044,0.059475959975504804,0.7404785136412148,0.1400318684682963,0.0,0.020004552638328045,0.0,0.09948506525216089
2023-11,ocon,Retired,2023,3,3,True,other,False,False,True,False,False,True,False,False,False,inferred from evidence,0.5886731996859326,0.3573947358896036,0.05393206442446387,0.5886731996859326,0.10721842076688107,0.10721842076688107,0.0,0.0,0.1968899587803053
2023-11,gasly,Retired,2023,2,2,True,other,False,False,True,False,False,True,False,False,False,inferred from evidence,0.5886731996859326,0.3573947358896036,0.05393206442446387,0.5886731996859326,0.10721842076688107,0.10721842076688107,0.0,0.0,0.1968899587803053
2023-12,sainz,Retired,2023,24,24,True,other,False,False,False,False,False,True,True,False,False,inferred from evidence,0.635193648543734,0.307528311699034,0.05727803975723202,0.635193648543734,0.21526981818932378,0.0,0.0307528311699034,0.0,0.11878370209703883
2023-12,piastri,Retired,2023,1,1,True,other,True,False,False,False,False,False,False,False,False,inferred from evidence,0.314132892436084,0.6437309966821239,0.04213611088179201,0.314132892436084,0.45061169767748666,0.0,0.06437309966821239,0.0,0.1708823102182168
2023-13,zhou,Accident,2023,63,63,True,incident,False,False,False,False,True,False,True,False,False,status code,0.0,1.0,0.0,0.0,0.6649999999999999,0.0,0.095,0.0,0.24000000000000005
2023-13,leclerc,Undertray,2023,42,42,True,mechanical,False,False,False,False,False,True,False,False,False,status code,1.0,0.0,0.0,0.95,0.0,0.0,0.0,0.0,0.050000000000000044
2023-13,sargeant,Accident,2023,15,15,True,incident,False,False,False,False,True,False,False,False,False,status code,0.0,1.0,0.0,0.0,0.6649999999999999,0.0,0.095,0.0,0.24000000000000005
2023-14,ocon,Retired,2023,41,40,True,other,False,False,False,False,False,True,False,False,False,inferred from evidence,0.7404785136412148,0.20004552638328044,0.059475959975504804,0.7404785136412148,0.1400318684682963,0.0,0.020004552638328045,0.0,0.09948506525216089
2023-15,russell,Retired,2023,62,62,True,other,False,False,False,False,False,False,False,False,False,inferred from evidence,0.7053018871890786,0.205468417859078,0.08922969495184346,0.7053018871890786,0.14382789250135458,0.0,0.0205468417859078,0.0,0.13032337852365905
2023-15,bottas,Retired,2023,52,52,True,other,False,False,False,False,False,False,False,False,False,inferred from evidence,0.7053018871890786,0.205468417859078,0.08922969495184346,0.7053018871890786,0.14382789250135458,0.0,0.0205468417859078,0.0,0.13032337852365905
2023-15,ocon,Retired,2023,43,43,True,other,False,False,False,False,True,False,False,False,False,inferred from evidence,0.4945683374392911,0.43175117070816765,0.07368049185254123,0.4945683374392911,0.30222581949571736,0.0,0.04317511707081677,0.0,0.16003072599417478
2023-15,tsunoda,Retired,2023,1,1,True,other,True,False,False,False,False,False,False,False,False,inferred from evidence,0.314132892436084,0.6437309966821239,0.04213611088179201,0.314132892436084,0.45061169767748666,0.0,0.06437309966821239,0.0,0.1708823102182168
2023-16,albon,Retired,2023,27,27,True,other,False,False,False,False,False,True,False,False,False,inferred from evidence,0.7404785136412148,0.20004552638328044,0.059475959975504804,0.7404785136412148,0.1400318684682963,0.0,0.020004552638328045,0.0,0.09948506525216089
2023-16,sargeant,Retired,2023,24,23,True,other,False,False,False,False,False,True,False,False,False,inferred from evidence,0.7404785136412148,0.20004552638328044,0.059475959975504804,0.7404785136412148,0.1400318684682963,0.0,0.020004552638328045,0.0,0.09948506525216089
2023-16,stroll,Retired,2023,21,21,True,other,False,False,False,False,False,True,False,False,False,inferred from evidence,0.7404785136412148,0.20004552638328044,0.059475959975504804,0.7404785136412148,0.1400318684682963,0.0,0.020004552638328045,0.0,0.09948506525216089
2023-16,perez,Retired,2023,42,16,True,other,False,False,False,False,False,True,True,False,False,inferred from evidence,0.635193648543734,0.307528311699034,0.05727803975723202,0.635193648543734,0.21526981818932378,0.0,0.0307528311699034,0.0,0.11878370209703883
2023-16,bottas,Retired,2023,9,8,True,other,False,True,True,False,False,True,False,False,True,inferred from evidence,0.2620123309521175,0.713578700146172,0.024408968901710616,0.2620123309521175,0.0713578700146172,0.49950509010232036,0.0,0.0,0.16712470893094503
2023-17,sargeant,Retired,2023,42,41,True,other,False,False,False,False,False,True,False,False,False,inferred from evidence,0.7404785136412148,0.20004552638328044,0.059475959975504804,0.7404785136412148,0.1400318684682963,0.0,0.020004552638328045,0.0,0.09948506525216089
2023-17,hamilton,Retired,2023,1,1,True,other,True,False,False,False,True,False,False,False,False,inferred from evidence,0.13700881172377918,0.8413499862371125,0.021641202039108166,0.13700881172377918,0.5889449903659787,0.0,0.08413499862371127,0.0,0.1899111992865307
2023-18,alonso,Retired,2023,50,50,True,other,False,False,False,False,False,True,True,False,False,inferred from evidence,0.635193648543734,0.307528311699034,0.05727803975723202,0.635193648543734,0.21526981818932378,0.0,0.0307528311699034,0.0,0.11878370209703883
2023-18,piastri,Retired,2023,11,11,True,other,False,False,False,False,False,True,False,False,False,inferred from evidence,0.7404785136412148,0.20004552638328044,0.059475959975504804,0.7404785136412148,0.1400318684682963,0.0,0.020004552638328045,0.0,0.09948506525216089
2023-18,ocon,Retired,2023,7,7,True,other,False,False,False,False,False,True,True,False,False,inferred from evidence,0.635193648543734,0.307528311699034,0.05727803975723202,0.635193648543734,0.21526981818932378,0.0,0.0307528311699034,0.0,0.11878370209703883
2023-19,sargeant,Retired,2023,71,71,True,other,False,False,False,False,False,True,False,False,False,inferred from evidence,0.7404785136412148,0.20004552638328044,0.059475959975504804,0.7404785136412148,0.1400318684682963,0.0,0.020004552638328045,0.0,0.09948506525216089
2023-19,stroll,Collision damage,2023,68,67,True,incident,False,True,True,False,False,True,False,False,False,status code,0.0,1.0,0.0,0.0,0.285,0.285,0.0,0.0,0.43000000000000005
2023-19,alonso,Withdrew,2023,48,48,True,other,False,False,False,False,False,True,False,False,False,inferred from evidence,0.7404785136412148,0.20004552638328044,0.059475959975504804,0.7404785136412148,0.1400318684682963,0.0,0.020004552638328045,0.0,0.09948506525216089
2023-19,kevin_magnussen,Accident,2023,32,32,True,incident,False,False,False,False,True,False,False,False,False,status code,0.0,1.0,0.0,0.0,0.6649999999999999,0.0,0.095,0.0,0.24000000000000005
2023-19,perez,Collision damage,2023,2,2,True,incident,False,False,False,False,False,True,False,False,False,status code,0.0,1.0,0.0,0.0,0.285,0.285,0.0,0.0,0.43000000000000005
2023-20,russell,Retired,2023,59,58,True,other,False,False,False,False,False,True,False,False,False,inferred from evidence,0.7404785136412148,0.20004552638328044,0.059475959975504804,0.7404785136412148,0.1400318684682963,0.0,0.020004552638328045,0.0,0.09948506525216089
2023-20,bottas,Retired,2023,40,40,True,other,False,False,False,False,False,True,False,False,False,inferred from evidence,0.7404785136412148,0.20004552638328044,0.059475959975504804,0.7404785136412148,0.1400318684682963,0.0,0.020004552638328045,0.0,0.09948506525216089
2023-20,zhou,Retired,2023,23,23,True,other,False,False,False,False,False,True,False,False,False,inferred from evidence,0.7404785136412148,0.20004552638328044,0.059475959975504804,0.7404785136412148,0.1400318684682963,0.0,0.020004552638328045,0.0,0.09948506525216089
2023-20,kevin_magnussen,Retired,2023,1,1,True,other,True,False,True,False,True,False,False,False,False,inferred from evidence,0.0667539913879379,0.9212191030941409,0.012026905517921314,0.0667539913879379,0.27636573092824224,0.27636573092824224,0.0,0.0,0.38051454675557767
2023-20,albon,Retired,2023,1,1,True,other,True,False,True,False,True,False,False,False,False,inferred from evidence,0.0667539913879379,0.9212191030941409,0.012026905517921314,0.0667539913879379,0.27636573092824224,0.27636573092824224,0.0,0.0,0.38051454675557767
2023-21,tsunoda,Retired,2023,47,47,True,other,False,False,True,False,False,False,False,False,False,inferred from evidence,0.5558700526069109,0.3639157171022036,0.0802142302908854,0.5558700526069109,0.10917471513066108,0.10917471513066108,0.0,0.0,0.22578051713176683
2023-21,hulkenberg,Retired,2023,46,46,True,other,False,False,True,False,False,False,False,False,False,inferred from evidence,0.5558700526069109,0.3639157171022036,0.0802142302908854,0.5558700526069109,0.10917471513066108,0.10917471513066108,0.0,0.0,0.22578051713176683
2023-21,norris,Retired,2023,3,3,True,other,False,False,False,False,True,False,False,False,False,inferred from evidence,0.4945683374392911,0.43175117070816765,0.07368049185254123,0.4945683374392911,0.30222581949571736,0.0,0.04317511707081677,0.0,0.16003072599417478
2023-22,sainz,Retired,2023,58,58,True,other,False,False,False,False,False,True,False,False,False,inferred from evidence,0.7404785136412148,0.20004552638328044,0.059475959975504804,0.7404785136412148,0.1400318684682963,0.0,0.020004552638328045,0.0,0.09948506525216089
2024-02,stroll,Retired,2024,6,6,True,other,False,False,False,False,True,False,False,False,False,inferred from evidence,0.4945683374392911,0.43175117070816765,0.07368049185254123,0.4945683374392911,0.30222581949571736,0.0,0.04317511707081677,0.0,0.16003072599417478
2024-02,gasly,Retired,2024,2,2,True,other,False,False,False,False,False,True,False,False,False,inferred from evidence,0.7404785136412148,0.20004552638328044,0.059475959975504804,0.7404785136412148,0.1400318684682963,0.0,0.020004552638328045,0.0,0.09948506525216089
2024-03,russell,Retired,2024,57,57,True,other,False,True,True,False,True,False,False,False,False,inferred from evidence,0.10026705011614129,0.8824075547088984,0.017325395174960338,0.10026705011614129,0.2647222664126695,0.2647222664126695,0.0,0.0,0.3702884170585197
2024-03,hamilton,Retired,2024,16,16,True,other,False,False,False,False,True,False,False,False,False,inferred from evidence,0.4945683374392911,0.43175117070816765,0.07368049185254123,0.4945683374392911,0.30222581949571736,0.0,0.04317511707081677,0.0,0.16003072599417478
2024-03,max_verstappen,Retired,2024,4,4,True,other,False,False,False,False,False,True,False,False,False,inferred from evidence,0.7404785136412148,0.20004552638328044,0.059475959975504804,0.7404785136412148,0.1400318684682963,0.0,0.020004552638328045,0.0,0.09948506525216089
2024-04,zhou,Retired,2024,13,13,True,other,False,False,False,False,False,True,False,False,False,inferred from evidence,0.7404785136412148,0.20004552638328044,0.059475959975504804,0.7404785136412148,0.1400318684682963,0.0,0.020004552638328045,0.0,0.09948506525216089
2024-04,ricciardo,Retired,2024,1,1,True,other,True,True,True,False,True,False,False,False,False,inferred from evidence,0.015850600984179487,0.9812455280319423,0.0029038709838782564,0.015850600984179487,0.2943736584095827,0.2943736584095827,0.0,0.0,0.3954020821966552
2024-04,albon,Retired,2024,1,1,True,other,True,True,True,False,True,False,False,False,False,inferred from evidence,0.015850600984179487,0.9812455280319423,0.0029038709838782564,0.015850600984179487,0.2943736584095827,0.2943736584095827,0.0,0.0,0.3954020821966552
2024-05,ricciardo,Retired,2024,34,34,True,other,False,False,False,False,False,True,True,False,False,inferred from evidence,0.635193648543734,0.307528311699034,0.05727803975723202,0.635193648543734,0.21526981818932378,0.0,0.0307528311699034,0.0,0.11878370209703883
2024-05,tsunoda,Retired,2024,27,27,True,other,False,False,False,False,True,False,True,False,False,inferred from evidence,0.3660678230041052,0.5727054894486956,0.06122668754719914,0.3660678230041052,0.4008938426140869,0.0,0.05727054894486956,0.0,0.17576778543693827
2024-05,bottas,Retired,2024,20,20,True,other,False,False,False,False,False,False,False,False,False,inferred from evidence,0.7053018871890786,0.205468417859078,0.08922969495184346,0.7053018871890786,0.14382789250135458,0.0,0.0205468417859078,0.0,0.13032337852365905
2024-06,sargeant,Retired,2024,28,28,True,other,False,False,False,False,True,False,False,False,False,inferred from evidence,0.4945683374392911,0.43175117070816765,0.07368049185254123,0.4945683374392911,0.30222581949571736,0.0,0.04317511707081677,0.0,0.16003072599417478
2024-07,albon,Retired,2024,54,52,True,other,False,False,False,False,False,True,False,False,False,inferred from evidence,0.7404785136412148,0.20004552638328044,0.059475959975504804,0.7404785136412148,0.1400318684682963,0.0,0.020004552638328045,0.0,0.09948506525216089
2024-08,ocon,Retired,2024,1,1,True,other,True,True,True,False,True,False,False,True,False,inferred from evidence,0.015850600984179487,0.9812455280319423,0.0029038709838782564,0.015850600984179487,0.6868718696223596,0.09812455280319424,0.0,0.0,0.19915297659026673
2024-08,perez,Retired,2024,1,1,True,other,True,False,True,False,True,False,False,False,False,inferred from evidence,0.0667539913879379,0.9212191030941409,0.012026905517921314,0.0667539913879379,0.27636573092824224,0.27636573092824224,0.0,0.0,0.38051454675557767
2024-08,hulkenberg,Retired,2024,1,1,True,other,True,False,True,False,True,False,False,False,False,inferred from evidence,0.0667539913879379,0.9212191030941409,0.012026905517921314,0.0667539913879379,0.27636573092824224,0.27636573092824224,0.0,0.0,0.38051454675557767
2024-08,kevin_magnussen,Retired,2024,1,1,True,other,True,False,True,False,True,False,False,False,False,inferred from evidence,0.0667539913879379,0.9212191030941409,0.012026905517921314,0.0667539913879379,0.27636573092824224,0.27636573092824224,0.0,0.0,0.38051454675557767
2024-09,sainz,Retired,2024,53,53,True,other,False,False,True,False,True,True,False,False,False,inferred from evidence,0.34162174101517356,0.6215220954021409,0.03685616358268566,0.34162174101517356,0.18645662862064225,0.18645662862064225,0.0,0.0,0.285465001743542
2024-09,albon,Retired,2024,53,53,True,other,False,False,True,False,True,False,False,False,False,inferred from evidence,0.3193077309736789,0.6264323149495049,0.05425995407681624,0.3193077309736789,0.18792969448485147,0.18792969448485147,0.0,0.0,0.3048328800566182
2024-09,perez,Retired,2024,52,52,True,other,False,False,True,False,False,True,False,False,False,inferred from evidence,0.5886731996859326,0.3573947358896036,0.05393206442446387,0.5886731996859326,0.10721842076688107,0.10721842076688107,0.0,0.0,0.1968899587803053
2024-09,leclerc,Retired,2024,42,41,True,other,False,False,False,False,False,True,False,False,False,inferred from evidence,0.7404785136412148,0.20004552638328044,0.059475959975504804,0.7404785136412148,0.1400318684682963,0.0,0.020004552638328045,0.0,0.09948506525216089
2024-09,sargeant,Retired,2024,25,24,True,other,False,False,False,False,True,False,False,False,False,inferred from evidence,0.4945683374392911,0.43175117070816765,0.07368049185254123,0.4945683374392911,0.30222581949571736,0.0,0.04317511707081677,0.0,0.16003072599417478
2024-12,russell,Retired,2024,34,34,True,other,False,False,False,False,False,True,True,False,False,inferred from evidence,0.635193648543734,0.307528311699034,0.05727803975723202,0.635193648543734,0.21526981818932378,0.0,0.0307528311699034,0.0,0.11878370209703883
2024-13,gasly,Retired,2024,34,34,True,other,False,False,False,False,False,True,False,False,False,inferred from evidence,0.7404785136412148,0.20004552638328044,0.059475959975504804,0.7404785136412148,0.1400318684682963,0.0,0.020004552638328045,0.0,0.09948506525216089
2024-14,zhou,Retired,2024,7,6,True,other,False,False,False,False,False,True,False,False,False,inferred from evidence,0.7404785136412148,0.20004552638328044,0.059475959975504804,0.7404785136412148,0.1400318684682963,0.0,0.020004552638328045,0.0,0.09948506525216089
2024-16,tsunoda,Retired,2024,8,8,True,other,False,True,True,False,False,True,True,False,True,inferred from evidence,0.16707615481994376,0.8154497307524802,0.01747411442757598,0.16707615481994376,0.08154497307524802,0.5708148115267361,0.0,0.0,0.18056406057807203
2024-17,perez,Retired,2024,50,50,True,other,False,True,True,False,True,False,False,False,False,inferred from evidence,0.10026705011614129,0.8824075547088984,0.017325395174960338,0.10026705011614129,0.2647222664126695,0.2647222664126695,0.0,0.0,0.3702884170585197
2024-17,sainz,Retired,2024,50,50,True,other,False,True,True,False,True,False,False,False,False,inferred from evidence,0.10026705011614129,0.8824075547088984,0.017325395174960338,0.10026705011614129,0.2647222664126695,0.2647222664126695,0.0,0.0,0.3702884170585197
2024-17,stroll,Retired,2024,47,46,True,other,False,False,False,False,False,True,False,False,False,inferred from evidence,0.7404785136412148,0.20004552638328044,0.059475959975504804,0.7404785136412148,0.1400318684682963,0.0,0.020004552638328045,0.0,0.09948506525216089
2024-17,tsunoda,Retired,2024,15,15,True,other,False,False,False,False,False,True,True,False,False,inferred from evidence,0.635193648543734,0.307528311699034,0.05727803975723202,0.635193648543734,0.21526981818932378,0.0,0.0307528311699034,0.0,0.11878370209703883
2024-18,kevin_magnussen,Retired,2024,60,58,True,other,False,False,False,False,False,True,False,False,False,inferred from evidence,0.7404785136412148,0.20004552638328044,0.059475959975504804,0.7404785136412148,0.1400318684682963,0.0,0.020004552638328045,0.0,0.09948506525216089
2024-18,albon,Retired,2024,17,16,True,other,False,False,False,False,False,True,False,False,False,inferred from evidence,0.7404785136412148,0.20004552638328044,0.059475959975504804,0.7404785136412148,0.1400318684682963,0.0,0.020004552638328045,0.0,0.09948506525216089
2024-19,hamilton,Retired,2024,2,2,True,other,False,False,False,False,True,False,False,False,False,inferred from evidence,0.4945683374392911,0.43175117070816765,0.07368049185254123,0.4945683374392911,0.30222581949571736,0.0,0.04317511707081677,0.0,0.16003072599417478
2024-20,alonso,Retired,2024,16,16,True,other,False,False,False,False,False,True,False,False,False,inferred from evidence,0.7404785136412148,0.20004552638328044,0.059475959975504804,0.7404785136412148,0.1400318684682963,0.0,0.020004552638328045,0.0,0.09948506525216089
2024-20,albon,Retired,2024,1,1,True,other,True,False,True,False,True,False,False,False,False,inferred from evidence,0.0667539913879379,0.9212191030941409,0.012026905517921314,0.0667539913879379,0.27636573092824224,0.27636573092824224,0.0,0.0,0.38051454675557767
2024-20,tsunoda,Retired,2024,1,1,True,other,True,False,True,False,True,False,False,False,False,inferred from evidence,0.0667539913879379,0.9212191030941409,0.012026905517921314,0.0667539913879379,0.27636573092824224,0.27636573092824224,0.0,0.0,0.38051454675557767
2024-21,sainz,Retired,2024,39,39,True,other,False,False,False,False,True,False,False,False,False,inferred from evidence,0.4945683374392911,0.43175117070816765,0.07368049185254123,0.4945683374392911,0.30222581949571736,0.0,0.04317511707081677,0.0,0.16003072599417478
2024-21,colapinto,Retired,2024,31,31,True,other,False,False,False,False,True,True,True,False,False,inferred from evidence,0.39108080479212104,0.5673912593766739,0.041527935831205065,0.39108080479212104,0.3971738815636717,0.0,0.05673912593766739,0.0,0.15500618770653984
2024-22,albon,Retired,2024,26,26,True,other,False,False,False,False,False,True,False,False,False,inferred from evidence,0.7404785136412148,0.20004552638328044,0.059475959975504804,0.7404785136412148,0.1400318684682963,0.0,0.020004552638328045,0.0,0.09948506525216089
2024-22,gasly,Retired,2024,16,16,True,other,False,False,False,False,False,True,False,False,False,inferred from evidence,0.7404785136412148,0.20004552638328044,0.059475959975504804,0.7404785136412148,0.1400318684682963,0.0,0.020004552638328045,0.0,0.09948506525216089
2024-23,hulkenberg,Retired,2024,40,40,True,other,False,False,True,False,True,False,True,False,False,inferred from evidence,0.21246755232106948,0.7469988079255987,0.04053363975333169,0.21246755232106948,0.2240996423776796,0.2240996423776796,0.0,0.0,0.3393331629235712
2024-23,perez,Retired,2024,39,39,True,other,False,False,True,False,True,False,True,False,False,inferred from evidence,0.21246755232106948,0.7469988079255987,0.04053363975333169,0.21246755232106948,0.2240996423776796,0.2240996423776796,0.0,0.0,0.3393331629235712
2024-23,stroll,Retired,2024,9,9,True,other,False,False,False,False,False,True,False,True,False,inferred from evidence,0.7404785136412148,0.20004552638328044,0.059475959975504804,0.7404785136412148,0.1400318684682963,0.0,0.020004552638328045,0.0,0.09948506525216089
2024-23,colapinto,Retired,2024,1,1,True,other,True,False,True,False,True,False,False,False,False,inferred from evidence,0.0667539913879379,0.9212191030941409,0.012026905517921314,0.0667539913879379,0.27636573092824224,0.27636573092824224,0.0,0.0,0.38051454675557767
2024-23,ocon,Retired,2024,1,1,True,other,True,False,True,False,True,False,False,False,False,inferred from evidence,0.0667539913879379,0.9212191030941409,0.012026905517921314,0.0667539913879379,0.27636573092824224,0.27636573092824224,0.0,0.0,0.38051454675557767
2024-24,lawson,Retired,2024,57,56,True,other,False,False,False,False,False,False,False,False,False,inferred from evidence,0.7053018871890786,0.205468417859078,0.08922969495184346,0.7053018871890786,0.14382789250135458,0.0,0.0205468417859078,0.0,0.13032337852365905
2024-24,bottas,Retired,2024,32,31,True,other,False,True,True,False,False,True,False,False,False,inferred from evidence,0.2620123309521175,0.713578700146172,0.024408968901710616,0.2620123309521175,0.2140736100438516,0.2140736100438516,0.0,0.0,0.3098404489601794
2024-24,colapinto,Retired,2024,28,27,True,other,False,False,False,False,False,True,False,False,False,inferred from evidence,0.7404785136412148,0.20004552638328044,0.059475959975504804,0.7404785136412148,0.1400318684682963,0.0,0.020004552638328045,0.0,0.09948506525216089
2024-24,perez,Retired,2024,1,1,True,other,True,False,False,False,True,False,False,False,False,inferred from evidence,0.13700881172377918,0.8413499862371125,0.021641202039108166,0.13700881172377918,0.5889449903659787,0.0,0.08413499862371127,0.0,0.1899111992865307
2025-01,lawson,Retired,2025,47,47,True,other,False,False,True,False,True,False,True,False,False,inferred from evidence,0.21246755232106948,0.7469988079255987,0.04053363975333169,0.21246755232106948,0.2240996423776796,0.2240996423776796,0.0,0.0,0.3393331629235712
2025-01,bortoleto,Retired,2025,46,46,True,other,False,False,True,False,True,False,False,False,False,inferred from evidence,0.3193077309736789,0.6264323149495049,0.05425995407681624,0.3193077309736789,0.18792969448485147,0.18792969448485147,0.0,0.0,0.3048328800566182
2025-01,alonso,Retired,2025,33,33,True,other,False,False,False,False,True,False,False,False,False,inferred from evidence,0.4945683374392911,0.43175117070816765,0.07368049185254123,0.4945683374392911,0.30222581949571736,0.0,0.04317511707081677,0.0,0.16003072599417478
2025-01,sainz,Retired,2025,1,1,True,other,True,False,True,False,True,False,False,False,False,inferred from evidence,0.0667539913879379,0.9212191030941409,0.012026905517921314,0.0667539913879379,0.27636573092824224,0.27636573092824224,0.0,0.0,0.38051454675557767
2025-01,doohan,Retired,2025,1,1,True,other,True,False,True,False,True,False,False,False,False,inferred from evidence,0.0667539913879379,0.9212191030941409,0.012026905517921314,0.0667539913879379,0.27636573092824224,0.27636573092824224,0.0,0.0,0.38051454675557767
2025-01,hadjar,Retired,2025,1,1,True,other,True,False,True,False,True,False,False,False,False,inferred from evidence,0.0667539913879379,0.9212191030941409,0.012026905517921314,0.0667539913879379,0.27636573092824224,0.27636573092824224,0.0,0.0,0.38051454675557767
2025-02,alonso,Retired,2025,5,5,True,other,False,False,False,False,False,True,False,False,False,inferred from evidence,0.7404785136412148,0.20004552638328044,0.059475959975504804,0.7404785136412148,0.1400318684682963,0.0,0.020004552638328045,0.0,0.09948506525216089
2025-04,sainz,Retired,2025,46,46,True,other,False,False,False,False,False,True,True,True,False,inferred from evidence,0.635193648543734,0.307528311699034,0.05727803975723202,0.635193648543734,0.21526981818932378,0.0,0.0307528311699034,0.0,0.11878370209703883
2025-05,tsunoda,Retired,2025,2,2,True,other,False,False,True,False,True,True,False,False,False,inferred from evidence,0.34162174101517356,0.6215220954021409,0.03685616358268566,0.34162174101517356,0.18645662862064225,0.18645662862064225,0.0,0.0,0.285465001743542
2025-05,gasly,Retired,2025,1,1,True,other,True,False,True,False,True,False,False,False,False,inferred from evidence,0.0667539913879379,0.9212191030941409,0.012026905517921314,0.0667539913879379,0.27636573092824224,0.27636573092824224,0.0,0.0,0.38051454675557767
2025-06,lawson,Retired,2025,38,37,True,other,False,False,False,False,False,True,False,False,False,inferred from evidence,0.7404785136412148,0.20004552638328044,0.059475959975504804,0.7404785136412148,0.1400318684682963,0.0,0.020004552638328045,0.0,0.09948506525216089
2025-06,bortoleto,Retired,2025,31,31,True,other,False,False,False,False,False,False,True,False,False,inferred from evidence,0.6009228869380712,0.31372660556598536,0.08535050749594356,0.6009228869380712,0.21960862389618974,0.0,0.031372660556598535,0.0,0.1480958286091406
2025-06,bearman,Retired,2025,28,28,True,other,False,False,False,False,True,False,False,False,False,inferred from evidence,0.4945683374392911,0.43175117070816765,0.07368049185254123,0.4945683374392911,0.30222581949571736,0.0,0.04317511707081677,0.0,0.16003072599417478
2025-06,doohan,Retired,2025,1,1,True,other,True,False,False,False,True,False,False,False,False,inferred from evidence,0.13700881172377918,0.8413499862371125,0.021641202039108166,0.13700881172377918,0.5889449903659787,0.0,0.08413499862371127,0.0,0.1899111992865307
2025-07,antonelli,Retired,2025,45,45,True,other,False,False,False,False,True,False,False,False,False,inferred from evidence,0.4945683374392911,0.43175117070816765,0.07368049185254123,0.4945683374392911,0.30222581949571736,0.0,0.04317511707081677,0.0,0.16003072599417478
2025-07,ocon,Retired,2025,28,28,True,other,False,False,False,False,True,False,False,False,False,inferred from evidence,0.4945683374392911,0.43175117070816765,0.07368049185254123,0.4945683374392911,0.30222581949571736,0.0,0.04317511707081677,0.0,0.16003072599417478
2025-08,alonso,Retired,2025,37,37,True,other,False,False,False,False,False,False,False,False,False,inferred from evidence,0.7053018871890786,0.205468417859078,0.08922969495184346,0.7053018871890786,0.14382789250135458,0.0,0.0205468417859078,0.0,0.13032337852365905
2025-08,gasly,Retired,2025,8,8,True,other,False,False,False,False,False,True,False,False,False,inferred from evidence,0.7404785136412148,0.20004552638328044,0.059475959975504804,0.7404785136412148,0.1400318684682963,0.0,0.020004552638328045,0.0,0.09948506525216089
2025-09,antonelli,Retired,2025,54,54,True,other,False,False,False,False,True,False,False,False,False,inferred from evidence,0.4945683374392911,0.43175117070816765,0.07368049185254123,0.4945683374392911,0.30222581949571736,0.0,0.04317511707081677,0.0,0.16003072599417478
2025-09,albon,Retired,2025,29,28,True,other,False,True,True,False,False,True,True,False,False,inferred from evidence,0.16707615481994376,0.8154497307524802,0.01747411442757598,0.16707615481994376,0.24463491922574404,0.24463491922574404,0.0,0.0,0.34365400672856805
2025-10,norris,Retired,2025,67,67,True,other,False,False,False,False,True,False,False,False,False,inferred from evidence,0.4945683374392911,0.43175117070816765,0.07368049185254123,0.4945683374392911,0.30222581949571736,0.0,0.04317511707081677,0.0,0.16003072599417478
2025-10,lawson,Retired,2025,55,54,True,other,False,False,False,False,False,True,False,False,False,inferred from evidence,0.7404785136412148,0.20004552638328044,0.059475959975504804,0.7404785136412148,0.1400318684682963,0.0,0.020004552638328045,0.0,0.09948506525216089
2025-10,albon,Retired,2025,47,47,True,other,False,False,False,False,False,False,False,False,False,inferred from evidence,0.7053018871890786,0.205468417859078,0.08922969495184346,0.7053018871890786,0.14382789250135458,0.0,0.0205468417859078,0.0,0.13032337852365905
2025-11,albon,Retired,2025,16,16,True,other,False,False,False,False,False,True,True,False,False,inferred from evidence,0.635193648543734,0.307528311699034,0.05727803975723202,0.635193648543734,0.21526981818932378,0.0,0.0307528311699034,0.0,0.11878370209703883
2025-11,max_verstappen,Retired,2025,1,1,True,other,True,False,True,False,True,False,False,False,False,inferred from evidence,0.0667539913879379,0.9212191030941409,0.012026905517921314,0.0667539913879379,0.27636573092824224,0.27636573092824224,0.0,0.0,0.38051454675557767
2025-11,antonelli,Retired,2025,1,1,True,other,True,False,True,False,True,False,False,False,False,inferred from evidence,0.0667539913879379,0.9212191030941409,0.012026905517921314,0.0667539913879379,0.27636573092824224,0.27636573092824224,0.0,0.0,0.38051454675557767
2025-12,antonelli,Retired,2025,24,24,True,other,False,False,False,False,False,True,False,False,False,inferred from evidence,0.7404785136412148,0.20004552638328044,0.059475959975504804,0.7404785136412148,0.1400318684682963,0.0,0.020004552638328045,0.0,0.09948506525216089
2025-12,hadjar,Retired,2025,18,18,True,other,False,True,True,False,True,False,True,False,False,inferred from evidence,0.05894311640404829,0.9296225461337215,0.011434337462230153,0.05894311640404829,0.27888676384011646,0.27888676384011646,0.0,0.0,0.38328335591571877
2025-12,bortoleto,Retired,2025,4,4,True,other,False,False,False,False,True,False,False,False,False,inferred from evidence,0.4945683374392911,0.43175117070816765,0.07368049185254123,0.4945683374392911,0.30222581949571736,0.0,0.04317511707081677,0.0,0.16003072599417478
2025-12,lawson,Retired,2025,1,1,True,other,True,False,False,False,True,False,False,False,False,inferred from evidence,0.13700881172377918,0.8413499862371125,0.021641202039108166,0.13700881172377918,0.5889449903659787,0.0,0.08413499862371127,0.0,0.1899111992865307
2025-14,bearman,Retired,2025,50,49,True,other,False,False,False,False,False,True,False,False,False,inferred from evidence,0.7404785136412148,0.20004552638328044,0.059475959975504804,0.7404785136412148,0.1400318684682963,0.0,0.020004552638328045,0.0,0.09948506525216089
2025-15,norris,Retired,2025,65,65,True,other,False,False,False,False,True,False,False,False,False,inferred from evidence,0.4945683374392911,0.43175117070816765,0.07368049185254123,0.4945683374392911,0.30222581949571736,0.0,0.04317511707081677,0.0,0.16003072599417478
2025-15,leclerc,Retired,2025,53,53,True,other,False,False,False,False,True,True,False,False,False,inferred from evidence,0.5251678488046435,0.4251593130893762,0.04967283810598018,0.5251678488046435,0.29761151916256334,0.0,0.042515931308937625,0.0,0.13470470072385543
2025-15,hamilton,Retired,2025,23,23,True,other,False,False,False,False,True,False,False,False,False,inferred from evidence,0.4945683374392911,0.43175117070816765,0.07368049185254123,0.4945683374392911,0.30222581949571736,0.0,0.04317511707081677,0.0,0.16003072599417478
2025-16,alonso,Retired,2025,25,25,True,other,False,False,False,False,False,True,False,False,False,inferred from evidence,0.7404785136412148,0.20004552638328044,0.059475959975504804,0.7404785136412148,0.1400318684682963,0.0,0.020004552638328045,0.0,0.09948506525216089
2025-17,piastri,Retired,2025,1,1,True,other,True,False,False,False,True,False,False,False,False,inferred from evidence,0.13700881172377918,0.8413499862371125,0.021641202039108166,0.13700881172377918,0.5889449903659787,0.0,0.08413499862371127,0.0,0.1899111992865307
2025-19,sainz,Retired,2025,6,6,True,other,False,False,False,False,True,False,False,False,False,inferred from evidence,0.4945683374392911,0.43175117070816765,0.07368049185254123,0.4945683374392911,0.30222581949571736,0.0,0.04317511707081677,0.0,0.16003072599417478
2025-20,sainz,Retired,2025,69,68,True,other,False,False,False,False,True,False,False,False,False,inferred from evidence,0.4945683374392911,0.43175117070816765,0.07368049185254123,0.4945683374392911,0.30222581949571736,0.0,0.04317511707081677,0.0,0.16003072599417478
2025-20,alonso,Retired,2025,35,35,True,other,False,False,False,False,False,True,False,False,False,inferred from evidence,0.7404785136412148,0.20004552638328044,0.059475959975504804,0.7404785136412148,0.1400318684682963,0.0,0.020004552638328045,0.0,0.09948506525216089
2025-20,hulkenberg,Retired,2025,26,26,True,other,False,False,False,False,False,True,False,False,False,inferred from evidence,0.7404785136412148,0.20004552638328044,0.059475959975504804,0.7404785136412148,0.1400318684682963,0.0,0.020004552638328045,0.0,0.09948506525216089
2025-20,lawson,Retired,2025,6,6,True,other,False,False,False,False,False,True,False,False,False,inferred from evidence,0.7404785136412148,0.20004552638328044,0.059475959975504804,0.7404785136412148,0.1400318684682963,0.0,0.020004552638328045,0.0,0.09948506525216089
2025-21,hamilton,Retired,2025,39,38,True,other,False,False,False,False,False,True,False,False,False,inferred from evidence,0.7404785136412148,0.20004552638328044,0.059475959975504804,0.7404785136412148,0.1400318684682963,0.0,0.020004552638328045,0.0,0.09948506525216089
2025-21,leclerc,Retired,2025,6,6,True,other,False,False,False,False,True,False,False,False,False,inferred from evidence,0.4945683374392911,0.43175117070816765,0.07368049185254123,0.4945683374392911,0.30222581949571736,0.0,0.04317511707081677,0.0,0.16003072599417478
2025-21,bortoleto,Retired,2025,1,1,True,other,True,False,False,False,True,False,False,False,False,inferred from evidence,0.13700881172377918,0.8413499862371125,0.021641202039108166,0.13700881172377918,0.5889449903659787,0.0,0.08413499862371127,0.0,0.1899111992865307
2025-22,albon,Retired,2025,37,36,True,other,False,False,False,False,False,True,True,True,False,inferred from evidence,0.635193648543734,0.307528311699034,0.05727803975723202,0.635193648543734,0.21526981818932378,0.0,0.0307528311699034,0.0,0.11878370209703883
2025-22,bortoleto,Retired,2025,3,3,True,other,False,True,True,False,True,True,False,False,False,inferred from evidence,0.10786363115786995,0.8803033764700854,0.011832992372044705,0.10786363115786995,0.2640910129410256,0.2640910129410256,0.0,0.0,0.3639543429600789
2025-22,stroll,Retired,2025,1,1,True,other,True,False,False,False,True,False,False,False,False,inferred from evidence,0.13700881172377918,0.8413499862371125,0.021641202039108166,0.13700881172377918,0.5889449903659787,0.0,0.08413499862371127,0.0,0.1899111992865307
2025-23,stroll,Retired,2025,57,56,True,other,False,False,True,False,False,True,False,False,False,inferred from evidence,0.5886731996859326,0.3573947358896036,0.05393206442446387,0.5886731996859326,0.10721842076688107,0.10721842076688107,0.0,0.0,0.1968899587803053
2025-23,hadjar,Retired,2025,57,56,True,other,False,False,True,False,False,True,False,False,False,inferred from evidence,0.5886731996859326,0.3573947358896036,0.05393206442446387,0.5886731996859326,0.10721842076688107,0.10721842076688107,0.0,0.0,0.1968899587803053
2025-23,bearman,Retired,2025,43,42,True,other,False,False,False,False,False,True,False,False,False,inferred from evidence,0.7404785136412148,0.20004552638328044,0.059475959975504804,0.7404785136412148,0.1400318684682963,0.0,0.020004552638328045,0.0,0.09948506525216089
2025-23,hulkenberg,Retired,2025,7,7,True,other,False,False,False,False,True,False,False,False,False,inferred from evidence,0.4945683374392911,0.43175117070816765,0.07368049185254123,0.4945683374392911,0.30222581949571736,0.0,0.04317511707081677,0.0,0.16003072599417478
2026-01,alonso,Retired,2026,34,22,True,other,False,False,False,False,True,True,False,False,False,inferred from evidence,0.5251678488046435,0.4251593130893762,0.04967283810598018,0.5251678488046435,0.29761151916256334,0.0,0.042515931308937625,0.0,0.13470470072385543
2026-01,bottas,Retired,2026,17,16,True,other,False,False,False,False,True,False,True,False,False,inferred from evidence,0.3660678230041052,0.5727054894486956,0.06122668754719914,0.3660678230041052,0.4008938426140869,0.0,0.05727054894486956,0.0,0.17576778543693827
2026-01,hadjar,Retired,2026,11,11,True,other,False,False,False,False,True,False,False,False,False,inferred from evidence,0.4945683374392911,0.43175117070816765,0.07368049185254123,0.4945683374392911,0.30222581949571736,0.0,0.04317511707081677,0.0,0.16003072599417478
2026-02,max_verstappen,Retired,2026,47,46,True,other,False,False,False,False,False,True,False,False,False,inferred from evidence,0.7404785136412148,0.20004552638328044,0.059475959975504804,0.7404785136412148,0.1400318684682963,0.0,0.020004552638328045,0.0,0.09948506525216089
2026-02,alonso,Retired,2026,34,33,True,other,False,False,False,False,False,True,True,False,False,inferred from evidence,0.635193648543734,0.307528311699034,0.05727803975723202,0.635193648543734,0.21526981818932378,0.0,0.0307528311699034,0.0,0.11878370209703883
2026-02,stroll,Retired,2026,10,10,True,other,False,False,False,False,True,False,False,False,False,inferred from evidence,0.4945683374392911,0.43175117070816765,0.07368049185254123,0.4945683374392911,0.30222581949571736,0.0,0.04317511707081677,0.0,0.16003072599417478
2026-03,stroll,Retired,2026,31,31,True,other,False,False,False,False,False,True,False,False,False,inferred from evidence,0.7404785136412148,0.20004552638328044,0.059475959975504804,0.7404785136412148,0.1400318684682963,0.0,0.020004552638328045,0.0,0.09948506525216089
2026-03,bearman,Retired,2026,21,21,True,other,False,False,False,False,True,False,False,False,False,inferred from evidence,0.4945683374392911,0.43175117070816765,0.07368049185254123,0.4945683374392911,0.30222581949571736,0.0,0.04317511707081677,0.0,0.16003072599417478
2026-04,hulkenberg,Retired,2026,8,8,True,other,False,False,True,False,False,True,False,False,False,inferred from evidence,0.5886731996859326,0.3573947358896036,0.05393206442446387,0.5886731996859326,0.10721842076688107,0.10721842076688107,0.0,0.0,0.1968899587803053
2026-04,lawson,Retired,2026,7,7,True,other,False,False,True,False,True,True,False,False,False,inferred from evidence,0.34162174101517356,0.6215220954021409,0.03685616358268566,0.34162174101517356,0.18645662862064225,0.18645662862064225,0.0,0.0,0.285465001743542
2026-04,gasly,Retired,2026,5,5,True,other,False,False,True,False,True,False,False,False,False,inferred from evidence,0.3193077309736789,0.6264323149495049,0.05425995407681624,0.3193077309736789,0.18792969448485147,0.18792969448485147,0.0,0.0,0.3048328800566182
2026-04,hadjar,Retired,2026,5,5,True,other,False,False,True,False,True,False,False,False,False,inferred from evidence,0.3193077309736789,0.6264323149495049,0.05425995407681624,0.3193077309736789,0.18792969448485147,0.18792969448485147,0.0,0.0,0.3048328800566182
2026-05,perez,Retired,2026,42,40,True,other,False,False,False,False,False,True,False,False,False,inferred from evidence,0.7404785136412148,0.20004552638328044,0.059475959975504804,0.7404785136412148,0.1400318684682963,0.0,0.020004552638328045,0.0,0.09948506525216089
2026-05,norris,Retired,2026,39,39,True,other,False,False,False,False,False,False,False,False,False,inferred from evidence,0.7053018871890786,0.205468417859078,0.08922969495184346,0.7053018871890786,0.14382789250135458,0.0,0.0205468417859078,0.0,0.13032337852365905
2026-05,russell,Retired,2026,30,30,True,other,False,False,False,False,True,False,False,False,False,inferred from evidence,0.4945683374392911,0.43175117070816765,0.07368049185254123,0.4945683374392911,0.30222581949571736,0.0,0.04317511707081677,0.0,0.16003072599417478
2026-05,alonso,Retired,2026,25,24,True,other,False,False,False,False,False,True,False,False,False,inferred from evidence,0.7404785136412148,0.20004552638328044,0.059475959975504804,0.7404785136412148,0.1400318684682963,0.0,0.020004552638328045,0.0,0.09948506525216089
2026-05,albon,Retired,2026,12,12,True,other,False,False,False,False,False,False,False,False,False,inferred from evidence,0.7053018871890786,0.205468417859078,0.08922969495184346,0.7053018871890786,0.14382789250135458,0.0,0.0205468417859078,0.0,0.13032337852365905
2026-06,sainz,Retired,2026,71,71,True,other,False,False,False,False,False,False,True,False,False,inferred from evidence,0.6009228869380712,0.31372660556598536,0.08535050749594356,0.6009228869380712,0.21960862389618974,0.0,0.031372660556598535,0.0,0.1480958286091406
2026-06,leclerc,Retired,2026,65,65,True,other,False,False,False,False,True,False,True,False,False,inferred from evidence,0.3660678230041052,0.5727054894486956,0.06122668754719914,0.3660678230041052,0.4008938426140869,0.0,0.05727054894486956,0.0,0.17576778543693827
2026-06,stroll,Retired,2026,59,57,True,other,False,False,False,False,True,False,False,False,False,inferred from evidence,0.4945683374392911,0.43175117070816765,0.07368049185254123,0.4945683374392911,0.30222581949571736,0.0,0.04317511707081677,0.0,0.16003072599417478
2026-06,norris,Retired,2026,44,44,True,other,False,False,False,False,False,True,False,False,False,inferred from evidence,0.7404785136412148,0.20004552638328044,0.059475959975504804,0.7404785136412148,0.1400318684682963,0.0,0.020004552638328045,0.0,0.09948506525216089
2026-06,bearman,Retired,2026,29,28,True,other,False,False,False,False,False,True,False,False,False,inferred from evidence,0.7404785136412148,0.20004552638328044,0.059475959975504804,0.7404785136412148,0.1400318684682963,0.0,0.020004552638328045,0.0,0.09948506525216089
2026-06,bottas,Retired,2026,17,16,True,other,False,False,False,False,False,True,False,False,False,inferred from evidence,0.7404785136412148,0.20004552638328044,0.059475959975504804,0.7404785136412148,0.1400318684682963,0.0,0.020004552638328045,0.0,0.09948506525216089
2026-06,max_verstappen,Retired,2026,1,1,True,other,True,False,False,False,False,False,False,False,False,inferred from evidence,0.314132892436084,0.6437309966821239,0.04213611088179201,0.314132892436084,0.45061169767748666,0.0,0.06437309966821239,0.0,0.1708823102182168
2026-07,leclerc,Retired,2026,63,63,True,other,False,False,True,False,True,True,False,False,False,inferred from evidence,0.34162174101517356,0.6215220954021409,0.03685616358268566,0.34162174101517356,0.18645662862064225,0.18645662862064225,0.0,0.0,0.285465001743542
2026-07,antonelli,Retired,2026,62,62,True,other,False,False,True,False,True,False,False,False,False,inferred from evidence,0.3193077309736789,0.6264323149495049,0.05425995407681624,0.3193077309736789,0.18792969448485147,0.18792969448485147,0.0,0.0,0.3048328800566182
2026-07,bearman,Retired,2026,63,61,True,other,False,False,True,False,True,True,False,False,False,inferred from evidence,0.34162174101517356,0.6215220954021409,0.03685616358268566,0.34162174101517356,0.18645662862064225,0.18645662862064225,0.0,0.0,0.285465001743542
2026-07,alonso,Retired,2026,39,38,True,other,False,False,False,False,False,False,False,False,False,inferred from evidence,0.7053018871890786,0.205468417859078,0.08922969495184346,0.7053018871890786,0.14382789250135458,0.0,0.0205468417859078,0.0,0.13032337852365905
2026-07,hulkenberg,Retired,2026,30,30,True,other,False,False,False,False,False,True,False,False,False,inferred from evidence,0.7404785136412148,0.20004552638328044,0.059475959975504804,0.7404785136412148,0.1400318684682963,0.0,0.020004552638328045,0.0,0.09948506525216089
2026-07,bottas,Retired,2026,17,16,True,other,False,False,False,False,False,True,True,False,False,inferred from evidence,0.635193648543734,0.307528311699034,0.05727803975723202,0.635193648543734,0.21526981818932378,0.0,0.0307528311699034,0.0,0.11878370209703883
2026-07,stroll,Retired,2026,6,6,True,other,False,False,False,False,False,True,False,False,False,inferred from evidence,0.7404785136412148,0.20004552638328044,0.059475959975504804,0.7404785136412148,0.1400318684682963,0.0,0.020004552638328045,0.0,0.09948506525216089
2026-08,stroll,Retired,2026,48,46,True,other,False,False,False,False,False,True,False,False,False,inferred from evidence,0.7404785136412148,0.20004552638328044,0.059475959975504804,0.7404785136412148,0.1400318684682963,0.0,0.020004552638328045,0.0,0.09948506525216089
2026-08,sainz,Retired,2026,24,24,True,other,False,False,False,False,True,False,False,False,False,inferred from evidence,0.4945683374392911,0.43175117070816765,0.07368049185254123,0.4945683374392911,0.30222581949571736,0.0,0.04317511707081677,0.0,0.16003072599417478
2026-08,perez,Retired,2026,5,5,True,other,False,False,False,False,False,True,False,False,False,inferred from evidence,0.7404785136412148,0.20004552638328044,0.059475959975504804,0.7404785136412148,0.1400318684682963,0.0,0.020004552638328045,0.0,0.09948506525216089
2026-08,bottas,Retired,2026,3,3,True,other,False,False,False,False,False,True,False,False,False,inferred from evidence,0.7404785136412148,0.20004552638328044,0.059475959975504804,0.7404785136412148,0.1400318684682963,0.0,0.020004552638328045,0.0,0.09948506525216089
2026-09,max_verstappen,Retired,2026,47,47,True,other,False,False,True,False,True,False,False,False,False,inferred from evidence,0.3193077309736789,0.6264323149495049,0.05425995407681624,0.3193077309736789,0.18792969448485147,0.18792969448485147,0.0,0.0,0.3048328800566182
2026-09,albon,Retired,2026,47,44,True,other,False,False,True,False,True,True,False,False,False,inferred from evidence,0.34162174101517356,0.6215220954021409,0.03685616358268566,0.34162174101517356,0.18645662862064225,0.18645662862064225,0.0,0.0,0.285465001743542
2026-09,hulkenberg,Retired,2026,38,37,True,other,False,False,False,False,True,False,False,False,False,inferred from evidence,0.4945683374392911,0.43175117070816765,0.07368049185254123,0.4945683374392911,0.30222581949571736,0.0,0.04317511707081677,0.0,0.16003072599417478
2026-10,stroll,Retired,2026,27,26,True,other,False,False,False,False,False,True,False,False,False,inferred from evidence,0.7404785136412148,0.20004552638328044,0.059475959975504804,0.7404785136412148,0.1400318684682963,0.0,0.020004552638328045,0.0,0.09948506525216089
2026-10,perez,Retired,2026,14,14,True,other,False,False,False,False,False,True,False,False,False,inferred from evidence,0.7404785136412148,0.20004552638328044,0.059475959975504804,0.7404785136412148,0.1400318684682963,0.0,0.020004552638328045,0.0,0.09948506525216089
2026-10,russell,Retired,2026,1,1,True,other,True,True,True,False,True,False,False,False,True,inferred from evidence,0.015850600984179487,0.9812455280319423,0.0029038709838782564,0.015850600984179487,0.09812455280319424,0.6868718696223596,0.0,0.0,0.19915297659026673
2026-11,piastri,Retired,2026,56,56,True,other,False,False,False,False,True,False,False,False,False,inferred from evidence,0.4945683374392911,0.43175117070816765,0.07368049185254123,0.4945683374392911,0.30222581949571736,0.0,0.04317511707081677,0.0,0.16003072599417478
2026-11,perez,Retired,2026,52,49,True,other,False,False,False,False,False,True,True,False,False,inferred from evidence,0.635193648543734,0.307528311699034,0.05727803975723202,0.635193648543734,0.21526981818932378,0.0,0.0307528311699034,0.0,0.11878370209703883
2026-11,bottas,Retired,2026,14,14,True,other,False,False,False,False,False,True,False,False,False,inferred from evidence,0.7404785136412148,0.20004552638328044,0.059475959975504804,0.7404785136412148,0.1400318684682963,0.0,0.020004552638328045,0.0,0.09948506525216089
2026-12,albon,Retired,2026,69,67,True,other,False,False,False,False,True,True,True,False,False,inferred from evidence,0.39108080479212104,0.5673912593766739,0.041527935831205065,0.39108080479212104,0.3971738815636717,0.0,0.05673912593766739,0.0,0.15500618770653984
2026-12,bottas,Retired,2026,64,62,True,other,False,False,False,False,False,True,False,False,False,inferred from evidence,0.7404785136412148,0.20004552638328044,0.059475959975504804,0.7404785136412148,0.1400318684682963,0.0,0.020004552638328045,0.0,0.09948506525216089
2026-12,ocon,Retired,2026,54,53,True,other,False,False,False,False,True,False,False,False,False,inferred from evidence,0.4945683374392911,0.43175117070816765,0.07368049185254123,0.4945683374392911,0.30222581949571736,0.0,0.04317511707081677,0.0,0.16003072599417478
2026-12,stroll,Retired,2026,47,46,True,other,False,False,False,False,False,True,False,False,False,inferred from evidence,0.7404785136412148,0.20004552638328044,0.059475959975504804,0.7404785136412148,0.1400318684682963,0.0,0.020004552638328045,0.0,0.09948506525216089
2026-12,bearman,Retired,2026,3,3,True,other,False,False,False,False,True,True,False,False,False,inferred from evidence,0.5251678488046435,0.4251593130893762,0.04967283810598018,0.5251678488046435,0.29761151916256334,0.0,0.042515931308937625,0.0,0.13470470072385543
2026-12,max_verstappen,Retired,2026,1,1,True,other,True,False,False,False,True,False,False,False,False,inferred from evidence,0.13700881172377918,0.8413499862371125,0.021641202039108166,0.13700881172377918,0.5889449903659787,0.0,0.08413499862371127,0.0,0.1899111992865307
2026-13,stroll,Retired,2026,27,27,True,other,False,False,False,False,True,False,False,False,False,inferred from evidence,0.4945683374392911,0.43175117070816765,0.07368049185254123,0.4945683374392911,0.30222581949571736,0.0,0.04317511707081677,0.0,0.16003072599417478
2026-13,alonso,Retired,2026,24,24,True,other,False,False,False,False,False,True,False,False,False,inferred from evidence,0.7404785136412148,0.20004552638328044,0.059475959975504804,0.7404785136412148,0.1400318684682963,0.0,0.020004552638328045,0.0,0.09948506525216089
2026-13,leclerc,Retired,2026,2,2,True,other,False,True,True,False,True,True,False,False,False,inferred from evidence,0.10786363115786995,0.8803033764700854,0.011832992372044705,0.10786363115786995,0.2640910129410256,0.2640910129410256,0.0,0.0,0.3639543429600789
2026-14,sainz,Retired,2026,46,44,True,other,False,False,False,False,False,True,False,False,False,inferred from evidence,0.7404785136412148,0.20004552638328044,0.059475959975504804,0.7404785136412148,0.1400318684682963,0.0,0.020004552638328045,0.0,0.09948506525216089
2026-14,perez,Retired,2026,33,32,True,other,False,False,False,False,False,True,True,False,False,inferred from evidence,0.635193648543734,0.307528311699034,0.05727803975723202,0.635193648543734,0.21526981818932378,0.0,0.0307528311699034,0.0,0.11878370209703883
2026-14,stroll,Retired,2026,13,13,True,other,False,False,False,False,True,False,False,False,False,inferred from evidence,0.4945683374392911,0.43175117070816765,0.07368049185254123,0.4945683374392911,0.30222581949571736,0.0,0.04317511707081677,0.0,0.16003072599417478
2026-14,hamilton,Retired,2026,7,7,True,other,False,False,False,False,False,True,True,False,False,inferred from evidence,0.635193648543734,0.307528311699034,0.05727803975723202,0.635193648543734,0.21526981818932378,0.0,0.0307528311699034,0.0,0.11878370209703883
2026-15,bottas,Retired,2026,50,50,True,other,False,False,False,False,False,False,False,False,False,inferred from evidence,0.7053018871890786,0.205468417859078,0.08922969495184346,0.7053018871890786,0.14382789250135458,0.0,0.0205468417859078,0.0,0.13032337852365905
2026-15,colapinto,Retired,2026,37,37,True,other,False,True,True,False,True,True,True,True,False,inferred from evidence,0.06349621557756724,0.9286835388634064,0.007820245559026483,0.06349621557756724,0.6500784772043844,0.09286835388634064,0.0,0.0,0.19355695333170778
2026-15,gasly,Retired,2026,36,36,True,other,False,False,True,False,True,False,True,False,False,inferred from evidence,0.21246755232106948,0.7469988079255987,0.04053363975333169,0.21246755232106948,0.2240996423776796,0.2240996423776796,0.0,0.0,0.3393331629235712
2026-15,norris,Retired,2026,36,36,True,other,False,False,True,False,True,False,True,False,False,inferred from evidence,0.21246755232106948,0.7469988079255987,0.04053363975333169,0.21246755232106948,0.2240996423776796,0.2240996423776796,0.0,0.0,0.3393331629235712
2026-15,albon,Retired,2026,30,30,True,other,False,False,False,False,True,False,False,False,False,inferred from evidence,0.4945683374392911,0.43175117070816765,0.07368049185254123,0.4945683374392911,0.30222581949571736,0.0,0.04317511707081677,0.0,0.16003072599417478
2026-15,alonso,Retired,2026,21,21,True,other,False,False,False,False,False,True,False,False,False,inferred from evidence,0.7404785136412148,0.20004552638328044,0.059475959975504804,0.7404785136412148,0.1400318684682963,0.0,0.020004552638328045,0.0,0.09948506525216089
2026-15,stroll,Retired,2026,8,8,True,other,False,False,False,False,False,False,False,False,False,inferred from evidence,0.7053018871890786,0.205468417859078,0.08922969495184346,0.7053018871890786,0.14382789250135458,0.0,0.0205468417859078,0.0,0.13032337852365905
