Driver,team,clean,clean_air,battle,passes_made,passes_suffered,driver_id,season,round,event_id,wet,pace,pace_laps
ALO,McLaren,40,27,1,0,0,alonso,2018,1,2018-01,True,,
BOT,Mercedes,40,1,21,1,0,bottas,2018,1,2018-01,True,,
ERI,Sauber,0,0,0,0,0,ericsson,2018,1,2018-01,True,,
GAS,Toro Rosso,5,5,0,0,0,gasly,2018,1,2018-01,True,,
GRO,Haas F1 Team,14,1,2,0,0,grosjean,2018,1,2018-01,True,,
HAM,Mercedes,39,20,11,0,0,hamilton,2018,1,2018-01,True,,
HAR,Toro Rosso,39,39,0,0,0,brendon_hartley,2018,1,2018-01,True,,
HUL,Renault,40,10,6,0,0,hulkenberg,2018,1,2018-01,True,,
LEC,Sauber,38,27,3,1,0,leclerc,2018,1,2018-01,True,,
MAG,Haas F1 Team,13,13,0,0,0,kevin_magnussen,2018,1,2018-01,True,,
OCO,Force India,40,35,4,0,0,ocon,2018,1,2018-01,True,,
PER,Force India,40,7,9,0,0,perez,2018,1,2018-01,True,,
RAI,Ferrari,38,37,0,0,0,raikkonen,2018,1,2018-01,True,,
RIC,Red Bull Racing,40,1,27,0,0,ricciardo,2018,1,2018-01,True,,
SAI,Renault,39,27,1,0,0,sainz,2018,1,2018-01,True,,
SIR,Williams,0,0,0,0,0,sirotkin,2018,1,2018-01,True,,
STR,Williams,40,26,9,0,1,stroll,2018,1,2018-01,True,,
VAN,McLaren,39,28,2,0,1,vandoorne,2018,1,2018-01,True,,
VER,Red Bull Racing,38,0,27,0,0,max_verstappen,2018,1,2018-01,True,,
VET,Ferrari,41,38,0,0,0,vettel,2018,1,2018-01,True,,
ALO,McLaren,41,26,7,3,0,alonso,2018,2,2018-02,False,-1.2277163407598175,19.0
BOT,Mercedes,44,39,3,0,0,bottas,2018,2,2018-02,False,0.2302937456674141,28.0
ERI,Sauber,41,23,13,1,4,ericsson,2018,2,2018-02,False,-1.5234599610306578,23.0
GAS,Toro Rosso,41,37,2,1,1,gasly,2018,2,2018-02,False,-0.8279063960933509,14.0
GRO,Haas F1 Team,36,18,11,4,2,grosjean,2018,2,2018-02,False,,
HAM,Mercedes,45,44,2,1,0,hamilton,2018,2,2018-02,False,0.31942959884904815,44.0
HAR,Toro Rosso,39,28,6,2,0,brendon_hartley,2018,2,2018-02,False,-1.503363880458533,14.0
HUL,Renault,41,28,7,2,0,hulkenberg,2018,2,2018-02,False,-1.1420132193493284,12.0
LEC,Sauber,43,32,4,0,10,leclerc,2018,2,2018-02,False,-1.7551945119780492,12.0
MAG,Haas F1 Team,42,32,7,3,0,kevin_magnussen,2018,2,2018-02,False,-0.5922917069583374,23.0
OCO,Force India,40,13,14,4,1,ocon,2018,2,2018-02,False,-1.7658850858562019,13.0
PER,Force India,42,14,9,4,2,perez,2018,2,2018-02,False,,
RAI,Ferrari,23,16,0,0,0,raikkonen,2018,2,2018-02,False,,
RIC,Red Bull Racing,0,0,0,0,0,ricciardo,2018,2,2018-02,False,,
SAI,Renault,41,17,18,5,3,sainz,2018,2,2018-02,False,-0.6499129370661467,17.0
SIR,Williams,41,34,3,0,7,sirotkin,2018,2,2018-02,False,-2.3630777804910474,19.0
STR,Williams,42,14,22,3,9,stroll,2018,2,2018-02,False,,
VAN,McLaren,42,30,8,6,0,vandoorne,2018,2,2018-02,False,-1.442030709939704,30.0
VER,Red Bull Racing,0,0,0,0,0,max_verstappen,2018,2,2018-02,False,,
VET,Ferrari,44,41,3,0,0,vettel,2018,2,2018-02,False,0.3991011337562963,32.0
ALO,McLaren,19,5,13,2,0,alonso,2018,3,2018-03,True,,
BOT,Mercedes,19,18,0,0,1,bottas,2018,3,2018-03,True,,
ERI,Sauber,19,15,4,0,0,ericsson,2018,3,2018-03,True,,
GAS,Toro Rosso,20,1,14,0,0,gasly,2018,3,2018-03,True,,
GRO,Haas F1 Team,17,13,3,1,2,grosjean,2018,3,2018-03,True,,
HAM,Mercedes,19,10,3,0,3,hamilton,2018,3,2018-03,True,,
HAR,Toro Rosso,14,0,12,0,0,brendon_hartley,2018,3,2018-03,True,,
HUL,Renault,19,17,0,1,0,hulkenberg,2018,3,2018-03,True,,
LEC,Sauber,19,17,1,0,1,leclerc,2018,3,2018-03,True,,
MAG,Haas F1 Team,19,16,1,0,2,kevin_magnussen,2018,3,2018-03,True,,
OCO,Force India,19,8,9,2,0,ocon,2018,3,2018-03,True,,
PER,Force India,19,4,16,2,0,perez,2018,3,2018-03,True,,
RAI,Ferrari,19,4,12,0,1,raikkonen,2018,3,2018-03,True,,
RIC,Red Bull Racing,19,11,5,4,0,ricciardo,2018,3,2018-03,True,,
SAI,Renault,19,5,8,2,0,sainz,2018,3,2018-03,True,,
SIR,Williams,20,2,4,0,0,sirotkin,2018,3,2018-03,True,,
STR,Williams,19,13,1,0,1,stroll,2018,3,2018-03,True,,
VAN,McLaren,19,15,1,0,2,vandoorne,2018,3,2018-03,True,,
VER,Red Bull Racing,19,3,9,2,0,max_verstappen,2018,3,2018-03,True,,
VET,Ferrari,19,12,1,0,3,vettel,2018,3,2018-03,True,,
ALO,McLaren,30,22,4,4,2,alonso,2018,4,2018-04,False,,
BOT,Mercedes,30,29,0,0,0,bottas,2018,4,2018-04,False,,
ERI,Sauber,25,18,5,2,0,ericsson,2018,4,2018-04,False,,
GAS,Toro Rosso,27,22,5,3,5,gasly,2018,4,2018-04,False,,
GRO,Haas F1 Team,28,12,8,3,1,grosjean,2018,4,2018-04,False,,
HAM,Mercedes,28,27,0,1,0,hamilton,2018,4,2018-04,False,,
HAR,Toro Rosso,26,20,5,1,4,brendon_hartley,2018,4,2018-04,False,,
HUL,Renault,4,0,2,4,1,hulkenberg,2018,4,2018-04,False,,
LEC,Sauber,27,18,6,3,1,leclerc,2018,4,2018-04,False,,
MAG,Haas F1 Team,28,24,2,0,4,kevin_magnussen,2018,4,2018-04,False,,
OCO,Force India,0,0,0,0,0,ocon,2018,4,2018-04,False,,
PER,Force India,29,21,4,2,0,perez,2018,4,2018-04,False,,
RAI,Ferrari,30,21,4,3,0,raikkonen,2018,4,2018-04,False,,
RIC,Red Bull Racing,27,5,11,0,2,ricciardo,2018,4,2018-04,False,,
SAI,Renault,28,23,5,5,2,sainz,2018,4,2018-04,False,,
SIR,Williams,0,0,0,0,0,sirotkin,2018,4,2018-04,False,,
STR,Williams,28,13,9,2,6,stroll,2018,4,2018-04,False,,
VAN,McLaren,25,19,1,0,2,vandoorne,2018,4,2018-04,False,,
VER,Red Bull Racing,26,17,5,1,3,max_verstappen,2018,4,2018-04,False,,
VET,Ferrari,28,28,0,0,1,vettel,2018,4,2018-04,False,,
ALO,McLaren,53,30,13,2,0,alonso,2018,5,2018-05,True,,
BOT,Mercedes,53,31,1,0,0,bottas,2018,5,2018-05,True,,
ERI,Sauber,53,49,1,0,1,ericsson,2018,5,2018-05,True,,
GAS,Toro Rosso,0,0,0,0,0,gasly,2018,5,2018-05,True,,
GRO,Haas F1 Team,0,0,0,0,0,grosjean,2018,5,2018-05,True,,
HAM,Mercedes,53,48,2,0,0,hamilton,2018,5,2018-05,True,,
HAR,Toro Rosso,53,29,7,1,3,brendon_hartley,2018,5,2018-05,True,,
HUL,Renault,0,0,0,0,0,hulkenberg,2018,5,2018-05,True,,
LEC,Sauber,52,32,4,1,1,leclerc,2018,5,2018-05,True,,
MAG,Haas F1 Team,54,53,1,0,1,kevin_magnussen,2018,5,2018-05,True,,
OCO,Force India,30,12,8,1,1,ocon,2018,5,2018-05,True,,
PER,Force India,53,37,13,2,0,perez,2018,5,2018-05,True,,
RAI,Ferrari,18,12,0,0,1,raikkonen,2018,5,2018-05,True,,
RIC,Red Bull Racing,54,45,0,0,0,ricciardo,2018,5,2018-05,True,,
SAI,Renault,53,42,9,0,0,sainz,2018,5,2018-05,True,,
SIR,Williams,51,43,0,1,1,sirotkin,2018,5,2018-05,True,,
STR,Williams,53,49,1,0,1,stroll,2018,5,2018-05,True,,
VAN,McLaren,34,11,16,0,0,vandoorne,2018,5,2018-05,True,,
VER,Red Bull Racing,54,37,0,1,0,max_verstappen,2018,5,2018-05,True,,
VET,Ferrari,54,47,3,1,0,vettel,2018,5,2018-05,True,,
ALO,McLaren,47,33,0,0,0,alonso,2018,6,2018-06,True,,
BOT,Mercedes,66,17,14,0,0,bottas,2018,6,2018-06,True,,
ERI,Sauber,67,21,15,0,1,ericsson,2018,6,2018-06,True,,
GAS,Toro Rosso,67,43,12,0,0,gasly,2018,6,2018-06,True,,
GRO,Haas F1 Team,67,55,8,0,0,grosjean,2018,6,2018-06,True,,
HAM,Mercedes,68,51,0,0,0,hamilton,2018,6,2018-06,True,,
HAR,Toro Rosso,64,47,5,0,1,brendon_hartley,2018,6,2018-06,True,,
HUL,Renault,68,34,26,0,0,hulkenberg,2018,6,2018-06,True,,
LEC,Sauber,63,2,34,0,0,leclerc,2018,6,2018-06,True,,
MAG,Haas F1 Team,68,31,6,0,0,kevin_magnussen,2018,6,2018-06,True,,
OCO,Force India,67,47,7,0,0,ocon,2018,6,2018-06,True,,
PER,Force India,67,10,29,0,0,perez,2018,6,2018-06,True,,
RAI,Ferrari,67,44,10,0,0,raikkonen,2018,6,2018-06,True,,
RIC,Red Bull Racing,67,67,0,0,0,ricciardo,2018,6,2018-06,True,,
SAI,Renault,68,54,0,0,1,sainz,2018,6,2018-06,True,,
SIR,Williams,64,60,3,0,0,sirotkin,2018,6,2018-06,True,,
STR,Williams,63,57,5,0,1,stroll,2018,6,2018-06,True,,
VAN,McLaren,67,20,25,0,0,vandoorne,2018,6,2018-06,True,,
VER,Red Bull Racing,68,19,33,4,0,max_verstappen,2018,6,2018-06,True,,
VET,Ferrari,67,11,6,0,0,vettel,2018,6,2018-06,True,,
ALO,McLaren,34,21,10,3,0,alonso,2018,7,2018-07,False,,
BOT,Mercedes,63,60,0,0,0,bottas,2018,7,2018-07,False,,
ERI,Sauber,64,41,20,0,2,ericsson,2018,7,2018-07,False,,
GAS,Toro Rosso,63,30,12,3,0,gasly,2018,7,2018-07,False,,
GRO,Haas F1 Team,63,29,14,1,2,grosjean,2018,7,2018-07,False,,
HAM,Mercedes,63,19,17,0,0,hamilton,2018,7,2018-07,False,,
HAR,Toro Rosso,0,0,0,0,0,brendon_hartley,2018,7,2018-07,False,,
HUL,Renault,63,48,12,1,0,hulkenberg,2018,7,2018-07,False,,
LEC,Sauber,63,50,3,1,0,leclerc,2018,7,2018-07,False,,
MAG,Haas F1 Team,63,50,5,1,3,kevin_magnussen,2018,7,2018-07,False,,
OCO,Force India,63,28,10,0,0,ocon,2018,7,2018-07,False,,
PER,Force India,61,18,18,4,4,perez,2018,7,2018-07,False,,
RAI,Ferrari,63,44,8,0,0,raikkonen,2018,7,2018-07,False,,
RIC,Red Bull Racing,63,47,4,0,0,ricciardo,2018,7,2018-07,False,,
SAI,Renault,63,14,10,1,0,sainz,2018,7,2018-07,False,,
SIR,Williams,62,55,3,0,4,sirotkin,2018,7,2018-07,False,,
STR,Williams,0,0,0,0,0,stroll,2018,7,2018-07,False,,
VAN,McLaren,62,38,18,1,1,vandoorne,2018,7,2018-07,False,,
VER,Red Bull Racing,63,53,6,0,0,max_verstappen,2018,7,2018-07,False,,
VET,Ferrari,63,63,0,0,0,vettel,2018,7,2018-07,False,,
ALO,McLaren,40,18,16,2,2,alonso,2018,8,2018-08,True,,
BOT,Mercedes,41,17,12,8,0,bottas,2018,8,2018-08,True,,
ERI,Sauber,40,26,5,2,4,ericsson,2018,8,2018-08,True,,
GAS,Toro Rosso,0,0,0,0,0,gasly,2018,8,2018-08,True,,
GRO,Haas F1 Team,41,30,7,2,3,grosjean,2018,8,2018-08,True,,
HAM,Mercedes,42,42,0,0,0,hamilton,2018,8,2018-08,True,,
HAR,Toro Rosso,40,27,7,2,3,brendon_hartley,2018,8,2018-08,True,,
HUL,Renault,41,28,5,3,2,hulkenberg,2018,8,2018-08,True,,
LEC,Sauber,41,22,5,1,3,leclerc,2018,8,2018-08,True,,
MAG,Haas F1 Team,41,32,3,1,2,kevin_magnussen,2018,8,2018-08,True,,
OCO,Force India,0,0,0,0,0,ocon,2018,8,2018-08,True,,
PER,Force India,21,3,0,0,3,perez,2018,8,2018-08,True,,
RAI,Ferrari,41,33,5,3,0,raikkonen,2018,8,2018-08,True,,
RIC,Red Bull Racing,41,35,3,2,1,ricciardo,2018,8,2018-08,True,,
SAI,Renault,41,35,2,2,3,sainz,2018,8,2018-08,True,,
SIR,Williams,42,0,12,0,3,sirotkin,2018,8,2018-08,True,,
STR,Williams,42,32,5,0,5,stroll,2018,8,2018-08,True,,
VAN,McLaren,40,35,2,1,4,vandoorne,2018,8,2018-08,True,,
VER,Red Bull Racing,42,41,0,0,0,max_verstappen,2018,8,2018-08,True,,
VET,Ferrari,41,26,10,10,1,vettel,2018,8,2018-08,True,,
ALO,McLaren,58,38,14,1,1,alonso,2018,9,2018-09,False,-1.4634546449295898,38.0
BOT,Mercedes,9,6,0,0,0,bottas,2018,9,2018-09,False,,
ERI,Sauber,56,16,13,0,1,ericsson,2018,9,2018-09,False,-0.8171604689209004,15.0
GAS,Toro Rosso,58,39,10,1,1,gasly,2018,9,2018-09,False,-1.730527596275105,38.0
GRO,Haas F1 Team,55,47,1,0,1,grosjean,2018,9,2018-09,False,-1.3301338203943411,41.0
HAM,Mercedes,47,25,12,0,1,hamilton,2018,9,2018-09,False,,
HAR,Toro Rosso,46,19,9,0,1,brendon_hartley,2018,9,2018-09,False,,
HUL,Renault,9,0,5,0,0,hulkenberg,2018,9,2018-09,False,,
LEC,Sauber,57,28,12,3,0,leclerc,2018,9,2018-09,False,-1.5875812698694265,27.0
MAG,Haas F1 Team,55,35,11,2,0,kevin_magnussen,2018,9,2018-09,False,-1.4127046627650015,18.0
OCO,Force India,57,44,6,0,1,ocon,2018,9,2018-09,False,-1.4858627463365193,42.0
PER,Force India,55,37,10,2,0,perez,2018,9,2018-09,False,-1.5865316482268093,27.0
RAI,Ferrari,56,34,6,0,1,raikkonen,2018,9,2018-09,False,0.6648464155205791,29.0
RIC,Red Bull Racing,44,32,8,1,0,ricciardo,2018,9,2018-09,False,0.11557569939103214,18.0
SAI,Renault,56,29,14,2,1,sainz,2018,9,2018-09,False,,
SIR,Williams,53,45,2,1,1,sirotkin,2018,9,2018-09,False,-2.2503614189684837,25.0
STR,Williams,55,36,4,0,5,stroll,2018,9,2018-09,False,-2.235240924716253,28.0
VAN,McLaren,49,49,0,0,0,vandoorne,2018,9,2018-09,False,-2.216169393598865,48.0
VER,Red Bull Racing,55,52,0,0,0,max_verstappen,2018,9,2018-09,False,0.4051417090873679,46.0
VET,Ferrari,56,29,2,2,0,vettel,2018,9,2018-09,False,0.548540854155862,25.0
ALO,McLaren,31,8,17,1,2,alonso,2018,10,2018-10,False,,
BOT,Mercedes,31,30,0,0,1,bottas,2018,10,2018-10,False,-1.146861697654892,30.0
ERI,Sauber,24,4,9,0,0,ericsson,2018,10,2018-10,False,,
GAS,Toro Rosso,32,18,9,1,1,gasly,2018,10,2018-10,False,-3.2534642395588893,18.0
GRO,Haas F1 Team,24,8,6,0,1,grosjean,2018,10,2018-10,False,,
HAM,Mercedes,30,19,5,8,0,hamilton,2018,10,2018-10,False,-0.6958477364437489,19.0
HAR,Toro Rosso,0,0,0,0,0,brendon_hartley,2018,10,2018-10,False,,
HUL,Renault,32,30,1,0,2,hulkenberg,2018,10,2018-10,False,-2.538138412218749,30.0
LEC,Sauber,14,0,1,0,2,leclerc,2018,10,2018-10,False,,
MAG,Haas F1 Team,31,19,9,1,2,kevin_magnussen,2018,10,2018-10,False,-3.086111692018234,19.0
OCO,Force India,33,13,3,0,2,ocon,2018,10,2018-10,False,-3.1064182332460044,13.0
PER,Force India,31,6,13,3,1,perez,2018,10,2018-10,False,,
RAI,Ferrari,30,8,10,5,0,raikkonen,2018,10,2018-10,False,,
RIC,Red Bull Racing,29,9,9,0,0,ricciardo,2018,10,2018-10,False,,
SAI,Renault,24,8,2,0,1,sainz,2018,10,2018-10,False,,
SIR,Williams,31,30,0,0,1,sirotkin,2018,10,2018-10,False,-4.555011421918183,30.0
STR,Williams,31,20,1,0,2,stroll,2018,10,2018-10,False,-4.074898169185452,20.0
VAN,McLaren,31,12,5,0,0,vandoorne,2018,10,2018-10,False,-3.3097074648232754,12.0
VER,Red Bull Racing,27,23,1,0,1,max_verstappen,2018,10,2018-10,False,-1.513505692952736,23.0
VET,Ferrari,32,28,4,0,0,vettel,2018,10,2018-10,False,-1.20410797366455,28.0
ALO,McLaren,20,12,4,1,0,alonso,2018,11,2018-11,True,,
BOT,Mercedes,27,24,0,0,0,bottas,2018,11,2018-11,True,,
ERI,Sauber,25,9,10,1,2,ericsson,2018,11,2018-11,True,,
GAS,Toro Rosso,25,21,0,0,3,gasly,2018,11,2018-11,True,,
GRO,Haas F1 Team,27,7,9,4,0,grosjean,2018,11,2018-11,True,,
HAM,Mercedes,25,25,0,0,0,hamilton,2018,11,2018-11,True,,
HAR,Toro Rosso,27,14,3,0,3,brendon_hartley,2018,11,2018-11,True,,
HUL,Renault,27,24,3,0,0,hulkenberg,2018,11,2018-11,True,,
LEC,Sauber,24,9,1,0,0,leclerc,2018,11,2018-11,True,,
MAG,Haas F1 Team,27,23,3,0,0,kevin_magnussen,2018,11,2018-11,True,,
OCO,Force India,27,12,3,1,1,ocon,2018,11,2018-11,True,,
PER,Force India,27,13,1,0,1,perez,2018,11,2018-11,True,,
RAI,Ferrari,27,17,1,0,0,raikkonen,2018,11,2018-11,True,,
RIC,Red Bull Racing,0,0,0,0,0,ricciardo,2018,11,2018-11,True,,
SAI,Renault,27,16,11,2,0,sainz,2018,11,2018-11,True,,
SIR,Williams,18,14,1,0,0,sirotkin,2018,11,2018-11,True,,
STR,Williams,18,11,2,1,0,stroll,2018,11,2018-11,True,,
VAN,McLaren,24,20,3,0,0,vandoorne,2018,11,2018-11,True,,
VER,Red Bull Racing,24,16,2,0,0,max_verstappen,2018,11,2018-11,True,,
VET,Ferrari,18,10,0,0,0,vettel,2018,11,2018-11,True,,
ALO,McLaren,58,57,0,0,1,alonso,2018,12,2018-12,False,-2.279502811053586,57.0
BOT,Mercedes,58,57,1,1,3,bottas,2018,12,2018-12,False,-1.5447600141808422,50.0
ERI,Sauber,59,46,2,0,1,ericsson,2018,12,2018-12,False,-2.7822756518739076,46.0
GAS,Toro Rosso,58,58,0,0,3,gasly,2018,12,2018-12,False,-2.2200729786214213,34.0
GRO,Haas F1 Team,58,23,11,0,1,grosjean,2018,12,2018-12,False,-3.649383691167845,12.0
HAM,Mercedes,58,58,0,0,0,hamilton,2018,12,2018-12,False,-1.2293625190807673,41.0
HAR,Toro Rosso,58,39,0,0,1,brendon_hartley,2018,12,2018-12,False,-2.0764197437990015,28.0
HUL,Renault,58,13,11,2,1,hulkenberg,2018,12,2018-12,False,,
LEC,Sauber,0,0,0,0,0,leclerc,2018,12,2018-12,False,,
MAG,Haas F1 Team,58,57,0,0,2,kevin_magnussen,2018,12,2018-12,False,-2.1929626860570828,34.0
OCO,Force India,58,52,1,0,1,ocon,2018,12,2018-12,False,-2.996571350905253,26.0
PER,Force India,59,32,13,2,1,perez,2018,12,2018-12,False,-3.27974565823838,32.0
RAI,Ferrari,56,31,9,3,0,raikkonen,2018,12,2018-12,False,-0.5845281159558237,30.0
RIC,Red Bull Racing,58,40,12,8,0,ricciardo,2018,12,2018-12,False,-0.6515482824085783,22.0
SAI,Renault,58,48,6,0,1,sainz,2018,12,2018-12,False,-2.4403442264925204,48.0
SIR,Williams,57,47,1,0,0,sirotkin,2018,12,2018-12,False,-3.8548937852614418,47.0
STR,Williams,57,51,2,0,1,stroll,2018,12,2018-12,False,-3.1457572154831266,36.0
VAN,McLaren,40,33,1,0,0,vandoorne,2018,12,2018-12,False,-2.2856424314799293,33.0
VER,Red Bull Racing,0,0,0,0,0,max_verstappen,2018,12,2018-12,False,,
VET,Ferrari,58,34,14,1,0,vettel,2018,12,2018-12,False,-0.7120852191974666,25.0
ALO,McLaren,0,0,0,0,0,alonso,2018,13,2018-13,False,,
BOT,Mercedes,37,19,11,11,0,bottas,2018,13,2018-13,False,,
ERI,Sauber,37,20,7,2,2,ericsson,2018,13,2018-13,False,,
GAS,Toro Rosso,37,29,3,0,1,gasly,2018,13,2018-13,False,-0.8434816470462141,17.0
GRO,Haas F1 Team,37,33,0,0,0,grosjean,2018,13,2018-13,False,,
HAM,Mercedes,37,35,0,0,0,hamilton,2018,13,2018-13,False,0.9537555323739504,20.0
HAR,Toro Rosso,36,31,1,0,3,brendon_hartley,2018,13,2018-13,False,-1.3311230793284456,21.0
HUL,Renault,0,0,0,0,0,hulkenberg,2018,13,2018-13,False,,
LEC,Sauber,0,0,0,0,0,leclerc,2018,13,2018-13,False,,
MAG,Haas F1 Team,37,33,2,0,1,kevin_magnussen,2018,13,2018-13,False,,
OCO,Racing Point,37,34,0,0,2,ocon,2018,13,2018-13,False,-0.4487691115084879,18.0
PER,Racing Point,37,36,0,0,2,perez,2018,13,2018-13,False,-0.23646268987300345,17.0
RAI,Ferrari,2,0,0,0,1,raikkonen,2018,13,2018-13,False,,
RIC,Red Bull Racing,25,25,0,0,0,ricciardo,2018,13,2018-13,False,-0.2345452618798675,25.0
SAI,Renault,36,18,5,3,1,sainz,2018,13,2018-13,False,,
SIR,Williams,36,28,1,1,3,sirotkin,2018,13,2018-13,False,-1.2814733632625568,15.0
STR,Williams,36,15,4,1,1,stroll,2018,13,2018-13,False,,
VAN,McLaren,36,32,3,0,3,vandoorne,2018,13,2018-13,False,-4.182021631130819,19.0
VER,Red Bull Racing,37,32,4,2,0,max_verstappen,2018,13,2018-13,False,0.6189210670004993,16.0
VET,Ferrari,37,37,0,0,0,vettel,2018,13,2018-13,False,1.2305655391020596,20.0
ALO,McLaren,54,48,3,0,0,alonso,2018,15,2018-15,False,0.6077979613387364,21.0
BOT,Mercedes,54,44,1,0,0,bottas,2018,15,2018-15,False,-0.3782738525231537,41.0
ERI,Sauber,54,44,6,0,1,ericsson,2018,15,2018-15,False,,
GAS,Toro Rosso,54,24,9,1,0,gasly,2018,15,2018-15,False,,
GRO,Haas F1 Team,54,34,3,1,0,grosjean,2018,15,2018-15,False,-1.601407811799976,24.0
HAM,Mercedes,54,54,0,0,0,hamilton,2018,15,2018-15,False,0.4641694750881718,44.0
HAR,Toro Rosso,52,25,11,1,2,brendon_hartley,2018,15,2018-15,False,,
HUL,Renault,54,41,4,2,0,hulkenberg,2018,15,2018-15,False,,
LEC,Sauber,54,32,13,0,0,leclerc,2018,15,2018-15,False,,
MAG,Haas F1 Team,49,19,8,2,0,kevin_magnussen,2018,15,2018-15,False,,
OCO,Racing Point,0,0,0,0,0,ocon,2018,15,2018-15,False,,
PER,Racing Point,50,23,17,1,0,perez,2018,15,2018-15,False,-0.08967207544643524,18.0
RAI,Ferrari,54,22,6,0,0,raikkonen,2018,15,2018-15,False,0.4017177018196278,16.0
RIC,Red Bull Racing,54,39,3,0,0,ricciardo,2018,15,2018-15,False,,
SAI,Renault,54,43,5,1,0,sainz,2018,15,2018-15,False,-0.012047788359255327,18.0
SIR,Williams,53,32,3,0,5,sirotkin,2018,15,2018-15,False,-4.355442485097766,26.0
STR,Williams,54,48,1,0,1,stroll,2018,15,2018-15,False,-3.6666990458618676,29.0
VAN,McLaren,54,31,8,0,0,vandoorne,2018,15,2018-15,False,,
VER,Red Bull Racing,54,45,3,0,0,max_verstappen,2018,15,2018-15,False,0.4252627168747445,41.0
VET,Ferrari,54,45,2,0,0,vettel,2018,15,2018-15,False,,
ALO,McLaren,48,45,2,0,1,alonso,2018,16,2018-16,True,,
BOT,Mercedes,48,37,0,0,0,bottas,2018,16,2018-16,True,,
ERI,Sauber,46,26,10,1,3,ericsson,2018,16,2018-16,True,,
GAS,Toro Rosso,2,0,2,0,0,gasly,2018,16,2018-16,True,,
GRO,Haas F1 Team,48,35,5,2,1,grosjean,2018,16,2018-16,True,,
HAM,Mercedes,48,28,2,0,0,hamilton,2018,16,2018-16,True,,
HAR,Toro Rosso,1,0,1,0,0,brendon_hartley,2018,16,2018-16,True,,
HUL,Renault,48,42,4,1,2,hulkenberg,2018,16,2018-16,True,,
LEC,Sauber,48,46,2,2,1,leclerc,2018,16,2018-16,True,,
MAG,Haas F1 Team,48,42,2,1,2,kevin_magnussen,2018,16,2018-16,True,,
OCO,Racing Point,48,5,3,1,1,ocon,2018,16,2018-16,True,,
PER,Racing Point,48,18,6,1,0,perez,2018,16,2018-16,True,,
RAI,Ferrari,48,46,1,0,0,raikkonen,2018,16,2018-16,True,,
RIC,Red Bull Racing,48,39,6,6,0,ricciardo,2018,16,2018-16,True,,
SAI,Renault,47,40,2,0,9,sainz,2018,16,2018-16,True,,
SIR,Williams,47,34,0,0,2,sirotkin,2018,16,2018-16,True,,
STR,Williams,48,29,1,0,1,stroll,2018,16,2018-16,True,,
VAN,McLaren,47,35,8,2,1,vandoorne,2018,16,2018-16,True,,
VER,Red Bull Racing,47,43,2,7,0,max_verstappen,2018,16,2018-16,True,,
VET,Ferrari,48,18,1,0,0,vettel,2018,16,2018-16,True,,
ALO,McLaren,41,10,14,1,2,alonso,2018,17,2018-17,False,-2.7064481893030767,10.0
BOT,Mercedes,41,41,0,0,0,bottas,2018,17,2018-17,False,-0.4330882434467322,41.0
ERI,Sauber,43,26,6,4,6,ericsson,2018,17,2018-17,False,-2.424963245341252,26.0
GAS,Toro Rosso,41,25,4,2,3,gasly,2018,17,2018-17,False,-3.1503850368274775,16.0
GRO,Haas F1 Team,41,35,1,0,3,grosjean,2018,17,2018-17,False,-1.90439062517645,35.0
HAM,Mercedes,41,41,0,0,0,hamilton,2018,17,2018-17,False,-0.15238177722518656,40.0
HAR,Toro Rosso,41,19,17,3,2,brendon_hartley,2018,17,2018-17,False,,
HUL,Renault,28,15,5,0,5,hulkenberg,2018,17,2018-17,False,-2.538132710210696,15.0
LEC,Sauber,30,7,18,2,6,leclerc,2018,17,2018-17,False,,
MAG,Haas F1 Team,0,0,0,0,0,kevin_magnussen,2018,17,2018-17,False,,
OCO,Racing Point,41,9,15,3,3,ocon,2018,17,2018-17,False,,
PER,Racing Point,41,13,12,4,3,perez,2018,17,2018-17,False,-1.3187134962218767,13.0
RAI,Ferrari,42,36,4,4,0,raikkonen,2018,17,2018-17,False,-0.7473497028374994,28.0
RIC,Red Bull Racing,42,32,6,7,0,ricciardo,2018,17,2018-17,False,-0.24376265004288614,32.0
SAI,Renault,41,22,6,2,1,sainz,2018,17,2018-17,False,-2.2431858100934234,22.0
SIR,Williams,43,32,5,0,5,sirotkin,2018,17,2018-17,False,-2.789450864723295,20.0
STR,Williams,42,32,3,0,4,stroll,2018,17,2018-17,False,-2.852670486560897,20.0
VAN,McLaren,42,24,7,0,3,vandoorne,2018,17,2018-17,False,-2.4891486442236674,24.0
VER,Red Bull Racing,41,31,3,0,0,max_verstappen,2018,17,2018-17,False,-0.4111320031048766,18.0
VET,Ferrari,41,19,10,14,0,vettel,2018,17,2018-17,False,-1.4556106702483262,17.0
ALO,McLaren,0,0,0,0,0,alonso,2018,18,2018-18,False,,
BOT,Mercedes,47,45,0,0,1,bottas,2018,18,2018-18,False,-1.2866200396778038,30.0
ERI,Sauber,48,20,7,1,1,ericsson,2018,18,2018-18,False,-2.320675313169046,11.0
GAS,Toro Rosso,48,19,9,1,3,gasly,2018,18,2018-18,False,,
GRO,Haas F1 Team,0,0,0,0,0,grosjean,2018,18,2018-18,False,,
HAM,Mercedes,47,29,7,0,0,hamilton,2018,18,2018-18,False,-0.44795288622823876,25.0
HAR,Toro Rosso,48,41,3,0,0,brendon_hartley,2018,18,2018-18,False,-2.9314966593949974,27.0
HUL,Renault,47,46,0,0,1,hulkenberg,2018,18,2018-18,False,-2.291824161124048,31.0
LEC,Sauber,24,24,0,0,0,leclerc,2018,18,2018-18,False,-3.0398471973343546,24.0
MAG,Haas F1 Team,48,16,8,0,1,kevin_magnussen,2018,18,2018-18,False,,
OCO,Racing Point,48,43,3,3,2,ocon,2018,18,2018-18,False,-2.2156689002707974,29.0
PER,Racing Point,47,12,5,2,1,perez,2018,18,2018-18,False,,
RAI,Ferrari,47,46,1,0,0,raikkonen,2018,18,2018-18,False,-0.743571679518176,32.0
RIC,Red Bull Racing,6,1,1,0,0,ricciardo,2018,18,2018-18,False,,
SAI,Renault,47,33,1,0,1,sainz,2018,18,2018-18,False,-2.3826933836755138,29.0
SIR,Williams,48,45,0,0,2,sirotkin,2018,18,2018-18,False,-3.1679414119037523,16.0
STR,Williams,43,43,0,0,0,stroll,2018,18,2018-18,False,,
VAN,McLaren,48,21,2,0,3,vandoorne,2018,18,2018-18,False,-2.6396469429357947,21.0
VER,Red Bull Racing,47,34,2,3,0,max_verstappen,2018,18,2018-18,False,-0.3511173976610956,12.0
VET,Ferrari,47,31,8,6,0,vettel,2018,18,2018-18,False,-0.5019862445620414,17.0
ALO,McLaren,2,0,0,0,0,alonso,2018,19,2018-19,False,,
BOT,Mercedes,57,54,0,0,0,bottas,2018,19,2018-19,False,,
ERI,Sauber,59,51,2,0,2,ericsson,2018,19,2018-19,False,,
GAS,Toro Rosso,58,22,14,3,1,gasly,2018,19,2018-19,False,,
GRO,Haas F1 Team,57,36,14,0,4,grosjean,2018,19,2018-19,False,,
HAM,Mercedes,58,53,2,0,1,hamilton,2018,19,2018-19,False,,
HAR,Toro Rosso,58,18,14,0,1,brendon_hartley,2018,19,2018-19,False,,
HUL,Renault,58,50,4,2,0,hulkenberg,2018,19,2018-19,False,,
LEC,Sauber,59,50,5,5,1,leclerc,2018,19,2018-19,False,,
MAG,Haas F1 Team,58,34,9,1,4,kevin_magnussen,2018,19,2018-19,False,,
OCO,Racing Point,59,13,20,0,2,ocon,2018,19,2018-19,False,,
PER,Racing Point,31,18,12,2,1,perez,2018,19,2018-19,False,,
RAI,Ferrari,60,51,3,1,0,raikkonen,2018,19,2018-19,False,,
RIC,Red Bull Racing,54,32,5,0,1,ricciardo,2018,19,2018-19,False,,
SAI,Renault,23,20,2,2,1,sainz,2018,19,2018-19,False,,
SIR,Williams,58,42,6,1,2,sirotkin,2018,19,2018-19,False,,
STR,Williams,56,19,8,0,1,stroll,2018,19,2018-19,False,,
VAN,McLaren,59,25,18,3,0,vandoorne,2018,19,2018-19,False,,
VER,Red Bull Racing,57,57,0,0,0,max_verstappen,2018,19,2018-19,False,,
VET,Ferrari,58,36,5,2,0,vettel,2018,19,2018-19,False,,
ALO,McLaren,61,33,10,2,1,alonso,2018,20,2018-20,False,-2.880545022420721,23.0
BOT,Mercedes,63,50,4,2,1,bottas,2018,20,2018-20,False,-0.4646497948661068,43.0
ERI,Sauber,16,6,5,0,6,ericsson,2018,20,2018-20,False,,
GAS,Toro Rosso,64,57,0,0,4,gasly,2018,20,2018-20,False,-2.793054814630555,44.0
GRO,Haas F1 Team,65,51,8,0,3,grosjean,2018,20,2018-20,False,-1.2942479654162848,35.0
HAM,Mercedes,65,60,3,1,1,hamilton,2018,20,2018-20,False,-0.1973970772152606,43.0
HAR,Toro Rosso,65,40,20,0,1,brendon_hartley,2018,20,2018-20,False,-1.826904972722441,29.0
HUL,Renault,26,8,13,1,0,hulkenberg,2018,20,2018-20,False,,
LEC,Sauber,64,56,1,0,3,leclerc,2018,20,2018-20,False,-1.4023338779559373,32.0
MAG,Haas F1 Team,65,46,13,2,1,kevin_magnussen,2018,20,2018-20,False,-0.9689261005222964,23.0
OCO,Racing Point,62,28,21,9,0,ocon,2018,20,2018-20,False,-1.5524404902362454,17.0
PER,Racing Point,65,48,10,2,0,perez,2018,20,2018-20,False,-1.8992303696273871,28.0
RAI,Ferrari,65,22,20,0,1,raikkonen,2018,20,2018-20,False,-0.135303801382527,22.0
RIC,Red Bull Racing,65,17,31,5,0,ricciardo,2018,20,2018-20,False,,
SAI,Renault,62,14,30,2,0,sainz,2018,20,2018-20,False,-2.230998766961797,10.0
SIR,Williams,64,47,8,0,5,sirotkin,2018,20,2018-20,False,-2.860674521978471,47.0
STR,Williams,62,34,13,0,5,stroll,2018,20,2018-20,False,-2.976606573129249,30.0
VAN,McLaren,64,34,24,2,0,vandoorne,2018,20,2018-20,False,-2.5842305702398,34.0
VER,Red Bull Racing,65,41,9,4,0,max_verstappen,2018,20,2018-20,False,-0.4027129757001515,26.0
VET,Ferrari,63,22,18,2,2,vettel,2018,20,2018-20,False,-0.619388618919424,13.0
ALO,McLaren,44,22,6,2,1,alonso,2018,21,2018-21,True,,
BOT,Mercedes,42,39,0,0,3,bottas,2018,21,2018-21,True,,
ERI,Sauber,18,10,2,1,1,ericsson,2018,21,2018-21,True,,
GAS,Toro Rosso,38,16,10,0,0,gasly,2018,21,2018-21,True,,
GRO,Haas F1 Team,46,21,8,3,1,grosjean,2018,21,2018-21,True,,
HAM,Mercedes,46,43,0,0,0,hamilton,2018,21,2018-21,True,,
HAR,Toro Rosso,46,22,19,1,2,brendon_hartley,2018,21,2018-21,True,,
HUL,Renault,0,0,0,0,0,hulkenberg,2018,21,2018-21,True,,
LEC,Sauber,46,27,3,3,0,leclerc,2018,21,2018-21,True,,
MAG,Haas F1 Team,44,25,2,1,1,kevin_magnussen,2018,21,2018-21,True,,
OCO,Racing Point,36,20,7,6,1,ocon,2018,21,2018-21,True,,
PER,Racing Point,44,25,5,1,0,perez,2018,21,2018-21,True,,
RAI,Ferrari,2,0,2,0,8,raikkonen,2018,21,2018-21,True,,
RIC,Red Bull Racing,44,33,2,2,0,ricciardo,2018,21,2018-21,True,,
SAI,Renault,44,33,9,2,0,sainz,2018,21,2018-21,True,,
SIR,Williams,44,32,1,0,4,sirotkin,2018,21,2018-21,True,,
STR,Williams,44,23,1,0,2,stroll,2018,21,2018-21,True,,
VAN,McLaren,44,20,4,0,2,vandoorne,2018,21,2018-21,True,,
VER,Red Bull Racing,44,16,5,3,0,max_verstappen,2018,21,2018-21,True,,
VET,Ferrari,44,28,0,1,0,vettel,2018,21,2018-21,True,,
ALB,Toro Rosso,53,35,7,0,1,albon,2019,1,2019-01,False,-1.2997816191490008,35.0
BOT,Mercedes,53,53,0,0,0,bottas,2019,1,2019-01,False,0.8435983071383164,53.0
GAS,Red Bull Racing,53,13,38,1,0,gasly,2019,1,2019-01,False,-0.1804263579587827,13.0
GIO,Alfa Romeo Racing,53,47,1,0,5,giovinazzi,2019,1,2019-01,False,-1.866401987305322,47.0
GRO,Haas F1 Team,26,5,6,1,0,grosjean,2019,1,2019-01,False,,
HAM,Mercedes,53,49,0,0,0,hamilton,2019,1,2019-01,False,0.48097526911209465,49.0
HUL,Renault,53,30,9,1,0,hulkenberg,2019,1,2019-01,False,0.11289372997221482,30.0
KUB,Williams,49,49,0,0,1,kubica,2019,1,2019-01,False,-3.4865834301677596,45.0
KVY,Toro Rosso,53,12,28,0,0,kvyat,2019,1,2019-01,False,-0.24832139663103797,12.0
LEC,Ferrari,52,44,1,0,0,leclerc,2019,1,2019-01,False,-0.15413331683934306,44.0
MAG,Haas F1 Team,53,50,2,1,0,kevin_magnussen,2019,1,2019-01,False,-0.6666848184236543,50.0
NOR,McLaren,52,39,9,1,0,norris,2019,1,2019-01,False,-1.000822616413045,39.0
PER,Racing Point,53,22,18,1,0,perez,2019,1,2019-01,False,-0.31515791286594425,22.0
RAI,Alfa Romeo Racing,53,30,7,0,0,raikkonen,2019,1,2019-01,False,-0.558561026980527,30.0
RIC,Renault,26,25,1,1,0,ricciardo,2019,1,2019-01,False,-1.091642990027269,25.0
RUS,Williams,50,46,0,0,0,russell,2019,1,2019-01,False,-2.9736767080160456,46.0
SAI,McLaren,8,0,9,0,0,sainz,2019,1,2019-01,False,,
STR,Racing Point,53,17,15,0,0,stroll,2019,1,2019-01,False,-0.2658120569155541,17.0
VER,Red Bull Racing,53,17,6,0,0,max_verstappen,2019,1,2019-01,False,0.35037176226828337,17.0
VET,Ferrari,53,39,0,0,0,vettel,2019,1,2019-01,False,-0.1734102678468753,39.0
ALB,Toro Rosso,40,25,11,2,1,albon,2019,2,2019-02,False,-0.1908790238155547,25.0
BOT,Mercedes,43,41,2,1,0,bottas,2019,2,2019-02,False,0.8203884855913471,41.0
GAS,Red Bull Racing,42,28,12,3,1,gasly,2019,2,2019-02,False,-0.002824398561324545,28.0
GIO,Alfa Romeo Racing,41,28,8,1,0,giovinazzi,2019,2,2019-02,False,-0.47937066307172327,28.0
GRO,Haas F1 Team,10,10,0,0,0,grosjean,2019,2,2019-02,False,-0.46879531520550527,10.0
HAM,Mercedes,41,30,4,2,1,hamilton,2019,2,2019-02,False,0.8066579625359293,30.0
HUL,Renault,41,27,7,1,0,hulkenberg,2019,2,2019-02,False,0.05619413040996241,27.0
KUB,Williams,40,32,1,0,2,kubica,2019,2,2019-02,False,-2.3639974996996806,32.0
KVY,Toro Rosso,41,31,5,1,0,kvyat,2019,2,2019-02,False,-0.23005414728258983,31.0
LEC,Ferrari,42,39,2,0,1,leclerc,2019,2,2019-02,False,1.2364946395876895,39.0
MAG,Haas F1 Team,40,27,6,0,7,kevin_magnussen,2019,2,2019-02,False,-0.774312179277699,27.0
NOR,McLaren,40,28,8,5,0,norris,2019,2,2019-02,False,0.5826546987652563,28.0
PER,Racing Point,40,32,3,2,2,perez,2019,2,2019-02,False,-0.31471330440350404,32.0
RAI,Alfa Romeo Racing,40,17,14,1,2,raikkonen,2019,2,2019-02,False,-0.05103993526935783,17.0
RIC,Renault,41,30,4,1,5,ricciardo,2019,2,2019-02,False,-0.23393657738712131,30.0
RUS,Williams,41,30,6,0,2,russell,2019,2,2019-02,False,-1.8109907721011895,30.0
SAI,McLaren,40,23,6,2,0,sainz,2019,2,2019-02,False,0.03383133568075726,23.0
STR,Racing Point,42,38,1,0,0,stroll,2019,2,2019-02,False,-0.5277796523680017,38.0
VER,Red Bull Racing,42,36,1,1,0,max_verstappen,2019,2,2019-02,False,0.6767070746436497,36.0
VET,Ferrari,38,30,1,1,0,vettel,2019,2,2019-02,False,0.9467253354311389,30.0
ALB,Toro Rosso,51,29,14,5,0,albon,2019,3,2019-03,False,-0.8747490187960101,29.0
BOT,Mercedes,49,42,1,1,0,bottas,2019,3,2019-03,False,0.7433939880833408,42.0
GAS,Red Bull Racing,47,46,1,1,0,gasly,2019,3,2019-03,False,-0.16336723773054557,46.0
GIO,Alfa Romeo Racing,49,41,4,2,5,giovinazzi,2019,3,2019-03,False,-1.3774378962671412,41.0
GRO,Haas F1 Team,49,30,10,3,2,grosjean,2019,3,2019-03,False,-1.0168891465460772,30.0
HAM,Mercedes,49,49,0,0,0,hamilton,2019,3,2019-03,False,1.0664142746340821,49.0
HUL,Renault,11,1,4,0,1,hulkenberg,2019,3,2019-03,False,,
KUB,Williams,50,43,4,0,7,kubica,2019,3,2019-03,False,-2.9246660883357007,43.0
KVY,Toro Rosso,32,22,7,5,1,kvyat,2019,3,2019-03,False,-0.8578721271397574,22.0
LEC,Ferrari,49,39,1,0,1,leclerc,2019,3,2019-03,False,0.6081275533857564,39.0
MAG,Haas F1 Team,49,33,9,2,4,kevin_magnussen,2019,3,2019-03,False,-1.2053785509355266,33.0
NOR,McLaren,43,41,1,1,0,norris,2019,3,2019-03,False,-1.236923759259523,41.0
PER,Racing Point,51,11,0,0,0,perez,2019,3,2019-03,False,-1.4476321445509726,11.0
RAI,Alfa Romeo Racing,51,33,9,4,1,raikkonen,2019,3,2019-03,False,-1.0545793812336446,33.0
RIC,Renault,51,51,0,0,0,ricciardo,2019,3,2019-03,False,-0.5586645039199515,51.0
RUS,Williams,48,39,4,0,7,russell,2019,3,2019-03,False,-2.694740972198049,39.0
SAI,McLaren,51,47,1,2,0,sainz,2019,3,2019-03,False,-0.6995569389485186,47.0
STR,Racing Point,49,30,11,3,0,stroll,2019,3,2019-03,False,-1.2930584934054443,30.0
VER,Red Bull Racing,49,44,1,0,0,max_verstappen,2019,3,2019-03,False,0.45426553982271334,44.0
VET,Ferrari,49,40,8,0,0,vettel,2019,3,2019-03,False,0.7386665550025887,40.0
ALB,Toro Rosso,42,30,7,3,2,albon,2019,4,2019-04,False,-1.9537403121297294,30.0
BOT,Mercedes,41,37,1,0,0,bottas,2019,4,2019-04,False,0.008764687101955215,37.0
GAS,Red Bull Racing,34,25,5,6,0,gasly,2019,4,2019-04,False,-0.6519558519716048,25.0
GIO,Alfa Romeo Racing,42,15,15,3,2,giovinazzi,2019,4,2019-04,False,-1.9438289424935773,15.0
GRO,Haas F1 Team,32,19,8,2,11,grosjean,2019,4,2019-04,False,-2.9957438498611655,18.0
HAM,Mercedes,41,28,2,0,0,hamilton,2019,4,2019-04,False,0.21097905794531824,28.0
HUL,Renault,39,27,9,2,3,hulkenberg,2019,4,2019-04,False,-2.4497704675940835,27.0
KUB,Williams,38,28,7,0,3,kubica,2019,4,2019-04,False,-4.107256776452432,28.0
KVY,Toro Rosso,27,20,3,3,3,kvyat,2019,4,2019-04,False,-1.891647291502655,20.0
LEC,Ferrari,39,35,3,6,0,leclerc,2019,4,2019-04,False,-0.5355042343116247,35.0
MAG,Haas F1 Team,42,35,1,2,3,kevin_magnussen,2019,4,2019-04,False,-2.467478729395544,35.0
NOR,McLaren,43,24,10,1,1,norris,2019,4,2019-04,False,-1.3038352182939272,24.0
PER,Racing Point,43,40,1,1,2,perez,2019,4,2019-04,False,-1.3804925104904746,40.0
RAI,Alfa Romeo Racing,43,32,5,4,3,raikkonen,2019,4,2019-04,False,-2.000179210385953,32.0
RIC,Renault,27,11,9,4,2,ricciardo,2019,4,2019-04,False,-1.6799347176694748,11.0
RUS,Williams,41,32,7,0,9,russell,2019,4,2019-04,False,-3.7374532506152884,31.0
SAI,McLaren,43,23,3,2,1,sainz,2019,4,2019-04,False,-1.6754638360247431,23.0
STR,Racing Point,43,29,4,6,0,stroll,2019,4,2019-04,False,-1.7005933567234823,29.0
VER,Red Bull Racing,41,35,6,1,1,max_verstappen,2019,4,2019-04,False,-0.12574664513878034,35.0
VET,Ferrari,41,38,0,0,0,vettel,2019,4,2019-04,False,-0.08776602222244288,38.0
ALB,Toro Rosso,54,17,15,0,0,albon,2019,5,2019-05,False,-1.9150463699396347,17.0
BOT,Mercedes,54,52,0,0,0,bottas,2019,5,2019-05,False,-0.24136698268276424,52.0
GAS,Red Bull Racing,54,45,1,0,0,gasly,2019,5,2019-05,False,-1.2973295226907404,45.0
GIO,Alfa Romeo Racing,51,29,16,2,0,giovinazzi,2019,5,2019-05,False,-2.6338584548292094,29.0
GRO,Haas F1 Team,54,40,7,0,2,grosjean,2019,5,2019-05,False,-1.6732353024600093,40.0
HAM,Mercedes,55,55,0,0,0,hamilton,2019,5,2019-05,False,-0.13996091717325582,55.0
HUL,Renault,54,22,13,1,2,hulkenberg,2019,5,2019-05,False,-2.2729081665086888,22.0
KUB,Williams,53,46,1,0,2,kubica,2019,5,2019-05,False,-4.917604312586168,46.0
KVY,Toro Rosso,54,15,18,4,1,kvyat,2019,5,2019-05,False,-1.5992376309804848,15.0
LEC,Ferrari,54,40,7,0,0,leclerc,2019,5,2019-05,False,-0.5030315651310157,40.0
MAG,Haas F1 Team,54,40,7,1,1,kevin_magnussen,2019,5,2019-05,False,-1.8236283452682351,40.0
NOR,McLaren,41,8,11,0,1,norris,2019,5,2019-05,False,,
PER,Racing Point,54,38,2,0,1,perez,2019,5,2019-05,False,-2.569680897325941,38.0
RAI,Alfa Romeo Racing,53,35,7,3,1,raikkonen,2019,5,2019-05,False,-2.4529170237744693,35.0
RIC,Renault,54,3,32,0,0,ricciardo,2019,5,2019-05,False,,
RUS,Williams,54,44,2,0,2,russell,2019,5,2019-05,False,-4.508666830888076,43.0
SAI,McLaren,54,37,5,2,0,sainz,2019,5,2019-05,False,-2.260604740029163,37.0
STR,Racing Point,41,23,3,0,0,stroll,2019,5,2019-05,False,-2.460702609230271,23.0
VER,Red Bull Racing,52,44,3,0,0,max_verstappen,2019,5,2019-05,False,-0.48575186426310585,44.0
VET,Ferrari,52,25,8,0,0,vettel,2019,5,2019-05,False,-0.6165927942070385,25.0
ALB,Toro Rosso,64,26,15,0,0,albon,2019,6,2019-06,True,,
BOT,Mercedes,66,10,24,0,0,bottas,2019,6,2019-06,True,,
GAS,Red Bull Racing,61,47,2,0,0,gasly,2019,6,2019-06,True,,
GIO,Alfa Romeo Racing,63,34,14,0,0,giovinazzi,2019,6,2019-06,True,,
GRO,Haas F1 Team,63,23,8,0,1,grosjean,2019,6,2019-06,True,,
HAM,Mercedes,66,66,0,0,0,hamilton,2019,6,2019-06,True,,
HUL,Renault,65,18,26,0,0,hulkenberg,2019,6,2019-06,True,,
KUB,Williams,63,62,0,0,0,kubica,2019,6,2019-06,True,,
KVY,Toro Rosso,63,2,26,0,0,kvyat,2019,6,2019-06,True,,
LEC,Ferrari,5,0,4,2,0,leclerc,2019,6,2019-06,True,,
MAG,Haas F1 Team,65,29,15,0,0,kevin_magnussen,2019,6,2019-06,True,,
NOR,McLaren,63,39,6,0,1,norris,2019,6,2019-06,True,,
PER,Racing Point,65,20,31,0,0,perez,2019,6,2019-06,True,,
RAI,Alfa Romeo Racing,62,30,30,0,0,raikkonen,2019,6,2019-06,True,,
RIC,Renault,65,43,9,0,0,ricciardo,2019,6,2019-06,True,,
RUS,Williams,64,52,1,0,0,russell,2019,6,2019-06,True,,
SAI,McLaren,63,48,0,0,0,sainz,2019,6,2019-06,True,,
STR,Racing Point,63,35,17,0,0,stroll,2019,6,2019-06,True,,
VER,Red Bull Racing,66,0,58,0,0,max_verstappen,2019,6,2019-06,True,,
VET,Ferrari,66,3,11,0,0,vettel,2019,6,2019-06,True,,
ALB,Toro Rosso,49,39,6,1,0,albon,2019,7,2019-07,False,-2.452733524171141,39.0
BOT,Mercedes,59,43,9,1,0,bottas,2019,7,2019-07,False,0.36160043294439825,43.0
GAS,Red Bull Racing,58,36,11,0,0,gasly,2019,7,2019-07,False,-0.8574134255232733,36.0
GIO,Alfa Romeo Racing,59,51,7,0,3,giovinazzi,2019,7,2019-07,False,-1.3940774080847902,50.0
GRO,Haas F1 Team,59,42,4,2,3,grosjean,2019,7,2019-07,False,-1.7091978837647774,42.0
HAM,Mercedes,57,21,14,0,0,hamilton,2019,7,2019-07,False,0.717068558273433,21.0
HUL,Renault,59,33,9,0,0,hulkenberg,2019,7,2019-07,False,-0.8791723970958233,33.0
KUB,Williams,56,53,1,0,3,kubica,2019,7,2019-07,False,-3.7104498852139898,53.0
KVY,Toro Rosso,61,52,2,3,0,kvyat,2019,7,2019-07,False,-1.297539091985238,52.0
LEC,Ferrari,57,54,0,0,0,leclerc,2019,7,2019-07,False,0.5808772285642733,54.0
MAG,Haas F1 Team,58,50,3,1,1,kevin_magnussen,2019,7,2019-07,False,-2.847997667223207,50.0
NOR,McLaren,6,1,1,0,1,norris,2019,7,2019-07,False,,
PER,Racing Point,61,41,4,1,0,perez,2019,7,2019-07,False,-1.249126640080054,41.0
RAI,Alfa Romeo Racing,57,45,5,2,0,raikkonen,2019,7,2019-07,False,-1.5074283503668757,45.0
RIC,Renault,59,52,4,0,2,ricciardo,2019,7,2019-07,False,-0.774634516088071,52.0
RUS,Williams,60,51,4,0,3,russell,2019,7,2019-07,False,-2.488534236099913,51.0
SAI,McLaren,59,49,5,3,2,sainz,2019,7,2019-07,False,-1.0488276241432999,49.0
STR,Racing Point,59,45,7,2,0,stroll,2019,7,2019-07,False,-0.9230626038731952,45.0
VER,Red Bull Racing,59,39,12,2,0,max_verstappen,2019,7,2019-07,False,-0.22258400246812898,39.0
VET,Ferrari,57,57,0,0,0,vettel,2019,7,2019-07,False,0.598469527382671,57.0
ALB,Toro Rosso,45,30,12,2,0,albon,2019,8,2019-08,False,-2.4173482294707194,30.0
BOT,Mercedes,46,42,0,0,0,bottas,2019,8,2019-08,False,-0.41402092386162503,42.0
GAS,Red Bull Racing,44,28,5,1,0,gasly,2019,8,2019-08,False,-2.104241898102688,28.0
GIO,Alfa Romeo Racing,43,28,6,2,2,giovinazzi,2019,8,2019-08,False,-2.475248905196154,28.0
GRO,Haas F1 Team,39,20,6,1,3,grosjean,2019,8,2019-08,False,-2.7722260970790304,20.0
HAM,Mercedes,44,44,0,0,0,hamilton,2019,8,2019-08,False,-0.21212656820666248,44.0
HUL,Renault,45,5,25,0,0,hulkenberg,2019,8,2019-08,False,,
KUB,Williams,44,39,2,0,4,kubica,2019,8,2019-08,False,-4.276541754486975,39.0
KVY,Toro Rosso,45,19,14,4,0,kvyat,2019,8,2019-08,False,-2.4486807297980118,19.0
LEC,Ferrari,46,41,2,0,0,leclerc,2019,8,2019-08,False,-0.5321162278544386,41.0
MAG,Haas F1 Team,44,28,9,2,3,kevin_magnussen,2019,8,2019-08,False,-2.80822582560894,28.0
NOR,McLaren,44,16,0,0,1,norris,2019,8,2019-08,False,-2.0917438881954538,16.0
PER,Racing Point,45,22,6,0,0,perez,2019,8,2019-08,False,-1.9787383450567155,22.0
RAI,Alfa Romeo Racing,44,26,8,0,0,raikkonen,2019,8,2019-08,False,-2.0037691730244456,26.0
RIC,Renault,44,24,11,2,0,ricciardo,2019,8,2019-08,False,-1.9337149061105863,24.0
RUS,Williams,43,26,11,0,3,russell,2019,8,2019-08,False,-3.7156339821103934,26.0
SAI,McLaren,44,42,0,0,1,sainz,2019,8,2019-08,False,-2.008697213802985,42.0
STR,Racing Point,45,35,10,1,0,stroll,2019,8,2019-08,False,-1.9696195142843314,35.0
VER,Red Bull Racing,45,39,0,0,0,max_verstappen,2019,8,2019-08,False,-0.71649821586395,39.0
VET,Ferrari,42,37,4,2,0,vettel,2019,8,2019-08,False,-0.5900661363885096,37.0
ALB,Toro Rosso,67,40,12,2,3,albon,2019,9,2019-09,False,-1.1328731383195298,40.0
BOT,Mercedes,67,65,0,0,1,bottas,2019,9,2019-09,False,-0.009082920377014081,65.0
GAS,Red Bull Racing,67,20,25,3,0,gasly,2019,9,2019-09,False,-1.0870682963036546,20.0
GIO,Alfa Romeo Racing,67,29,6,1,1,giovinazzi,2019,9,2019-09,False,-1.4663649485459351,29.0
GRO,Haas F1 Team,67,52,8,0,4,grosjean,2019,9,2019-09,False,-1.334127749534118,52.0
HAM,Mercedes,67,61,0,0,1,hamilton,2019,9,2019-09,False,0.102650228881333,61.0
HUL,Renault,67,31,5,2,1,hulkenberg,2019,9,2019-09,False,-1.516041694323443,31.0
KUB,Williams,65,60,0,0,4,kubica,2019,9,2019-09,False,-3.7319928042151806,60.0
KVY,Toro Rosso,67,52,13,2,1,kvyat,2019,9,2019-09,False,-1.94744465358117,52.0
LEC,Ferrari,67,65,0,0,1,leclerc,2019,9,2019-09,False,0.23409589801053834,65.0
MAG,Haas F1 Team,62,53,2,1,5,kevin_magnussen,2019,9,2019-09,False,-1.7694266569773585,53.0
NOR,McLaren,67,48,10,2,2,norris,2019,9,2019-09,False,-0.8864270234162884,48.0
PER,Racing Point,67,14,7,1,1,perez,2019,9,2019-09,False,-1.6384392031826005,14.0
RAI,Alfa Romeo Racing,67,48,6,1,5,raikkonen,2019,9,2019-09,False,-1.3922018177841418,48.0
RIC,Renault,67,31,12,2,3,ricciardo,2019,9,2019-09,False,-1.1334531229083342,31.0
RUS,Williams,66,57,4,1,1,russell,2019,9,2019-09,False,-2.3718180986408863,57.0
SAI,McLaren,67,40,18,9,0,sainz,2019,9,2019-09,False,-1.1501520690993678,40.0
STR,Racing Point,67,28,7,2,2,stroll,2019,9,2019-09,False,-1.4807150802436795,28.0
VER,Red Bull Racing,67,42,15,4,0,max_verstappen,2019,9,2019-09,False,0.5430430615046503,42.0
VET,Ferrari,64,52,8,3,0,vettel,2019,9,2019-09,False,0.35968460219962844,52.0
ALB,Toro Rosso,40,18,15,1,4,albon,2019,10,2019-10,False,-2.289962986787416,18.0
BOT,Mercedes,39,33,0,0,0,bottas,2019,10,2019-10,False,-0.24879974122568455,33.0
GAS,Red Bull Racing,40,15,17,0,1,gasly,2019,10,2019-10,False,-1.0416265058545697,15.0
GIO,Alfa Romeo Racing,17,9,3,0,4,giovinazzi,2019,10,2019-10,False,,
GRO,Haas F1 Team,6,6,0,0,0,grosjean,2019,10,2019-10,False,,
HAM,Mercedes,44,29,12,0,0,hamilton,2019,10,2019-10,False,-0.2673735355822583,29.0
HUL,Renault,40,11,16,2,3,hulkenberg,2019,10,2019-10,False,-2.257801389322445,11.0
KUB,Williams,42,39,1,0,3,kubica,2019,10,2019-10,False,-4.06010047715709,39.0
KVY,Toro Rosso,40,2,12,3,0,kvyat,2019,10,2019-10,False,,
LEC,Ferrari,40,26,9,1,0,leclerc,2019,10,2019-10,False,-1.1001167282624424,26.0
MAG,Haas F1 Team,3,3,0,0,0,kevin_magnussen,2019,10,2019-10,False,,
NOR,McLaren,38,26,4,1,0,norris,2019,10,2019-10,False,-2.0366020337777173,26.0
PER,Racing Point,38,31,2,2,0,perez,2019,10,2019-10,False,-2.2376028825620597,31.0
RAI,Alfa Romeo Racing,40,9,23,2,1,raikkonen,2019,10,2019-10,False,,
RIC,Renault,40,3,35,2,0,ricciardo,2019,10,2019-10,False,,
RUS,Williams,42,33,1,0,1,russell,2019,10,2019-10,False,-3.7585490492985945,33.0
SAI,McLaren,43,28,5,0,0,sainz,2019,10,2019-10,False,-1.9398232577149273,28.0
STR,Racing Point,38,11,12,2,0,stroll,2019,10,2019-10,False,-1.5683802187674398,11.0
VER,Red Bull Racing,41,14,19,0,0,max_verstappen,2019,10,2019-10,False,-1.1219728454114177,14.0
VET,Ferrari,41,28,8,1,0,vettel,2019,10,2019-10,False,-1.0970155978169365,28.0
ALB,Toro Rosso,35,26,3,3,2,albon,2019,11,2019-11,True,,
BOT,Mercedes,34,23,6,1,0,bottas,2019,11,2019-11,True,,
GAS,Red Bull Racing,32,9,20,1,2,gasly,2019,11,2019-11,True,,
GIO,Alfa Romeo Racing,34,19,8,4,1,giovinazzi,2019,11,2019-11,True,,
GRO,Haas F1 Team,35,24,3,1,3,grosjean,2019,11,2019-11,True,,
HAM,Mercedes,37,30,6,4,0,hamilton,2019,11,2019-11,True,,
HUL,Renault,24,19,2,1,2,hulkenberg,2019,11,2019-11,True,,
KUB,Williams,30,26,1,0,6,kubica,2019,11,2019-11,True,,
KVY,Toro Rosso,36,21,6,2,1,kvyat,2019,11,2019-11,True,,
LEC,Ferrari,19,16,2,1,0,leclerc,2019,11,2019-11,True,,
MAG,Haas F1 Team,32,18,5,0,6,kevin_magnussen,2019,11,2019-11,True,,
NOR,McLaren,15,5,3,0,0,norris,2019,11,2019-11,True,,
PER,Racing Point,0,0,0,0,0,perez,2019,11,2019-11,True,,
RAI,Alfa Romeo Racing,34,16,10,3,2,raikkonen,2019,11,2019-11,True,,
RIC,Renault,9,6,3,1,0,ricciardo,2019,11,2019-11,True,,
RUS,Williams,31,21,3,0,4,russell,2019,11,2019-11,True,,
SAI,McLaren,36,13,9,0,1,sainz,2019,11,2019-11,True,,
STR,Racing Point,35,24,4,1,4,stroll,2019,11,2019-11,True,,
VER,Red Bull Racing,37,20,2,0,0,max_verstappen,2019,11,2019-11,True,,
VET,Ferrari,34,16,9,11,0,vettel,2019,11,2019-11,True,,
ALB,Toro Rosso,65,20,16,1,1,albon,2019,12,2019-12,False,-1.219089043940479,20.0
BOT,Mercedes,63,18,30,10,0,bottas,2019,12,2019-12,False,-0.3586955197272574,18.0
GAS,Red Bull Racing,65,2,21,1,0,gasly,2019,12,2019-12,False,,
GIO,Alfa Romeo Racing,64,18,22,0,3,giovinazzi,2019,12,2019-12,False,-3.594041664977113,18.0
GRO,Haas F1 Team,44,40,2,0,1,grosjean,2019,12,2019-12,False,-2.5334322235781492,40.0
HAM,Mercedes,63,40,5,0,0,hamilton,2019,12,2019-12,False,0.6240810536500166,40.0
HUL,Renault,65,37,13,1,2,hulkenberg,2019,12,2019-12,False,-2.1174101397423484,37.0
KUB,Williams,63,61,1,0,1,kubica,2019,12,2019-12,False,-3.464706131184124,60.0
KVY,Toro Rosso,64,12,14,2,4,kvyat,2019,12,2019-12,False,-3.084372910261922,12.0
LEC,Ferrari,65,64,1,0,0,leclerc,2019,12,2019-12,False,-0.5492024282820493,64.0
MAG,Haas F1 Team,65,49,11,2,2,kevin_magnussen,2019,12,2019-12,False,-2.1071940782173977,49.0
NOR,McLaren,65,49,6,2,1,norris,2019,12,2019-12,False,-1.2165080640134602,49.0
PER,Racing Point,65,43,11,0,2,perez,2019,12,2019-12,False,-1.6883985141093951,43.0
RAI,Alfa Romeo Racing,65,38,13,1,0,raikkonen,2019,12,2019-12,False,-1.5327659430942329,38.0
RIC,Renault,65,14,31,4,2,ricciardo,2019,12,2019-12,False,-1.245783946067018,14.0
RUS,Williams,64,57,2,0,4,russell,2019,12,2019-12,False,-2.923372859827005,57.0
SAI,McLaren,65,63,0,0,0,sainz,2019,12,2019-12,False,-1.3317909435424333,63.0
STR,Racing Point,62,10,14,1,2,stroll,2019,12,2019-12,False,-2.355299520348918,10.0
VER,Red Bull Racing,63,63,0,0,0,max_verstappen,2019,12,2019-12,False,0.552302946710279,63.0
VET,Ferrari,65,54,1,0,0,vettel,2019,12,2019-12,False,-0.569577590646355,54.0
ALB,Red Bull Racing,36,5,18,6,1,albon,2019,13,2019-13,False,,
BOT,Mercedes,37,32,2,0,0,bottas,2019,13,2019-13,False,0.636471198667249,32.0
GAS,Toro Rosso,36,11,18,5,2,gasly,2019,13,2019-13,False,-0.9623559547805558,11.0
GIO,Alfa Romeo Racing,36,14,15,4,0,giovinazzi,2019,13,2019-13,False,-0.650111078289011,14.0
GRO,Haas F1 Team,36,7,17,1,7,grosjean,2019,13,2019-13,False,,
HAM,Mercedes,37,22,5,1,0,hamilton,2019,13,2019-13,False,0.9233170458579825,22.0
HUL,Renault,34,19,10,6,1,hulkenberg,2019,13,2019-13,False,-1.0727794509699617,19.0
KUB,Williams,36,31,2,0,5,kubica,2019,13,2019-13,False,-2.328755546347997,31.0
KVY,Toro Rosso,36,18,16,5,1,kvyat,2019,13,2019-13,False,-0.9405813189588362,18.0
LEC,Ferrari,37,34,1,0,0,leclerc,2019,13,2019-13,False,0.649691464078718,34.0
MAG,Haas F1 Team,36,20,6,4,11,kevin_magnussen,2019,13,2019-13,False,-1.510157270584029,20.0
NOR,McLaren,36,35,0,0,0,norris,2019,13,2019-13,False,-0.7909891253278225,35.0
PER,Racing Point,36,20,12,4,0,perez,2019,13,2019-13,False,-0.5255316322125527,20.0
RAI,Alfa Romeo Racing,36,28,4,3,4,raikkonen,2019,13,2019-13,False,-2.236224010720511,28.0
RIC,Renault,38,22,13,3,8,ricciardo,2019,13,2019-13,False,-0.970968129181202,21.0
RUS,Williams,35,12,6,0,5,russell,2019,13,2019-13,False,-1.7738546706597726,12.0
SAI,McLaren,0,0,0,0,0,sainz,2019,13,2019-13,False,,
STR,Racing Point,34,8,16,6,2,stroll,2019,13,2019-13,False,,
VER,Red Bull Racing,0,0,0,0,0,max_verstappen,2019,13,2019-13,False,,
VET,Ferrari,35,31,0,0,1,vettel,2019,13,2019-13,False,0.4398230839440388,31.0
ALB,Red Bull Racing,44,23,6,3,0,albon,2019,14,2019-14,False,-0.26594885648569166,23.0
BOT,Mercedes,43,17,5,0,0,bottas,2019,14,2019-14,False,0.22512409362008548,17.0
GAS,Toro Rosso,45,14,6,1,3,gasly,2019,14,2019-14,False,-1.300729355910184,14.0
GIO,Alfa Romeo Racing,44,38,1,0,4,giovinazzi,2019,14,2019-14,False,-1.2943395364162082,38.0
GRO,Haas F1 Team,43,28,11,1,1,grosjean,2019,14,2019-14,False,-2.2722123938310723,28.0
HAM,Mercedes,40,8,18,2,0,hamilton,2019,14,2019-14,False,,
HUL,Renault,45,35,1,0,2,hulkenberg,2019,14,2019-14,False,-0.812324751846998,35.0
KUB,Williams,42,36,0,0,5,kubica,2019,14,2019-14,False,-3.2265573915655965,36.0
KVY,Toro Rosso,24,13,6,1,0,kvyat,2019,14,2019-14,False,-1.1231276857696921,13.0
LEC,Ferrari,42,40,1,1,0,leclerc,2019,14,2019-14,False,0.22699672023307366,40.0
MAG,Haas F1 Team,32,26,2,0,2,kevin_magnussen,2019,14,2019-14,False,-1.6732471909737172,26.0
NOR,McLaren,44,30,7,2,2,norris,2019,14,2019-14,False,-1.1232957009923266,30.0
PER,Racing Point,45,29,11,3,0,perez,2019,14,2019-14,False,-0.882296439227156,29.0
RAI,Alfa Romeo Racing,42,33,8,2,2,raikkonen,2019,14,2019-14,False,-1.9034517002590088,33.0
RIC,Renault,45,43,2,0,2,ricciardo,2019,14,2019-14,False,-0.7564854397242375,43.0
RUS,Williams,44,31,7,0,6,russell,2019,14,2019-14,False,-2.0365557527425016,31.0
SAI,McLaren,23,20,1,0,0,sainz,2019,14,2019-14,False,-0.9750853669133888,20.0
STR,Racing Point,42,33,4,0,0,stroll,2019,14,2019-14,False,-0.964018986425117,33.0
VER,Red Bull Racing,44,10,28,8,0,max_verstappen,2019,14,2019-14,False,0.2923920878722984,10.0
VET,Ferrari,40,30,4,5,0,vettel,2019,14,2019-14,False,-0.3765149971681373,30.0
ALB,Red Bull Racing,45,7,14,2,0,albon,2019,15,2019-15,False,,
BOT,Mercedes,45,12,10,1,0,bottas,2019,15,2019-15,False,-0.03313004402528576,12.0
GAS,Toro Rosso,44,3,19,2,1,gasly,2019,15,2019-15,False,,
GIO,Alfa Romeo Racing,45,31,3,2,4,giovinazzi,2019,15,2019-15,False,-0.29149614670021273,31.0
GRO,Haas F1 Team,44,26,11,3,1,grosjean,2019,15,2019-15,False,-1.0198953770937844,26.0
HAM,Mercedes,45,12,19,2,0,hamilton,2019,15,2019-15,False,-0.3588471061863235,12.0
HUL,Renault,45,20,21,4,1,hulkenberg,2019,15,2019-15,False,0.06415117460063846,20.0
KUB,Williams,44,36,4,1,6,kubica,2019,15,2019-15,False,-1.9041726187608499,36.0
KVY,Toro Rosso,44,12,15,2,5,kvyat,2019,15,2019-15,False,-0.3058625601593809,12.0
LEC,Ferrari,45,23,11,3,0,leclerc,2019,15,2019-15,False,0.3542200067056422,23.0
MAG,Haas F1 Team,43,36,0,0,8,kevin_magnussen,2019,15,2019-15,False,-0.8239071701421113,36.0
NOR,McLaren,45,25,9,0,0,norris,2019,15,2019-15,False,0.1273140555157351,25.0
PER,Racing Point,33,24,2,2,1,perez,2019,15,2019-15,False,-0.6716140571854964,24.0
RAI,Alfa Romeo Racing,36,11,11,0,2,raikkonen,2019,15,2019-15,False,-0.4109340488018073,11.0
RIC,Renault,45,5,23,4,9,ricciardo,2019,15,2019-15,False,,
RUS,Williams,32,31,0,0,0,russell,2019,15,2019-15,False,-0.6990318689728446,31.0
SAI,McLaren,44,37,4,2,0,sainz,2019,15,2019-15,False,-0.930854201303881,36.0
STR,Racing Point,42,11,12,5,4,stroll,2019,15,2019-15,False,-0.17339975845462968,11.0
VER,Red Bull Racing,45,6,19,3,0,max_verstappen,2019,15,2019-15,False,,
VET,Ferrari,45,23,4,4,0,vettel,2019,15,2019-15,False,0.7161824166953955,23.0
ALB,Red Bull Racing,43,14,21,7,0,albon,2019,16,2019-16,True,,
BOT,Mercedes,44,39,3,1,0,bottas,2019,16,2019-16,True,,
GAS,Toro Rosso,42,6,20,0,3,gasly,2019,16,2019-16,True,,
GIO,Alfa Romeo Racing,43,25,3,0,2,giovinazzi,2019,16,2019-16,True,,
GRO,Haas F1 Team,0,0,0,0,0,grosjean,2019,16,2019-16,True,,
HAM,Mercedes,44,43,0,0,0,hamilton,2019,16,2019-16,True,,
HUL,Renault,41,6,25,5,1,hulkenberg,2019,16,2019-16,True,,
KUB,Williams,22,21,0,0,1,kubica,2019,16,2019-16,True,,
KVY,Toro Rosso,43,13,18,0,1,kvyat,2019,16,2019-16,True,,
LEC,Ferrari,41,17,3,0,0,leclerc,2019,16,2019-16,True,,
MAG,Haas F1 Team,43,32,2,1,3,kevin_magnussen,2019,16,2019-16,True,,
NOR,McLaren,41,33,2,0,3,norris,2019,16,2019-16,True,,
PER,Racing Point,41,19,6,2,3,perez,2019,16,2019-16,True,,
RAI,Alfa Romeo Racing,41,23,16,2,0,raikkonen,2019,16,2019-16,True,,
RIC,Renault,20,0,12,1,0,ricciardo,2019,16,2019-16,True,,
RUS,Williams,23,18,0,0,2,russell,2019,16,2019-16,True,,
SAI,McLaren,41,35,2,1,3,sainz,2019,16,2019-16,True,,
STR,Racing Point,43,8,10,0,1,stroll,2019,16,2019-16,True,,
VER,Red Bull Racing,43,27,7,3,0,max_verstappen,2019,16,2019-16,True,,
VET,Ferrari,22,22,0,0,0,vettel,2019,16,2019-16,True,,
ALB,Red Bull Racing,45,30,9,1,0,albon,2019,17,2019-17,False,0.050245099295784405,30.0
BOT,Mercedes,46,46,0,0,0,bottas,2019,17,2019-17,False,1.0131868147129202,46.0
GAS,Toro Rosso,47,39,3,1,2,gasly,2019,17,2019-17,False,-1.0393730464299333,39.0
GIO,Alfa Romeo Racing,44,28,5,1,3,giovinazzi,2019,17,2019-17,False,-1.7318105341581003,28.0
GRO,Haas F1 Team,46,29,8,1,4,grosjean,2019,17,2019-17,False,-1.0995248509047524,29.0
HAM,Mercedes,46,33,9,0,0,hamilton,2019,17,2019-17,False,1.2335475611524993,33.0
HUL,Renault,47,4,21,1,1,hulkenberg,2019,17,2019-17,False,,
KUB,Williams,43,42,1,0,1,kubica,2019,17,2019-17,False,-3.9706313966697278,41.0
KVY,Toro Rosso,47,18,17,6,2,kvyat,2019,17,2019-17,False,-0.7467874350985573,18.0
LEC,Ferrari,44,28,13,10,0,leclerc,2019,17,2019-17,False,0.1276588960939881,28.0
MAG,Haas F1 Team,44,23,7,1,5,kevin_magnussen,2019,17,2019-17,False,-1.4625167681865516,23.0
NOR,McLaren,46,23,14,6,2,norris,2019,17,2019-17,False,-0.6362345819357068,23.0
PER,Racing Point,45,9,13,0,2,perez,2019,17,2019-17,False,,
RAI,Alfa Romeo Racing,44,17,14,2,4,raikkonen,2019,17,2019-17,False,-1.4411814390417568,17.0
RIC,Renault,47,23,14,6,1,ricciardo,2019,17,2019-17,False,-0.9412463540125394,23.0
RUS,Williams,46,41,1,0,6,russell,2019,17,2019-17,False,-2.357710161117365,41.0
SAI,McLaren,47,45,0,0,0,sainz,2019,17,2019-17,False,-0.253917131863596,45.0
STR,Racing Point,47,7,10,1,3,stroll,2019,17,2019-17,False,,
VER,Red Bull Racing,11,0,4,0,1,max_verstappen,2019,17,2019-17,False,,
VET,Ferrari,46,43,0,0,0,vettel,2019,17,2019-17,False,0.7876501924865001,43.0
ALB,Red Bull Racing,62,53,1,0,0,albon,2019,18,2019-18,False,-0.7605061133815074,53.0
BOT,Mercedes,64,36,6,2,1,bottas,2019,18,2019-18,False,-0.33632267315623104,36.0
GAS,Toro Rosso,61,44,11,5,2,gasly,2019,18,2019-18,False,-1.670021971262798,44.0
GIO,Alfa Romeo Racing,63,51,5,1,0,giovinazzi,2019,18,2019-18,False,-2.2797925111018422,51.0
GRO,Haas F1 Team,62,41,7,0,5,grosjean,2019,18,2019-18,False,-3.9960389071217595,40.0
HAM,Mercedes,64,49,0,1,0,hamilton,2019,18,2019-18,False,-0.8061004802237327,49.0
HUL,Renault,63,47,6,2,1,hulkenberg,2019,18,2019-18,False,-1.9685082235060103,47.0
KUB,Williams,60,56,2,0,4,kubica,2019,18,2019-18,False,-3.863670463939072,55.0
KVY,Toro Rosso,61,37,11,5,1,kvyat,2019,18,2019-18,False,-1.6534940736233128,37.0
LEC,Ferrari,62,61,0,0,0,leclerc,2019,18,2019-18,False,-0.59714167782447,61.0
MAG,Haas F1 Team,63,56,2,0,6,kevin_magnussen,2019,18,2019-18,False,-3.1356647855529602,55.0
NOR,McLaren,41,37,0,0,1,norris,2019,18,2019-18,False,-2.4506424466278056,37.0
PER,Racing Point,64,54,5,0,1,perez,2019,18,2019-18,False,-1.6847719298025379,54.0
RAI,Alfa Romeo Racing,49,37,8,4,0,raikkonen,2019,18,2019-18,False,-2.168201713050043,37.0
RIC,Renault,64,45,0,1,0,ricciardo,2019,18,2019-18,False,-1.6191569054464512,45.0
RUS,Williams,62,35,7,0,4,russell,2019,18,2019-18,False,-4.026149916718308,35.0
SAI,McLaren,61,48,2,1,4,sainz,2019,18,2019-18,False,-1.997664710931879,48.0
STR,Racing Point,63,53,7,0,2,stroll,2019,18,2019-18,False,-2.297414792865,53.0
VER,Red Bull Racing,65,45,8,10,0,max_verstappen,2019,18,2019-18,False,-0.8954564877331654,45.0
VET,Ferrari,63,47,0,0,0,vettel,2019,18,2019-18,False,-0.7094919751125324,47.0
ALB,Red Bull Racing,45,22,11,12,0,albon,2019,19,2019-19,False,0.20304964698779474,22.0
BOT,Mercedes,47,40,3,0,0,bottas,2019,19,2019-19,False,0.6305075329087961,40.0
GAS,Toro Rosso,47,39,1,0,4,gasly,2019,19,2019-19,False,-1.0328303016382745,39.0
GIO,Alfa Romeo Racing,45,25,8,1,3,giovinazzi,2019,19,2019-19,False,-1.6883807406544173,25.0
GRO,Haas F1 Team,47,29,7,0,4,grosjean,2019,19,2019-19,False,-1.893311066552178,29.0
HAM,Mercedes,49,38,2,0,0,hamilton,2019,19,2019-19,False,0.8267458809652172,38.0
HUL,Renault,46,21,14,2,3,hulkenberg,2019,19,2019-19,False,-0.8212165712052463,21.0
KUB,Williams,25,23,1,0,1,kubica,2019,19,2019-19,False,-3.784281188734258,23.0
KVY,Toro Rosso,46,19,8,3,1,kvyat,2019,19,2019-19,False,-0.8778069765141134,19.0
LEC,Ferrari,46,45,0,0,1,leclerc,2019,19,2019-19,False,0.09701883525972756,45.0
MAG,Haas F1 Team,45,40,2,1,3,kevin_magnussen,2019,19,2019-19,False,-2.0169569876642943,40.0
NOR,McLaren,46,29,6,4,1,norris,2019,19,2019-19,False,-0.7722640316673621,29.0
PER,Racing Point,48,23,15,5,2,perez,2019,19,2019-19,False,-0.675268089821224,23.0
RAI,Alfa Romeo Racing,46,34,8,1,4,raikkonen,2019,19,2019-19,False,-1.2134152306411197,34.0
RIC,Renault,48,39,6,1,2,ricciardo,2019,19,2019-19,False,-0.7792582641365866,39.0
RUS,Williams,45,41,4,0,3,russell,2019,19,2019-19,False,-2.692942400057451,41.0
SAI,McLaren,48,34,2,1,2,sainz,2019,19,2019-19,False,-0.8603645633373385,34.0
STR,Racing Point,46,30,9,3,0,stroll,2019,19,2019-19,False,-1.2241765713180326,30.0
VER,Red Bull Racing,47,40,0,1,0,max_verstappen,2019,19,2019-19,False,0.5513950658729446,40.0
VET,Ferrari,6,0,6,0,1,vettel,2019,19,2019-19,False,,
ALB,Red Bull Racing,51,37,10,1,0,albon,2019,20,2019-20,False,0.41707287167107226,37.0
BOT,Mercedes,45,31,8,0,0,bottas,2019,20,2019-20,False,0.5995858691740601,31.0
GAS,Toro Rosso,51,40,4,2,1,gasly,2019,20,2019-20,False,-0.48541812513237437,40.0
GIO,Alfa Romeo Racing,50,23,14,3,1,giovinazzi,2019,20,2019-20,False,-0.8330494274541724,23.0
GRO,Haas F1 Team,52,39,6,0,10,grosjean,2019,20,2019-20,False,-1.0410564030619995,39.0
HAM,Mercedes,52,39,2,0,1,hamilton,2019,20,2019-20,False,1.2593081019407284,39.0
HUL,Renault,50,25,15,4,3,hulkenberg,2019,20,2019-20,False,-1.3551125558458645,25.0
KUB,Williams,50,46,1,1,3,kubica,2019,20,2019-20,False,-3.809297438341253,46.0
KVY,Toro Rosso,50,10,28,2,6,kvyat,2019,20,2019-20,False,-1.344522544112796,10.0
LEC,Ferrari,53,35,12,5,0,leclerc,2019,20,2019-20,False,0.3140287128746204,35.0
MAG,Haas F1 Team,49,35,11,9,16,kevin_magnussen,2019,20,2019-20,False,-1.0371199170590282,35.0
NOR,McLaren,50,12,16,4,0,norris,2019,20,2019-20,False,-1.0468203551657094,12.0
PER,Racing Point,50,24,13,3,4,perez,2019,20,2019-20,False,-0.6479299233095054,24.0
RAI,Alfa Romeo Racing,50,31,14,2,1,raikkonen,2019,20,2019-20,False,-0.6674929065520575,31.0
RIC,Renault,51,23,15,7,2,ricciardo,2019,20,2019-20,False,-0.24476648231996348,23.0
RUS,Williams,52,29,18,1,2,russell,2019,20,2019-20,False,-2.4851929926710334,29.0
SAI,McLaren,53,23,18,6,1,sainz,2019,20,2019-20,False,-0.9723427602929201,23.0
STR,Racing Point,52,35,5,4,3,stroll,2019,20,2019-20,False,-1.1930778655680303,35.0
VER,Red Bull Racing,52,50,0,1,0,max_verstappen,2019,20,2019-20,False,1.2411001067329268,50.0
VET,Ferrari,51,36,6,0,1,vettel,2019,20,2019-20,False,0.7465622317642984,36.0
ALB,Red Bull Racing,51,37,4,0,2,albon,2019,21,2019-21,False,-0.24516161125316363,37.0
BOT,Mercedes,51,31,16,5,0,bottas,2019,21,2019-21,False,0.7370090422915545,31.0
GAS,Toro Rosso,51,45,3,1,0,gasly,2019,21,2019-21,False,-1.3734334019086312,45.0
GIO,Alfa Romeo Racing,49,32,9,2,1,giovinazzi,2019,21,2019-21,False,-1.8799059303150472,32.0
GRO,Haas F1 Team,51,41,5,1,0,grosjean,2019,21,2019-21,False,-1.872288103086077,41.0
HAM,Mercedes,51,51,0,0,0,hamilton,2019,21,2019-21,False,0.6949105345193074,51.0
HUL,Renault,51,17,12,1,3,hulkenberg,2019,21,2019-21,False,-0.8138387908153742,17.0
KUB,Williams,50,45,0,0,1,kubica,2019,21,2019-21,False,-3.1031687574638056,45.0
KVY,Toro Rosso,51,28,8,2,0,kvyat,2019,21,2019-21,False,-0.7842215302767703,28.0
LEC,Ferrari,49,48,0,0,1,leclerc,2019,21,2019-21,False,0.18832127063238668,48.0
MAG,Haas F1 Team,51,46,0,0,5,kevin_magnussen,2019,21,2019-21,False,-1.95833186059977,46.0
NOR,McLaren,50,42,4,0,1,norris,2019,21,2019-21,False,-1.2609389529513266,42.0
PER,Racing Point,51,31,11,4,1,perez,2019,21,2019-21,False,-1.1775973195280374,31.0
RAI,Alfa Romeo Racing,51,26,6,1,4,raikkonen,2019,21,2019-21,False,-1.2812171935226169,26.0
RIC,Renault,49,8,21,2,2,ricciardo,2019,21,2019-21,False,,
RUS,Williams,51,30,4,0,2,russell,2019,21,2019-21,False,-2.1358969815087048,30.0
SAI,McLaren,48,14,3,3,0,sainz,2019,21,2019-21,False,-0.9972744186916039,14.0
STR,Racing Point,39,22,7,0,1,stroll,2019,21,2019-21,False,-1.7379566811665583,22.0
VER,Red Bull Racing,51,41,2,1,0,max_verstappen,2019,21,2019-21,False,0.42253137802276464,41.0
VET,Ferrari,49,39,3,1,0,vettel,2019,21,2019-21,False,-0.007994323887128002,39.0
ALB,Red Bull Racing,35,27,6,1,3,albon,2020,1,2020-01,False,0.6800491407855954,26.0
BOT,Mercedes,42,30,11,4,0,bottas,2020,1,2020-01,False,1.2784406555547483,27.0
GAS,AlphaTauri,41,30,6,2,2,gasly,2020,1,2020-01,False,-0.6608374244621008,29.0
GIO,Alfa Romeo Racing,42,12,19,2,3,giovinazzi,2020,1,2020-01,False,-1.0807407688700226,10.0
GRO,Haas F1 Team,29,15,5,1,1,grosjean,2020,1,2020-01,False,-1.6867483607110696,13.0
HAM,Mercedes,41,23,16,7,2,hamilton,2020,1,2020-01,False,1.5495233660601926,21.0
KVY,AlphaTauri,37,16,12,3,1,kvyat,2020,1,2020-01,False,-0.8044664223722431,16.0
LAT,Williams,39,29,4,1,2,latifi,2020,1,2020-01,False,-1.7436668727219313,28.0
LEC,Ferrari,40,9,18,0,1,leclerc,2020,1,2020-01,False,,
MAG,Haas F1 Team,17,3,9,0,2,kevin_magnussen,2020,1,2020-01,False,,
NOR,McLaren,40,27,8,3,3,norris,2020,1,2020-01,False,0.47965535006177396,27.0
OCO,Renault,41,8,26,4,5,ocon,2020,1,2020-01,False,,
PER,Racing Point,42,28,13,1,4,perez,2020,1,2020-01,False,1.0623913614808358,25.0
RAI,Alfa Romeo Racing,34,15,14,1,2,raikkonen,2020,1,2020-01,False,-0.5051336061777365,15.0
RIC,Renault,9,0,1,0,0,ricciardo,2020,1,2020-01,False,,
RUS,Williams,34,25,6,0,1,russell,2020,1,2020-01,False,-1.2168774193219338,25.0
SAI,McLaren,39,16,7,2,2,sainz,2020,1,2020-01,False,0.14413162846980263,15.0
STR,Racing Point,12,4,4,0,2,stroll,2020,1,2020-01,False,,
VER,Red Bull Racing,8,8,0,0,0,max_verstappen,2020,1,2020-01,False,,
VET,Ferrari,39,25,8,4,0,vettel,2020,1,2020-01,False,-0.6249088728923926,24.0
ALB,Red Bull Racing,64,60,3,1,0,albon,2020,2,2020-02,True,,
BOT,Mercedes,64,60,3,2,0,bottas,2020,2,2020-02,True,,
GAS,AlphaTauri,62,35,13,3,5,gasly,2020,2,2020-02,True,,
GIO,Alfa Romeo Racing,64,11,7,2,4,giovinazzi,2020,2,2020-02,True,,
GRO,Haas F1 Team,64,24,26,2,1,grosjean,2020,2,2020-02,True,,
HAM,Mercedes,64,64,0,0,0,hamilton,2020,2,2020-02,True,,
KVY,AlphaTauri,64,44,3,1,1,kvyat,2020,2,2020-02,True,,
LAT,Williams,62,48,2,0,3,latifi,2020,2,2020-02,True,,
LEC,Ferrari,0,0,0,0,0,leclerc,2020,2,2020-02,True,,
MAG,Haas F1 Team,64,14,31,1,5,kevin_magnussen,2020,2,2020-02,True,,
NOR,McLaren,64,39,14,4,2,norris,2020,2,2020-02,True,,
OCO,Renault,20,1,12,0,0,ocon,2020,2,2020-02,True,,
PER,Racing Point,64,13,28,5,1,perez,2020,2,2020-02,True,,
RAI,Alfa Romeo Racing,64,19,23,5,2,raikkonen,2020,2,2020-02,True,,
RIC,Renault,64,42,16,0,3,ricciardo,2020,2,2020-02,True,,
RUS,Williams,63,26,7,0,2,russell,2020,2,2020-02,True,,
SAI,McLaren,62,50,4,2,2,sainz,2020,2,2020-02,True,,
STR,Racing Point,64,11,38,5,1,stroll,2020,2,2020-02,True,,
VER,Red Bull Racing,62,59,0,0,1,max_verstappen,2020,2,2020-02,True,,
VET,Ferrari,0,0,0,0,0,vettel,2020,2,2020-02,True,,
ALB,Red Bull Racing,63,31,15,4,0,albon,2020,3,2020-03,True,,
BOT,Mercedes,59,30,8,3,0,bottas,2020,3,2020-03,True,,
GAS,AlphaTauri,11,4,6,0,1,gasly,2020,3,2020-03,True,,
GIO,Alfa Romeo Racing,62,60,0,0,0,giovinazzi,2020,3,2020-03,True,,
GRO,Haas F1 Team,62,61,0,0,7,grosjean,2020,3,2020-03,True,,
HAM,Mercedes,60,60,0,0,0,hamilton,2020,3,2020-03,True,,
KVY,AlphaTauri,62,58,2,0,0,kvyat,2020,3,2020-03,True,,
LAT,Williams,55,54,1,0,0,latifi,2020,3,2020-03,True,,
LEC,Ferrari,61,43,7,1,3,leclerc,2020,3,2020-03,True,,
MAG,Haas F1 Team,63,62,1,0,4,kevin_magnussen,2020,3,2020-03,True,,
NOR,McLaren,63,21,24,3,2,norris,2020,3,2020-03,True,,
OCO,Renault,62,28,23,5,1,ocon,2020,3,2020-03,True,,
PER,Racing Point,63,44,8,2,0,perez,2020,3,2020-03,True,,
RAI,Alfa Romeo Racing,63,42,8,1,1,raikkonen,2020,3,2020-03,True,,
RIC,Renault,63,31,13,2,0,ricciardo,2020,3,2020-03,True,,
RUS,Williams,61,32,6,0,3,russell,2020,3,2020-03,True,,
SAI,McLaren,63,18,26,1,0,sainz,2020,3,2020-03,True,,
STR,Racing Point,60,51,5,2,0,stroll,2020,3,2020-03,True,,
VER,Red Bull Racing,63,62,1,0,0,max_verstappen,2020,3,2020-03,True,,
VET,Ferrari,63,45,7,0,2,vettel,2020,3,2020-03,True,,
ALB,Red Bull Racing,33,17,14,6,0,albon,2020,4,2020-04,False,-1.7685994082647865,17.0
BOT,Mercedes,36,12,1,0,0,bottas,2020,4,2020-04,False,-1.4637037648973878,12.0
GAS,AlphaTauri,38,9,23,3,0,gasly,2020,4,2020-04,False,,
GIO,Alfa Romeo Racing,38,16,15,0,3,giovinazzi,2020,4,2020-04,False,-3.243073307559285,16.0
GRO,Haas F1 Team,36,9,16,1,2,grosjean,2020,4,2020-04,False,,
HAM,Mercedes,38,38,0,0,0,hamilton,2020,4,2020-04,False,-0.9295622714373372,38.0
KVY,AlphaTauri,6,0,6,1,0,kvyat,2020,4,2020-04,False,,
LAT,Williams,38,19,10,1,1,latifi,2020,4,2020-04,False,-3.1283199303971414,19.0
LEC,Ferrari,38,38,0,0,0,leclerc,2020,4,2020-04,False,-2.414960954600591,38.0
MAG,Haas F1 Team,0,0,0,0,0,kevin_magnussen,2020,4,2020-04,False,,
NOR,McLaren,38,15,7,2,1,norris,2020,4,2020-04,False,-2.5206048303248423,15.0
OCO,Renault,38,4,22,2,0,ocon,2020,4,2020-04,False,,
RAI,Alfa Romeo Racing,37,20,13,1,4,raikkonen,2020,4,2020-04,False,-3.6134228217341846,20.0
RIC,Renault,38,1,20,1,1,ricciardo,2020,4,2020-04,False,,
RUS,Williams,38,14,14,1,2,russell,2020,4,2020-04,False,-2.9366315303894988,14.0
SAI,McLaren,37,31,5,1,0,sainz,2020,4,2020-04,False,-2.4256031831694034,31.0
STR,Racing Point,38,10,23,0,3,stroll,2020,4,2020-04,False,-2.5432866960179004,10.0
VER,Red Bull Racing,36,36,0,0,0,max_verstappen,2020,4,2020-04,False,-1.4069231059297587,36.0
VET,Ferrari,37,8,15,0,3,vettel,2020,4,2020-04,False,,
ALB,Red Bull Racing,46,21,19,4,0,albon,2020,5,2020-05,False,-0.22375874915932972,21.0
BOT,Mercedes,45,42,0,0,0,bottas,2020,5,2020-05,False,-0.6735164266228195,42.0
GAS,AlphaTauri,45,31,4,2,1,gasly,2020,5,2020-05,False,-1.6433652695902634,31.0
GIO,Alfa Romeo Racing,44,36,8,0,1,giovinazzi,2020,5,2020-05,False,-2.582956953729832,36.0
GRO,Haas F1 Team,44,21,11,1,1,grosjean,2020,5,2020-05,False,-2.0035431079102346,21.0
HAM,Mercedes,45,30,3,1,0,hamilton,2020,5,2020-05,False,-0.7144222672949173,30.0
HUL,Racing Point,44,38,3,0,0,hulkenberg,2020,5,2020-05,False,-1.063834802753884,38.0
KVY,AlphaTauri,45,20,11,2,0,kvyat,2020,5,2020-05,False,-1.3224380158254927,20.0
LAT,Williams,43,8,23,0,2,latifi,2020,5,2020-05,False,,
LEC,Ferrari,47,27,5,0,1,leclerc,2020,5,2020-05,False,-0.7995860805812864,27.0
MAG,Haas F1 Team,36,29,2,0,1,kevin_magnussen,2020,5,2020-05,False,-2.740654959767214,28.0
NOR,McLaren,45,19,8,0,0,norris,2020,5,2020-05,False,-1.4273551569681149,19.0
OCO,Renault,47,41,2,0,1,ocon,2020,5,2020-05,False,-1.7759014528513086,41.0
RAI,Alfa Romeo Racing,47,31,9,1,5,raikkonen,2020,5,2020-05,False,-2.706426586799245,31.0
RIC,Renault,43,22,5,1,0,ricciardo,2020,5,2020-05,False,-1.923087211494245,22.0
RUS,Williams,43,10,19,0,0,russell,2020,5,2020-05,False,-2.4609450768431707,10.0
SAI,McLaren,45,17,17,0,0,sainz,2020,5,2020-05,False,-1.668888210608871,17.0
STR,Racing Point,46,31,0,0,1,stroll,2020,5,2020-05,False,-1.1817049363667103,31.0
VER,Red Bull Racing,45,35,5,0,0,max_verstappen,2020,5,2020-05,False,-0.21702810804908734,35.0
VET,Ferrari,45,6,25,2,0,vettel,2020,5,2020-05,False,,
ALB,Red Bull Racing,58,22,12,1,1,albon,2020,6,2020-06,False,-0.6610083433682917,22.0
BOT,Mercedes,56,44,3,1,0,bottas,2020,6,2020-06,False,0.8040962148733397,44.0
GAS,AlphaTauri,58,12,15,0,0,gasly,2020,6,2020-06,False,-0.849904561654861,12.0
GIO,Alfa Romeo Racing,58,29,8,2,1,giovinazzi,2020,6,2020-06,False,-0.9733790514666304,29.0
GRO,Haas F1 Team,57,30,3,0,5,grosjean,2020,6,2020-06,False,-1.4135545223894106,30.0
HAM,Mercedes,58,58,0,0,0,hamilton,2020,6,2020-06,False,1.3039926457173638,58.0
KVY,AlphaTauri,58,16,17,2,0,kvyat,2020,6,2020-06,False,-0.8307044451182364,16.0
LAT,Williams,58,54,1,0,1,latifi,2020,6,2020-06,False,-1.3276667145568875,54.0
LEC,Ferrari,33,8,12,0,0,leclerc,2020,6,2020-06,False,,
MAG,Haas F1 Team,60,39,5,1,2,kevin_magnussen,2020,6,2020-06,False,-1.1129026680982514,39.0
NOR,McLaren,58,22,15,0,0,norris,2020,6,2020-06,False,-0.7035168278293827,22.0
OCO,Renault,60,24,18,1,2,ocon,2020,6,2020-06,False,-1.0272936801325507,24.0
PER,Racing Point,61,29,3,0,0,perez,2020,6,2020-06,False,-0.6397530618965951,29.0
RAI,Alfa Romeo Racing,58,16,23,4,0,raikkonen,2020,6,2020-06,False,-0.6597986415852651,16.0
RIC,Renault,61,43,5,0,1,ricciardo,2020,6,2020-06,False,-0.7404785959719983,43.0
RUS,Williams,59,35,8,2,2,russell,2020,6,2020-06,False,-1.5446966909180175,35.0
SAI,McLaren,59,35,8,3,0,sainz,2020,6,2020-06,False,-0.43243072618385436,35.0
STR,Racing Point,59,48,2,1,1,stroll,2020,6,2020-06,False,-0.6551463778599437,48.0
VER,Red Bull Racing,58,49,0,0,0,max_verstappen,2020,6,2020-06,False,0.8811542390381377,49.0
VET,Ferrari,60,44,3,0,2,vettel,2020,6,2020-06,False,-0.9044946800311523,44.0
ALB,Red Bull Racing,37,20,10,2,0,albon,2020,7,2020-07,False,0.8943186639478441,20.0
BOT,Mercedes,38,27,0,0,0,bottas,2020,7,2020-07,False,0.28393974285015045,27.0
GAS,AlphaTauri,35,15,12,8,2,gasly,2020,7,2020-07,False,-0.38303965150020813,15.0
GIO,Alfa Romeo Racing,8,0,3,0,0,giovinazzi,2020,7,2020-07,False,,
GRO,Haas F1 Team,37,19,9,0,2,grosjean,2020,7,2020-07,False,-1.2539760855272415,19.0
HAM,Mercedes,38,38,0,0,0,hamilton,2020,7,2020-07,False,0.5729128133166447,38.0
KVY,AlphaTauri,37,16,9,1,1,kvyat,2020,7,2020-07,False,-1.20748478702595,16.0
LAT,Williams,35,19,9,0,1,latifi,2020,7,2020-07,False,-1.671789675041356,19.0
LEC,Ferrari,35,10,14,0,4,leclerc,2020,7,2020-07,False,-1.1065361827713622,10.0
MAG,Haas F1 Team,35,22,6,0,4,kevin_magnussen,2020,7,2020-07,False,-1.6414045766744891,22.0
NOR,McLaren,37,9,10,2,0,norris,2020,7,2020-07,False,,
OCO,Renault,37,19,9,0,0,ocon,2020,7,2020-07,False,-0.12507314174551687,19.0
PER,Racing Point,35,9,10,7,4,perez,2020,7,2020-07,False,,
RAI,Alfa Romeo Racing,37,2,23,2,2,raikkonen,2020,7,2020-07,False,,
RIC,Renault,37,30,5,2,0,ricciardo,2020,7,2020-07,False,0.13441491980167572,30.0
RUS,Williams,8,0,4,1,0,russell,2020,7,2020-07,False,,
STR,Racing Point,37,22,5,0,2,stroll,2020,7,2020-07,False,-0.5765628577213354,22.0
VER,Red Bull Racing,37,23,0,0,0,max_verstappen,2020,7,2020-07,False,1.1324161765848548,23.0
VET,Ferrari,37,14,8,0,3,vettel,2020,7,2020-07,False,-1.3537917492548344,14.0
ALB,Red Bull Racing,41,2,13,1,1,albon,2020,8,2020-08,False,,
BOT,Mercedes,41,0,30,1,0,bottas,2020,8,2020-08,False,,
GAS,AlphaTauri,42,27,9,0,0,gasly,2020,8,2020-08,False,-1.1750794976682588,26.0
GIO,Alfa Romeo Racing,38,24,4,0,1,giovinazzi,2020,8,2020-08,False,-2.0146364059405357,24.0
GRO,Haas F1 Team,41,23,5,2,1,grosjean,2020,8,2020-08,False,-2.182020978356747,23.0
HAM,Mercedes,40,24,12,8,0,hamilton,2020,8,2020-08,False,0.20544365094192307,24.0
KVY,AlphaTauri,41,2,32,1,1,kvyat,2020,8,2020-08,False,,
LAT,Williams,39,18,9,1,2,latifi,2020,8,2020-08,False,-2.1349906496234716,18.0
LEC,Ferrari,14,8,2,0,0,leclerc,2020,8,2020-08,False,,
MAG,Haas F1 Team,14,14,0,0,0,kevin_magnussen,2020,8,2020-08,False,-1.4788967612103552,14.0
NOR,McLaren,40,29,6,1,0,norris,2020,8,2020-08,False,-0.8144506710167654,29.0
OCO,Renault,41,10,18,1,1,ocon,2020,8,2020-08,False,-1.1793538500654004,10.0
PER,Racing Point,40,5,21,2,1,perez,2020,8,2020-08,False,,
RAI,Alfa Romeo Racing,40,11,4,0,11,raikkonen,2020,8,2020-08,False,-2.271141070611215,11.0
RIC,Renault,40,1,20,1,0,ricciardo,2020,8,2020-08,False,,
RUS,Williams,41,10,26,0,2,russell,2020,8,2020-08,False,-2.0600895262766548,10.0
SAI,McLaren,40,26,5,2,0,sainz,2020,8,2020-08,False,-0.6294105036483998,26.0
STR,Racing Point,42,21,5,2,2,stroll,2020,8,2020-08,False,-0.9706688940865532,21.0
VER,Red Bull Racing,18,0,17,1,2,max_verstappen,2020,8,2020-08,False,,
VET,Ferrari,4,1,1,1,0,vettel,2020,8,2020-08,False,,
ALB,Red Bull Racing,43,17,13,3,0,albon,2020,9,2020-09,False,-2.0732844155425934,17.0
BOT,Mercedes,43,20,1,1,0,bottas,2020,9,2020-09,False,-1.6276835542177874,20.0
GAS,AlphaTauri,0,0,0,0,0,gasly,2020,9,2020-09,False,,
GIO,Alfa Romeo Racing,0,0,0,0,0,giovinazzi,2020,9,2020-09,False,,
GRO,Haas F1 Team,42,31,4,0,6,grosjean,2020,9,2020-09,False,-4.614942222114851,31.0
HAM,Mercedes,43,43,0,0,0,hamilton,2020,9,2020-09,False,-1.451311230895082,43.0
KVY,AlphaTauri,43,22,5,0,0,kvyat,2020,9,2020-09,False,-3.1986680083821515,22.0
LAT,Williams,0,0,0,0,0,latifi,2020,9,2020-09,False,,
LEC,Ferrari,40,29,3,2,4,leclerc,2020,9,2020-09,False,-2.7410596838903505,29.0
MAG,Haas F1 Team,0,0,0,0,0,kevin_magnussen,2020,9,2020-09,False,,
NOR,McLaren,43,30,4,1,0,norris,2020,9,2020-09,False,-2.8032256782235083,30.0
OCO,Renault,0,0,0,0,0,ocon,2020,9,2020-09,False,,
PER,Racing Point,43,29,2,0,2,perez,2020,9,2020-09,False,-2.9064057740370326,29.0
RAI,Alfa Romeo Racing,42,27,5,1,2,raikkonen,2020,9,2020-09,False,-3.2047693783001745,27.0
RIC,Renault,43,21,9,2,2,ricciardo,2020,9,2020-09,False,-2.5756279134778026,21.0
RUS,Williams,42,28,7,2,0,russell,2020,9,2020-09,False,-3.5862258510175833,28.0
SAI,McLaren,0,0,0,0,0,sainz,2020,9,2020-09,False,,
STR,Racing Point,31,14,8,1,0,stroll,2020,9,2020-09,False,-2.24851681382748,14.0
VER,Red Bull Racing,0,0,0,0,0,max_verstappen,2020,9,2020-09,False,,
VET,Ferrari,42,26,7,3,0,vettel,2020,9,2020-09,False,-3.580408215004606,26.0
ALB,Red Bull Racing,44,16,15,5,2,albon,2020,10,2020-10,False,-1.3068123148247566,16.0
BOT,Mercedes,44,36,0,0,0,bottas,2020,10,2020-10,False,-0.040906235864724194,36.0
GAS,AlphaTauri,43,23,12,2,0,gasly,2020,10,2020-10,False,-1.2587756642905148,23.0
GIO,Alfa Romeo Racing,44,16,7,2,1,giovinazzi,2020,10,2020-10,False,-1.9707303765892146,16.0
GRO,Haas F1 Team,43,34,3,1,4,grosjean,2020,10,2020-10,False,-2.478063565741257,34.0
HAM,Mercedes,44,40,2,1,0,hamilton,2020,10,2020-10,False,-0.24744730733435544,40.0
KVY,AlphaTauri,43,16,17,2,0,kvyat,2020,10,2020-10,False,-0.9358672891373031,16.0
LAT,Williams,44,40,0,0,3,latifi,2020,10,2020-10,False,-2.781199027623549,40.0
LEC,Ferrari,43,39,1,0,0,leclerc,2020,10,2020-10,False,-1.460445792072693,39.0
MAG,Haas F1 Team,44,35,1,0,2,kevin_magnussen,2020,10,2020-10,False,-2.316151087209643,35.0
NOR,McLaren,44,34,7,4,2,norris,2020,10,2020-10,False,-1.6952248522771165,34.0
OCO,Renault,43,31,4,1,0,ocon,2020,10,2020-10,False,-1.220670256701854,31.0
PER,Racing Point,44,33,10,0,0,perez,2020,10,2020-10,False,-0.5381524388699754,33.0
RAI,Alfa Romeo Racing,44,32,9,1,2,raikkonen,2020,10,2020-10,False,-2.044059797460599,32.0
RIC,Renault,43,27,9,2,0,ricciardo,2020,10,2020-10,False,-0.601913418307121,27.0
RUS,Williams,42,32,2,1,4,russell,2020,10,2020-10,False,-2.733397394697538,32.0
SAI,McLaren,0,0,0,0,0,sainz,2020,10,2020-10,False,,
STR,Racing Point,0,0,0,0,0,stroll,2020,10,2020-10,False,,
VER,Red Bull Racing,44,34,1,0,0,max_verstappen,2020,10,2020-10,False,-0.2666956260423651,34.0
VET,Ferrari,44,26,13,1,3,vettel,2020,10,2020-10,False,-1.9868364964430583,26.0
ALB,Red Bull Racing,14,0,9,2,0,albon,2020,11,2020-11,True,,
BOT,Mercedes,11,11,0,0,0,bottas,2020,11,2020-11,True,,
GAS,AlphaTauri,44,18,13,5,1,gasly,2020,11,2020-11,True,,
GIO,Alfa Romeo Racing,43,30,3,0,0,giovinazzi,2020,11,2020-11,True,,
GRO,Haas F1 Team,44,24,11,0,3,grosjean,2020,11,2020-11,True,,
HAM,Mercedes,45,35,0,0,0,hamilton,2020,11,2020-11,True,,
HUL,Racing Point,44,14,16,3,0,hulkenberg,2020,11,2020-11,True,,
KVY,AlphaTauri,47,25,19,0,0,kvyat,2020,11,2020-11,True,,
LAT,Williams,42,21,5,0,4,latifi,2020,11,2020-11,True,,
LEC,Ferrari,42,29,7,2,3,leclerc,2020,11,2020-11,True,,
MAG,Haas F1 Team,42,26,8,0,3,kevin_magnussen,2020,11,2020-11,True,,
NOR,McLaren,34,25,2,0,0,norris,2020,11,2020-11,True,,
OCO,Renault,15,6,2,0,0,ocon,2020,11,2020-11,True,,
PER,Racing Point,45,18,11,1,0,perez,2020,11,2020-11,True,,
RAI,Alfa Romeo Racing,43,4,32,2,3,raikkonen,2020,11,2020-11,True,,
RIC,Renault,47,36,7,1,0,ricciardo,2020,11,2020-11,True,,
RUS,Williams,9,3,2,0,0,russell,2020,11,2020-11,True,,
SAI,McLaren,45,27,6,0,0,sainz,2020,11,2020-11,True,,
VER,Red Bull Racing,45,37,0,0,0,max_verstappen,2020,11,2020-11,True,,
VET,Ferrari,41,8,17,2,1,vettel,2020,11,2020-11,True,,
ALB,Red Bull Racing,60,32,15,1,4,albon,2020,12,2020-12,False,-1.6839571876063746,32.0
BOT,Mercedes,62,57,2,1,1,bottas,2020,12,2020-12,False,-0.9669344790630119,57.0
GAS,AlphaTauri,62,26,18,7,0,gasly,2020,12,2020-12,False,-2.3061249253865186,26.0
GIO,Alfa Romeo Racing,62,37,16,0,5,giovinazzi,2020,12,2020-12,False,-3.071927412212655,37.0
GRO,Haas F1 Team,62,13,22,1,5,grosjean,2020,12,2020-12,False,-3.262128924540521,13.0
HAM,Mercedes,62,49,7,1,0,hamilton,2020,12,2020-12,False,-0.48322132771978443,49.0
KVY,AlphaTauri,59,20,21,5,2,kvyat,2020,12,2020-12,False,-2.7916723510909507,19.0
LAT,Williams,61,48,4,1,4,latifi,2020,12,2020-12,False,-3.2730521732090474,48.0
LEC,Ferrari,62,52,8,4,2,leclerc,2020,12,2020-12,False,-1.6494654020603277,52.0
MAG,Haas F1 Team,62,39,11,2,6,kevin_magnussen,2020,12,2020-12,False,-3.1456847932573537,39.0
NOR,McLaren,60,50,4,4,3,norris,2020,12,2020-12,False,-2.260506085671117,50.0
OCO,Renault,62,42,11,2,2,ocon,2020,12,2020-12,False,-2.2887137442077408,42.0
PER,Racing Point,61,40,12,7,2,perez,2020,12,2020-12,False,-1.8602986425377959,40.0
RAI,Alfa Romeo Racing,62,13,11,2,5,raikkonen,2020,12,2020-12,False,-3.7515336987361416,13.0
RIC,Renault,62,34,8,3,5,ricciardo,2020,12,2020-12,False,-2.5021451961727235,34.0
RUS,Williams,62,39,10,1,3,russell,2020,12,2020-12,False,-2.7598417956402725,39.0
SAI,McLaren,62,32,11,5,5,sainz,2020,12,2020-12,False,-2.552425106994776,32.0
STR,Racing Point,45,21,14,2,0,stroll,2020,12,2020-12,False,-2.5139144573911185,21.0
VER,Red Bull Racing,62,55,6,2,0,max_verstappen,2020,12,2020-12,False,-1.2907165509759972,55.0
VET,Ferrari,62,25,18,4,1,vettel,2020,12,2020-12,False,-2.0907657330686233,25.0
ALB,Red Bull Racing,45,13,6,0,0,albon,2020,13,2020-13,False,-1.681641104960413,13.0
BOT,Mercedes,49,46,0,0,1,bottas,2020,13,2020-13,False,-1.3492288914261,46.0
GAS,AlphaTauri,6,0,0,0,0,gasly,2020,13,2020-13,False,,
GIO,Alfa Romeo Racing,47,21,8,0,1,giovinazzi,2020,13,2020-13,False,-2.83574690627269,21.0
GRO,Haas F1 Team,47,21,13,0,0,grosjean,2020,13,2020-13,False,-2.2119264256696436,21.0
HAM,Mercedes,50,34,3,0,0,hamilton,2020,13,2020-13,False,-0.8294623760686306,34.0
KVY,AlphaTauri,47,10,16,0,0,kvyat,2020,13,2020-13,False,-1.4452421095326,10.0
LAT,Williams,48,21,7,0,0,latifi,2020,13,2020-13,False,-2.8536606669678424,21.0
LEC,Ferrari,47,19,3,0,0,leclerc,2020,13,2020-13,False,-1.6169210591557752,19.0
MAG,Haas F1 Team,42,41,0,0,1,kevin_magnussen,2020,13,2020-13,False,-2.828128265064466,41.0
NOR,McLaren,47,24,8,0,0,norris,2020,13,2020-13,False,-2.406040045378839,24.0
OCO,Renault,24,7,4,0,0,ocon,2020,13,2020-13,False,,
PER,Racing Point,48,23,15,0,0,perez,2020,13,2020-13,False,-1.622897395838229,23.0
RAI,Alfa Romeo Racing,48,32,10,0,0,raikkonen,2020,13,2020-13,False,-2.7153043093377263,32.0
RIC,Renault,47,42,2,0,0,ricciardo,2020,13,2020-13,False,-1.8329524244615691,42.0
RUS,Williams,43,31,1,0,0,russell,2020,13,2020-13,False,-1.96497378005103,31.0
SAI,McLaren,47,5,18,0,0,sainz,2020,13,2020-13,False,,
STR,Racing Point,48,25,8,1,0,stroll,2020,13,2020-13,False,-2.4558022169111355,25.0
VER,Red Bull Racing,45,13,7,1,0,max_verstappen,2020,13,2020-13,False,-0.9764818606997037,13.0
VET,Ferrari,48,31,16,1,0,vettel,2020,13,2020-13,False,-2.368010141580262,31.0
ALB,Red Bull Racing,40,28,4,0,1,albon,2020,14,2020-14,True,,
BOT,Mercedes,41,19,8,1,0,bottas,2020,14,2020-14,True,,
GAS,AlphaTauri,39,19,8,2,0,gasly,2020,14,2020-14,True,,
GIO,Alfa Romeo Racing,7,7,0,0,0,giovinazzi,2020,14,2020-14,True,,
GRO,Haas F1 Team,31,31,0,0,1,grosjean,2020,14,2020-14,True,,
HAM,Mercedes,41,28,7,0,0,hamilton,2020,14,2020-14,True,,
KVY,AlphaTauri,41,34,0,0,0,kvyat,2020,14,2020-14,True,,
LAT,Williams,26,26,0,0,0,latifi,2020,14,2020-14,True,,
LEC,Ferrari,38,22,9,2,0,leclerc,2020,14,2020-14,True,,
MAG,Haas F1 Team,36,35,0,0,1,kevin_magnussen,2020,14,2020-14,True,,
NOR,McLaren,39,19,11,3,0,norris,2020,14,2020-14,True,,
OCO,Renault,41,34,5,0,0,ocon,2020,14,2020-14,True,,
PER,Racing Point,40,38,2,0,0,perez,2020,14,2020-14,True,,
RAI,Alfa Romeo Racing,37,28,2,0,3,raikkonen,2020,14,2020-14,True,,
RIC,Renault,41,40,0,0,0,ricciardo,2020,14,2020-14,True,,
RUS,Williams,40,30,4,0,3,russell,2020,14,2020-14,True,,
SAI,McLaren,39,27,5,2,0,sainz,2020,14,2020-14,True,,
STR,Racing Point,38,37,1,0,1,stroll,2020,14,2020-14,True,,
VER,Red Bull Racing,37,15,8,0,0,max_verstappen,2020,14,2020-14,True,,
VET,Ferrari,39,32,4,0,0,vettel,2020,14,2020-14,True,,
ALB,Red Bull Racing,40,33,4,2,0,albon,2020,15,2020-15,False,-0.36167341457937946,33.0
BOT,Mercedes,40,20,16,3,0,bottas,2020,15,2020-15,False,0.17342429588891337,20.0
GAS,AlphaTauri,42,33,5,0,5,gasly,2020,15,2020-15,False,-0.5595316206566933,33.0
GIO,Alfa Romeo Racing,41,20,14,1,1,giovinazzi,2020,15,2020-15,False,-1.448767162046427,20.0
GRO,Haas F1 Team,0,0,0,0,0,grosjean,2020,15,2020-15,False,,
HAM,Mercedes,40,40,0,0,0,hamilton,2020,15,2020-15,False,0.5340407783182356,40.0
KVY,AlphaTauri,39,19,8,1,0,kvyat,2020,15,2020-15,False,-1.2458055288432464,19.0
LAT,Williams,39,21,6,1,2,latifi,2020,15,2020-15,False,-2.212985180905825,21.0
LEC,Ferrari,40,35,2,0,4,leclerc,2020,15,2020-15,False,-1.4047022413021921,35.0
MAG,Haas F1 Team,41,30,2,1,5,kevin_magnussen,2020,15,2020-15,False,-2.367784043251498,30.0
NOR,McLaren,40,32,4,1,0,norris,2020,15,2020-15,False,-0.5685838539168292,32.0
OCO,Renault,40,29,3,1,2,ocon,2020,15,2020-15,False,-0.660519373104441,29.0
PER,Racing Point,39,37,1,1,0,perez,2020,15,2020-15,False,-0.20222956607541792,37.0
RAI,Alfa Romeo Racing,39,12,9,1,2,raikkonen,2020,15,2020-15,False,-2.2064174101693097,12.0
RIC,Renault,40,20,6,3,2,ricciardo,2020,15,2020-15,False,-0.29327695786470853,20.0
RUS,Williams,39,31,3,2,0,russell,2020,15,2020-15,False,-2.3239049409941974,31.0
SAI,McLaren,39,29,7,6,0,sainz,2020,15,2020-15,False,-0.6485666568905757,29.0
STR,Racing Point,0,0,0,0,0,stroll,2020,15,2020-15,False,,
VER,Red Bull Racing,37,33,0,0,0,max_verstappen,2020,15,2020-15,False,0.43531727757595917,33.0
VET,Ferrari,39,12,9,2,3,vettel,2020,15,2020-15,False,-1.9297480936765286,11.0
AIT,Williams,65,36,12,2,2,aitken,2020,16,2020-16,False,-2.1242766325529994,36.0
ALB,Red Bull Racing,67,25,32,6,2,albon,2020,16,2020-16,False,-0.5591519208146336,25.0
BOT,Mercedes,67,39,15,0,4,bottas,2020,16,2020-16,False,0.5140534692894796,39.0
FIT,Haas F1 Team,66,38,17,0,4,pietro_fittipaldi,2020,16,2020-16,False,-2.735861094634064,38.0
GAS,AlphaTauri,64,33,26,0,3,gasly,2020,16,2020-16,False,-0.9292658809345162,33.0
GIO,Alfa Romeo Racing,66,5,29,1,2,giovinazzi,2020,16,2020-16,False,,
KVY,AlphaTauri,66,11,35,1,1,kvyat,2020,16,2020-16,False,-1.062127513377835,11.0
LAT,Williams,44,32,6,1,1,latifi,2020,16,2020-16,False,-1.9684504168616883,32.0
LEC,Ferrari,0,0,0,0,0,leclerc,2020,16,2020-16,False,,
MAG,Haas F1 Team,66,46,6,0,4,kevin_magnussen,2020,16,2020-16,False,-2.176788448572952,46.0
NOR,McLaren,67,33,22,3,2,norris,2020,16,2020-16,False,-1.3970955004572683,33.0
OCO,Renault,68,29,4,0,2,ocon,2020,16,2020-16,False,-0.5248835489329241,29.0
PER,Racing Point,68,35,17,9,0,perez,2020,16,2020-16,False,-0.016307823822060235,35.0
RAI,Alfa Romeo Racing,65,37,12,3,3,raikkonen,2020,16,2020-16,False,-2.001436897997869,37.0
RIC,Renault,66,5,41,1,0,ricciardo,2020,16,2020-16,False,,
RUS,Mercedes,65,54,8,7,0,russell,2020,16,2020-16,False,0.5111126104434529,54.0
SAI,McLaren,66,42,15,1,0,sainz,2020,16,2020-16,False,-0.8691973650300433,42.0
STR,Racing Point,68,14,35,0,1,stroll,2020,16,2020-16,False,-0.05238710794066715,14.0
VER,Red Bull Racing,0,0,0,0,0,max_verstappen,2020,16,2020-16,False,,
VET,Ferrari,66,44,11,1,5,vettel,2020,16,2020-16,False,-1.5123557151695532,44.0
ALB,Red Bull Racing,49,43,3,1,0,albon,2020,17,2020-17,False,-0.023837622617586006,43.0
BOT,Mercedes,49,46,0,0,0,bottas,2020,17,2020-17,False,0.19094155144245775,46.0
FIT,Haas F1 Team,43,26,9,0,3,pietro_fittipaldi,2020,17,2020-17,False,-3.363548124977037,26.0
GAS,AlphaTauri,48,24,12,4,0,gasly,2020,17,2020-17,False,-1.2450533162822968,24.0
GIO,Alfa Romeo Racing,46,25,5,1,4,giovinazzi,2020,17,2020-17,False,-1.6009152823040076,25.0
HAM,Mercedes,49,43,0,0,0,hamilton,2020,17,2020-17,False,0.06862229276053697,43.0
KVY,AlphaTauri,48,7,5,1,1,kvyat,2020,17,2020-17,False,,
LAT,Williams,46,27,10,1,2,latifi,2020,17,2020-17,False,-1.956142552383761,27.0
LEC,Ferrari,46,15,19,4,3,leclerc,2020,17,2020-17,False,-1.6034828986723486,15.0
MAG,Haas F1 Team,44,28,1,0,5,kevin_magnussen,2020,17,2020-17,False,-2.62453761105102,28.0
NOR,McLaren,49,40,1,0,1,norris,2020,17,2020-17,False,-0.9482336485437551,40.0
OCO,Renault,48,16,11,2,1,ocon,2020,17,2020-17,False,-1.3547317788665256,16.0
PER,Racing Point,7,1,4,6,0,perez,2020,17,2020-17,False,,
RAI,Alfa Romeo Racing,48,38,6,1,1,raikkonen,2020,17,2020-17,False,-1.8249126857220834,38.0
RIC,Renault,46,38,4,0,0,ricciardo,2020,17,2020-17,False,-0.7001776974772632,38.0
RUS,Williams,48,38,4,2,3,russell,2020,17,2020-17,False,-2.264112500598081,38.0
SAI,McLaren,49,44,2,2,0,sainz,2020,17,2020-17,False,-0.9846158273427575,44.0
STR,Racing Point,49,25,14,2,2,stroll,2020,17,2020-17,False,-1.407409392588242,25.0
VER,Red Bull Racing,49,49,0,0,0,max_verstappen,2020,17,2020-17,False,0.4664772771025883,49.0
VET,Ferrari,46,31,5,1,2,vettel,2020,17,2020-17,False,-1.7227376578554454,31.0
ALO,Alpine,22,6,6,1,5,alonso,2021,1,2021-01,False,,
BOT,Mercedes,43,42,1,1,0,bottas,2021,1,2021-01,False,0.23540201997175467,42.0
GAS,AlphaTauri,41,37,1,1,1,gasly,2021,1,2021-01,False,-1.0094199142053926,37.0
GIO,Alfa Romeo Racing,45,35,2,0,0,giovinazzi,2021,1,2021-01,False,-1.3594111714724946,35.0
HAM,Mercedes,44,37,0,0,0,hamilton,2021,1,2021-01,False,0.2857049126910854,37.0
LAT,Williams,40,38,2,1,2,latifi,2021,1,2021-01,False,-2.9129287038831047,37.0
LEC,Ferrari,45,36,3,1,3,leclerc,2021,1,2021-01,False,-0.8459724711591529,36.0
MAZ,Haas F1 Team,0,0,0,0,0,mazepin,2021,1,2021-01,False,,
MSC,Haas F1 Team,45,42,0,1,1,mick_schumacher,2021,1,2021-01,False,-2.5604687676591595,42.0
NOR,McLaren,45,41,4,2,0,norris,2021,1,2021-01,False,-0.5802878406829788,41.0
OCO,Alpine,45,27,7,1,2,ocon,2021,1,2021-01,False,-1.56138384337584,27.0
PER,Red Bull Racing,45,25,15,6,0,perez,2021,1,2021-01,False,-0.26158997384027544,25.0
RAI,Alfa Romeo Racing,45,34,9,2,1,raikkonen,2021,1,2021-01,False,-1.25024639186121,34.0
RIC,McLaren,45,37,5,1,0,ricciardo,2021,1,2021-01,False,-0.9427902448796593,37.0
RUS,Williams,44,30,2,1,4,russell,2021,1,2021-01,False,-1.835859860038167,30.0
SAI,Ferrari,45,23,10,3,1,sainz,2021,1,2021-01,False,-0.8011667481982795,23.0
STR,Aston Martin,45,29,8,3,3,stroll,2021,1,2021-01,False,-1.2192186136690335,29.0
TSU,AlphaTauri,45,22,12,7,0,tsunoda,2021,1,2021-01,False,-0.9607048353659909,22.0
VER,Red Bull Racing,45,38,5,0,0,max_verstappen,2021,1,2021-01,False,0.28740069152198155,38.0
VET,Aston Martin,47,32,5,2,11,vettel,2021,1,2021-01,False,-1.6358329129146196,32.0
ALO,Alpine,44,8,14,0,1,alonso,2021,2,2021-02,True,,
BOT,Mercedes,19,2,8,0,0,bottas,2021,2,2021-02,True,,
GAS,AlphaTauri,41,21,8,3,1,gasly,2021,2,2021-02,True,,
GIO,Alfa Romeo Racing,42,30,9,0,0,giovinazzi,2021,2,2021-02,True,,
HAM,Mercedes,45,26,14,4,0,hamilton,2021,2,2021-02,True,,
LAT,Williams,0,0,0,0,0,latifi,2021,2,2021-02,True,,
LEC,Ferrari,45,20,2,0,1,leclerc,2021,2,2021-02,True,,
MAZ,Haas F1 Team,42,42,0,0,2,mazepin,2021,2,2021-02,True,,
MSC,Haas F1 Team,43,43,0,0,1,mick_schumacher,2021,2,2021-02,True,,
NOR,McLaren,44,33,6,2,0,norris,2021,2,2021-02,True,,
OCO,Alpine,44,16,24,2,0,ocon,2021,2,2021-02,True,,
PER,Red Bull Racing,44,25,19,1,0,perez,2021,2,2021-02,True,,
RAI,Alfa Romeo Racing,44,27,5,0,1,raikkonen,2021,2,2021-02,True,,
RIC,McLaren,44,42,0,0,2,ricciardo,2021,2,2021-02,True,,
RUS,Williams,19,13,2,0,0,russell,2021,2,2021-02,True,,
SAI,Ferrari,44,18,3,2,2,sainz,2021,2,2021-02,True,,
STR,Aston Martin,44,31,7,1,3,stroll,2021,2,2021-02,True,,
TSU,AlphaTauri,43,28,10,1,0,tsunoda,2021,2,2021-02,True,,
VER,Red Bull Racing,45,45,0,0,0,max_verstappen,2021,2,2021-02,True,,
VET,Aston Martin,40,23,3,1,3,vettel,2021,2,2021-02,True,,
ALO,Alpine,57,27,18,4,0,alonso,2021,3,2021-03,False,-0.8655960263618552,27.0
BOT,Mercedes,55,43,0,0,0,bottas,2021,3,2021-03,False,-0.10603913506492402,43.0
GAS,AlphaTauri,57,20,12,1,3,gasly,2021,3,2021-03,False,-1.1581514765378862,20.0
GIO,Alfa Romeo Racing,57,19,8,3,1,giovinazzi,2021,3,2021-03,False,-1.4696116480645236,19.0
HAM,Mercedes,57,42,14,1,1,hamilton,2021,3,2021-03,False,0.070560369400419,42.0
LAT,Williams,56,51,3,0,1,latifi,2021,3,2021-03,False,-3.110725634156805,51.0
LEC,Ferrari,57,37,4,1,0,leclerc,2021,3,2021-03,False,-0.8758098482252155,37.0
MAZ,Haas F1 Team,54,48,3,0,1,mazepin,2021,3,2021-03,False,-3.22560504528843,48.0
MSC,Haas F1 Team,56,18,25,1,2,mick_schumacher,2021,3,2021-03,False,-3.0006787181991235,18.0
NOR,McLaren,57,54,0,2,1,norris,2021,3,2021-03,False,-0.8857264496339694,54.0
OCO,Alpine,57,26,15,3,1,ocon,2021,3,2021-03,False,-1.0328893465550095,26.0
PER,Red Bull Racing,57,49,2,2,1,perez,2021,3,2021-03,False,-0.4856754407835949,49.0
RAI,Alfa Romeo Racing,0,0,0,0,0,raikkonen,2021,3,2021-03,False,,
RIC,McLaren,57,31,10,5,1,ricciardo,2021,3,2021-03,False,-1.197573526572596,31.0
RUS,Williams,57,46,8,0,7,russell,2021,3,2021-03,False,-2.5997327875469978,46.0
SAI,Ferrari,57,34,2,0,6,sainz,2021,3,2021-03,False,-1.3126515538269865,34.0
STR,Aston Martin,57,21,5,2,0,stroll,2021,3,2021-03,False,-1.3043255910090357,21.0
TSU,AlphaTauri,57,46,10,2,1,tsunoda,2021,3,2021-03,False,-1.6728657862512533,45.0
VER,Red Bull Racing,55,27,15,1,1,max_verstappen,2021,3,2021-03,False,0.08485203130464168,27.0
VET,Aston Martin,57,34,6,2,2,vettel,2021,3,2021-03,False,-1.4975247785894996,34.0
ALO,Alpine,56,32,8,1,2,alonso,2021,4,2021-04,False,-1.3226986370461133,32.0
BOT,Mercedes,57,36,7,1,0,bottas,2021,4,2021-04,False,0.8779524063020585,36.0
GAS,AlphaTauri,56,11,28,5,0,gasly,2021,4,2021-04,False,-0.29386190954416497,11.0
GIO,Alfa Romeo Racing,58,40,8,2,9,giovinazzi,2021,4,2021-04,False,-1.3914927075706578,40.0
HAM,Mercedes,57,25,8,0,0,hamilton,2021,4,2021-04,False,1.4532090130673883,25.0
LAT,Williams,56,44,9,2,3,latifi,2021,4,2021-04,False,-1.8770207692919487,44.0
LEC,Ferrari,57,56,0,0,1,leclerc,2021,4,2021-04,False,0.12822947764738848,56.0
MAZ,Haas F1 Team,55,46,4,0,1,mazepin,2021,4,2021-04,False,-3.1186906864676245,45.0
MSC,Haas F1 Team,55,47,2,0,4,mick_schumacher,2021,4,2021-04,False,-2.0727152391610657,47.0
NOR,McLaren,56,34,7,4,1,norris,2021,4,2021-04,False,-1.0918708249856262,34.0
OCO,Alpine,59,46,2,2,3,ocon,2021,4,2021-04,False,-1.0614039896568932,46.0
PER,Red Bull Racing,57,19,21,1,0,perez,2021,4,2021-04,False,0.5801230079233445,19.0
RAI,Alfa Romeo Racing,58,32,10,2,5,raikkonen,2021,4,2021-04,False,-1.0243333056556707,32.0
RIC,McLaren,57,46,3,2,0,ricciardo,2021,4,2021-04,False,-0.4462355128540644,46.0
RUS,Williams,58,30,12,2,6,russell,2021,4,2021-04,False,-1.635322525098336,30.0
SAI,Ferrari,57,14,21,4,0,sainz,2021,4,2021-04,False,0.09994201986202104,14.0
STR,Aston Martin,56,21,14,4,1,stroll,2021,4,2021-04,False,-1.119487526361925,21.0
TSU,AlphaTauri,5,0,3,2,0,tsunoda,2021,4,2021-04,False,,
VER,Red Bull Racing,57,57,0,0,0,max_verstappen,2021,4,2021-04,False,1.1101392899755096,57.0
VET,Aston Martin,56,12,26,3,1,vettel,2021,4,2021-04,False,-1.3675435113302168,12.0
ALO,Alpine,74,60,5,0,0,alonso,2021,5,2021-05,False,-0.6865770390934713,60.0
BOT,Mercedes,28,13,0,0,0,bottas,2021,5,2021-05,False,-0.3406760076767094,13.0
GAS,AlphaTauri,74,70,0,0,0,gasly,2021,5,2021-05,False,-0.7097691752624629,70.0
GIO,Alfa Romeo Racing,74,25,31,0,0,giovinazzi,2021,5,2021-05,False,-1.1497868590752498,25.0
HAM,Mercedes,72,34,7,0,0,hamilton,2021,5,2021-05,False,-0.4619699520308317,34.0
LAT,Williams,74,35,6,0,0,latifi,2021,5,2021-05,False,-1.1324308988810885,35.0
MAZ,Haas F1 Team,72,61,5,0,0,mazepin,2021,5,2021-05,False,-3.167449718541991,52.0
MSC,Haas F1 Team,72,54,4,0,0,mick_schumacher,2021,5,2021-05,False,-2.744851327152247,46.0
NOR,McLaren,74,71,0,0,0,norris,2021,5,2021-05,False,-0.16243419671096623,71.0
OCO,Alpine,74,61,0,0,0,ocon,2021,5,2021-05,False,-0.7949013613882383,61.0
PER,Red Bull Racing,74,39,9,0,0,perez,2021,5,2021-05,False,-0.052484962100998074,39.0
RAI,Alfa Romeo Racing,74,63,0,0,0,raikkonen,2021,5,2021-05,False,-0.5658242909889458,62.0
RIC,McLaren,74,51,9,0,0,ricciardo,2021,5,2021-05,False,-0.5454600886491555,51.0
RUS,Williams,74,62,4,0,0,russell,2021,5,2021-05,False,-1.3372807224232193,61.0
SAI,Ferrari,74,65,0,0,0,sainz,2021,5,2021-05,False,0.050152799076173954,65.0
STR,Aston Martin,74,50,8,0,0,stroll,2021,5,2021-05,False,-0.5163519141140631,50.0
TSU,AlphaTauri,74,13,26,0,0,tsunoda,2021,5,2021-05,False,-2.2742739038577318,13.0
VER,Red Bull Racing,74,73,0,0,0,max_verstappen,2021,5,2021-05,False,0.06819098327612934,73.0
VET,Aston Martin,74,72,0,0,0,vettel,2021,5,2021-05,False,-0.7206997860133711,72.0
ALO,Alpine,32,17,6,0,3,alonso,2021,6,2021-06,False,-1.676029686615542,17.0
BOT,Mercedes,33,6,9,0,4,bottas,2021,6,2021-06,False,,
GAS,AlphaTauri,33,22,3,1,1,gasly,2021,6,2021-06,False,-0.7274238294362689,22.0
GIO,Alfa Romeo Racing,32,21,3,1,0,giovinazzi,2021,6,2021-06,False,-1.5359592776620634,21.0
HAM,Mercedes,35,14,11,1,0,hamilton,2021,6,2021-06,False,-0.30782649143348656,14.0
LAT,Williams,32,22,2,0,0,latifi,2021,6,2021-06,False,-1.872273166622798,22.0
LEC,Ferrari,32,13,6,0,5,leclerc,2021,6,2021-06,False,-0.9051967553274342,13.0
MAZ,Haas F1 Team,29,24,4,0,0,mazepin,2021,6,2021-06,False,-2.7210274241060803,24.0
MSC,Haas F1 Team,30,19,5,0,0,mick_schumacher,2021,6,2021-06,False,-2.097665051417207,19.0
NOR,McLaren,32,15,8,1,0,norris,2021,6,2021-06,False,-0.8169276547169483,15.0
OCO,Alpine,1,0,0,0,0,ocon,2021,6,2021-06,False,,
PER,Red Bull Racing,33,24,1,1,0,perez,2021,6,2021-06,False,-0.1455805589780131,24.0
RAI,Alfa Romeo Racing,32,19,8,1,0,raikkonen,2021,6,2021-06,False,-1.4648101513784733,19.0
RIC,McLaren,33,16,7,2,1,ricciardo,2021,6,2021-06,False,-1.0009022973782211,16.0
RUS,Williams,33,28,2,0,0,russell,2021,6,2021-06,False,-1.8210336811846706,28.0
SAI,Ferrari,33,8,10,3,0,sainz,2021,6,2021-06,False,,
STR,Aston Martin,24,21,1,0,0,stroll,2021,6,2021-06,False,-0.7359747301412966,21.0
TSU,AlphaTauri,32,17,11,0,0,tsunoda,2021,6,2021-06,False,-0.8159080328009837,17.0
VER,Red Bull Racing,33,24,6,1,0,max_verstappen,2021,6,2021-06,False,0.04938963442634106,24.0
VET,Aston Martin,32,19,3,2,0,vettel,2021,6,2021-06,False,-0.5427164734131343,19.0
ALO,Alpine,49,21,7,3,3,alonso,2021,7,2021-07,False,-1.4257696033460499,21.0
BOT,Mercedes,49,26,8,0,2,bottas,2021,7,2021-07,False,-0.5046040225465518,26.0
GAS,AlphaTauri,49,12,21,5,1,gasly,2021,7,2021-07,False,-0.8365856434035222,12.0
GIO,Alfa Romeo Racing,49,22,14,1,6,giovinazzi,2021,7,2021-07,False,-2.004874913346703,22.0
HAM,Mercedes,49,38,7,0,1,hamilton,2021,7,2021-07,False,-0.10723001186193103,38.0
LAT,Williams,49,34,5,1,5,latifi,2021,7,2021-07,False,-1.9556725747098676,34.0
LEC,Ferrari,47,23,13,3,4,leclerc,2021,7,2021-07,False,-2.056777216340544,23.0
MAZ,Haas F1 Team,49,42,2,0,3,mazepin,2021,7,2021-07,False,-2.9001771640439578,42.0
MSC,Haas F1 Team,49,47,2,0,0,mick_schumacher,2021,7,2021-07,False,-2.384592446272876,45.0
NOR,McLaren,49,27,8,6,0,norris,2021,7,2021-07,False,-0.8458348142578086,27.0
OCO,Alpine,49,23,9,1,7,ocon,2021,7,2021-07,False,-1.7499567118531993,23.0
PER,Red Bull Racing,49,43,2,1,0,perez,2021,7,2021-07,False,0.016805949411861584,43.0
RAI,Alfa Romeo Racing,49,19,12,1,6,raikkonen,2021,7,2021-07,False,-2.087559904217319,19.0
RIC,McLaren,49,24,14,5,0,ricciardo,2021,7,2021-07,False,-1.1371673628348213,24.0
RUS,Williams,49,27,14,2,1,russell,2021,7,2021-07,False,-1.8311286340918491,27.0
SAI,Ferrari,49,34,6,3,5,sainz,2021,7,2021-07,False,-1.6681707941916046,34.0
STR,Aston Martin,49,25,16,7,0,stroll,2021,7,2021-07,False,-1.5104021930291893,25.0
TSU,AlphaTauri,49,31,5,2,2,tsunoda,2021,7,2021-07,False,-1.7083795828813735,31.0
VER,Red Bull Racing,47,33,2,2,0,max_verstappen,2021,7,2021-07,False,0.24693934765943584,33.0
VET,Aston Martin,49,26,5,3,0,vettel,2021,7,2021-07,False,-1.2512127611262776,26.0
ALO,Alpine,67,16,4,1,2,alonso,2021,8,2021-08,False,-1.5301068484180482,16.0
BOT,Mercedes,67,57,1,1,0,bottas,2021,8,2021-08,False,-0.19038292736775367,57.0
GAS,AlphaTauri,0,0,0,0,0,gasly,2021,8,2021-08,False,,
GIO,Alfa Romeo Racing,67,40,10,4,5,giovinazzi,2021,8,2021-08,False,-1.2108989171650237,40.0
HAM,Mercedes,65,62,0,0,0,hamilton,2021,8,2021-08,False,0.3141465619396525,62.0
LAT,Williams,64,62,1,2,1,latifi,2021,8,2021-08,False,-1.8158232830850898,60.0
LEC,Ferrari,66,27,25,11,1,leclerc,2021,8,2021-08,False,-0.5029689922050065,27.0
MAZ,Haas F1 Team,65,58,1,1,4,mazepin,2021,8,2021-08,False,-3.3690723383254624,56.0
MSC,Haas F1 Team,66,43,11,1,4,mick_schumacher,2021,8,2021-08,False,-2.5660062030948203,43.0
NOR,McLaren,67,63,0,0,2,norris,2021,8,2021-08,False,-0.5370348307810823,63.0
OCO,Alpine,67,22,22,2,3,ocon,2021,8,2021-08,False,-1.5255643612399525,22.0
PER,Red Bull Racing,65,46,9,1,0,perez,2021,8,2021-08,False,0.1755343044506668,46.0
RAI,Alfa Romeo Racing,67,23,25,3,2,raikkonen,2021,8,2021-08,False,-1.3385622921326896,23.0
RIC,McLaren,67,10,30,3,5,ricciardo,2021,8,2021-08,False,-1.3628096678252488,10.0
RUS,Williams,31,8,4,1,1,russell,2021,8,2021-08,False,,
SAI,Ferrari,67,42,18,3,1,sainz,2021,8,2021-08,False,-0.4180494626666928,42.0
STR,Aston Martin,62,57,1,12,14,stroll,2021,8,2021-08,False,-1.3169139122962041,56.0
TSU,AlphaTauri,67,6,21,2,2,tsunoda,2021,8,2021-08,False,,
VER,Red Bull Racing,67,67,0,0,0,max_verstappen,2021,8,2021-08,False,0.6140164483301404,67.0
VET,Aston Martin,67,17,19,1,2,vettel,2021,8,2021-08,False,-1.367195939644646,17.0
ALO,Alpine,64,11,18,1,0,alonso,2021,9,2021-09,True,,
BOT,Mercedes,65,48,6,1,0,bottas,2021,9,2021-09,True,,
GAS,AlphaTauri,62,41,11,6,0,gasly,2021,9,2021-09,True,,
GIO,Alfa Romeo Racing,64,28,18,3,2,giovinazzi,2021,9,2021-09,True,,
HAM,Mercedes,63,46,16,2,0,hamilton,2021,9,2021-09,True,,
LAT,Williams,64,49,3,1,3,latifi,2021,9,2021-09,True,,
LEC,Ferrari,64,4,31,1,1,leclerc,2021,9,2021-09,True,,
MAZ,Haas F1 Team,61,47,3,0,4,mazepin,2021,9,2021-09,True,,
MSC,Haas F1 Team,63,54,6,0,6,mick_schumacher,2021,9,2021-09,True,,
NOR,McLaren,65,40,1,0,1,norris,2021,9,2021-09,True,,
OCO,Alpine,0,0,0,0,0,ocon,2021,9,2021-09,True,,
PER,Red Bull Racing,65,20,42,1,8,perez,2021,9,2021-09,True,,
RAI,Alfa Romeo Racing,64,33,22,0,0,raikkonen,2021,9,2021-09,True,,
RIC,McLaren,65,34,22,2,1,ricciardo,2021,9,2021-09,True,,
RUS,Williams,64,42,5,1,3,russell,2021,9,2021-09,True,,
SAI,Ferrari,65,34,18,1,0,sainz,2021,9,2021-09,True,,
STR,Aston Martin,62,31,16,5,1,stroll,2021,9,2021-09,True,,
TSU,AlphaTauri,62,40,11,3,0,tsunoda,2021,9,2021-09,True,,
VER,Red Bull Racing,63,63,0,0,0,max_verstappen,2021,9,2021-09,True,,
VET,Aston Martin,62,30,22,2,0,vettel,2021,9,2021-09,True,,
ALO,Alpine,44,41,1,0,1,alonso,2021,10,2021-10,False,-2.2422881103342642,41.0
BOT,Mercedes,44,26,1,0,0,bottas,2021,10,2021-10,False,-0.7008570732899027,26.0
GAS,AlphaTauri,43,12,23,2,0,gasly,2021,10,2021-10,False,-1.4998436832311628,12.0
GIO,Alfa Romeo Racing,43,10,9,0,3,giovinazzi,2021,10,2021-10,False,-2.481082179584871,10.0
HAM,Mercedes,44,22,2,2,0,hamilton,2021,10,2021-10,False,-0.3326553322225782,22.0
LAT,Williams,44,23,2,1,0,latifi,2021,10,2021-10,False,-2.4900322186531976,23.0
LEC,Ferrari,44,43,0,0,1,leclerc,2021,10,2021-10,False,-0.7761025573924574,43.0
MAZ,Haas F1 Team,44,36,0,0,1,mazepin,2021,10,2021-10,False,-3.7859411506897294,36.0
MSC,Haas F1 Team,44,21,1,0,3,mick_schumacher,2021,10,2021-10,False,-4.389721054286552,21.0
NOR,McLaren,44,40,0,0,1,norris,2021,10,2021-10,False,-1.1376735658888624,40.0
OCO,Alpine,44,20,3,1,1,ocon,2021,10,2021-10,False,-2.1449656920645386,20.0
PER,Red Bull Racing,39,5,27,8,0,perez,2021,10,2021-10,False,,
RAI,Alfa Romeo Racing,44,31,1,0,1,raikkonen,2021,10,2021-10,False,-2.4560548402705322,31.0
RIC,McLaren,44,36,1,0,0,ricciardo,2021,10,2021-10,False,-1.6015038940984594,36.0
RUS,Williams,43,9,4,0,3,russell,2021,10,2021-10,False,,
SAI,Ferrari,44,7,23,1,0,sainz,2021,10,2021-10,False,,
STR,Aston Martin,44,8,15,0,0,stroll,2021,10,2021-10,False,,
TSU,AlphaTauri,43,12,23,0,2,tsunoda,2021,10,2021-10,False,-1.4629987669646105,12.0
VER,Red Bull Racing,0,0,0,0,0,max_verstappen,2021,10,2021-10,False,,
VET,Aston Martin,33,6,14,2,0,vettel,2021,10,2021-10,False,,
ALO,Alpine,62,36,11,0,1,alonso,2021,11,2021-11,True,,
BOT,Mercedes,0,0,0,0,0,bottas,2021,11,2021-11,True,,
GAS,AlphaTauri,60,36,13,2,0,gasly,2021,11,2021-11,True,,
GIO,Alfa Romeo Racing,60,25,12,0,1,giovinazzi,2021,11,2021-11,True,,
HAM,Mercedes,59,12,29,7,0,hamilton,2021,11,2021-11,True,,
LAT,Williams,62,62,0,0,2,latifi,2021,11,2021-11,True,,
LEC,Ferrari,0,0,0,0,0,leclerc,2021,11,2021-11,True,,
MAZ,Haas F1 Team,0,0,0,0,0,mazepin,2021,11,2021-11,True,,
MSC,Haas F1 Team,62,55,2,0,5,mick_schumacher,2021,11,2021-11,True,,
NOR,McLaren,0,0,0,0,0,norris,2021,11,2021-11,True,,
OCO,Alpine,62,61,0,0,0,ocon,2021,11,2021-11,True,,
PER,Red Bull Racing,0,0,0,0,0,perez,2021,11,2021-11,True,,
RAI,Alfa Romeo Racing,60,39,6,1,1,raikkonen,2021,11,2021-11,True,,
RIC,McLaren,61,16,6,0,2,ricciardo,2021,11,2021-11,True,,
RUS,Williams,62,49,7,1,0,russell,2021,11,2021-11,True,,
SAI,Ferrari,62,45,3,0,1,sainz,2021,11,2021-11,True,,
STR,Aston Martin,0,0,0,0,0,stroll,2021,11,2021-11,True,,
TSU,AlphaTauri,62,44,3,0,1,tsunoda,2021,11,2021-11,True,,
VER,Red Bull Racing,60,11,33,3,0,max_verstappen,2021,11,2021-11,True,,
VET,Aston Martin,62,7,11,0,0,vettel,2021,11,2021-11,True,,
ALO,Alpine,0,0,0,0,0,alonso,2021,12,2021-12,True,,
BOT,Mercedes,0,0,0,0,0,bottas,2021,12,2021-12,True,,
GAS,AlphaTauri,0,0,0,0,0,gasly,2021,12,2021-12,True,,
GIO,Alfa Romeo Racing,0,0,0,0,0,giovinazzi,2021,12,2021-12,True,,
HAM,Mercedes,0,0,1,0,0,hamilton,2021,12,2021-12,True,,
LAT,Williams,0,0,0,0,0,latifi,2021,12,2021-12,True,,
LEC,Ferrari,0,0,0,0,0,leclerc,2021,12,2021-12,True,,
MAZ,Haas F1 Team,0,0,0,0,0,mazepin,2021,12,2021-12,True,,
MSC,Haas F1 Team,0,0,0,0,0,mick_schumacher,2021,12,2021-12,True,,
NOR,McLaren,0,0,0,0,0,norris,2021,12,2021-12,True,,
OCO,Alpine,0,0,1,0,0,ocon,2021,12,2021-12,True,,
PER,Red Bull Racing,0,0,0,0,0,perez,2021,12,2021-12,True,,
RAI,Alfa Romeo Racing,0,0,0,0,0,raikkonen,2021,12,2021-12,True,,
RIC,McLaren,0,0,0,0,0,ricciardo,2021,12,2021-12,True,,
RUS,Williams,0,0,0,0,0,russell,2021,12,2021-12,True,,
SAI,Ferrari,0,0,1,0,0,sainz,2021,12,2021-12,True,,
STR,Aston Martin,0,0,0,0,0,stroll,2021,12,2021-12,True,,
TSU,AlphaTauri,0,0,0,0,0,tsunoda,2021,12,2021-12,True,,
VER,Red Bull Racing,0,0,0,0,0,max_verstappen,2021,12,2021-12,True,,
VET,Aston Martin,0,0,0,0,0,vettel,2021,12,2021-12,True,,
ALO,Alpine,67,53,13,1,1,alonso,2021,13,2021-13,False,-1.5414833449268295,53.0
BOT,Mercedes,65,63,1,0,1,bottas,2021,13,2021-13,False,-0.006382800270029743,63.0
GAS,AlphaTauri,67,64,3,1,0,gasly,2021,13,2021-13,False,-1.0071850118098946,64.0
GIO,Alfa Romeo Racing,64,33,13,1,1,giovinazzi,2021,13,2021-13,False,-1.6359235656679911,33.0
HAM,Mercedes,63,44,1,0,0,hamilton,2021,13,2021-13,False,0.7305802466429049,44.0
KUB,Alfa Romeo Racing,66,50,7,1,5,kubica,2021,13,2021-13,False,-2.434496818625332,49.0
LAT,Williams,66,41,11,2,4,latifi,2021,13,2021-13,False,-2.4275600722052233,41.0
LEC,Ferrari,67,64,0,0,0,leclerc,2021,13,2021-13,False,-0.9627629874870033,64.0
MAZ,Haas F1 Team,36,24,4,0,4,mazepin,2021,13,2021-13,False,-2.9552181138148894,24.0
MSC,Haas F1 Team,63,61,1,0,0,mick_schumacher,2021,13,2021-13,False,-2.948891704115139,57.0
NOR,McLaren,67,38,10,0,1,norris,2021,13,2021-13,False,-0.8635079270754099,38.0
OCO,Alpine,67,34,14,0,1,ocon,2021,13,2021-13,False,-1.2870223396220368,34.0
PER,Red Bull Racing,65,23,31,7,0,perez,2021,13,2021-13,False,-0.6852684305417601,23.0
RIC,McLaren,67,51,6,0,1,ricciardo,2021,13,2021-13,False,-1.4111133777169425,51.0
RUS,Williams,63,41,4,1,0,russell,2021,13,2021-13,False,-1.644537317057605,41.0
SAI,Ferrari,67,64,0,0,1,sainz,2021,13,2021-13,False,-1.3925429414292467,64.0
STR,Aston Martin,66,5,50,1,0,stroll,2021,13,2021-13,False,,
TSU,AlphaTauri,43,18,8,1,1,tsunoda,2021,13,2021-13,False,-2.274516188944856,18.0
VER,Red Bull Racing,65,63,1,1,0,max_verstappen,2021,13,2021-13,False,0.6773710622131228,63.0
VET,Aston Martin,64,24,25,4,0,vettel,2021,13,2021-13,False,-1.1577435049673022,24.0
ALO,Alpine,40,27,3,0,1,alonso,2021,14,2021-14,False,-0.915606859134245,27.0
BOT,Mercedes,42,5,29,8,0,bottas,2021,14,2021-14,False,,
GAS,AlphaTauri,1,0,1,0,0,gasly,2021,14,2021-14,False,,
GIO,Alfa Romeo Racing,40,25,12,1,0,giovinazzi,2021,14,2021-14,False,-0.21156110079357676,25.0
HAM,Mercedes,22,1,14,0,0,hamilton,2021,14,2021-14,False,,
KUB,Alfa Romeo Racing,42,28,1,0,2,kubica,2021,14,2021-14,False,-1.0467894209127118,28.0
LAT,Williams,39,16,5,1,1,latifi,2021,14,2021-14,False,-1.0950605099045578,16.0
LEC,Ferrari,41,24,2,0,2,leclerc,2021,14,2021-14,False,-0.0843282685542657,24.0
MAZ,Haas F1 Team,29,12,4,0,0,mazepin,2021,14,2021-14,False,-2.612904570880802,12.0
MSC,Haas F1 Team,39,31,3,0,1,mick_schumacher,2021,14,2021-14,False,-2.09740137820819,31.0
NOR,McLaren,39,20,3,1,0,norris,2021,14,2021-14,False,0.003967220164546245,20.0
OCO,Alpine,41,2,13,0,2,ocon,2021,14,2021-14,False,,
PER,Red Bull Racing,41,17,12,1,0,perez,2021,14,2021-14,False,0.0023683223973640596,17.0
RIC,McLaren,39,38,1,0,0,ricciardo,2021,14,2021-14,False,0.0055570063758653455,38.0
RUS,Williams,42,15,2,0,1,russell,2021,14,2021-14,False,-0.9151408543254018,15.0
SAI,Ferrari,41,24,5,0,1,sainz,2021,14,2021-14,False,-0.5247892037598353,24.0
STR,Aston Martin,40,31,3,0,1,stroll,2021,14,2021-14,False,-0.6852729276180475,31.0
VER,Red Bull Racing,21,1,13,0,0,max_verstappen,2021,14,2021-14,False,,
VET,Aston Martin,39,4,23,1,1,vettel,2021,14,2021-14,False,,
ALO,Alpine,44,27,3,0,1,alonso,2021,15,2021-15,True,,
BOT,Mercedes,44,3,34,2,2,bottas,2021,15,2021-15,True,,
GAS,AlphaTauri,44,12,13,1,2,gasly,2021,15,2021-15,True,,
GIO,Alfa Romeo Racing,44,31,9,2,3,giovinazzi,2021,15,2021-15,True,,
HAM,Mercedes,43,12,20,3,0,hamilton,2021,15,2021-15,True,,
LAT,Williams,42,32,6,0,1,latifi,2021,15,2021-15,True,,
LEC,Ferrari,43,17,21,6,2,leclerc,2021,15,2021-15,True,,
MAZ,Haas F1 Team,43,39,0,0,4,mazepin,2021,15,2021-15,True,,
MSC,Haas F1 Team,27,11,6,0,1,mick_schumacher,2021,15,2021-15,True,,
NOR,McLaren,44,33,3,2,0,norris,2021,15,2021-15,True,,
OCO,Alpine,44,17,1,1,2,ocon,2021,15,2021-15,True,,
PER,Red Bull Racing,44,15,21,2,0,perez,2021,15,2021-15,True,,
RAI,Alfa Romeo Racing,44,15,12,0,2,raikkonen,2021,15,2021-15,True,,
RIC,McLaren,43,19,14,2,1,ricciardo,2021,15,2021-15,True,,
RUS,Williams,44,40,0,0,3,russell,2021,15,2021-15,True,,
SAI,Ferrari,43,29,9,1,2,sainz,2021,15,2021-15,True,,
STR,Aston Martin,43,15,12,0,4,stroll,2021,15,2021-15,True,,
TSU,AlphaTauri,44,31,7,1,0,tsunoda,2021,15,2021-15,True,,
VER,Red Bull Racing,43,8,17,6,0,max_verstappen,2021,15,2021-15,True,,
VET,Aston Martin,44,16,19,4,3,vettel,2021,15,2021-15,True,,
ALO,Alpine,51,17,9,0,2,alonso,2021,16,2021-16,True,,
BOT,Mercedes,52,49,2,0,0,bottas,2021,16,2021-16,True,,
GAS,AlphaTauri,50,43,2,0,1,gasly,2021,16,2021-16,True,,
GIO,Alfa Romeo Racing,51,42,3,1,1,giovinazzi,2021,16,2021-16,True,,
HAM,Mercedes,50,33,13,5,1,hamilton,2021,16,2021-16,True,,
LAT,Williams,50,40,5,2,1,latifi,2021,16,2021-16,True,,
LEC,Ferrari,51,40,1,0,1,leclerc,2021,16,2021-16,True,,
MAZ,Haas F1 Team,51,50,1,0,1,mazepin,2021,16,2021-16,True,,
MSC,Haas F1 Team,50,29,13,0,1,mick_schumacher,2021,16,2021-16,True,,
NOR,McLaren,51,46,0,0,1,norris,2021,16,2021-16,True,,
OCO,Alpine,53,32,12,0,3,ocon,2021,16,2021-16,True,,
PER,Red Bull Racing,52,44,2,2,1,perez,2021,16,2021-16,True,,
RAI,Alfa Romeo Racing,52,18,17,1,1,raikkonen,2021,16,2021-16,True,,
RIC,McLaren,52,23,9,2,2,ricciardo,2021,16,2021-16,True,,
RUS,Williams,51,14,7,0,1,russell,2021,16,2021-16,True,,
SAI,Ferrari,52,23,12,8,0,sainz,2021,16,2021-16,True,,
STR,Aston Martin,50,41,5,1,1,stroll,2021,16,2021-16,True,,
TSU,AlphaTauri,51,41,3,0,2,tsunoda,2021,16,2021-16,True,,
VER,Red Bull Racing,51,47,0,0,0,max_verstappen,2021,16,2021-16,True,,
VET,Aston Martin,51,46,1,0,1,vettel,2021,16,2021-16,True,,
ALO,Alpine,40,14,16,2,2,alonso,2021,17,2021-17,False,-0.9531346611016368,14.0
BOT,Mercedes,48,25,9,2,1,bottas,2021,17,2021-17,False,-0.02697428160076515,25.0
GAS,AlphaTauri,10,1,4,1,0,gasly,2021,17,2021-17,False,,
GIO,Alfa Romeo Racing,49,40,1,1,2,giovinazzi,2021,17,2021-17,False,-1.3550621992198852,40.0
HAM,Mercedes,48,42,1,0,0,hamilton,2021,17,2021-17,False,0.7385248210409653,42.0
LAT,Williams,48,44,2,1,0,latifi,2021,17,2021-17,False,-2.034513017357883,44.0
LEC,Ferrari,47,47,0,0,0,leclerc,2021,17,2021-17,False,-0.07274752756533684,47.0
MAZ,Haas F1 Team,46,44,0,0,2,mazepin,2021,17,2021-17,False,-3.5088369155482155,43.0
MSC,Haas F1 Team,46,33,5,0,1,mick_schumacher,2021,17,2021-17,False,-2.6922434023992734,32.0
NOR,McLaren,48,38,2,1,0,norris,2021,17,2021-17,False,-0.4245887698765773,38.0
OCO,Alpine,33,14,1,1,0,ocon,2021,17,2021-17,False,-1.837317052586647,14.0
PER,Red Bull Racing,47,47,0,0,0,perez,2021,17,2021-17,False,0.20966597592175734,47.0
RAI,Alfa Romeo Racing,48,26,15,1,1,raikkonen,2021,17,2021-17,False,-1.3272616925961398,26.0
RIC,McLaren,48,42,1,0,0,ricciardo,2021,17,2021-17,False,-0.5257177425532967,42.0
RUS,Williams,48,32,3,0,2,russell,2021,17,2021-17,False,-1.8746643689099924,32.0
SAI,Ferrari,48,21,5,0,1,sainz,2021,17,2021-17,False,-0.7062349154609753,21.0
STR,Aston Martin,48,40,5,3,0,stroll,2021,17,2021-17,False,-1.826923413728149,40.0
TSU,AlphaTauri,48,43,0,0,1,tsunoda,2021,17,2021-17,False,-1.3729490210746735,43.0
VER,Red Bull Racing,48,39,9,0,0,max_verstappen,2021,17,2021-17,False,0.7023537108381702,39.0
VET,Aston Martin,48,30,13,1,1,vettel,2021,17,2021-17,False,-1.2621211140622763,30.0
ALO,Alpine,64,59,4,2,0,alonso,2021,18,2021-18,False,-1.5453142664266384,59.0
BOT,Mercedes,59,13,27,1,1,bottas,2021,18,2021-18,False,-1.0408884137627914,13.0
GAS,AlphaTauri,64,61,0,0,0,gasly,2021,18,2021-18,False,-1.0180517415886485,61.0
GIO,Alfa Romeo Racing,64,53,1,0,1,giovinazzi,2021,18,2021-18,False,-1.8961224963053447,53.0
HAM,Mercedes,64,63,0,0,0,hamilton,2021,18,2021-18,False,-0.1559628505113426,63.0
LAT,Williams,61,55,2,0,3,latifi,2021,18,2021-18,False,-2.9745325973551933,55.0
LEC,Ferrari,64,59,2,0,0,leclerc,2021,18,2021-18,False,-1.2143643907193786,59.0
MAZ,Haas F1 Team,60,56,0,0,3,mazepin,2021,18,2021-18,False,-4.201430346689938,52.0
MSC,Haas F1 Team,0,0,0,0,0,mick_schumacher,2021,18,2021-18,False,,
NOR,McLaren,64,53,7,3,0,norris,2021,18,2021-18,False,-1.4328540733981423,53.0
OCO,Alpine,64,37,8,3,2,ocon,2021,18,2021-18,False,-1.49268673672749,37.0
PER,Red Bull Racing,64,43,4,0,0,perez,2021,18,2021-18,False,-0.1184375505148769,43.0
RAI,Alfa Romeo Racing,64,59,5,1,0,raikkonen,2021,18,2021-18,False,-1.4657143535564112,59.0
RIC,McLaren,64,38,14,1,0,ricciardo,2021,18,2021-18,False,-1.9969139770455686,38.0
RUS,Williams,63,56,1,0,4,russell,2021,18,2021-18,False,-2.7299735288385842,55.0
SAI,Ferrari,64,53,2,1,0,sainz,2021,18,2021-18,False,-1.0332252873523387,53.0
STR,Aston Martin,61,43,13,2,0,stroll,2021,18,2021-18,False,-2.02868091166374,43.0
TSU,AlphaTauri,0,0,0,0,0,tsunoda,2021,18,2021-18,False,,
VER,Red Bull Racing,64,64,0,0,0,max_verstappen,2021,18,2021-18,False,0.09400602072712737,64.0
VET,Aston Martin,64,52,7,0,0,vettel,2021,18,2021-18,False,-1.3837435336797028,52.0
ALO,Alpine,59,29,12,2,3,alonso,2021,19,2021-19,False,-1.2604294535655367,29.0
BOT,Mercedes,58,39,4,0,0,bottas,2021,19,2021-19,False,0.19899725280483477,39.0
GAS,AlphaTauri,57,32,17,4,0,gasly,2021,19,2021-19,False,-1.0227313803025715,32.0
GIO,Alfa Romeo Racing,58,12,14,0,3,giovinazzi,2021,19,2021-19,False,-2.0545433646327527,12.0
HAM,Mercedes,56,24,18,4,0,hamilton,2021,19,2021-19,False,0.40675436098517637,24.0
LAT,Williams,59,48,9,0,2,latifi,2021,19,2021-19,False,-2.2353564028544626,48.0
LEC,Ferrari,57,51,3,1,2,leclerc,2021,19,2021-19,False,-0.5726836980031295,51.0
MAZ,Haas F1 Team,58,46,6,0,5,mazepin,2021,19,2021-19,False,-3.286296009095434,46.0
MSC,Haas F1 Team,57,52,2,0,0,mick_schumacher,2021,19,2021-19,False,-2.843448480343697,51.0
NOR,McLaren,57,38,12,5,1,norris,2021,19,2021-19,False,0.23253439024761852,38.0
OCO,Alpine,60,31,11,2,1,ocon,2021,19,2021-19,False,-1.546230008598562,31.0
PER,Red Bull Racing,54,43,2,1,1,perez,2021,19,2021-19,False,0.09308044030441978,43.0
RAI,Alfa Romeo Racing,57,39,13,4,3,raikkonen,2021,19,2021-19,False,-1.4604241732868035,39.0
RIC,McLaren,38,22,10,1,1,ricciardo,2021,19,2021-19,False,-1.289036183632636,22.0
RUS,Williams,59,47,6,1,3,russell,2021,19,2021-19,False,-2.4507206125391146,47.0
SAI,Ferrari,57,40,6,1,1,sainz,2021,19,2021-19,False,-0.513531849470748,40.0
STR,Aston Martin,35,19,9,3,3,stroll,2021,19,2021-19,False,-2.165556816259317,19.0
TSU,AlphaTauri,57,40,7,4,2,tsunoda,2021,19,2021-19,False,-2.126313939149304,40.0
VER,Red Bull Racing,56,54,0,0,1,max_verstappen,2021,19,2021-19,False,0.39438470683718635,54.0
VET,Aston Martin,57,38,8,2,3,vettel,2021,19,2021-19,False,-1.4976945766127792,38.0
ALO,Alpine,47,45,1,0,2,alonso,2021,20,2021-20,True,,
BOT,Mercedes,45,22,19,5,0,bottas,2021,20,2021-20,True,,
GAS,AlphaTauri,46,28,7,2,2,gasly,2021,20,2021-20,True,,
GIO,Alfa Romeo Racing,46,23,12,2,2,giovinazzi,2021,20,2021-20,True,,
HAM,Mercedes,45,45,0,0,0,hamilton,2021,20,2021-20,True,,
LAT,Williams,44,21,7,2,2,latifi,2021,20,2021-20,True,,
LEC,Ferrari,46,20,6,1,0,leclerc,2021,20,2021-20,True,,
MAZ,Haas F1 Team,48,44,0,0,6,mazepin,2021,20,2021-20,True,,
MSC,Haas F1 Team,46,24,4,0,3,mick_schumacher,2021,20,2021-20,True,,
NOR,McLaren,46,34,9,1,2,norris,2021,20,2021-20,True,,
OCO,Alpine,47,34,4,0,3,ocon,2021,20,2021-20,True,,
PER,Red Bull Racing,45,20,20,9,0,perez,2021,20,2021-20,True,,
RAI,Alfa Romeo Racing,45,21,9,2,1,raikkonen,2021,20,2021-20,True,,
RIC,McLaren,46,33,9,2,2,ricciardo,2021,20,2021-20,True,,
RUS,Williams,46,32,5,1,3,russell,2021,20,2021-20,True,,
SAI,Ferrari,46,20,8,0,2,sainz,2021,20,2021-20,True,,
STR,Aston Martin,47,11,18,0,2,stroll,2021,20,2021-20,True,,
TSU,AlphaTauri,45,29,11,3,1,tsunoda,2021,20,2021-20,True,,
VER,Red Bull Racing,45,42,2,2,0,max_verstappen,2021,20,2021-20,True,,
VET,Aston Martin,46,29,11,2,1,vettel,2021,20,2021-20,True,,
ALO,Alpine,30,16,10,2,5,alonso,2021,21,2021-21,False,-3.5593781975053598,15.0
BOT,Mercedes,30,8,13,3,1,bottas,2021,21,2021-21,False,,
GAS,AlphaTauri,30,21,1,0,1,gasly,2021,21,2021-21,False,-2.622836808292558,21.0
GIO,Alfa Romeo Racing,30,18,6,1,3,giovinazzi,2021,21,2021-21,False,-3.137138748327519,18.0
HAM,Mercedes,30,17,6,2,0,hamilton,2021,21,2021-21,False,-1.0559229563053845,17.0
LAT,Williams,32,24,4,1,0,latifi,2021,21,2021-21,False,-3.475212616174483,24.0
LEC,Ferrari,31,9,12,1,0,leclerc,2021,21,2021-21,False,,
MAZ,Haas F1 Team,7,3,1,0,0,mazepin,2021,21,2021-21,False,,
MSC,Haas F1 Team,7,0,5,0,0,mick_schumacher,2021,21,2021-21,False,,
NOR,McLaren,32,22,5,2,0,norris,2021,21,2021-21,False,-2.087282716474511,22.0
OCO,Alpine,28,20,1,0,2,ocon,2021,21,2021-21,False,-2.2434794566461997,20.0
PER,Red Bull Racing,8,3,3,0,0,perez,2021,21,2021-21,False,,
RAI,Alfa Romeo Racing,30,16,8,0,1,raikkonen,2021,21,2021-21,False,-4.2116156034148124,16.0
RIC,McLaren,28,11,6,2,2,ricciardo,2021,21,2021-21,False,-3.08112314497543,11.0
RUS,Williams,7,2,1,1,1,russell,2021,21,2021-21,False,,
SAI,Ferrari,30,14,13,3,0,sainz,2021,21,2021-21,False,-2.023939292585946,14.0
STR,Aston Martin,32,25,3,1,2,stroll,2021,21,2021-21,False,-3.6121124844061403,25.0
TSU,AlphaTauri,30,15,10,2,1,tsunoda,2021,21,2021-21,False,-2.7585386488354957,15.0
VER,Red Bull Racing,31,22,2,0,1,max_verstappen,2021,21,2021-21,False,-1.703575007911446,22.0
VET,Aston Martin,26,11,2,0,1,vettel,2021,21,2021-21,False,-4.393096671215848,10.0
ALO,Alpine,45,27,4,0,1,alonso,2021,22,2021-22,False,-1.8784368759463086,27.0
BOT,Mercedes,44,12,16,0,2,bottas,2021,22,2021-22,False,-0.7356983328118556,12.0
GAS,AlphaTauri,45,11,5,2,0,gasly,2021,22,2021-22,False,-0.7975362145013066,11.0
GIO,Alfa Romeo Racing,28,16,2,1,0,giovinazzi,2021,22,2021-22,False,-2.156104982088579,16.0
HAM,Mercedes,45,43,1,0,1,hamilton,2021,22,2021-22,False,0.34041013976521345,43.0
LAT,Williams,43,23,3,0,4,latifi,2021,22,2021-22,False,-2.580459311866585,23.0
LEC,Ferrari,43,19,11,0,0,leclerc,2021,22,2021-22,False,-1.5998050590451942,19.0
MSC,Haas F1 Team,45,36,6,0,0,mick_schumacher,2021,22,2021-22,False,-2.905448282848587,36.0
NOR,McLaren,41,33,1,1,0,norris,2021,22,2021-22,False,-1.33509629466539,33.0
OCO,Alpine,43,22,3,2,0,ocon,2021,22,2021-22,False,-1.708138651876361,22.0
PER,Red Bull Racing,45,40,0,0,0,perez,2021,22,2021-22,False,-0.08198663900608573,40.0
RAI,Alfa Romeo Racing,21,8,4,1,1,raikkonen,2021,22,2021-22,False,,
RIC,McLaren,44,16,13,1,0,ricciardo,2021,22,2021-22,False,-1.69536235498543,16.0
RUS,Williams,23,13,2,0,1,russell,2021,22,2021-22,False,-2.591328184475693,13.0
SAI,Ferrari,43,39,0,0,1,sainz,2021,22,2021-22,False,-1.1480251676982622,39.0
STR,Aston Martin,44,24,3,0,0,stroll,2021,22,2021-22,False,-2.093692662281733,24.0
TSU,AlphaTauri,43,26,7,1,0,tsunoda,2021,22,2021-22,False,-1.1969989560410839,26.0
VER,Red Bull Racing,46,38,1,2,0,max_verstappen,2021,22,2021-22,False,0.04631833006282224,38.0
VET,Aston Martin,43,20,8,0,0,vettel,2021,22,2021-22,False,-1.7939110158327858,20.0
ALB,Williams,43,34,2,1,4,albon,2022,1,2022-01,False,-2.0123975273307946,34.0
ALO,Alpine,42,20,3,3,1,alonso,2022,1,2022-01,False,-1.200411802782086,20.0
BOT,Alfa Romeo,45,17,24,4,0,bottas,2022,1,2022-01,False,-0.5928109468449676,17.0
GAS,AlphaTauri,39,25,0,0,1,gasly,2022,1,2022-01,False,-0.7782156107504006,25.0
HAM,Mercedes,43,27,15,2,1,hamilton,2022,1,2022-01,False,0.21331942709215582,27.0
HUL,Aston Martin,42,20,15,0,6,hulkenberg,2022,1,2022-01,False,-2.2094141200519237,20.0
LAT,Williams,43,32,3,1,5,latifi,2022,1,2022-01,False,-2.644656652745275,32.0
LEC,Ferrari,46,45,0,0,0,leclerc,2022,1,2022-01,False,0.6164727669084944,45.0
MAG,Haas F1 Team,45,36,4,0,3,kevin_magnussen,2022,1,2022-01,False,-0.6542160400595142,36.0
MSC,Haas F1 Team,43,27,3,2,8,mick_schumacher,2022,1,2022-01,False,-1.1203586459793922,27.0
NOR,McLaren,42,17,12,2,6,norris,2022,1,2022-01,False,-1.5437155336664814,17.0
OCO,Alpine,43,28,9,0,0,ocon,2022,1,2022-01,False,-0.9720732030210555,28.0
PER,Red Bull Racing,42,30,5,2,0,perez,2022,1,2022-01,False,0.3688733645380796,30.0
RIC,McLaren,42,23,12,3,1,ricciardo,2022,1,2022-01,False,-2.1278743077170756,23.0
RUS,Mercedes,44,34,4,1,0,russell,2022,1,2022-01,False,-0.20219903533696204,34.0
SAI,Ferrari,44,40,3,0,0,sainz,2022,1,2022-01,False,0.23808745849781576,40.0
STR,Aston Martin,42,24,10,4,2,stroll,2022,1,2022-01,False,-1.9019580450247566,24.0
TSU,AlphaTauri,43,28,12,4,0,tsunoda,2022,1,2022-01,False,-1.319083886947054,28.0
VER,Red Bull Racing,41,29,3,0,0,max_verstappen,2022,1,2022-01,False,0.4109827733298315,29.0
ZHO,Alfa Romeo,44,25,11,9,0,zhou,2022,1,2022-01,False,-0.8063037575018074,25.0
ALB,Williams,34,9,12,0,3,albon,2022,2,2022-02,False,,
ALO,Alpine,29,11,7,1,0,alonso,2022,2,2022-02,False,-2.7792766743425363,11.0
BOT,Alfa Romeo,28,4,15,2,0,bottas,2022,2,2022-02,False,,
GAS,AlphaTauri,36,21,10,2,2,gasly,2022,2,2022-02,False,-2.9296581379815096,21.0
HAM,Mercedes,36,17,15,7,1,hamilton,2022,2,2022-02,False,-2.124370485195544,17.0
HUL,Aston Martin,36,19,10,1,6,hulkenberg,2022,2,2022-02,False,-3.4660115970131153,19.0
LAT,Williams,13,3,4,0,1,latifi,2022,2,2022-02,False,,
LEC,Ferrari,36,30,3,1,2,leclerc,2022,2,2022-02,False,-0.8803380030442733,30.0
MAG,Haas F1 Team,37,18,10,2,3,kevin_magnussen,2022,2,2022-02,False,-2.5027092165224554,18.0
NOR,McLaren,37,7,15,2,2,norris,2022,2,2022-02,False,,
OCO,Alpine,37,19,12,1,2,ocon,2022,2,2022-02,False,-2.6219419464082017,19.0
PER,Red Bull Racing,35,22,2,0,1,perez,2022,2,2022-02,False,-0.9028463482987482,22.0
RIC,McLaren,26,13,12,1,0,ricciardo,2022,2,2022-02,False,-2.754434507952521,13.0
RUS,Mercedes,37,33,2,1,0,russell,2022,2,2022-02,False,-1.9256385744514741,33.0
SAI,Ferrari,36,29,1,1,0,sainz,2022,2,2022-02,False,-1.128426374803969,29.0
STR,Aston Martin,34,18,7,0,4,stroll,2022,2,2022-02,False,-3.7959039522796005,18.0
VER,Red Bull Racing,36,8,4,2,1,max_verstappen,2022,2,2022-02,False,,
ZHO,Alfa Romeo,35,18,12,4,0,zhou,2022,2,2022-02,False,-3.041190248938139,18.0
ALB,Williams,44,24,15,1,1,albon,2022,3,2022-03,False,-2.4585105596111294,24.0
ALO,Alpine,43,15,19,2,4,alonso,2022,3,2022-03,False,-2.9368261861510914,14.0
BOT,Alfa Romeo,44,7,34,3,1,bottas,2022,3,2022-03,False,,
GAS,AlphaTauri,43,10,18,1,2,gasly,2022,3,2022-03,False,-2.8791749824117163,10.0
HAM,Mercedes,44,19,4,1,1,hamilton,2022,3,2022-03,False,-1.7807043096401531,19.0
LAT,Williams,43,28,0,1,1,latifi,2022,3,2022-03,False,-3.6550214860284442,28.0
LEC,Ferrari,44,44,0,0,0,leclerc,2022,3,2022-03,False,-0.53604690393162,44.0
MAG,Haas F1 Team,45,14,17,5,3,kevin_magnussen,2022,3,2022-03,False,-3.1362507733541896,14.0
MSC,Haas F1 Team,43,6,27,1,3,mick_schumacher,2022,3,2022-03,False,,
NOR,McLaren,43,23,17,1,0,norris,2022,3,2022-03,False,-2.094768635011291,23.0
OCO,Alpine,43,11,22,0,0,ocon,2022,3,2022-03,False,-2.7210718516911605,11.0
PER,Red Bull Racing,43,31,11,3,0,perez,2022,3,2022-03,False,-1.3059953929931827,31.0
RIC,McLaren,43,12,23,1,0,ricciardo,2022,3,2022-03,False,-2.3268886761879783,12.0
RUS,Mercedes,45,27,4,0,1,russell,2022,3,2022-03,False,-1.3511784979065449,27.0
SAI,Ferrari,0,0,0,0,0,sainz,2022,3,2022-03,False,,
STR,Aston Martin,45,15,21,2,3,stroll,2022,3,2022-03,False,-3.462523729350191,15.0
TSU,AlphaTauri,43,24,11,0,4,tsunoda,2022,3,2022-03,False,-3.394765912014559,24.0
VER,Red Bull Racing,26,20,1,0,0,max_verstappen,2022,3,2022-03,False,-1.1795438106593616,20.0
VET,Aston Martin,16,9,3,0,2,vettel,2022,3,2022-03,False,,
ZHO,Alfa Romeo,43,6,29,6,2,zhou,2022,3,2022-03,False,,
ALB,Williams,53,5,16,1,0,albon,2022,4,2022-04,True,,
ALO,Alpine,1,0,0,0,3,alonso,2022,4,2022-04,True,,
BOT,Alfa Romeo,54,34,9,1,0,bottas,2022,4,2022-04,True,,
GAS,AlphaTauri,53,7,36,0,1,gasly,2022,4,2022-04,True,,
HAM,Mercedes,53,0,47,0,0,hamilton,2022,4,2022-04,True,,
LAT,Williams,54,40,5,0,1,latifi,2022,4,2022-04,True,,
LEC,Ferrari,51,21,13,4,0,leclerc,2022,4,2022-04,True,,
MAG,Haas F1 Team,54,47,2,0,4,kevin_magnussen,2022,4,2022-04,True,,
MSC,Haas F1 Team,53,35,14,1,1,mick_schumacher,2022,4,2022-04,True,,
NOR,McLaren,54,51,0,0,1,norris,2022,4,2022-04,True,,
OCO,Alpine,53,25,10,0,0,ocon,2022,4,2022-04,True,,
PER,Red Bull Racing,52,51,0,0,0,perez,2022,4,2022-04,True,,
RIC,McLaren,51,36,8,0,1,ricciardo,2022,4,2022-04,True,,
RUS,Mercedes,54,47,3,1,0,russell,2022,4,2022-04,True,,
SAI,Ferrari,0,0,0,0,0,sainz,2022,4,2022-04,True,,
STR,Aston Martin,53,33,12,1,0,stroll,2022,4,2022-04,True,,
TSU,AlphaTauri,53,39,5,2,1,tsunoda,2022,4,2022-04,True,,
VER,Red Bull Racing,51,51,0,0,0,max_verstappen,2022,4,2022-04,True,,
VET,Aston Martin,54,42,1,1,1,vettel,2022,4,2022-04,True,,
ZHO,Alfa Romeo,54,24,27,2,0,zhou,2022,4,2022-04,True,,
ALB,Williams,42,23,14,1,2,albon,2022,5,2022-05,True,,
ALO,Alpine,41,15,15,0,1,alonso,2022,5,2022-05,True,,
BOT,Alfa Romeo,42,30,1,0,2,bottas,2022,5,2022-05,True,,
GAS,AlphaTauri,35,27,3,0,1,gasly,2022,5,2022-05,True,,
HAM,Mercedes,42,29,5,3,0,hamilton,2022,5,2022-05,True,,
LAT,Williams,41,33,5,0,7,latifi,2022,5,2022-05,True,,
LEC,Ferrari,43,33,7,0,1,leclerc,2022,5,2022-05,True,,
MAG,Haas F1 Team,41,9,22,6,2,kevin_magnussen,2022,5,2022-05,True,,
MSC,Haas F1 Team,40,13,14,4,0,mick_schumacher,2022,5,2022-05,True,,
NOR,McLaren,35,20,8,1,0,norris,2022,5,2022-05,True,,
OCO,Alpine,44,20,9,1,0,ocon,2022,5,2022-05,True,,
PER,Red Bull Racing,42,18,6,0,0,perez,2022,5,2022-05,True,,
RIC,McLaren,42,24,14,1,3,ricciardo,2022,5,2022-05,True,,
RUS,Mercedes,44,31,9,3,1,russell,2022,5,2022-05,True,,
SAI,Ferrari,43,41,0,0,0,sainz,2022,5,2022-05,True,,
STR,Aston Martin,43,13,18,2,1,stroll,2022,5,2022-05,True,,
TSU,AlphaTauri,41,28,10,2,3,tsunoda,2022,5,2022-05,True,,
VER,Red Bull Racing,43,36,2,1,0,max_verstappen,2022,5,2022-05,True,,
VET,Aston Martin,42,5,25,3,4,vettel,2022,5,2022-05,True,,
ZHO,Alfa Romeo,4,0,4,0,0,zhou,2022,5,2022-05,True,,
ALB,Williams,52,44,3,0,2,albon,2022,6,2022-06,False,-2.79447840252618,44.0
ALO,Alpine,56,41,10,1,1,alonso,2022,6,2022-06,False,-0.5318824761108036,41.0
BOT,Alfa Romeo,58,55,1,1,3,bottas,2022,6,2022-06,False,0.14127704668615731,55.0
GAS,AlphaTauri,56,27,6,1,2,gasly,2022,6,2022-06,False,-0.8462751329554141,27.0
HAM,Mercedes,57,41,6,5,1,hamilton,2022,6,2022-06,False,1.3946238250036598,41.0
LAT,Williams,54,42,6,1,1,latifi,2022,6,2022-06,False,-1.96938176391671,42.0
LEC,Ferrari,21,21,0,0,0,leclerc,2022,6,2022-06,False,1.111242019910382,21.0
MAG,Haas F1 Team,58,55,2,1,2,kevin_magnussen,2022,6,2022-06,False,-0.33654902198010156,55.0
MSC,Haas F1 Team,58,45,5,1,6,mick_schumacher,2022,6,2022-06,False,-0.9287701036535024,45.0
NOR,McLaren,56,46,3,2,0,norris,2022,6,2022-06,False,-0.2906664074264324,46.0
OCO,Alpine,56,49,5,2,2,ocon,2022,6,2022-06,False,-0.28435605398408453,49.0
PER,Red Bull Racing,56,39,4,1,0,perez,2022,6,2022-06,False,0.8357981761123886,39.0
RIC,McLaren,56,36,7,1,2,ricciardo,2022,6,2022-06,False,-1.0273497217663647,36.0
RUS,Mercedes,56,53,0,0,1,russell,2022,6,2022-06,False,0.35767354187394795,53.0
SAI,Ferrari,56,30,9,4,1,sainz,2022,6,2022-06,False,0.7997792905269591,30.0
STR,Aston Martin,55,43,7,1,1,stroll,2022,6,2022-06,False,-1.0829688437849316,43.0
TSU,AlphaTauri,56,36,8,2,0,tsunoda,2022,6,2022-06,False,-0.38571895753932406,36.0
VER,Red Bull Racing,56,31,17,1,0,max_verstappen,2022,6,2022-06,False,1.0833868594718754,31.0
VET,Aston Martin,58,43,9,2,4,vettel,2022,6,2022-06,False,-0.6568145916123131,43.0
ZHO,Alfa Romeo,21,5,9,2,0,zhou,2022,6,2022-06,False,,
ALB,Williams,30,15,7,0,0,albon,2022,7,2022-07,True,,
ALO,Alpine,46,39,1,0,0,alonso,2022,7,2022-07,True,,
BOT,Alfa Romeo,47,20,6,0,0,bottas,2022,7,2022-07,True,,
GAS,AlphaTauri,45,6,18,3,0,gasly,2022,7,2022-07,True,,
HAM,Mercedes,44,17,19,0,0,hamilton,2022,7,2022-07,True,,
LAT,Williams,47,34,9,1,0,latifi,2022,7,2022-07,True,,
LEC,Ferrari,45,22,7,0,0,leclerc,2022,7,2022-07,True,,
MAG,Haas F1 Team,13,1,11,0,1,kevin_magnussen,2022,7,2022-07,True,,
MSC,Haas F1 Team,14,3,8,0,0,mick_schumacher,2022,7,2022-07,True,,
NOR,McLaren,43,38,2,0,0,norris,2022,7,2022-07,True,,
OCO,Alpine,46,18,11,0,0,ocon,2022,7,2022-07,True,,
PER,Red Bull Racing,45,38,0,0,0,perez,2022,7,2022-07,True,,
RIC,McLaren,45,27,15,0,1,ricciardo,2022,7,2022-07,True,,
RUS,Mercedes,46,37,1,0,0,russell,2022,7,2022-07,True,,
SAI,Ferrari,47,22,12,0,0,sainz,2022,7,2022-07,True,,
STR,Aston Martin,47,14,26,1,0,stroll,2022,7,2022-07,True,,
TSU,AlphaTauri,44,19,19,0,1,tsunoda,2022,7,2022-07,True,,
VER,Red Bull Racing,44,9,16,0,0,max_verstappen,2022,7,2022-07,True,,
VET,Aston Martin,45,11,10,0,0,vettel,2022,7,2022-07,True,,
ZHO,Alfa Romeo,47,6,30,0,2,zhou,2022,7,2022-07,True,,
ALB,Williams,41,24,8,0,2,albon,2022,8,2022-08,False,-1.7086032995529463,24.0
ALO,Alpine,41,33,3,1,0,alonso,2022,8,2022-08,False,-1.7860561199748286,33.0
BOT,Alfa Romeo,43,34,2,0,3,bottas,2022,8,2022-08,False,-2.2192298088944513,34.0
GAS,AlphaTauri,43,29,5,1,1,gasly,2022,8,2022-08,False,-1.615318779342439,29.0
HAM,Mercedes,43,25,11,4,0,hamilton,2022,8,2022-08,False,-1.4138210477685502,25.0
LAT,Williams,37,36,1,0,0,latifi,2022,8,2022-08,False,-3.1262213963137726,36.0
LEC,Ferrari,15,13,0,0,0,leclerc,2022,8,2022-08,False,-0.12706322442997686,13.0
MAG,Haas F1 Team,27,9,11,5,1,kevin_magnussen,2022,8,2022-08,False,,
MSC,Haas F1 Team,41,35,1,0,0,mick_schumacher,2022,8,2022-08,False,-2.382652446964624,35.0
NOR,McLaren,41,15,7,3,0,norris,2022,8,2022-08,False,-1.5747910456797911,15.0
OCO,Alpine,43,34,3,0,3,ocon,2022,8,2022-08,False,-2.251362268462616,34.0
PER,Red Bull Racing,41,41,0,0,0,perez,2022,8,2022-08,False,-0.5305984430872526,41.0
RIC,McLaren,44,21,11,0,2,ricciardo,2022,8,2022-08,False,-2.0212382315298476,21.0
RUS,Mercedes,43,42,0,0,0,russell,2022,8,2022-08,False,-1.181831509801979,42.0
SAI,Ferrari,7,6,0,0,0,sainz,2022,8,2022-08,False,,
STR,Aston Martin,36,13,5,0,3,stroll,2022,8,2022-08,False,-2.3121747437303912,13.0
TSU,AlphaTauri,41,21,4,1,1,tsunoda,2022,8,2022-08,False,-1.7569531893788917,21.0
VER,Red Bull Racing,41,31,8,0,0,max_verstappen,2022,8,2022-08,False,-0.24671510496155954,31.0
VET,Aston Martin,42,22,10,1,0,vettel,2022,8,2022-08,False,-1.512837394357059,22.0
ZHO,Alfa Romeo,18,5,10,0,0,zhou,2022,8,2022-08,False,,
ALB,Williams,55,32,10,2,2,albon,2022,9,2022-09,False,-1.491108145024462,32.0
ALO,Alpine,54,29,22,0,4,alonso,2022,9,2022-09,False,-0.9305988317859691,29.0
BOT,Alfa Romeo,56,28,26,1,0,bottas,2022,9,2022-09,False,-0.16391697379959824,28.0
GAS,AlphaTauri,52,32,20,1,3,gasly,2022,9,2022-09,False,-0.9472191706203541,32.0
HAM,Mercedes,54,37,7,2,0,hamilton,2022,9,2022-09,False,0.6704577713028127,37.0
LAT,Williams,53,43,7,1,1,latifi,2022,9,2022-09,False,-2.10062072636262,43.0
LEC,Ferrari,54,14,37,7,0,leclerc,2022,9,2022-09,False,0.3256437914794457,14.0
MAG,Haas F1 Team,55,41,6,1,6,kevin_magnussen,2022,9,2022-09,False,-0.9699834045136723,41.0
MSC,Haas F1 Team,14,3,2,0,0,mick_schumacher,2022,9,2022-09,False,,
NOR,McLaren,53,9,31,1,1,norris,2022,9,2022-09,False,,
OCO,Alpine,56,44,6,0,3,ocon,2022,9,2022-09,False,-0.6309145972507025,44.0
PER,Red Bull Racing,6,0,5,0,0,perez,2022,9,2022-09,False,,
RIC,McLaren,56,20,24,2,2,ricciardo,2022,9,2022-09,False,-1.4543561107220973,20.0
RUS,Mercedes,54,48,2,2,0,russell,2022,9,2022-09,False,0.37730331311550414,48.0
SAI,Ferrari,56,40,17,1,0,sainz,2022,9,2022-09,False,0.6557974385395586,40.0
STR,Aston Martin,55,33,8,2,1,stroll,2022,9,2022-09,False,-0.7585559378659539,33.0
TSU,AlphaTauri,40,8,27,0,2,tsunoda,2022,9,2022-09,False,,
VER,Red Bull Racing,55,53,1,1,0,max_verstappen,2022,9,2022-09,False,1.0304795214016842,53.0
VET,Aston Martin,54,22,10,1,2,vettel,2022,9,2022-09,False,-0.7185362234233007,22.0
ZHO,Alfa Romeo,56,2,45,2,0,zhou,2022,9,2022-09,False,,
ALB,Williams,0,0,0,0,0,albon,2022,10,2022-10,True,,
ALO,Alpine,42,16,11,1,0,alonso,2022,10,2022-10,True,,
BOT,Alfa Romeo,16,0,15,1,0,bottas,2022,10,2022-10,True,,
GAS,AlphaTauri,20,15,2,0,1,gasly,2022,10,2022-10,True,,
HAM,Mercedes,42,31,7,4,3,hamilton,2022,10,2022-10,True,,
LAT,Williams,41,9,19,0,5,latifi,2022,10,2022-10,True,,
LEC,Ferrari,42,14,12,1,3,leclerc,2022,10,2022-10,True,,
MAG,Haas F1 Team,41,11,20,1,2,kevin_magnussen,2022,10,2022-10,True,,
MSC,Haas F1 Team,41,6,27,3,0,mick_schumacher,2022,10,2022-10,True,,
NOR,McLaren,42,28,11,0,1,norris,2022,10,2022-10,True,,
OCO,Alpine,32,12,15,3,0,ocon,2022,10,2022-10,True,,
PER,Red Bull Racing,41,28,7,5,1,perez,2022,10,2022-10,True,,
RIC,McLaren,39,6,31,0,1,ricciardo,2022,10,2022-10,True,,
RUS,Mercedes,0,0,0,0,0,russell,2022,10,2022-10,True,,
SAI,Ferrari,41,35,4,0,0,sainz,2022,10,2022-10,True,,
STR,Aston Martin,41,11,23,1,1,stroll,2022,10,2022-10,True,,
TSU,AlphaTauri,41,32,9,0,1,tsunoda,2022,10,2022-10,True,,
VER,Red Bull Racing,38,29,6,2,1,max_verstappen,2022,10,2022-10,True,,
VET,Aston Martin,40,35,3,0,2,vettel,2022,10,2022-10,True,,
ZHO,Alfa Romeo,0,0,0,0,0,zhou,2022,10,2022-10,True,,
ALB,Williams,60,28,14,0,3,,2022,11,2022-11,False,-0.8489133274901156,12.0
ALO,Alpine,62,19,32,7,4,,2022,11,2022-11,False,0.03766859203008251,19.0
BOT,Alfa Romeo,61,16,19,1,4,,2022,11,2022-11,False,,
GAS,AlphaTauri,61,29,12,1,4,,2022,11,2022-11,False,-0.70908336102585,10.0
HAM,Mercedes,61,45,13,1,2,,2022,11,2022-11,False,0.3343124424076478,30.0
LAT,Williams,41,20,12,0,5,,2022,11,2022-11,False,-1.7522477158579113,10.0
LEC,Ferrari,60,46,11,3,0,,2022,11,2022-11,False,0.8358793220089471,42.0
MAG,Haas F1 Team,59,25,18,3,1,,2022,11,2022-11,False,,
MSC,Haas F1 Team,59,31,24,5,1,,2022,11,2022-11,False,-0.34403959624553776,11.0
NOR,McLaren,59,23,14,2,1,,2022,11,2022-11,False,,
OCO,Alpine,59,35,15,2,1,,2022,11,2022-11,False,-0.5532817900979559,21.0
PER,Red Bull Racing,21,21,0,0,0,,2022,11,2022-11,False,-1.991520507239296,21.0
RIC,McLaren,60,33,12,0,2,,2022,11,2022-11,False,-0.7102161190844084,13.0
RUS,Mercedes,60,25,18,8,0,,2022,11,2022-11,False,-0.6152785393392571,11.0
SAI,Ferrari,50,39,3,0,0,,2022,11,2022-11,False,0.6086028215355074,36.0
STR,Aston Martin,61,40,14,1,4,,2022,11,2022-11,False,-0.9964159214216066,40.0
TSU,AlphaTauri,61,34,7,2,5,,2022,11,2022-11,False,-1.0373524910740168,21.0
VER,Red Bull Racing,61,55,3,1,3,,2022,11,2022-11,False,0.6254869330047759,44.0
VET,Aston Martin,61,19,27,3,2,,2022,11,2022-11,False,-0.9719616699477732,13.0
ZHO,Alfa Romeo,61,12,36,5,3,,2022,11,2022-11,False,,
ALB,Williams,44,28,4,0,4,albon,2022,12,2022-12,False,-1.8686398276782765,28.0
ALO,Alpine,44,36,2,0,2,alonso,2022,12,2022-12,False,-1.1964700473129979,36.0
BOT,Alfa Romeo,42,13,20,2,2,bottas,2022,12,2022-12,False,-2.353826129725503,13.0
GAS,AlphaTauri,44,19,22,2,4,gasly,2022,12,2022-12,False,-1.5505281131814466,19.0
HAM,Mercedes,43,41,0,0,0,hamilton,2022,12,2022-12,False,-0.36532133572115055,41.0
LAT,Williams,33,5,23,1,1,latifi,2022,12,2022-12,False,,
LEC,Ferrari,16,16,0,0,0,leclerc,2022,12,2022-12,False,0.030986569811871485,16.0
MAG,Haas F1 Team,30,9,15,2,1,kevin_magnussen,2022,12,2022-12,False,,
MSC,Haas F1 Team,41,33,7,0,2,mick_schumacher,2022,12,2022-12,False,-1.827463338692265,33.0
NOR,McLaren,44,29,4,0,2,norris,2022,12,2022-12,False,-1.423348790553427,29.0
OCO,Alpine,44,17,15,2,0,ocon,2022,12,2022-12,False,-1.4654285434798602,17.0
PER,Red Bull Racing,43,22,10,0,1,perez,2022,12,2022-12,False,-0.5083438401837169,22.0
RIC,McLaren,44,16,8,0,3,ricciardo,2022,12,2022-12,False,-1.781524428330576,16.0
RUS,Mercedes,43,13,9,1,1,russell,2022,12,2022-12,False,-0.450893504534024,13.0
SAI,Ferrari,41,12,20,13,0,sainz,2022,12,2022-12,False,-0.5991904296743529,12.0
STR,Aston Martin,44,13,16,0,1,stroll,2022,12,2022-12,False,-1.755396230608421,13.0
TSU,AlphaTauri,13,13,0,0,0,tsunoda,2022,12,2022-12,False,-2.248603560274684,13.0
VER,Red Bull Racing,41,27,10,0,0,max_verstappen,2022,12,2022-12,False,0.1483936902528644,27.0
VET,Aston Martin,44,5,29,2,1,vettel,2022,12,2022-12,False,,
ZHO,Alfa Romeo,37,27,9,0,0,zhou,2022,12,2022-12,False,-2.2136178856455233,27.0
ALB,Williams,58,52,4,1,3,albon,2022,13,2022-13,True,,
ALO,Alpine,58,25,10,0,6,alonso,2022,13,2022-13,True,,
BOT,Alfa Romeo,56,38,13,0,3,bottas,2022,13,2022-13,True,,
GAS,AlphaTauri,56,39,10,4,0,gasly,2022,13,2022-13,True,,
HAM,Mercedes,56,41,10,2,0,hamilton,2022,13,2022-13,True,,
LAT,Williams,55,43,4,1,1,latifi,2022,13,2022-13,True,,
LEC,Ferrari,54,32,9,1,1,leclerc,2022,13,2022-13,True,,
MAG,Haas F1 Team,55,43,3,0,3,kevin_magnussen,2022,13,2022-13,True,,
MSC,Haas F1 Team,56,44,3,0,2,mick_schumacher,2022,13,2022-13,True,,
NOR,McLaren,57,53,2,2,3,norris,2022,13,2022-13,True,,
OCO,Alpine,59,49,0,0,5,ocon,2022,13,2022-13,True,,
PER,Red Bull Racing,56,47,7,3,0,perez,2022,13,2022-13,True,,
RIC,McLaren,57,50,4,1,3,ricciardo,2022,13,2022-13,True,,
RUS,Mercedes,56,43,5,0,1,russell,2022,13,2022-13,True,,
SAI,Ferrari,57,41,2,0,1,sainz,2022,13,2022-13,True,,
STR,Aston Martin,57,25,20,5,0,stroll,2022,13,2022-13,True,,
TSU,AlphaTauri,54,39,3,0,2,tsunoda,2022,13,2022-13,True,,
VER,Red Bull Racing,57,38,11,6,0,max_verstappen,2022,13,2022-13,True,,
VET,Aston Martin,57,22,24,7,0,vettel,2022,13,2022-13,True,,
ZHO,Alfa Romeo,56,21,18,3,2,zhou,2022,13,2022-13,True,,
ALB,Williams,35,28,3,1,3,albon,2022,14,2022-14,False,-1.4649237892108176,28.0
ALO,Alpine,35,27,6,3,1,alonso,2022,14,2022-14,False,-0.8126216319114026,27.0
BOT,Alfa Romeo,0,0,0,0,0,bottas,2022,14,2022-14,False,,
GAS,AlphaTauri,35,25,7,1,3,gasly,2022,14,2022-14,False,-1.3657297469161318,25.0
HAM,Mercedes,0,0,0,0,0,hamilton,2022,14,2022-14,False,,
LAT,Williams,34,20,7,1,1,latifi,2022,14,2022-14,False,-1.9228461148068208,20.0
LEC,Ferrari,35,23,11,9,1,leclerc,2022,14,2022-14,False,0.03994762610084096,23.0
MAG,Haas F1 Team,35,30,2,1,4,kevin_magnussen,2022,14,2022-14,False,-1.6387056754701879,30.0
MSC,Haas F1 Team,34,25,3,0,5,mick_schumacher,2022,14,2022-14,False,-1.4618930985892673,25.0
NOR,McLaren,35,6,23,1,3,norris,2022,14,2022-14,False,,
OCO,Alpine,35,22,10,4,1,ocon,2022,14,2022-14,False,-0.7306194313379866,22.0
PER,Red Bull Racing,35,25,2,1,0,perez,2022,14,2022-14,False,0.12997797228142965,25.0
RIC,McLaren,35,6,17,0,4,ricciardo,2022,14,2022-14,False,,
RUS,Mercedes,35,30,1,1,1,russell,2022,14,2022-14,False,0.05778002932403295,30.0
SAI,Ferrari,35,34,0,0,2,sainz,2022,14,2022-14,False,0.018027952923488775,34.0
STR,Aston Martin,35,3,29,3,1,stroll,2022,14,2022-14,False,,
TSU,AlphaTauri,35,14,15,3,3,tsunoda,2022,14,2022-14,False,-1.1138674642071018,14.0
VER,Red Bull Racing,35,28,6,6,0,max_verstappen,2022,14,2022-14,False,0.5694389695574437,28.0
VET,Aston Martin,35,21,6,1,2,vettel,2022,14,2022-14,False,-0.8633581924250604,21.0
ZHO,Alfa Romeo,35,5,25,1,2,zhou,2022,14,2022-14,False,,
ALB,Williams,52,37,7,0,1,albon,2022,15,2022-15,False,-1.8550138737567647,37.0
ALO,Alpine,55,13,15,1,0,alonso,2022,15,2022-15,False,-0.6258512372664877,13.0
BOT,Alfa Romeo,40,20,9,1,0,bottas,2022,15,2022-15,False,-2.131004894914978,20.0
GAS,AlphaTauri,51,25,19,0,1,gasly,2022,15,2022-15,False,-1.477065931580576,25.0
HAM,Mercedes,54,36,11,1,2,hamilton,2022,15,2022-15,False,0.15495017314286086,36.0
LAT,Williams,53,47,1,0,1,latifi,2022,15,2022-15,False,-2.8635734246331173,47.0
LEC,Ferrari,53,39,5,1,0,leclerc,2022,15,2022-15,False,-0.2416305913415299,39.0
MAG,Haas F1 Team,52,28,14,2,0,kevin_magnussen,2022,15,2022-15,False,-1.7195691542381026,28.0
MSC,Haas F1 Team,52,30,13,1,1,mick_schumacher,2022,15,2022-15,False,-1.6769625841655855,30.0
NOR,McLaren,55,37,11,0,0,norris,2022,15,2022-15,False,-1.0507581779678683,37.0
OCO,Alpine,56,38,3,0,0,ocon,2022,15,2022-15,False,-1.3159407337443274,38.0
PER,Red Bull Racing,54,34,11,0,3,perez,2022,15,2022-15,False,-0.2738091122229006,34.0
RIC,McLaren,52,12,24,0,2,ricciardo,2022,15,2022-15,False,-1.932171567662299,12.0
RUS,Mercedes,54,36,9,1,1,russell,2022,15,2022-15,False,0.21382607654164293,36.0
SAI,Ferrari,55,44,4,2,0,sainz,2022,15,2022-15,False,-0.7002094199554998,44.0
STR,Aston Martin,52,31,11,0,0,stroll,2022,15,2022-15,False,-1.027881513099543,31.0
TSU,AlphaTauri,36,28,2,0,0,tsunoda,2022,15,2022-15,False,-1.4153832956554875,28.0
VER,Red Bull Racing,54,51,1,2,0,max_verstappen,2022,15,2022-15,False,0.21789060807990762,51.0
VET,Aston Martin,51,30,14,1,1,vettel,2022,15,2022-15,False,-1.6653611029757949,30.0
ZHO,Alfa Romeo,51,14,33,0,0,zhou,2022,15,2022-15,False,-1.9162571706911184,14.0
ALO,Alpine,27,7,16,0,3,alonso,2022,16,2022-16,False,,
BOT,Alfa Romeo,40,17,13,2,1,bottas,2022,16,2022-16,False,-1.470126002623547,17.0
DEV,Williams,40,1,31,0,1,de_vries,2022,16,2022-16,False,,
GAS,AlphaTauri,40,5,30,0,1,gasly,2022,16,2022-16,False,,
HAM,Mercedes,40,20,18,8,0,hamilton,2022,16,2022-16,False,-0.3032634653496111,20.0
LAT,Williams,40,22,9,1,6,latifi,2022,16,2022-16,False,-1.5476047758282534,22.0
LEC,Ferrari,41,41,0,0,0,leclerc,2022,16,2022-16,False,0.22134778354934884,41.0
MAG,Haas F1 Team,40,25,3,0,7,kevin_magnussen,2022,16,2022-16,False,-2.027891870228932,25.0
MSC,Haas F1 Team,40,20,17,2,3,mick_schumacher,2022,16,2022-16,False,-1.3448741382621932,20.0
NOR,McLaren,40,25,14,1,0,norris,2022,16,2022-16,False,-0.4950828656426688,25.0
OCO,Alpine,40,21,12,2,3,ocon,2022,16,2022-16,False,-1.3443836255033268,21.0
PER,Red Bull Racing,38,26,11,6,2,perez,2022,16,2022-16,False,0.16877094229656817,26.0
RIC,McLaren,40,30,3,0,2,ricciardo,2022,16,2022-16,False,-1.3909554652606193,30.0
RUS,Mercedes,40,34,1,0,1,russell,2022,16,2022-16,False,-0.27651854160680855,34.0
SAI,Ferrari,41,30,10,10,0,sainz,2022,16,2022-16,False,-0.21709226389615865,30.0
STR,Aston Martin,33,19,3,0,3,stroll,2022,16,2022-16,False,-1.8544231480938336,19.0
TSU,AlphaTauri,40,21,8,3,1,tsunoda,2022,16,2022-16,False,-1.4917665961859539,21.0
VER,Red Bull Racing,41,32,3,2,0,max_verstappen,2022,16,2022-16,False,0.2970084563134702,32.0
VET,Aston Martin,9,0,9,0,2,vettel,2022,16,2022-16,False,,
ZHO,Alfa Romeo,40,0,25,0,1,zhou,2022,16,2022-16,False,,
ALB,Williams,17,12,3,0,0,albon,2022,17,2022-17,True,,
ALO,Alpine,15,12,1,0,0,alonso,2022,17,2022-17,True,,
BOT,Alfa Romeo,38,19,8,0,2,bottas,2022,17,2022-17,True,,
GAS,AlphaTauri,38,31,0,0,2,gasly,2022,17,2022-17,True,,
HAM,Mercedes,37,8,11,0,1,hamilton,2022,17,2022-17,True,,
LAT,Williams,5,4,0,0,1,latifi,2022,17,2022-17,True,,
LEC,Ferrari,37,12,9,0,0,leclerc,2022,17,2022-17,True,,
MAG,Haas F1 Team,38,28,7,0,3,kevin_magnussen,2022,17,2022-17,True,,
MSC,Haas F1 Team,35,21,11,0,1,mick_schumacher,2022,17,2022-17,True,,
NOR,McLaren,40,31,2,0,0,norris,2022,17,2022-17,True,,
OCO,Alpine,17,0,3,0,0,ocon,2022,17,2022-17,True,,
PER,Red Bull Racing,39,39,0,0,0,perez,2022,17,2022-17,True,,
RIC,McLaren,38,22,10,0,0,ricciardo,2022,17,2022-17,True,,
RUS,Mercedes,35,18,16,4,0,russell,2022,17,2022-17,True,,
SAI,Ferrari,38,37,0,0,0,sainz,2022,17,2022-17,True,,
STR,Aston Martin,39,31,0,0,1,stroll,2022,17,2022-17,True,,
TSU,AlphaTauri,19,14,0,0,1,tsunoda,2022,17,2022-17,True,,
VER,Red Bull Racing,37,8,22,10,0,max_verstappen,2022,17,2022-17,True,,
VET,Aston Martin,38,10,5,0,2,vettel,2022,17,2022-17,True,,
ZHO,Alfa Romeo,5,0,5,0,0,zhou,2022,17,2022-17,True,,
ALB,Williams,0,0,0,0,0,albon,2022,18,2022-18,True,,
ALO,Alpine,19,5,10,2,0,alonso,2022,18,2022-18,True,,
BOT,Alfa Romeo,21,0,19,0,2,bottas,2022,18,2022-18,True,,
GAS,AlphaTauri,19,3,10,1,0,gasly,2022,18,2022-18,True,,
HAM,Mercedes,21,0,21,1,0,hamilton,2022,18,2022-18,True,,
LAT,Williams,22,18,2,0,1,latifi,2022,18,2022-18,True,,
LEC,Ferrari,21,20,1,0,0,leclerc,2022,18,2022-18,True,,
MAG,Haas F1 Team,21,16,4,1,2,kevin_magnussen,2022,18,2022-18,True,,
MSC,Haas F1 Team,21,14,6,0,7,mick_schumacher,2022,18,2022-18,True,,
NOR,McLaren,21,11,3,0,1,norris,2022,18,2022-18,True,,
OCO,Alpine,21,20,1,1,0,ocon,2022,18,2022-18,True,,
PER,Red Bull Racing,21,13,6,1,0,perez,2022,18,2022-18,True,,
RIC,McLaren,21,14,3,0,0,ricciardo,2022,18,2022-18,True,,
RUS,Mercedes,21,10,6,3,1,russell,2022,18,2022-18,True,,
SAI,Ferrari,0,0,0,0,0,sainz,2022,18,2022-18,True,,
STR,Aston Martin,19,5,5,3,1,stroll,2022,18,2022-18,True,,
TSU,AlphaTauri,19,6,6,3,1,tsunoda,2022,18,2022-18,True,,
VER,Red Bull Racing,21,21,0,0,0,max_verstappen,2022,18,2022-18,True,,
VET,Aston Martin,22,18,2,0,1,vettel,2022,18,2022-18,True,,
ZHO,Alfa Romeo,19,4,11,1,0,zhou,2022,18,2022-18,True,,
ALB,Williams,43,17,10,1,10,albon,2022,19,2022-19,False,-1.982501154189562,17.0
ALO,Alpine,46,24,11,5,2,alonso,2022,19,2022-19,False,-1.5777440291347378,24.0
BOT,Alfa Romeo,13,0,7,1,0,bottas,2022,19,2022-19,False,,
GAS,AlphaTauri,41,20,11,6,2,gasly,2022,19,2022-19,False,-1.7273711423559819,20.0
HAM,Mercedes,42,26,5,1,1,hamilton,2022,19,2022-19,False,-0.16456289319379602,26.0
LAT,Williams,43,28,7,1,7,latifi,2022,19,2022-19,False,-2.629656036433825,28.0
LEC,Ferrari,44,23,13,6,1,leclerc,2022,19,2022-19,False,-0.49894437360763655,23.0
MAG,Haas F1 Team,45,34,1,1,4,kevin_magnussen,2022,19,2022-19,False,-1.9899636914818881,34.0
MSC,Haas F1 Team,44,18,22,2,6,mick_schumacher,2022,19,2022-19,False,-2.315836032443113,18.0
NOR,McLaren,41,8,24,7,4,norris,2022,19,2022-19,False,,
OCO,Alpine,44,19,10,6,2,ocon,2022,19,2022-19,False,-1.8199320491021729,19.0
PER,Red Bull Racing,42,17,8,3,1,perez,2022,19,2022-19,False,-0.29476446996434996,17.0
RIC,McLaren,41,22,14,1,4,ricciardo,2022,19,2022-19,False,-2.409768582658397,22.0
RUS,Mercedes,40,25,9,2,0,russell,2022,19,2022-19,False,-0.7043212759158481,25.0
SAI,Ferrari,0,0,0,0,0,sainz,2022,19,2022-19,False,,
STR,Aston Martin,14,10,0,0,3,stroll,2022,19,2022-19,False,-1.2867249046902354,10.0
TSU,AlphaTauri,41,3,31,5,2,tsunoda,2022,19,2022-19,False,,
VER,Red Bull Racing,42,36,4,2,0,max_verstappen,2022,19,2022-19,False,-0.0003912720345071025,36.0
VET,Aston Martin,44,21,11,4,3,vettel,2022,19,2022-19,False,-1.141271930075144,21.0
ZHO,Alfa Romeo,43,12,26,3,5,zhou,2022,19,2022-19,False,-1.777113520297717,12.0
ALB,Williams,66,41,9,3,1,albon,2022,20,2022-20,False,-1.4730991168627265,41.0
ALO,Alpine,60,55,0,0,1,alonso,2022,20,2022-20,False,-1.0421839759626081,55.0
BOT,Alfa Romeo,65,36,13,0,2,bottas,2022,20,2022-20,False,-1.2927330146854483,36.0
GAS,AlphaTauri,66,22,20,3,1,gasly,2022,20,2022-20,False,-1.2897073896904045,22.0
HAM,Mercedes,65,49,0,0,0,hamilton,2022,20,2022-20,False,0.4272743739480122,49.0
LAT,Williams,63,48,9,1,0,latifi,2022,20,2022-20,False,-2.6878013236778213,48.0
LEC,Ferrari,65,54,2,1,1,leclerc,2022,20,2022-20,False,-0.7016617534596451,54.0
MAG,Haas F1 Team,65,51,3,0,3,kevin_magnussen,2022,20,2022-20,False,-1.9001551965305954,51.0
MSC,Haas F1 Team,65,57,4,0,2,mick_schumacher,2022,20,2022-20,False,-1.9443935090490565,57.0
NOR,McLaren,65,27,9,0,0,norris,2022,20,2022-20,False,-1.338350084037909,27.0
OCO,Alpine,65,45,10,1,1,ocon,2022,20,2022-20,False,-1.1214060714639997,45.0
PER,Red Bull Racing,65,28,2,1,0,perez,2022,20,2022-20,False,0.1269293495507085,28.0
RIC,McLaren,65,35,14,4,1,ricciardo,2022,20,2022-20,False,-1.0933940725912297,35.0
RUS,Mercedes,63,47,0,0,0,russell,2022,20,2022-20,False,0.2773223361287395,47.0
SAI,Ferrari,65,57,2,1,0,sainz,2022,20,2022-20,False,-0.5652664289578652,57.0
STR,Aston Martin,63,43,8,2,1,stroll,2022,20,2022-20,False,-1.8264484771667573,43.0
TSU,AlphaTauri,46,19,5,0,0,tsunoda,2022,20,2022-20,False,-1.4957250452418729,19.0
VER,Red Bull Racing,65,65,0,0,0,max_verstappen,2022,20,2022-20,False,0.361048587369445,65.0
VET,Aston Martin,65,32,19,0,3,vettel,2022,20,2022-20,False,-1.4846436647315364,32.0
ZHO,Alfa Romeo,65,39,13,1,1,zhou,2022,20,2022-20,False,-1.7624096660786104,39.0
ALB,Williams,50,35,6,1,2,albon,2022,21,2022-21,False,-1.4112974602807908,35.0
ALO,Alpine,51,24,15,5,0,alonso,2022,21,2022-21,False,-0.2347796629498156,24.0
BOT,Alfa Romeo,50,23,13,3,4,bottas,2022,21,2022-21,False,-0.8606848114409993,23.0
GAS,AlphaTauri,50,25,13,3,5,gasly,2022,21,2022-21,False,-1.1503776897772149,25.0
HAM,Mercedes,51,29,9,5,0,hamilton,2022,21,2022-21,False,0.4639377302074045,29.0
LAT,Williams,50,38,3,0,2,latifi,2022,21,2022-21,False,-1.9308751712339722,38.0
LEC,Ferrari,49,27,12,7,0,leclerc,2022,21,2022-21,False,0.24587615107496852,27.0
MAG,Haas F1 Team,0,0,0,0,0,kevin_magnussen,2022,21,2022-21,False,,
MSC,Haas F1 Team,50,21,17,0,9,mick_schumacher,2022,21,2022-21,False,-1.3144746151252662,21.0
NOR,McLaren,39,24,4,2,4,norris,2022,21,2022-21,False,-1.0213086019806843,24.0
OCO,Alpine,50,14,12,6,1,ocon,2022,21,2022-21,False,-0.5434223632743543,14.0
PER,Red Bull Racing,51,32,0,0,4,perez,2022,21,2022-21,False,0.07655260376253344,32.0
RIC,McLaren,0,0,0,0,0,ricciardo,2022,21,2022-21,False,,
RUS,Mercedes,51,51,0,0,0,russell,2022,21,2022-21,False,0.7165300710409966,51.0
SAI,Ferrari,51,38,6,4,0,sainz,2022,21,2022-21,False,0.5125908877904758,38.0
STR,Aston Martin,50,20,10,3,5,stroll,2022,21,2022-21,False,-0.7898759921392463,20.0
TSU,AlphaTauri,51,37,8,1,4,tsunoda,2022,21,2022-21,False,-1.6756966544687328,36.0
VER,Red Bull Racing,49,25,13,8,0,max_verstappen,2022,21,2022-21,False,0.31475323200323413,25.0
VET,Aston Martin,50,24,10,2,4,vettel,2022,21,2022-21,False,-0.8128294358206173,24.0
ZHO,Alfa Romeo,50,17,17,0,6,zhou,2022,21,2022-21,False,-1.4182132403017274,17.0
ALB,Williams,51,36,5,5,1,albon,2022,22,2022-22,False,-1.5035147205681887,36.0
ALO,Alpine,23,3,19,3,0,alonso,2022,22,2022-22,False,,
BOT,Alfa Romeo,53,25,15,3,7,bottas,2022,22,2022-22,False,-1.828757817019642,25.0
GAS,AlphaTauri,53,22,7,2,3,gasly,2022,22,2022-22,False,-1.345141709576618,22.0
HAM,Mercedes,50,35,5,2,3,hamilton,2022,22,2022-22,False,-0.30109536310401314,35.0
LAT,Williams,49,41,4,0,1,latifi,2022,22,2022-22,False,-2.216377912144179,41.0
LEC,Ferrari,53,48,0,0,0,leclerc,2022,22,2022-22,False,-0.07221446509226644,48.0
MAG,Haas F1 Team,53,30,8,0,12,kevin_magnussen,2022,22,2022-22,False,-1.8613744804042736,30.0
MSC,Haas F1 Team,51,26,9,1,6,mick_schumacher,2022,22,2022-22,False,-1.6194061147982097,26.0
NOR,McLaren,51,41,4,2,1,norris,2022,22,2022-22,False,-0.8981207336558847,41.0
OCO,Alpine,51,43,2,2,0,ocon,2022,22,2022-22,False,-0.8817835093208617,43.0
PER,Red Bull Racing,50,39,2,1,0,perez,2022,22,2022-22,False,0.021112601850949052,39.0
RIC,McLaren,53,26,6,5,2,ricciardo,2022,22,2022-22,False,-1.35670377971725,26.0
RUS,Mercedes,52,39,9,3,0,russell,2022,22,2022-22,False,-0.2221000902792314,39.0
SAI,Ferrari,52,39,3,3,1,sainz,2022,22,2022-22,False,-0.2214997905981464,39.0
STR,Aston Martin,51,32,17,3,0,stroll,2022,22,2022-22,False,-0.8521099882191501,32.0
TSU,AlphaTauri,52,23,8,2,1,tsunoda,2022,22,2022-22,False,-1.0723660100496641,23.0
VER,Red Bull Racing,53,53,0,0,0,max_verstappen,2022,22,2022-22,False,0.07742360125483568,53.0
VET,Aston Martin,53,17,23,2,4,vettel,2022,22,2022-22,False,-1.1139961308936521,17.0
ZHO,Alfa Romeo,51,23,14,5,2,zhou,2022,22,2022-22,False,-1.5624187603240633,23.0
ALB,Williams,48,42,2,1,0,albon,2023,1,2023-01,False,-1.9625159902965035,42.0
ALO,Aston Martin,48,27,8,3,0,alonso,2023,1,2023-01,False,-0.849216352032263,27.0
BOT,Alfa Romeo,48,40,1,1,4,bottas,2023,1,2023-01,False,-1.3602579014034082,40.0
DEV,AlphaTauri,48,29,5,1,4,de_vries,2023,1,2023-01,False,-1.9085075372640294,29.0
GAS,Alpine,48,20,17,0,0,gasly,2023,1,2023-01,False,-1.1138079320940224,20.0
HAM,Mercedes,48,29,6,0,1,hamilton,2023,1,2023-01,False,-1.1115242559830767,29.0
HUL,Haas F1 Team,48,31,8,0,2,hulkenberg,2023,1,2023-01,False,-1.5717338330392119,31.0
LEC,Ferrari,33,32,0,0,1,leclerc,2023,1,2023-01,False,-0.8666127025513228,32.0
MAG,Haas F1 Team,48,37,4,1,2,kevin_magnussen,2023,1,2023-01,False,-2.028042494922158,37.0
NOR,McLaren,39,27,2,1,2,norris,2023,1,2023-01,False,-1.2639568259416136,27.0
OCO,Alpine,30,20,3,1,1,ocon,2023,1,2023-01,False,-1.6275104377074596,20.0
PER,Red Bull Racing,48,35,4,1,0,perez,2023,1,2023-01,False,-0.4651971305188635,35.0
PIA,McLaren,10,1,8,0,0,piastri,2023,1,2023-01,False,,
RUS,Mercedes,48,17,8,1,0,russell,2023,1,2023-01,False,-1.0574447758444556,17.0
SAI,Ferrari,48,43,2,0,1,sainz,2023,1,2023-01,False,-1.1061495989293093,43.0
SAR,Williams,48,28,15,2,0,sargeant,2023,1,2023-01,False,-1.928323167894152,28.0
STR,Aston Martin,48,30,3,2,0,stroll,2023,1,2023-01,False,-0.9977696100987561,30.0
TSU,AlphaTauri,48,6,22,1,0,tsunoda,2023,1,2023-01,False,,
VER,Red Bull Racing,48,48,0,0,0,max_verstappen,2023,1,2023-01,False,-0.2885005859991042,48.0
ZHO,Alfa Romeo,46,24,16,3,1,zhou,2023,1,2023-01,False,-1.642866395231961,24.0
ALB,Williams,21,6,14,1,2,albon,2023,2,2023-02,False,,
ALO,Aston Martin,44,36,7,0,2,alonso,2023,2,2023-02,False,-1.2426460539397084,36.0
BOT,Alfa Romeo,40,31,6,0,2,bottas,2023,2,2023-02,False,-3.658338816733938,31.0
DEV,AlphaTauri,44,13,20,2,3,de_vries,2023,2,2023-02,False,-2.7194256624652375,13.0
GAS,Alpine,42,22,9,1,2,gasly,2023,2,2023-02,False,-2.151613048191169,22.0
HAM,Mercedes,44,26,6,1,2,hamilton,2023,2,2023-02,False,-1.6522755614847193,26.0
HUL,Haas F1 Team,42,27,11,1,1,hulkenberg,2023,2,2023-02,False,-2.5572257637859965,27.0
LEC,Ferrari,43,19,10,3,0,leclerc,2023,2,2023-02,False,-1.5388371550969449,19.0
MAG,Haas F1 Team,42,11,18,1,1,kevin_magnussen,2023,2,2023-02,False,-2.2137053309238706,11.0
NOR,McLaren,42,7,23,2,1,norris,2023,2,2023-02,False,,
OCO,Alpine,43,36,3,1,2,ocon,2023,2,2023-02,False,-2.152900315629925,36.0
PER,Red Bull Racing,44,42,2,1,0,perez,2023,2,2023-02,False,-0.4896063907463786,42.0
PIA,McLaren,43,14,14,1,1,piastri,2023,2,2023-02,False,-2.0673284945628168,14.0
RUS,Mercedes,44,33,2,0,1,russell,2023,2,2023-02,False,-1.3749169683367382,33.0
SAI,Ferrari,42,26,10,0,1,sainz,2023,2,2023-02,False,-1.5776751843442387,26.0
SAR,Williams,44,9,19,3,5,sargeant,2023,2,2023-02,False,,
STR,Aston Martin,13,3,6,0,0,stroll,2023,2,2023-02,False,,
TSU,AlphaTauri,44,30,3,0,3,tsunoda,2023,2,2023-02,False,-2.4952981549712514,30.0
VER,Red Bull Racing,44,27,11,8,0,max_verstappen,2023,2,2023-02,False,-0.3895179665902641,27.0
ZHO,Alfa Romeo,42,18,15,4,1,zhou,2023,2,2023-02,False,-2.700093587704608,18.0
ALB,Williams,3,0,1,0,0,albon,2023,3,2023-03,False,,
ALO,Aston Martin,44,8,4,0,0,alonso,2023,3,2023-03,False,,
BOT,Alfa Romeo,44,22,17,2,1,bottas,2023,3,2023-03,False,-3.686307442660278,22.0
DEV,AlphaTauri,41,29,10,1,1,de_vries,2023,3,2023-03,False,-5.264516724120577,29.0
GAS,Alpine,44,6,31,1,2,gasly,2023,3,2023-03,False,,
HAM,Mercedes,44,41,3,0,1,hamilton,2023,3,2023-03,False,-2.5638585686270026,40.0
HUL,Haas F1 Team,44,21,14,1,3,hulkenberg,2023,3,2023-03,False,-2.9581852831954345,21.0
LEC,Ferrari,0,0,0,0,0,leclerc,2023,3,2023-03,False,,
MAG,Haas F1 Team,44,17,20,2,1,kevin_magnussen,2023,3,2023-03,False,-3.634623063848994,17.0
NOR,McLaren,44,11,14,3,2,norris,2023,3,2023-03,False,-2.9344564879822244,11.0
OCO,Alpine,44,26,18,4,1,ocon,2023,3,2023-03,False,-2.3165199155044998,26.0
PER,Red Bull Racing,44,19,13,10,0,perez,2023,3,2023-03,False,-2.285341819288359,19.0
PIA,McLaren,44,24,18,2,2,piastri,2023,3,2023-03,False,-3.3438341199642707,24.0
RUS,Mercedes,11,3,4,1,10,russell,2023,3,2023-03,False,,
SAI,Ferrari,44,10,12,6,0,sainz,2023,3,2023-03,False,-2.5299295516225757,10.0
SAR,Williams,41,27,12,0,2,sargeant,2023,3,2023-03,False,-5.045628506320087,27.0
STR,Aston Martin,44,16,24,1,1,stroll,2023,3,2023-03,False,-2.7087721774954048,16.0
TSU,AlphaTauri,44,25,8,1,7,tsunoda,2023,3,2023-03,False,-3.9501027316863193,25.0
VER,Red Bull Racing,44,39,5,1,0,max_verstappen,2023,3,2023-03,False,-2.2477212931424373,39.0
ZHO,Alfa Romeo,44,3,31,2,4,zhou,2023,3,2023-03,False,,
ALB,Williams,41,7,8,1,0,albon,2023,4,2023-04,False,,
ALO,Aston Martin,43,28,6,1,0,alonso,2023,4,2023-04,False,-1.2894153174976526,28.0
BOT,Alfa Romeo,39,25,6,0,1,bottas,2023,4,2023-04,False,-3.214224759059074,25.0
DEV,AlphaTauri,8,0,8,0,0,de_vries,2023,4,2023-04,False,,
GAS,Alpine,39,14,22,3,0,gasly,2023,4,2023-04,False,-1.991391964020198,14.0
HAM,Mercedes,42,0,25,3,0,hamilton,2023,4,2023-04,False,,
HUL,Haas F1 Team,41,1,28,0,3,hulkenberg,2023,4,2023-04,False,,
LEC,Ferrari,43,37,3,0,3,leclerc,2023,4,2023-04,False,-1.2307403762237956,37.0
MAG,Haas F1 Team,43,2,27,1,0,kevin_magnussen,2023,4,2023-04,False,,
NOR,McLaren,42,9,26,1,0,norris,2023,4,2023-04,False,,
OCO,Alpine,42,30,8,0,1,ocon,2023,4,2023-04,False,-2.36176842910121,30.0
PER,Red Bull Racing,43,35,5,1,0,perez,2023,4,2023-04,False,-0.729578803002271,35.0
PIA,McLaren,41,14,9,0,0,piastri,2023,4,2023-04,False,-2.6071645483047083,14.0
RUS,Mercedes,42,0,12,0,1,russell,2023,4,2023-04,False,,
SAI,Ferrari,43,34,3,0,1,sainz,2023,4,2023-04,False,-1.7601330339829757,34.0
SAR,Williams,41,13,14,0,1,sargeant,2023,4,2023-04,False,-2.8257418928571063,13.0
STR,Aston Martin,43,16,11,1,1,stroll,2023,4,2023-04,False,-1.822107749340046,16.0
TSU,AlphaTauri,41,6,28,1,0,tsunoda,2023,4,2023-04,False,,
VER,Red Bull Racing,43,28,1,2,0,max_verstappen,2023,4,2023-04,False,-0.9264394538116656,28.0
ZHO,Alfa Romeo,29,19,6,0,3,zhou,2023,4,2023-04,False,-2.9917104095761786,19.0
ALB,Williams,53,15,20,1,4,albon,2023,5,2023-05,False,-1.2432486416781134,15.0
ALO,Aston Martin,53,38,3,2,1,alonso,2023,5,2023-05,False,-0.7410522337935479,38.0
BOT,Alfa Romeo,53,39,8,0,4,bottas,2023,5,2023-05,False,-1.3329123741206537,39.0
DEV,AlphaTauri,53,45,6,1,0,de_vries,2023,5,2023-05,False,-1.513987188546081,45.0
GAS,Alpine,53,24,11,2,4,gasly,2023,5,2023-05,False,-1.1394413725590655,24.0
HAM,Mercedes,53,21,26,5,0,hamilton,2023,5,2023-05,False,-0.8501568480836404,21.0
HUL,Haas F1 Team,53,9,25,1,4,hulkenberg,2023,5,2023-05,False,,
LEC,Ferrari,53,23,18,4,4,leclerc,2023,5,2023-05,False,-1.1607103780126755,23.0
MAG,Haas F1 Team,53,25,10,3,5,kevin_magnussen,2023,5,2023-05,False,-1.245417202952958,25.0
NOR,McLaren,53,41,3,0,3,norris,2023,5,2023-05,False,-1.414123893653965,41.0
OCO,Alpine,53,22,21,3,4,ocon,2023,5,2023-05,False,-1.174433417773966,22.0
PER,Red Bull Racing,53,50,0,0,0,perez,2023,5,2023-05,False,-0.3334012127255255,50.0
PIA,McLaren,53,47,2,0,1,piastri,2023,5,2023-05,False,-1.9586661941280057,47.0
RUS,Mercedes,53,28,14,7,1,russell,2023,5,2023-05,False,-0.6427103565193965,28.0
SAI,Ferrari,53,18,20,3,4,sainz,2023,5,2023-05,False,-0.846252720844476,18.0
SAR,Williams,53,53,0,0,0,sargeant,2023,5,2023-05,False,-1.6307339286369011,53.0
STR,Aston Martin,53,2,26,4,2,stroll,2023,5,2023-05,False,,
TSU,AlphaTauri,53,15,27,3,1,tsunoda,2023,5,2023-05,False,-1.0252192866578378,15.0
VER,Red Bull Racing,53,41,8,7,0,max_verstappen,2023,5,2023-05,False,0.04277963286951778,41.0
ZHO,Alfa Romeo,53,24,23,1,5,zhou,2023,5,2023-05,False,-1.4292249831807229,24.0
ALB,Williams,61,23,34,0,0,albon,2023,6,2023-06,True,,
ALO,Aston Martin,65,63,0,0,0,alonso,2023,6,2023-06,True,,
BOT,Alfa Romeo,64,32,25,0,0,bottas,2023,6,2023-06,True,,
DEV,AlphaTauri,65,48,11,0,0,de_vries,2023,6,2023-06,True,,
GAS,Alpine,63,18,5,0,0,gasly,2023,6,2023-06,True,,
HAM,Mercedes,64,26,1,0,0,hamilton,2023,6,2023-06,True,,
HUL,Haas F1 Team,63,30,8,2,0,hulkenberg,2023,6,2023-06,True,,
LEC,Ferrari,64,35,18,0,0,leclerc,2023,6,2023-06,True,,
MAG,Haas F1 Team,59,41,10,1,0,kevin_magnussen,2023,6,2023-06,True,,
NOR,McLaren,65,53,3,0,0,norris,2023,6,2023-06,True,,
OCO,Alpine,64,63,0,0,0,ocon,2023,6,2023-06,True,,
PER,Red Bull Racing,58,29,22,2,1,perez,2023,6,2023-06,True,,
PIA,McLaren,67,60,1,0,0,piastri,2023,6,2023-06,True,,
RUS,Mercedes,66,37,1,0,0,russell,2023,6,2023-06,True,,
SAI,Ferrari,64,20,8,0,0,sainz,2023,6,2023-06,True,,
SAR,Williams,60,48,8,0,4,sargeant,2023,6,2023-06,True,,
STR,Aston Martin,47,3,37,2,1,stroll,2023,6,2023-06,True,,
TSU,AlphaTauri,65,56,0,0,0,tsunoda,2023,6,2023-06,True,,
VER,Red Bull Racing,65,65,0,0,0,max_verstappen,2023,6,2023-06,True,,
ZHO,Alfa Romeo,62,34,18,0,1,zhou,2023,6,2023-06,True,,
ALB,Williams,60,50,5,0,2,albon,2023,7,2023-07,False,-2.305525389322047,50.0
ALO,Aston Martin,60,34,9,3,2,alonso,2023,7,2023-07,False,-1.6532634884343536,34.0
BOT,Alfa Romeo,60,53,5,1,5,bottas,2023,7,2023-07,False,-2.4185888147405428,53.0
DEV,AlphaTauri,60,22,21,2,2,de_vries,2023,7,2023-07,False,-1.7253491384519417,22.0
GAS,Alpine,60,13,19,2,0,gasly,2023,7,2023-07,False,-1.5118334863326797,13.0
HAM,Mercedes,60,45,4,2,0,hamilton,2023,7,2023-07,False,-0.8120959265368355,45.0
HUL,Haas F1 Team,58,40,7,3,6,hulkenberg,2023,7,2023-07,False,-1.9321259072693235,40.0
LEC,Ferrari,60,31,15,5,0,leclerc,2023,7,2023-07,False,-1.40521007239699,31.0
MAG,Haas F1 Team,58,26,14,3,1,kevin_magnussen,2023,7,2023-07,False,-2.1834350429190974,26.0
NOR,McLaren,59,44,8,3,1,norris,2023,7,2023-07,False,-1.7706962204377472,44.0
OCO,Alpine,60,50,1,2,3,ocon,2023,7,2023-07,False,-1.7445864715136556,50.0
PER,Red Bull Racing,60,38,14,6,0,perez,2023,7,2023-07,False,-0.9786605334032186,38.0
PIA,McLaren,60,38,7,1,4,piastri,2023,7,2023-07,False,-1.9098753716179493,38.0
RUS,Mercedes,60,47,8,4,0,russell,2023,7,2023-07,False,-1.0826877813822269,47.0
SAI,Ferrari,60,55,1,0,3,sainz,2023,7,2023-07,False,-1.3947338593444565,55.0
SAR,Williams,60,42,2,0,7,sargeant,2023,7,2023-07,False,-2.5000724657626834,42.0
STR,Aston Martin,60,51,1,0,2,stroll,2023,7,2023-07,False,-1.642093840811743,51.0
TSU,AlphaTauri,60,3,17,4,3,tsunoda,2023,7,2023-07,False,,
VER,Red Bull Racing,60,60,0,0,0,max_verstappen,2023,7,2023-07,False,-0.6046927825696907,60.0
ZHO,Alfa Romeo,60,21,20,2,2,zhou,2023,7,2023-07,False,-1.5971219784392312,21.0
ALB,Williams,58,33,21,1,1,albon,2023,8,2023-08,False,-1.3103713165155384,33.0
ALO,Aston Martin,56,43,12,1,0,alonso,2023,8,2023-08,False,-0.7322671422400994,43.0
BOT,Alfa Romeo,57,10,24,1,3,bottas,2023,8,2023-08,False,-1.7287143257989446,10.0
DEV,AlphaTauri,56,23,23,0,1,de_vries,2023,8,2023-08,False,-2.483848829838582,23.0
GAS,Alpine,55,24,26,1,0,gasly,2023,8,2023-08,False,-1.493146159202378,24.0
HAM,Mercedes,56,36,2,0,1,hamilton,2023,8,2023-08,False,-0.8565863176224293,36.0
HUL,Haas F1 Team,56,30,18,0,2,hulkenberg,2023,8,2023-08,False,-2.4147750407886166,30.0
LEC,Ferrari,56,40,9,0,0,leclerc,2023,8,2023-08,False,-0.7006953273484436,40.0
MAG,Haas F1 Team,56,32,15,1,4,kevin_magnussen,2023,8,2023-08,False,-2.265630437459627,32.0
NOR,McLaren,57,1,40,2,0,norris,2023,8,2023-08,False,,
OCO,Alpine,57,31,21,2,0,ocon,2023,8,2023-08,False,-1.7629149926779888,31.0
PER,Red Bull Racing,54,44,9,0,0,perez,2023,8,2023-08,False,-1.0172224288169582,44.0
PIA,McLaren,56,38,17,2,1,piastri,2023,8,2023-08,False,-1.8710198307251138,38.0
RUS,Mercedes,43,8,27,0,0,russell,2023,8,2023-08,False,,
SAI,Ferrari,56,29,17,0,0,sainz,2023,8,2023-08,False,-0.757817942959547,29.0
SAR,Williams,5,0,5,0,0,sargeant,2023,8,2023-08,False,,
STR,Aston Martin,57,15,28,1,0,stroll,2023,8,2023-08,False,-1.4093068277674174,15.0
TSU,AlphaTauri,57,33,18,1,0,tsunoda,2023,8,2023-08,False,,
VER,Red Bull Racing,56,56,0,0,0,max_verstappen,2023,8,2023-08,False,-0.5343689737035859,56.0
ZHO,Alfa Romeo,56,23,26,0,0,zhou,2023,8,2023-08,False,-2.126702974733033,23.0
ALB,Williams,62,46,12,3,2,albon,2023,9,2023-09,True,,
ALO,Aston Martin,61,54,1,0,1,alonso,2023,9,2023-09,True,,
BOT,Alfa Romeo,59,32,18,2,5,bottas,2023,9,2023-09,True,,
DEV,AlphaTauri,61,40,10,0,0,de_vries,2023,9,2023-09,True,,
GAS,Alpine,61,50,8,2,1,gasly,2023,9,2023-09,True,,
HAM,Mercedes,61,36,11,0,2,hamilton,2023,9,2023-09,True,,
HUL,Haas F1 Team,7,0,3,0,1,hulkenberg,2023,9,2023-09,True,,
LEC,Ferrari,61,57,0,0,1,leclerc,2023,9,2023-09,True,,
MAG,Haas F1 Team,62,35,14,0,10,kevin_magnussen,2023,9,2023-09,True,,
NOR,McLaren,61,22,21,1,1,norris,2023,9,2023-09,True,,
OCO,Alpine,62,29,29,3,1,ocon,2023,9,2023-09,True,,
PER,Red Bull Racing,59,35,19,8,1,perez,2023,9,2023-09,True,,
PIA,McLaren,60,10,29,2,1,piastri,2023,9,2023-09,True,,
RUS,Mercedes,62,47,12,3,2,russell,2023,9,2023-09,True,,
SAI,Ferrari,61,45,12,2,1,sainz,2023,9,2023-09,True,,
SAR,Williams,62,51,5,1,0,sargeant,2023,9,2023-09,True,,
STR,Aston Martin,59,30,18,5,0,stroll,2023,9,2023-09,True,,
TSU,AlphaTauri,59,25,9,1,5,tsunoda,2023,9,2023-09,True,,
VER,Red Bull Racing,57,54,2,1,0,max_verstappen,2023,9,2023-09,True,,
ZHO,Alfa Romeo,60,37,12,1,0,zhou,2023,9,2023-09,True,,
ALB,Williams,43,11,15,1,1,albon,2023,10,2023-10,False,-0.5462046829844039,11.0
ALO,Aston Martin,43,29,5,0,2,alonso,2023,10,2023-10,False,-0.5409977139807047,29.0
BOT,Alfa Romeo,43,20,9,1,0,bottas,2023,10,2023-10,False,-1.1154678084012453,20.0
DEV,AlphaTauri,41,18,15,0,2,de_vries,2023,10,2023-10,False,-1.0416851086470258,18.0
GAS,Alpine,36,2,32,1,5,gasly,2023,10,2023-10,False,,
HAM,Mercedes,43,16,11,1,0,hamilton,2023,10,2023-10,False,-0.2797067141044117,16.0
HUL,Haas F1 Team,41,23,16,3,2,hulkenberg,2023,10,2023-10,False,-0.9761945301434268,23.0
LEC,Ferrari,41,20,13,1,1,leclerc,2023,10,2023-10,False,-0.5594582277370539,20.0
MAG,Haas F1 Team,30,14,8,0,0,kevin_magnussen,2023,10,2023-10,False,-1.322439287122887,14.0
NOR,McLaren,44,37,4,0,1,norris,2023,10,2023-10,False,-0.011950457100174177,37.0
OCO,Alpine,7,0,4,0,0,ocon,2023,10,2023-10,False,,
PER,Red Bull Racing,41,12,15,7,0,perez,2023,10,2023-10,False,-0.16496484564792493,12.0
PIA,McLaren,41,14,8,0,0,piastri,2023,10,2023-10,False,-0.16968031999573036,14.0
RUS,Mercedes,41,15,19,1,0,russell,2023,10,2023-10,False,-0.10455305024887993,15.0
SAI,Ferrari,41,13,13,1,2,sainz,2023,10,2023-10,False,-0.40724290111798644,13.0
SAR,Williams,41,14,20,2,1,sargeant,2023,10,2023-10,False,-0.8977667415128353,14.0
STR,Aston Martin,42,14,15,2,4,stroll,2023,10,2023-10,False,-0.7178727095252512,14.0
TSU,AlphaTauri,41,21,9,0,3,tsunoda,2023,10,2023-10,False,-1.2058294608263638,21.0
VER,Red Bull Racing,44,41,2,1,0,max_verstappen,2023,10,2023-10,False,0.31781196947270635,41.0
ZHO,Alfa Romeo,41,16,16,2,0,zhou,2023,10,2023-10,False,-1.149127559676699,16.0
ALB,Williams,63,52,8,1,0,albon,2023,11,2023-11,False,-1.2573941814990295,52.0
ALO,Aston Martin,63,56,2,0,1,alonso,2023,11,2023-11,False,-0.8257747532065132,56.0
BOT,Alfa Romeo,63,18,26,0,1,bottas,2023,11,2023-11,False,-0.8416723596198752,18.0
GAS,Alpine,0,0,0,0,0,gasly,2023,11,2023-11,False,,
HAM,Mercedes,63,48,4,1,0,hamilton,2023,11,2023-11,False,-0.2833458119678518,48.0
HUL,Haas F1 Team,63,38,7,0,0,hulkenberg,2023,11,2023-11,False,-1.669759711001382,38.0
LEC,Ferrari,63,39,5,1,0,leclerc,2023,11,2023-11,False,-0.6704986353046102,39.0
MAG,Haas F1 Team,63,44,8,0,3,kevin_magnussen,2023,11,2023-11,False,-2.175032496237877,44.0
NOR,McLaren,63,55,0,0,0,norris,2023,11,2023-11,False,-0.5001298629001077,55.0
OCO,Alpine,0,0,0,0,0,ocon,2023,11,2023-11,False,,
PER,Red Bull Racing,63,39,16,3,0,perez,2023,11,2023-11,False,0.03793507147070251,39.0
PIA,McLaren,63,55,1,0,2,piastri,2023,11,2023-11,False,-0.8724874283371877,55.0
RIC,AlphaTauri,63,43,14,1,0,ricciardo,2023,11,2023-11,False,-1.0959895652082359,43.0
RUS,Mercedes,63,39,11,4,0,russell,2023,11,2023-11,False,-0.612486749994752,39.0
SAI,Ferrari,63,53,5,0,2,sainz,2023,11,2023-11,False,-0.7210990600480804,53.0
SAR,Williams,61,22,18,0,0,sargeant,2023,11,2023-11,False,-1.5566377047792395,22.0
STR,Aston Martin,62,48,8,1,1,stroll,2023,11,2023-11,False,-0.7271604817898917,48.0
TSU,AlphaTauri,63,34,12,0,2,tsunoda,2023,11,2023-11,False,-1.6040315195356039,34.0
VER,Red Bull Racing,63,63,0,0,0,max_verstappen,2023,11,2023-11,False,0.15029239700616184,63.0
ZHO,Alfa Romeo,63,41,6,0,0,zhou,2023,11,2023-11,False,-1.5456686178011678,41.0
ALB,Williams,34,13,9,6,3,albon,2023,12,2023-12,True,,
ALO,Aston Martin,36,34,2,3,0,alonso,2023,12,2023-12,True,,
BOT,Alfa Romeo,36,13,17,1,1,bottas,2023,12,2023-12,True,,
GAS,Alpine,38,19,12,3,1,gasly,2023,12,2023-12,True,,
HAM,Mercedes,34,28,1,0,1,hamilton,2023,12,2023-12,True,,
HUL,Haas F1 Team,36,12,10,3,4,hulkenberg,2023,12,2023-12,True,,
LEC,Ferrari,36,35,0,0,1,leclerc,2023,12,2023-12,True,,
MAG,Haas F1 Team,36,30,3,0,3,kevin_magnussen,2023,12,2023-12,True,,
NOR,McLaren,36,18,12,2,6,norris,2023,12,2023-12,True,,
OCO,Alpine,36,12,15,5,1,ocon,2023,12,2023-12,True,,
PER,Red Bull Racing,36,35,0,0,0,perez,2023,12,2023-12,True,,
PIA,McLaren,0,0,0,0,0,piastri,2023,12,2023-12,True,,
RIC,AlphaTauri,36,7,20,2,2,ricciardo,2023,12,2023-12,True,,
RUS,Mercedes,38,21,11,3,1,russell,2023,12,2023-12,True,,
SAI,Ferrari,17,15,2,0,8,sainz,2023,12,2023-12,True,,
SAR,Williams,34,17,9,3,3,sargeant,2023,12,2023-12,True,,
STR,Aston Martin,38,30,4,2,3,stroll,2023,12,2023-12,True,,
TSU,AlphaTauri,36,22,6,1,1,tsunoda,2023,12,2023-12,True,,
VER,Red Bull Racing,36,30,5,2,0,max_verstappen,2023,12,2023-12,True,,
ZHO,Alfa Romeo,36,8,19,6,3,zhou,2023,12,2023-12,True,,
ALB,Williams,56,31,16,4,5,albon,2023,13,2023-13,True,,
ALO,Aston Martin,52,33,8,2,0,alonso,2023,13,2023-13,True,,
BOT,Alfa Romeo,54,21,23,2,7,bottas,2023,13,2023-13,True,,
GAS,Alpine,52,25,12,1,1,gasly,2023,13,2023-13,True,,
HAM,Mercedes,50,17,30,6,0,hamilton,2023,13,2023-13,True,,
HUL,Haas F1 Team,54,25,19,3,3,hulkenberg,2023,13,2023-13,True,,
LAW,AlphaTauri,51,27,16,6,4,lawson,2023,13,2023-13,True,,
LEC,Ferrari,29,12,6,0,7,leclerc,2023,13,2023-13,True,,
MAG,Haas F1 Team,52,28,12,3,7,kevin_magnussen,2023,13,2023-13,True,,
NOR,McLaren,51,8,37,5,1,norris,2023,13,2023-13,True,,
OCO,Alpine,52,29,11,7,3,ocon,2023,13,2023-13,True,,
PER,Red Bull Racing,53,45,2,0,0,perez,2023,13,2023-13,True,,
PIA,McLaren,54,19,15,6,4,piastri,2023,13,2023-13,True,,
RUS,Mercedes,50,22,18,8,4,russell,2023,13,2023-13,True,,
SAI,Ferrari,51,24,11,1,1,sainz,2023,13,2023-13,True,,
SAR,Williams,13,12,1,0,0,sargeant,2023,13,2023-13,True,,
STR,Aston Martin,50,14,11,3,0,stroll,2023,13,2023-13,True,,
TSU,AlphaTauri,54,31,17,4,10,tsunoda,2023,13,2023-13,True,,
VER,Red Bull Racing,52,49,3,2,0,max_verstappen,2023,13,2023-13,True,,
ZHO,Alfa Romeo,47,31,4,1,7,zhou,2023,13,2023-13,True,,
ALB,Williams,47,44,1,2,1,albon,2023,14,2023-14,False,-0.18874919219192282,44.0
ALO,Aston Martin,47,33,11,1,0,alonso,2023,14,2023-14,False,-0.32214882895187114,33.0
BOT,Alfa Romeo,47,22,19,2,0,bottas,2023,14,2023-14,False,-0.5965926381736009,22.0
GAS,Alpine,45,15,12,1,0,gasly,2023,14,2023-14,False,-0.9376325764730226,15.0
HAM,Mercedes,47,17,23,2,1,hamilton,2023,14,2023-14,False,-0.19897106610152496,17.0
HUL,Haas F1 Team,45,19,8,0,4,hulkenberg,2023,14,2023-14,False,-1.0034262173627773,19.0
LAW,AlphaTauri,45,25,12,3,1,lawson,2023,14,2023-14,False,-0.5557122409215676,25.0
LEC,Ferrari,47,1,38,0,1,leclerc,2023,14,2023-14,False,,
MAG,Haas F1 Team,45,41,1,0,1,kevin_magnussen,2023,14,2023-14,False,-1.0984523403109385,41.0
NOR,McLaren,47,2,42,0,1,norris,2023,14,2023-14,False,,
OCO,Alpine,35,14,11,0,1,ocon,2023,14,2023-14,False,-1.4379592307750315,14.0
PER,Red Bull Racing,47,10,31,3,0,perez,2023,14,2023-14,False,0.3340194513316521,10.0
PIA,McLaren,45,9,23,3,1,piastri,2023,14,2023-14,False,,
RUS,Mercedes,47,37,4,0,1,russell,2023,14,2023-14,False,0.17982080212865667,37.0
SAI,Ferrari,47,42,1,0,2,sainz,2023,14,2023-14,False,0.3339421132433246,42.0
SAR,Williams,47,24,13,0,3,sargeant,2023,14,2023-14,False,-0.6221432207614587,24.0
STR,Aston Martin,47,36,5,2,4,stroll,2023,14,2023-14,False,-0.7487518185864349,36.0
VER,Red Bull Racing,47,32,14,2,0,max_verstappen,2023,14,2023-14,False,0.6050186780829748,32.0
ZHO,Alfa Romeo,45,16,21,1,0,zhou,2023,14,2023-14,False,-0.9222942460452015,16.0
ALB,Williams,46,5,19,3,0,albon,2023,15,2023-15,False,,
ALO,Aston Martin,48,25,15,0,1,alonso,2023,15,2023-15,False,-0.8384401923678115,25.0
BOT,Alfa Romeo,39,34,1,0,6,bottas,2023,15,2023-15,False,-1.1500630169723012,34.0
GAS,Alpine,48,12,33,2,1,gasly,2023,15,2023-15,False,0.12834326252724326,12.0
HAM,Mercedes,49,7,21,4,1,hamilton,2023,15,2023-15,False,,
HUL,Haas F1 Team,47,10,26,1,2,hulkenberg,2023,15,2023-15,False,-1.9970685601330145,10.0
LAW,AlphaTauri,48,12,18,2,2,lawson,2023,15,2023-15,False,-1.0377252377418886,12.0
LEC,Ferrari,49,21,9,2,2,leclerc,2023,15,2023-15,False,-0.46956872285531437,21.0
MAG,Haas F1 Team,49,28,15,1,6,kevin_magnussen,2023,15,2023-15,False,-1.3578367858995473,28.0
NOR,McLaren,49,5,17,3,0,norris,2023,15,2023-15,False,,
OCO,Alpine,36,3,29,1,0,ocon,2023,15,2023-15,False,,
PER,Red Bull Racing,43,14,11,1,3,perez,2023,15,2023-15,False,-0.6552993717981901,14.0
PIA,McLaren,48,11,17,2,1,piastri,2023,15,2023-15,False,0.10478916418760846,11.0
RUS,Mercedes,49,12,21,1,0,russell,2023,15,2023-15,False,0.2687443201265586,12.0
SAI,Ferrari,49,49,0,0,0,sainz,2023,15,2023-15,False,-0.4063519677015993,49.0
SAR,Williams,48,36,4,0,0,sargeant,2023,15,2023-15,False,-1.128797629224555,36.0
TSU,AlphaTauri,0,0,0,0,0,tsunoda,2023,15,2023-15,False,,
VER,Red Bull Racing,46,21,9,5,4,max_verstappen,2023,15,2023-15,False,-0.11210154559051437,21.0
ZHO,Alfa Romeo,47,16,16,1,0,zhou,2023,15,2023-15,False,-0.5870294045573644,16.0
ALB,Williams,18,14,1,0,1,albon,2023,16,2023-16,False,-1.914749583035836,14.0
ALO,Aston Martin,42,28,10,1,1,alonso,2023,16,2023-16,False,-0.7528913439217959,28.0
BOT,Alfa Romeo,1,1,0,0,0,bottas,2023,16,2023-16,False,,
GAS,Alpine,41,30,7,2,0,gasly,2023,16,2023-16,False,-1.0575158524954147,30.0
HAM,Mercedes,42,30,11,2,0,hamilton,2023,16,2023-16,False,-0.5161217179338864,30.0
HUL,Haas F1 Team,39,29,4,0,1,hulkenberg,2023,16,2023-16,False,-1.3240693954132323,29.0
LAW,AlphaTauri,41,27,2,1,1,lawson,2023,16,2023-16,False,-1.233604080867611,27.0
LEC,Ferrari,42,30,5,1,0,leclerc,2023,16,2023-16,False,-0.5841621724209646,30.0
MAG,Haas F1 Team,43,36,3,0,2,kevin_magnussen,2023,16,2023-16,False,-1.620177004868617,36.0
NOR,McLaren,42,36,4,0,0,norris,2023,16,2023-16,False,0.10535755805600773,36.0
OCO,Alpine,43,28,9,1,2,ocon,2023,16,2023-16,False,-0.9432281682134188,28.0
PER,Red Bull Racing,7,0,6,2,0,perez,2023,16,2023-16,False,,
PIA,McLaren,43,36,2,1,0,piastri,2023,16,2023-16,False,-0.44447251772467417,36.0
RUS,Mercedes,44,29,3,0,4,russell,2023,16,2023-16,False,-0.7192655141140826,29.0
SAI,Ferrari,42,20,12,2,0,sainz,2023,16,2023-16,False,-0.5475956959726037,20.0
SAR,Williams,11,11,0,0,0,sargeant,2023,16,2023-16,False,-1.9693378802425021,11.0
STR,Aston Martin,11,3,7,1,0,stroll,2023,16,2023-16,False,,
TSU,AlphaTauri,41,23,10,0,2,tsunoda,2023,16,2023-16,False,-1.7726331967026578,23.0
VER,Red Bull Racing,42,41,0,1,0,max_verstappen,2023,16,2023-16,False,0.3771711681438485,41.0
ZHO,Alfa Romeo,41,33,2,0,1,zhou,2023,16,2023-16,False,-1.3727652782163158,33.0
ALB,Williams,45,30,9,1,2,albon,2023,17,2023-17,False,-2.6520853306925645,30.0
ALO,Aston Martin,44,30,8,3,0,alonso,2023,17,2023-17,False,-1.8366393218762587,30.0
BOT,Alfa Romeo,47,34,6,0,3,bottas,2023,17,2023-17,False,-2.8448842103494187,34.0
GAS,Alpine,44,11,16,5,3,gasly,2023,17,2023-17,False,-2.3251613862621254,11.0
HAM,Mercedes,0,0,0,0,0,hamilton,2023,17,2023-17,False,,
HUL,Haas F1 Team,45,36,3,2,0,hulkenberg,2023,17,2023-17,False,-2.8776197263589447,36.0
LAW,AlphaTauri,47,29,8,0,7,lawson,2023,17,2023-17,False,-3.5569607982138516,29.0
LEC,Ferrari,44,28,8,3,1,leclerc,2023,17,2023-17,False,-1.65422999133906,28.0
MAG,Haas F1 Team,46,34,4,0,8,kevin_magnussen,2023,17,2023-17,False,-3.4676839841353235,34.0
NOR,McLaren,44,20,9,4,0,norris,2023,17,2023-17,False,-0.5358094541431604,20.0
OCO,Alpine,44,28,7,4,0,ocon,2023,17,2023-17,False,-2.2623908047881645,28.0
PER,Red Bull Racing,44,25,15,3,2,perez,2023,17,2023-17,False,-1.6410551923827694,25.0
PIA,McLaren,44,35,5,4,0,piastri,2023,17,2023-17,False,-0.9789461158833814,35.0
RUS,Mercedes,45,28,15,7,0,russell,2023,17,2023-17,False,-1.075796216375886,28.0
SAR,Williams,30,12,8,0,1,sargeant,2023,17,2023-17,False,-2.888164724272021,12.0
STR,Aston Martin,47,9,9,2,5,stroll,2023,17,2023-17,False,,
TSU,AlphaTauri,45,27,4,0,4,tsunoda,2023,17,2023-17,False,-3.318199466618385,27.0
VER,Red Bull Racing,44,44,0,0,0,max_verstappen,2023,17,2023-17,False,-1.1384580782307192,44.0
ZHO,Alfa Romeo,44,24,15,1,3,zhou,2023,17,2023-17,False,-2.438292932080145,24.0
ALB,Williams,50,30,8,3,1,albon,2023,18,2023-18,False,-1.5236652816191916,30.0
ALO,Aston Martin,43,28,10,5,1,alonso,2023,18,2023-18,False,-1.1204011706412147,28.0
BOT,Alfa Romeo,50,25,15,1,3,bottas,2023,18,2023-18,False,-2.038603089232047,25.0
GAS,Alpine,50,41,3,0,0,gasly,2023,18,2023-18,False,-1.350590144728772,41.0
HAM,Mercedes,50,38,5,4,0,hamilton,2023,18,2023-18,False,-0.6696828221242654,38.0
HUL,Haas F1 Team,50,27,12,5,2,hulkenberg,2023,18,2023-18,False,-1.530566227660414,27.0
LEC,Ferrari,52,39,2,0,6,leclerc,2023,18,2023-18,False,-0.9183989338957499,39.0
MAG,Haas F1 Team,50,33,8,1,0,kevin_magnussen,2023,18,2023-18,False,-2.3031460170589826,33.0
NOR,McLaren,50,37,3,1,2,norris,2023,18,2023-18,False,-0.8460173181615738,37.0
OCO,Alpine,4,2,1,0,12,ocon,2023,18,2023-18,False,,
PER,Red Bull Racing,50,27,4,3,0,perez,2023,18,2023-18,False,-0.885628109075786,27.0
PIA,McLaren,8,2,0,0,0,piastri,2023,18,2023-18,False,,
RIC,AlphaTauri,50,31,10,1,7,ricciardo,2023,18,2023-18,False,-2.0284887701215677,31.0
RUS,Mercedes,50,42,3,1,1,russell,2023,18,2023-18,False,-1.00097410398482,42.0
SAI,Ferrari,50,32,11,2,2,sainz,2023,18,2023-18,False,-0.8630670430087435,32.0
SAR,Williams,50,25,9,4,3,sargeant,2023,18,2023-18,False,-1.8176875788560358,25.0
STR,Aston Martin,50,30,9,5,0,stroll,2023,18,2023-18,False,-1.0836837895405829,30.0
TSU,AlphaTauri,48,40,4,3,1,tsunoda,2023,18,2023-18,False,-1.525794525144497,40.0
VER,Red Bull Racing,50,34,10,4,0,max_verstappen,2023,18,2023-18,False,-0.570664096815607,34.0
ZHO,Alfa Romeo,50,41,3,1,3,zhou,2023,18,2023-18,False,-1.9558026414492453,41.0
ALB,Williams,60,40,14,1,3,albon,2023,19,2023-19,False,-1.7295261507532413,40.0
ALO,Aston Martin,36,14,10,1,6,alonso,2023,19,2023-19,False,-2.1406675369730404,14.0
BOT,Alfa Romeo,58,1,40,0,2,bottas,2023,19,2023-19,False,,
GAS,Alpine,58,9,45,0,1,gasly,2023,19,2023-19,False,,
HAM,Mercedes,59,37,16,2,0,hamilton,2023,19,2023-19,False,-0.41760112635090935,37.0
HUL,Haas F1 Team,58,35,11,1,3,hulkenberg,2023,19,2023-19,False,-2.04511082388835,35.0
LEC,Ferrari,59,54,0,0,1,leclerc,2023,19,2023-19,False,-0.5182756012525677,54.0
MAG,Haas F1 Team,25,5,12,1,0,kevin_magnussen,2023,19,2023-19,False,,
NOR,McLaren,58,21,24,11,0,norris,2023,19,2023-19,False,-0.473268410589398,21.0
OCO,Alpine,59,5,45,0,5,ocon,2023,19,2023-19,False,,
PER,Red Bull Racing,0,0,0,0,0,perez,2023,19,2023-19,False,,
PIA,McLaren,60,35,3,1,1,piastri,2023,19,2023-19,False,-1.0972551882293387,35.0
RIC,AlphaTauri,59,28,11,0,3,ricciardo,2023,19,2023-19,False,-0.9783681591477971,28.0
RUS,Mercedes,60,20,21,1,1,russell,2023,19,2023-19,False,-1.0455686694189006,20.0
SAI,Ferrari,59,52,0,0,1,sainz,2023,19,2023-19,False,-0.7175799990861127,52.0
SAR,Williams,57,19,27,4,1,sargeant,2023,19,2023-19,False,-1.6877146034865542,19.0
STR,Aston Martin,54,11,13,2,1,stroll,2023,19,2023-19,False,-2.079179386863389,11.0
TSU,AlphaTauri,57,18,31,4,0,tsunoda,2023,19,2023-19,False,-1.2402805098686407,18.0
VER,Red Bull Racing,59,52,4,4,0,max_verstappen,2023,19,2023-19,False,-0.011733237358046142,52.0
ZHO,Alfa Romeo,57,27,16,0,4,zhou,2023,19,2023-19,False,-1.7205873395890263,27.0
ALB,Williams,0,0,0,0,0,albon,2023,20,2023-20,True,,
ALO,Aston Martin,63,55,2,1,1,alonso,2023,20,2023-20,True,,
BOT,Alfa Romeo,33,11,8,2,2,bottas,2023,20,2023-20,True,,
GAS,Alpine,63,28,24,4,0,gasly,2023,20,2023-20,True,,
HAM,Mercedes,63,50,4,0,4,hamilton,2023,20,2023-20,True,,
HUL,Haas F1 Team,63,50,10,0,4,hulkenberg,2023,20,2023-20,True,,
MAG,Haas F1 Team,0,0,0,0,0,kevin_magnussen,2023,20,2023-20,True,,
NOR,McLaren,63,57,3,0,0,norris,2023,20,2023-20,True,,
OCO,Alpine,61,45,9,2,1,ocon,2023,20,2023-20,True,,
PER,Red Bull Racing,63,18,29,3,1,perez,2023,20,2023-20,True,,
PIA,McLaren,62,51,2,0,1,piastri,2023,20,2023-20,True,,
RIC,AlphaTauri,63,58,5,1,0,ricciardo,2023,20,2023-20,True,,
RUS,Mercedes,49,18,20,0,3,russell,2023,20,2023-20,True,,
SAI,Ferrari,63,39,20,2,0,sainz,2023,20,2023-20,True,,
SAR,Williams,63,41,11,1,3,sargeant,2023,20,2023-20,True,,
STR,Aston Martin,63,46,16,1,0,stroll,2023,20,2023-20,True,,
TSU,AlphaTauri,63,45,12,3,1,tsunoda,2023,20,2023-20,True,,
VER,Red Bull Racing,63,63,0,0,0,max_verstappen,2023,20,2023-20,True,,
ZHO,Alfa Romeo,16,2,10,1,0,zhou,2023,20,2023-20,True,,
ALB,Williams,33,16,12,1,4,albon,2023,21,2023-21,False,-2.1171741451527,16.0
ALO,Aston Martin,35,8,24,5,3,alonso,2023,21,2023-21,False,,
BOT,Alfa Romeo,32,21,1,0,4,bottas,2023,21,2023-21,False,-3.6480482049837395,21.0
GAS,Alpine,32,10,17,1,7,gasly,2023,21,2023-21,False,-2.042227584422963,10.0
HAM,Mercedes,33,8,23,9,0,hamilton,2023,21,2023-21,False,,
HUL,Haas F1 Team,31,8,14,3,4,hulkenberg,2023,21,2023-21,False,,
LEC,Ferrari,33,14,10,3,3,leclerc,2023,21,2023-21,False,-1.009631858748672,14.0
MAG,Haas F1 Team,34,7,15,1,4,kevin_magnussen,2023,21,2023-21,False,,
NOR,McLaren,0,0,0,0,0,norris,2023,21,2023-21,False,,
OCO,Alpine,34,16,11,3,2,ocon,2023,21,2023-21,False,-1.3541073637276284,16.0
PER,Red Bull Racing,35,17,17,5,2,perez,2023,21,2023-21,False,-0.7950286059178866,17.0
PIA,McLaren,30,12,10,7,1,piastri,2023,21,2023-21,False,-1.001847037081597,12.0
RIC,AlphaTauri,32,11,12,2,7,ricciardo,2023,21,2023-21,False,-2.3104817125669346,11.0
RUS,Mercedes,33,6,12,6,1,russell,2023,21,2023-21,False,,
SAI,Ferrari,35,7,24,4,3,sainz,2023,21,2023-21,False,,
SAR,Williams,33,13,17,0,5,sargeant,2023,21,2023-21,False,-2.183740437152833,13.0
STR,Aston Martin,35,13,14,4,3,stroll,2023,21,2023-21,False,-1.5406340461047168,13.0
TSU,AlphaTauri,29,24,3,1,2,tsunoda,2023,21,2023-21,False,-2.737177072089667,24.0
VER,Red Bull Racing,33,21,8,6,0,max_verstappen,2023,21,2023-21,False,-0.6942198798954504,21.0
ZHO,Alfa Romeo,35,4,22,3,9,zhou,2023,21,2023-21,False,,
ALB,Williams,52,32,6,2,1,albon,2023,22,2023-22,False,-1.7493131458950448,32.0
ALO,Aston Martin,52,16,26,4,1,alonso,2023,22,2023-22,False,-1.1144386701207,16.0
BOT,Alfa Romeo,54,31,8,0,12,bottas,2023,22,2023-22,False,-2.2380497341650214,31.0
GAS,Alpine,52,33,11,2,1,gasly,2023,22,2023-22,False,-1.8901805775065703,33.0
HAM,Mercedes,52,21,22,4,1,hamilton,2023,22,2023-22,False,-1.1358634101507625,21.0
HUL,Haas F1 Team,52,32,7,0,3,hulkenberg,2023,22,2023-22,False,-2.173175455434965,32.0
LEC,Ferrari,52,35,2,1,1,leclerc,2023,22,2023-22,False,-0.9461985176227861,35.0
MAG,Haas F1 Team,52,37,3,0,2,kevin_magnussen,2023,22,2023-22,False,-2.219780140472589,37.0
NOR,McLaren,52,30,8,3,1,norris,2023,22,2023-22,False,-0.9639210109090228,30.0
OCO,Alpine,54,24,16,1,7,ocon,2023,22,2023-22,False,-1.7073202800538791,24.0
PER,Red Bull Racing,52,24,22,9,0,perez,2023,22,2023-22,False,-0.7014444944623388,24.0
PIA,McLaren,52,31,8,4,2,piastri,2023,22,2023-22,False,-1.2155700327085044,31.0
RIC,AlphaTauri,52,29,16,3,3,ricciardo,2023,22,2023-22,False,-1.11159363225201,29.0
RUS,Mercedes,52,24,11,4,1,russell,2023,22,2023-22,False,-0.9056530749087554,24.0
SAI,Ferrari,52,28,4,4,5,sainz,2023,22,2023-22,False,-1.6220984118253268,28.0
SAR,Williams,52,14,5,3,2,sargeant,2023,22,2023-22,False,-1.8903463018539217,14.0
STR,Aston Martin,52,22,18,4,2,stroll,2023,22,2023-22,False,-1.4513823151209233,22.0
TSU,AlphaTauri,54,28,15,0,5,tsunoda,2023,22,2023-22,False,-1.2931422521265714,28.0
VER,Red Bull Racing,52,49,3,2,0,max_verstappen,2023,22,2023-22,False,-0.560839918764424,49.0
ZHO,Alfa Romeo,52,24,16,2,2,zhou,2023,22,2023-22,False,-2.000345339042737,24.0
ALB,Williams,50,24,14,0,0,albon,2024,1,2024-01,False,-1.6902567589407078,24.0
ALO,Aston Martin,50,36,5,1,6,alonso,2024,1,2024-01,False,-1.095519582046565,36.0
BOT,Kick Sauber,50,34,7,0,1,bottas,2024,1,2024-01,False,-1.8877268004469503,34.0
GAS,Alpine,48,21,24,0,0,gasly,2024,1,2024-01,False,-1.713640540678067,21.0
HAM,Mercedes,50,41,9,1,0,hamilton,2024,1,2024-01,False,-0.6272135442266876,41.0
HUL,Haas F1 Team,48,44,2,1,1,hulkenberg,2024,1,2024-01,False,-1.1090533580812483,44.0
LEC,Ferrari,50,16,12,1,2,leclerc,2024,1,2024-01,False,-0.43583925637825666,16.0
MAG,Haas F1 Team,50,26,12,0,0,kevin_magnussen,2024,1,2024-01,False,-1.6403187339278442,26.0
NOR,McLaren,50,43,1,2,0,norris,2024,1,2024-01,False,-0.6906237247979571,43.0
OCO,Alpine,51,36,9,0,2,ocon,2024,1,2024-01,False,-1.9612716454553762,36.0
PER,Red Bull Racing,50,42,5,1,0,perez,2024,1,2024-01,False,-0.14810450671327938,42.0
PIA,McLaren,50,35,4,2,0,piastri,2024,1,2024-01,False,-0.7605314984863157,35.0
RIC,RB,50,17,15,1,1,ricciardo,2024,1,2024-01,False,-1.267994808985188,17.0
RUS,Mercedes,50,42,3,2,2,russell,2024,1,2024-01,False,-0.6557029353685485,42.0
SAI,Ferrari,50,36,8,1,0,sainz,2024,1,2024-01,False,-0.28913296874843547,36.0
SAR,Williams,48,40,7,1,0,sargeant,2024,1,2024-01,False,-1.7427160469403349,40.0
STR,Aston Martin,51,26,11,2,1,stroll,2024,1,2024-01,False,-1.171945507138808,26.0
TSU,RB,50,12,18,2,0,tsunoda,2024,1,2024-01,False,-1.6166893940618243,12.0
VER,Red Bull Racing,49,49,0,0,0,max_verstappen,2024,1,2024-01,False,0.22320553504457905,49.0
ZHO,Kick Sauber,51,36,10,0,2,zhou,2024,1,2024-01,False,-1.499874489276949,36.0
ALB,Williams,44,8,29,2,1,albon,2024,2,2024-02,False,,
ALO,Aston Martin,44,36,6,0,1,alonso,2024,2,2024-02,False,-2.407035631226708,36.0
BEA,Ferrari,44,30,12,4,1,bearman,2024,2,2024-02,False,-2.3647471813581857,30.0
BOT,Kick Sauber,42,22,7,0,2,bottas,2024,2,2024-02,False,-4.108869522885317,22.0
GAS,Alpine,0,0,0,0,0,gasly,2024,2,2024-02,False,,
HAM,Mercedes,42,18,14,0,2,hamilton,2024,2,2024-02,False,-2.953030341651337,18.0
HUL,Haas F1 Team,42,30,6,1,3,hulkenberg,2024,2,2024-02,False,-3.7916561912105933,30.0
LEC,Ferrari,45,26,9,2,1,leclerc,2024,2,2024-02,False,-2.014034073297821,26.0
MAG,Haas F1 Team,44,27,12,1,0,kevin_magnussen,2024,2,2024-02,False,-3.270386918353314,27.0
NOR,McLaren,42,37,1,0,3,norris,2024,2,2024-02,False,-2.7792734068452805,37.0
OCO,Alpine,44,10,31,2,1,ocon,2024,2,2024-02,False,-3.5038641222930793,10.0
PER,Red Bull Racing,45,35,7,3,0,perez,2024,2,2024-02,False,-1.6899995860595276,35.0
PIA,McLaren,45,18,25,1,0,piastri,2024,2,2024-02,False,-2.1902694572995314,18.0
RIC,RB,44,13,13,1,0,ricciardo,2024,2,2024-02,False,-3.6814584538727915,12.0
RUS,Mercedes,44,0,8,1,0,russell,2024,2,2024-02,False,,
SAR,Williams,44,4,31,1,0,sargeant,2024,2,2024-02,False,,
STR,Aston Martin,4,4,0,0,0,stroll,2024,2,2024-02,False,,
TSU,RB,44,7,28,0,4,tsunoda,2024,2,2024-02,False,,
VER,Red Bull Racing,45,42,3,1,0,max_verstappen,2024,2,2024-02,False,-1.4872353013511517,42.0
ZHO,Kick Sauber,42,33,6,0,1,zhou,2024,2,2024-02,False,-4.228325021793673,33.0
ALB,Williams,49,37,6,0,1,albon,2024,3,2024-03,False,-2.068981652479535,37.0
ALO,Aston Martin,51,35,11,0,1,alonso,2024,3,2024-03,False,-1.430311040100182,35.0
BOT,Kick Sauber,48,39,6,0,0,bottas,2024,3,2024-03,False,-1.7388972573496053,39.0
GAS,Alpine,50,17,23,0,1,gasly,2024,3,2024-03,False,-2.0137121766992245,17.0
HAM,Mercedes,12,1,6,0,0,hamilton,2024,3,2024-03,False,,
HUL,Haas F1 Team,51,28,6,0,1,hulkenberg,2024,3,2024-03,False,-2.091947166855534,28.0
LEC,Ferrari,49,36,7,0,0,leclerc,2024,3,2024-03,False,-0.43362809637263555,36.0
MAG,Haas F1 Team,50,25,14,1,0,kevin_magnussen,2024,3,2024-03,False,-1.9198630648360524,25.0
NOR,McLaren,49,39,2,0,0,norris,2024,3,2024-03,False,-0.4826886323782893,39.0
OCO,Alpine,48,10,14,0,1,ocon,2024,3,2024-03,False,-2.1003777359305693,10.0
PER,Red Bull Racing,49,38,9,2,0,perez,2024,3,2024-03,False,-1.0262861285014113,38.0
PIA,McLaren,49,37,9,1,0,piastri,2024,3,2024-03,False,-0.5802136788791261,37.0
RIC,RB,49,38,7,1,0,ricciardo,2024,3,2024-03,False,-1.705634678760913,38.0
RUS,Mercedes,49,31,9,0,1,russell,2024,3,2024-03,False,-1.1998718468094163,31.0
SAI,Ferrari,51,51,0,1,0,sainz,2024,3,2024-03,False,-0.42877830704356795,51.0
STR,Aston Martin,49,35,9,0,0,stroll,2024,3,2024-03,False,-1.6441587783680192,35.0
TSU,RB,49,29,6,1,0,tsunoda,2024,3,2024-03,False,-1.8307644087504695,29.0
VER,Red Bull Racing,2,0,2,0,1,max_verstappen,2024,3,2024-03,False,,
ZHO,Kick Sauber,48,38,3,0,0,zhou,2024,3,2024-03,False,-1.9564989614723316,38.0
ALB,Williams,0,0,0,0,0,albon,2024,4,2024-04,False,,
ALO,Aston Martin,44,37,4,1,0,alonso,2024,4,2024-04,False,-1.6334801643644017,37.0
BOT,Kick Sauber,44,5,31,5,2,bottas,2024,4,2024-04,False,,
GAS,Alpine,45,37,4,0,5,gasly,2024,4,2024-04,False,-3.5303868697953833,37.0
HAM,Mercedes,43,23,6,0,3,hamilton,2024,4,2024-04,False,-1.4386461992358353,23.0
HUL,Haas F1 Team,44,21,10,4,1,hulkenberg,2024,4,2024-04,False,-2.1562685535859085,21.0
LEC,Ferrari,46,35,6,0,2,leclerc,2024,4,2024-04,False,-1.007763732579464,35.0
MAG,Haas F1 Team,46,29,7,2,1,kevin_magnussen,2024,4,2024-04,False,-2.6470456232174793,29.0
NOR,McLaren,44,23,6,2,2,norris,2024,4,2024-04,False,-0.996354741218239,23.0
OCO,Alpine,45,33,2,0,10,ocon,2024,4,2024-04,False,-3.218632481482889,33.0
PER,Red Bull Racing,44,35,4,3,0,perez,2024,4,2024-04,False,-1.0092133291436762,35.0
PIA,McLaren,44,16,13,0,1,piastri,2024,4,2024-04,False,-1.3728228921113395,16.0
RIC,RB,0,0,0,0,0,ricciardo,2024,4,2024-04,False,,
RUS,Mercedes,43,21,12,2,3,russell,2024,4,2024-04,False,-1.306985783784447,21.0
SAI,Ferrari,44,31,6,3,0,sainz,2024,4,2024-04,False,-1.1016909178085474,31.0
SAR,Williams,44,23,8,3,1,sargeant,2024,4,2024-04,False,-2.429358204215956,23.0
STR,Aston Martin,42,18,21,5,1,stroll,2024,4,2024-04,False,-2.357507511938434,18.0
TSU,RB,43,26,10,2,1,tsunoda,2024,4,2024-04,False,-2.171197203351093,26.0
VER,Red Bull Racing,44,42,1,1,0,max_verstappen,2024,4,2024-04,False,-0.728578962493898,42.0
ZHO,Kick Sauber,6,2,4,0,0,zhou,2024,4,2024-04,False,,
ALB,Williams,40,4,9,0,1,albon,2024,5,2024-05,False,,
ALO,Aston Martin,38,27,8,4,2,alonso,2024,5,2024-05,False,-0.9791566329160479,27.0
BOT,Kick Sauber,16,2,5,1,0,bottas,2024,5,2024-05,False,,
GAS,Alpine,38,22,14,4,0,gasly,2024,5,2024-05,False,-1.5503131985034924,22.0
HAM,Mercedes,40,4,17,5,1,hamilton,2024,5,2024-05,False,,
HUL,Haas F1 Team,40,17,7,1,5,hulkenberg,2024,5,2024-05,False,-1.3066555281466583,17.0
LEC,Ferrari,42,24,10,2,2,leclerc,2024,5,2024-05,False,0.0732888607249423,24.0
MAG,Haas F1 Team,40,21,12,2,5,kevin_magnussen,2024,5,2024-05,False,-1.579478482511514,21.0
NOR,McLaren,43,35,3,1,1,norris,2024,5,2024-05,False,0.28825827037843926,35.0
OCO,Alpine,40,21,6,1,1,ocon,2024,5,2024-05,False,-1.5341724622239425,21.0
PER,Red Bull Racing,40,29,11,2,0,perez,2024,5,2024-05,False,0.04901954066421833,29.0
PIA,McLaren,40,25,6,0,2,piastri,2024,5,2024-05,False,-1.3272414482603392,25.0
RIC,RB,17,3,8,1,3,ricciardo,2024,5,2024-05,False,,
RUS,Mercedes,40,15,9,0,1,russell,2024,5,2024-05,False,-0.5194961630474518,15.0
SAI,Ferrari,40,28,7,1,0,sainz,2024,5,2024-05,False,0.04936789263372518,28.0
SAR,Williams,40,17,12,0,6,sargeant,2024,5,2024-05,False,-2.186424648993238,17.0
STR,Aston Martin,38,29,4,4,0,stroll,2024,5,2024-05,False,-1.2148789397822806,29.0
TSU,RB,16,5,6,0,1,tsunoda,2024,5,2024-05,False,,
VER,Red Bull Racing,41,39,1,2,0,max_verstappen,2024,5,2024-05,False,0.6806344067815439,39.0
ZHO,Kick Sauber,38,23,13,3,3,zhou,2024,5,2024-05,False,-1.8649679180983325,23.0
ALB,Williams,44,4,23,1,3,albon,2024,6,2024-06,False,,
ALO,Aston Martin,48,16,25,2,2,alonso,2024,6,2024-06,False,-2.226093125721585,16.0
BOT,Kick Sauber,46,18,13,1,1,bottas,2024,6,2024-06,False,-2.492425373050335,18.0
GAS,Alpine,46,19,20,2,1,gasly,2024,6,2024-06,False,-1.8876181715161362,19.0
HAM,Mercedes,47,13,26,2,1,hamilton,2024,6,2024-06,False,-1.5000861497701954,13.0
HUL,Haas F1 Team,46,15,17,5,3,hulkenberg,2024,6,2024-06,False,-2.0956072334300164,15.0
LEC,Ferrari,47,23,18,0,1,leclerc,2024,6,2024-06,False,-0.9966873636128629,23.0
MAG,Haas F1 Team,48,23,15,0,3,kevin_magnussen,2024,6,2024-06,False,-2.1400248689859556,23.0
NOR,McLaren,49,34,5,0,0,norris,2024,6,2024-06,False,-0.9431933555257622,34.0
OCO,Alpine,48,19,14,1,2,ocon,2024,6,2024-06,False,-2.1482097626810432,19.0
PER,Red Bull Racing,46,26,4,1,0,perez,2024,6,2024-06,False,-1.5379557791178597,26.0
PIA,McLaren,46,25,12,5,1,piastri,2024,6,2024-06,False,-1.0934517717533119,25.0
RIC,RB,48,3,35,0,4,ricciardo,2024,6,2024-06,False,,
RUS,Mercedes,46,18,12,2,0,russell,2024,6,2024-06,False,-2.04566267568522,18.0
SAI,Ferrari,48,25,18,1,0,sainz,2024,6,2024-06,False,-1.196153362318901,25.0
SAR,Williams,22,4,5,0,0,sargeant,2024,6,2024-06,False,,
STR,Aston Martin,46,8,26,3,0,stroll,2024,6,2024-06,False,,
TSU,RB,48,25,12,0,3,tsunoda,2024,6,2024-06,False,-1.924114487621421,25.0
VER,Red Bull Racing,48,44,0,0,0,max_verstappen,2024,6,2024-06,False,-1.062177785051213,44.0
ZHO,Kick Sauber,48,11,22,2,3,zhou,2024,6,2024-06,False,-2.4040997609201513,11.0
ALB,Williams,42,36,2,0,0,albon,2024,7,2024-07,False,-0.6367971585303543,36.0
ALO,Aston Martin,55,39,12,1,1,alonso,2024,7,2024-07,False,-1.0446585465245792,39.0
BOT,Kick Sauber,59,40,5,0,5,bottas,2024,7,2024-07,False,-1.0236081615681056,40.0
GAS,Alpine,57,32,12,1,0,gasly,2024,7,2024-07,False,-1.258275809016755,32.0
HAM,Mercedes,59,35,7,1,0,hamilton,2024,7,2024-07,False,0.14289065815493332,35.0
HUL,Haas F1 Team,59,42,3,1,2,hulkenberg,2024,7,2024-07,False,-0.8961914754354648,42.0
LEC,Ferrari,59,31,3,0,0,leclerc,2024,7,2024-07,False,0.5703045113466124,31.0
MAG,Haas F1 Team,59,36,19,4,0,kevin_magnussen,2024,7,2024-07,False,-1.072468635221364,36.0
NOR,McLaren,59,47,3,0,0,norris,2024,7,2024-07,False,0.5970992085019593,47.0
OCO,Alpine,59,26,21,2,2,ocon,2024,7,2024-07,False,-1.3012479969894477,26.0
PER,Red Bull Racing,59,44,7,2,3,perez,2024,7,2024-07,False,-0.027121813632172715,44.0
PIA,McLaren,59,26,21,1,0,piastri,2024,7,2024-07,False,0.5891240602797922,26.0
RIC,RB,59,27,10,0,2,ricciardo,2024,7,2024-07,False,-0.933987130602832,27.0
RUS,Mercedes,57,47,2,2,0,russell,2024,7,2024-07,False,0.14884134393115997,47.0
SAI,Ferrari,59,49,5,1,0,sainz,2024,7,2024-07,False,0.20463181639198863,49.0
SAR,Williams,59,35,13,1,3,sargeant,2024,7,2024-07,False,-1.499920419100938,35.0
STR,Aston Martin,59,37,17,5,2,stroll,2024,7,2024-07,False,-0.3807662894071501,37.0
TSU,RB,59,36,18,1,2,tsunoda,2024,7,2024-07,False,-0.5876220675703194,36.0
VER,Red Bull Racing,59,59,0,0,0,max_verstappen,2024,7,2024-07,False,0.6598012381865679,59.0
ZHO,Kick Sauber,59,35,16,0,1,zhou,2024,7,2024-07,False,-1.3055032653795833,35.0
ALB,Williams,74,18,41,0,0,albon,2024,8,2024-08,False,-5.1013943963420685,18.0
ALO,Aston Martin,73,61,0,0,0,alonso,2024,8,2024-08,False,-5.720478448226302,61.0
BOT,Kick Sauber,71,6,55,0,0,bottas,2024,8,2024-08,False,,
GAS,Alpine,74,57,12,0,0,gasly,2024,8,2024-08,False,-5.602952618366547,56.0
HAM,Mercedes,73,48,2,0,0,hamilton,2024,8,2024-08,False,-3.4616713355474884,48.0
HUL,Haas F1 Team,0,0,0,0,0,hulkenberg,2024,8,2024-08,False,,
LEC,Ferrari,74,74,0,0,0,leclerc,2024,8,2024-08,False,-2.5666780581055515,73.0
MAG,Haas F1 Team,0,0,0,0,0,kevin_magnussen,2024,8,2024-08,False,,
NOR,McLaren,74,2,36,0,0,norris,2024,8,2024-08,False,,
OCO,Alpine,0,0,0,0,0,ocon,2024,8,2024-08,False,,
PER,Red Bull Racing,0,0,0,0,0,perez,2024,8,2024-08,False,,
PIA,McLaren,74,16,19,0,0,piastri,2024,8,2024-08,False,-3.0150943693157335,16.0
RIC,RB,72,3,62,0,0,ricciardo,2024,8,2024-08,False,,
RUS,Mercedes,73,70,2,0,0,russell,2024,8,2024-08,False,-3.304882998565011,70.0
SAI,Ferrari,74,29,23,0,0,sainz,2024,8,2024-08,False,-2.824172493170207,29.0
SAR,Williams,71,25,40,1,1,sargeant,2024,8,2024-08,False,-6.304694206760408,25.0
STR,Aston Martin,69,13,22,2,0,stroll,2024,8,2024-08,False,-5.4058158136596015,13.0
TSU,RB,74,63,9,0,0,tsunoda,2024,8,2024-08,False,-4.278696461552914,62.0
VER,Red Bull Racing,73,31,17,0,0,max_verstappen,2024,8,2024-08,False,-3.521696397395729,31.0
ZHO,Kick Sauber,71,20,50,0,2,zhou,2024,8,2024-08,False,-5.874484868077585,18.0
ALB,Williams,39,13,14,4,2,albon,2024,9,2024-09,True,,
ALO,Aston Martin,50,42,1,0,1,alonso,2024,9,2024-09,True,,
BOT,Kick Sauber,48,20,15,0,1,bottas,2024,9,2024-09,True,,
GAS,Alpine,50,8,30,3,0,gasly,2024,9,2024-09,True,,
HAM,Mercedes,49,7,27,0,1,hamilton,2024,9,2024-09,True,,
HUL,Haas F1 Team,47,14,24,7,2,hulkenberg,2024,9,2024-09,True,,
LEC,Ferrari,29,16,6,0,3,leclerc,2024,9,2024-09,True,,
MAG,Haas F1 Team,48,12,18,4,2,kevin_magnussen,2024,9,2024-09,True,,
NOR,McLaren,49,27,7,2,0,norris,2024,9,2024-09,True,,
OCO,Alpine,49,18,11,2,1,ocon,2024,9,2024-09,True,,
PER,Red Bull Racing,39,9,20,1,1,perez,2024,9,2024-09,True,,
PIA,McLaren,49,22,17,0,1,piastri,2024,9,2024-09,True,,
RIC,RB,49,26,18,1,3,ricciardo,2024,9,2024-09,True,,
RUS,Mercedes,49,28,14,0,2,russell,2024,9,2024-09,True,,
SAI,Ferrari,39,3,22,1,1,sainz,2024,9,2024-09,True,,
SAR,Williams,21,9,5,1,1,sargeant,2024,9,2024-09,True,,
STR,Aston Martin,49,20,14,0,1,stroll,2024,9,2024-09,True,,
TSU,RB,49,10,16,1,3,tsunoda,2024,9,2024-09,True,,
VER,Red Bull Racing,49,37,5,1,1,max_verstappen,2024,9,2024-09,True,,
ZHO,Kick Sauber,49,43,3,1,2,zhou,2024,9,2024-09,True,,
ALB,Williams,60,43,8,0,2,albon,2024,10,2024-10,True,,
ALO,Aston Martin,60,28,14,3,2,alonso,2024,10,2024-10,True,,
BOT,Kick Sauber,60,44,6,2,4,bottas,2024,10,2024-10,True,,
GAS,Alpine,60,53,4,0,3,gasly,2024,10,2024-10,True,,
HAM,Mercedes,60,23,14,2,1,hamilton,2024,10,2024-10,True,,
HUL,Haas F1 Team,60,35,5,0,0,hulkenberg,2024,10,2024-10,True,,
LEC,Ferrari,60,37,17,1,0,leclerc,2024,10,2024-10,True,,
MAG,Haas F1 Team,60,24,12,2,3,kevin_magnussen,2024,10,2024-10,True,,
NOR,McLaren,60,35,17,3,0,norris,2024,10,2024-10,True,,
OCO,Alpine,60,46,5,2,2,ocon,2024,10,2024-10,True,,
PER,Red Bull Racing,58,30,11,6,1,perez,2024,10,2024-10,True,,
PIA,McLaren,60,41,11,3,0,piastri,2024,10,2024-10,True,,
RIC,RB,60,41,13,3,1,ricciardo,2024,10,2024-10,True,,
RUS,Mercedes,60,47,1,0,2,russell,2024,10,2024-10,True,,
SAI,Ferrari,60,39,7,0,3,sainz,2024,10,2024-10,True,,
SAR,Williams,59,47,11,0,3,sargeant,2024,10,2024-10,True,,
STR,Aston Martin,60,44,8,3,2,stroll,2024,10,2024-10,True,,
TSU,RB,58,40,7,1,3,tsunoda,2024,10,2024-10,True,,
VER,Red Bull Racing,60,58,1,1,0,max_verstappen,2024,10,2024-10,True,,
ZHO,Kick Sauber,60,39,7,2,2,zhou,2024,10,2024-10,True,,
ALB,Williams,63,34,17,1,5,albon,2024,11,2024-11,True,,
ALO,Aston Martin,59,20,26,1,3,alonso,2024,11,2024-11,True,,
BOT,Kick Sauber,63,41,9,1,2,bottas,2024,11,2024-11,True,,
GAS,Alpine,62,5,38,2,0,gasly,2024,11,2024-11,True,,
HAM,Mercedes,62,39,9,0,2,hamilton,2024,11,2024-11,True,,
HUL,Haas F1 Team,62,47,2,2,1,hulkenberg,2024,11,2024-11,True,,
LEC,Ferrari,60,43,8,5,1,leclerc,2024,11,2024-11,True,,
MAG,Haas F1 Team,62,29,19,1,2,kevin_magnussen,2024,11,2024-11,True,,
NOR,McLaren,58,45,10,0,0,norris,2024,11,2024-11,True,,
OCO,Alpine,63,29,22,1,2,ocon,2024,11,2024-11,True,,
PER,Red Bull Racing,62,36,18,3,1,perez,2024,11,2024-11,True,,
PIA,McLaren,63,35,10,2,0,piastri,2024,11,2024-11,True,,
RIC,RB,62,18,16,1,0,ricciardo,2024,11,2024-11,True,,
RUS,Mercedes,63,58,0,0,0,russell,2024,11,2024-11,True,,
SAI,Ferrari,63,50,5,1,0,sainz,2024,11,2024-11,True,,
SAR,Williams,61,60,1,0,0,sargeant,2024,11,2024-11,True,,
STR,Aston Martin,63,31,18,3,0,stroll,2024,11,2024-11,True,,
TSU,RB,63,44,7,3,1,tsunoda,2024,11,2024-11,True,,
VER,Red Bull Racing,62,62,0,0,0,max_verstappen,2024,11,2024-11,True,,
ZHO,Kick Sauber,62,53,1,0,7,zhou,2024,11,2024-11,True,,
ALB,Williams,46,16,20,1,0,albon,2024,12,2024-12,True,,
ALO,Aston Martin,46,22,7,0,0,alonso,2024,12,2024-12,True,,
BOT,Kick Sauber,46,38,3,1,2,bottas,2024,12,2024-12,True,,
HAM,Mercedes,46,24,3,0,2,hamilton,2024,12,2024-12,True,,
HUL,Haas F1 Team,46,28,17,1,0,hulkenberg,2024,12,2024-12,True,,
LEC,Ferrari,44,31,11,2,0,leclerc,2024,12,2024-12,True,,
MAG,Haas F1 Team,46,20,12,4,1,kevin_magnussen,2024,12,2024-12,True,,
NOR,McLaren,46,30,7,3,1,norris,2024,12,2024-12,True,,
OCO,Alpine,41,33,6,1,3,ocon,2024,12,2024-12,True,,
PER,Red Bull Racing,41,27,12,4,0,perez,2024,12,2024-12,True,,
PIA,McLaren,46,16,14,3,0,piastri,2024,12,2024-12,True,,
RIC,RB,46,33,7,1,2,ricciardo,2024,12,2024-12,True,,
RUS,Mercedes,29,21,3,0,2,russell,2024,12,2024-12,True,,
SAI,Ferrari,44,29,6,0,0,sainz,2024,12,2024-12,True,,
SAR,Williams,46,18,20,1,1,sargeant,2024,12,2024-12,True,,
STR,Aston Martin,46,26,10,0,2,stroll,2024,12,2024-12,True,,
TSU,RB,46,24,15,0,1,tsunoda,2024,12,2024-12,True,,
VER,Red Bull Racing,46,34,3,1,2,max_verstappen,2024,12,2024-12,True,,
ZHO,Kick Sauber,41,33,5,0,4,zhou,2024,12,2024-12,True,,
ALB,Williams,63,40,11,1,1,albon,2024,13,2024-13,False,-1.1578744582964418,40.0
ALO,Aston Martin,63,44,9,2,1,alonso,2024,13,2024-13,False,-0.8366033225558522,44.0
BOT,Kick Sauber,62,29,25,1,2,bottas,2024,13,2024-13,False,-1.1137514848406411,29.0
GAS,Alpine,29,20,7,1,0,gasly,2024,13,2024-13,False,-1.0991235411061877,20.0
HAM,Mercedes,63,48,0,0,0,hamilton,2024,13,2024-13,False,-0.01652904241468422,48.0
HUL,Haas F1 Team,63,54,3,1,3,hulkenberg,2024,13,2024-13,False,-1.0233197975649269,54.0
LEC,Ferrari,63,30,0,0,1,leclerc,2024,13,2024-13,False,0.18774679357498766,30.0
MAG,Haas F1 Team,63,37,11,0,1,kevin_magnussen,2024,13,2024-13,False,-1.4462298022610716,36.0
NOR,McLaren,63,48,2,1,0,norris,2024,13,2024-13,False,0.43444185839662897,48.0
OCO,Alpine,60,26,9,1,1,ocon,2024,13,2024-13,False,-1.5095242824245,26.0
PER,Red Bull Racing,63,32,16,3,2,perez,2024,13,2024-13,False,0.24450746982349125,32.0
PIA,McLaren,63,62,0,0,0,piastri,2024,13,2024-13,False,0.244714859921012,62.0
RIC,RB,63,32,25,2,1,ricciardo,2024,13,2024-13,False,-0.4030306037421476,32.0
RUS,Mercedes,63,39,15,2,1,russell,2024,13,2024-13,False,0.04819242427199393,39.0
SAI,Ferrari,63,52,5,4,0,sainz,2024,13,2024-13,False,-0.0037645099920818044,52.0
SAR,Williams,61,16,19,2,0,sargeant,2024,13,2024-13,False,-1.3764790209034914,16.0
STR,Aston Martin,63,30,20,4,2,stroll,2024,13,2024-13,False,-0.3359579509139856,30.0
TSU,RB,65,53,5,0,3,tsunoda,2024,13,2024-13,False,-0.5222923413904671,53.0
VER,Red Bull Racing,63,29,13,1,1,max_verstappen,2024,13,2024-13,False,0.26923210842167433,29.0
ZHO,Kick Sauber,63,50,5,0,6,zhou,2024,13,2024-13,False,-1.7398960977040485,50.0
ALB,Williams,37,11,16,1,0,albon,2024,14,2024-14,False,-1.5538573602797332,11.0
ALO,Aston Martin,39,27,7,0,2,alonso,2024,14,2024-14,False,-1.2969991591894936,27.0
BOT,Kick Sauber,37,16,15,1,0,bottas,2024,14,2024-14,False,-1.7705368223802758,16.0
GAS,Alpine,37,16,17,2,0,gasly,2024,14,2024-14,False,-1.8833838994092145,16.0
HAM,Mercedes,37,29,6,1,0,hamilton,2024,14,2024-14,False,-0.562787953201263,29.0
HUL,Haas F1 Team,37,22,6,0,4,hulkenberg,2024,14,2024-14,False,-2.1028865882086882,22.0
LEC,Ferrari,37,21,0,0,2,leclerc,2024,14,2024-14,False,-0.9212523815142197,21.0
MAG,Haas F1 Team,39,22,8,1,3,kevin_magnussen,2024,14,2024-14,False,-1.8815305406137355,22.0
NOR,McLaren,38,7,25,0,0,norris,2024,14,2024-14,False,,
OCO,Alpine,37,14,18,4,0,ocon,2024,14,2024-14,False,-1.4671378005339277,14.0
PER,Red Bull Racing,35,21,3,0,1,perez,2024,14,2024-14,False,-1.1272336244545718,21.0
PIA,McLaren,37,21,9,1,0,piastri,2024,14,2024-14,False,-0.6219435218198047,21.0
RIC,RB,37,16,14,2,1,ricciardo,2024,14,2024-14,False,-1.2558901322632137,16.0
RUS,Mercedes,39,22,14,0,0,russell,2024,14,2024-14,False,-0.40962710888486165,22.0
SAI,Ferrari,37,23,11,1,0,sainz,2024,14,2024-14,False,-0.8138452198796489,23.0
SAR,Williams,37,27,8,2,1,sargeant,2024,14,2024-14,False,-2.0805467589635054,27.0
STR,Aston Martin,39,15,8,0,2,stroll,2024,14,2024-14,False,-1.5830717089052722,15.0
TSU,RB,40,25,4,1,0,tsunoda,2024,14,2024-14,False,-1.9066008198617446,25.0
VER,Red Bull Racing,37,8,19,1,0,max_verstappen,2024,14,2024-14,False,,
ZHO,Kick Sauber,2,1,1,0,2,zhou,2024,14,2024-14,False,,
ALB,Williams,66,35,23,4,4,albon,2024,15,2024-15,False,-1.2637426473706423,35.0
ALO,Aston Martin,68,36,13,3,2,alonso,2024,15,2024-15,False,-1.2632266001485957,36.0
BOT,Kick Sauber,65,59,3,0,2,bottas,2024,15,2024-15,False,-2.2898879331378783,59.0
GAS,Alpine,68,57,6,3,3,gasly,2024,15,2024-15,False,-1.106111468529929,57.0
HAM,Mercedes,66,33,20,7,0,hamilton,2024,15,2024-15,False,-0.13727516068172493,33.0
HUL,Haas F1 Team,68,45,13,1,4,hulkenberg,2024,15,2024-15,False,-1.0478844033685712,45.0
LEC,Ferrari,68,45,20,1,0,leclerc,2024,15,2024-15,False,-0.1554841064240113,45.0
MAG,Haas F1 Team,68,22,31,3,6,kevin_magnussen,2024,15,2024-15,False,-1.464235284851378,21.0
NOR,McLaren,68,52,7,1,0,norris,2024,15,2024-15,False,0.25988273684253343,52.0
OCO,Alpine,68,47,13,1,4,ocon,2024,15,2024-15,False,-1.6409141091200878,47.0
PER,Red Bull Racing,68,47,8,0,1,perez,2024,15,2024-15,False,-0.33620528549596906,47.0
PIA,McLaren,68,14,14,1,0,piastri,2024,15,2024-15,False,0.2561784488441095,14.0
RIC,RB,68,40,22,2,0,ricciardo,2024,15,2024-15,False,-1.2625548681753855,40.0
RUS,Mercedes,66,58,1,1,1,russell,2024,15,2024-15,False,-0.4235417185827604,58.0
SAI,Ferrari,68,46,17,3,0,sainz,2024,15,2024-15,False,-0.26645144874525023,46.0
SAR,Williams,68,48,9,0,2,sargeant,2024,15,2024-15,False,-1.8807889040486816,48.0
STR,Aston Martin,68,32,17,2,1,stroll,2024,15,2024-15,False,-1.3410633282601425,32.0
TSU,RB,66,7,36,0,2,tsunoda,2024,15,2024-15,False,,
VER,Red Bull Racing,68,65,2,0,1,max_verstappen,2024,15,2024-15,False,-0.24422715838548614,65.0
ZHO,Kick Sauber,65,56,3,1,1,zhou,2024,15,2024-15,False,-2.7308422495065456,56.0
ALB,Williams,49,39,3,1,2,albon,2024,16,2024-16,False,-1.468126481196412,39.0
ALO,Aston Martin,47,20,18,4,0,alonso,2024,16,2024-16,False,-1.3905807030705275,20.0
BOT,Kick Sauber,49,30,6,1,7,bottas,2024,16,2024-16,False,-2.3576486611271217,30.0
COL,Williams,49,35,8,3,2,colapinto,2024,16,2024-16,False,-1.694090571378317,35.0
GAS,Alpine,47,22,16,1,2,gasly,2024,16,2024-16,False,-1.93300219464528,22.0
HAM,Mercedes,47,22,5,2,0,hamilton,2024,16,2024-16,False,-0.38593567659989886,22.0
HUL,Haas F1 Team,47,36,7,1,0,hulkenberg,2024,16,2024-16,False,-1.4731459853448536,36.0
LEC,Ferrari,49,24,11,0,0,leclerc,2024,16,2024-16,False,-0.1793908567719336,24.0
MAG,Haas F1 Team,49,21,19,3,2,kevin_magnussen,2024,16,2024-16,False,-0.9499311514350607,21.0
NOR,McLaren,47,19,8,1,0,norris,2024,16,2024-16,False,0.07047865178473714,19.0
OCO,Alpine,49,32,8,1,3,ocon,2024,16,2024-16,False,-2.303857105439624,32.0
PER,Red Bull Racing,47,24,14,1,1,perez,2024,16,2024-16,False,-0.9137412812444959,24.0
PIA,McLaren,47,44,1,1,0,piastri,2024,16,2024-16,False,0.015857506845415918,44.0
RIC,RB,49,35,11,2,1,ricciardo,2024,16,2024-16,False,-1.427466838583911,35.0
RUS,Mercedes,47,22,14,5,0,russell,2024,16,2024-16,False,-0.4775378652706492,22.0
SAI,Ferrari,49,39,4,0,2,sainz,2024,16,2024-16,False,-0.528174006256306,39.0
STR,Aston Martin,45,18,15,4,2,stroll,2024,16,2024-16,False,-1.7286338591349848,18.0
TSU,RB,5,1,4,0,5,tsunoda,2024,16,2024-16,False,,
VER,Red Bull Racing,47,33,3,0,0,max_verstappen,2024,16,2024-16,False,-0.6591151424272256,33.0
ZHO,Kick Sauber,49,37,4,1,3,zhou,2024,16,2024-16,False,-2.6198062300685923,37.0
ALB,Williams,44,23,7,1,2,albon,2024,17,2024-17,False,-1.3668105694647266,23.0
ALO,Aston Martin,44,42,0,2,0,alonso,2024,17,2024-17,False,-1.3524138828701924,42.0
BEA,Haas F1 Team,44,22,8,3,2,bearman,2024,17,2024-17,False,-1.3718891832992577,22.0
BOT,Kick Sauber,44,30,6,0,2,bottas,2024,17,2024-17,False,-2.028761126874774,30.0
COL,Williams,44,17,5,2,0,colapinto,2024,17,2024-17,False,-1.4845427442644914,17.0
GAS,Alpine,46,28,7,2,6,gasly,2024,17,2024-17,False,-1.628378047432738,28.0
HAM,Mercedes,44,7,19,7,0,hamilton,2024,17,2024-17,False,,
HUL,Haas F1 Team,44,30,7,3,1,hulkenberg,2024,17,2024-17,False,-1.3643729886915683,30.0
LEC,Ferrari,45,18,26,0,1,leclerc,2024,17,2024-17,False,-0.28715910130801275,18.0
NOR,McLaren,45,26,11,2,2,norris,2024,17,2024-17,False,-0.6005506603519581,26.0
OCO,Alpine,46,23,11,1,2,ocon,2024,17,2024-17,False,-2.214911142497565,23.0
PER,Red Bull Racing,45,8,14,2,0,perez,2024,17,2024-17,False,,
PIA,McLaren,45,36,6,1,0,piastri,2024,17,2024-17,False,-0.8136049103914959,36.0
RIC,RB,46,30,9,0,6,ricciardo,2024,17,2024-17,False,-1.8380271062960847,30.0
RUS,Mercedes,45,27,10,2,0,russell,2024,17,2024-17,False,-0.6544910068128293,27.0
SAI,Ferrari,45,32,7,2,0,sainz,2024,17,2024-17,False,-0.5664636911700701,32.0
STR,Aston Martin,38,21,10,1,1,stroll,2024,17,2024-17,False,-1.5712631495270384,21.0
TSU,RB,10,8,2,0,5,tsunoda,2024,17,2024-17,False,,
VER,Red Bull Racing,44,16,16,0,1,max_verstappen,2024,17,2024-17,False,-0.709748339173811,16.0
ZHO,Kick Sauber,45,29,10,2,2,zhou,2024,17,2024-17,False,-2.2586461475076907,29.0
ALB,Williams,11,2,9,0,0,albon,2024,18,2024-18,False,,
ALO,Aston Martin,58,31,19,0,1,alonso,2024,18,2024-18,False,-0.8127009014716012,31.0
BOT,Kick Sauber,58,24,22,0,2,bottas,2024,18,2024-18,False,-1.6946723502316579,24.0
COL,Williams,58,29,4,0,0,colapinto,2024,18,2024-18,False,-0.9517558666363388,29.0
GAS,Alpine,58,31,12,0,2,gasly,2024,18,2024-18,False,-1.5487297133734248,31.0
HAM,Mercedes,58,50,5,2,1,hamilton,2024,18,2024-18,False,-0.4571469598217654,50.0
HUL,Haas F1 Team,58,39,5,0,1,hulkenberg,2024,18,2024-18,False,-0.9003836494150989,39.0
LEC,Ferrari,58,22,29,3,0,leclerc,2024,18,2024-18,False,0.40748421058717865,22.0
MAG,Haas F1 Team,51,23,10,1,1,kevin_magnussen,2024,18,2024-18,False,-1.6439230615081224,23.0
NOR,McLaren,58,58,0,0,0,norris,2024,18,2024-18,False,0.7413236629396837,58.0
OCO,Alpine,58,42,9,1,1,ocon,2024,18,2024-18,False,-1.529716676851236,42.0
PER,Red Bull Racing,58,13,25,0,0,perez,2024,18,2024-18,False,-1.1972557613668657,13.0
PIA,McLaren,58,37,4,1,0,piastri,2024,18,2024-18,False,0.12486045287432657,37.0
RIC,RB,54,37,9,3,2,ricciardo,2024,18,2024-18,False,-1.2261783763389793,37.0
RUS,Mercedes,58,43,4,0,1,russell,2024,18,2024-18,False,-0.23301803093936505,43.0
SAI,Ferrari,58,37,17,5,0,sainz,2024,18,2024-18,False,-0.21626221541208546,37.0
STR,Aston Martin,58,43,5,0,1,stroll,2024,18,2024-18,False,-1.391625501242804,43.0
TSU,RB,58,44,7,0,1,tsunoda,2024,18,2024-18,False,-1.343677166715553,44.0
VER,Red Bull Racing,58,52,1,0,0,max_verstappen,2024,18,2024-18,False,0.335984886325438,52.0
ZHO,Kick Sauber,58,49,6,0,2,zhou,2024,18,2024-18,False,-1.733466873703023,49.0
ALB,Williams,46,17,8,2,3,albon,2024,19,2024-19,False,-2.591352143454219,17.0
ALO,Aston Martin,46,27,8,1,4,alonso,2024,19,2024-19,False,-2.5245148892234504,27.0
BOT,Kick Sauber,46,31,12,1,5,bottas,2024,19,2024-19,False,-2.9806958837756747,31.0
COL,Williams,46,29,10,3,2,colapinto,2024,19,2024-19,False,-1.7706394919899966,29.0
GAS,Alpine,46,32,5,1,2,gasly,2024,19,2024-19,False,-2.1471291975250084,32.0
HAM,Mercedes,0,0,0,0,0,hamilton,2024,19,2024-19,False,,
HUL,Haas F1 Team,46,31,5,1,1,hulkenberg,2024,19,2024-19,False,-1.6881697953646106,31.0
LAW,RB,46,41,4,2,1,lawson,2024,19,2024-19,False,-1.9545143120401443,41.0
LEC,Ferrari,47,44,1,1,0,leclerc,2024,19,2024-19,False,-0.8191561787968608,44.0
MAG,Haas F1 Team,44,21,10,4,0,kevin_magnussen,2024,19,2024-19,False,-2.103617831557104,21.0
NOR,McLaren,47,31,9,1,0,norris,2024,19,2024-19,False,-0.9532922667979159,31.0
OCO,Alpine,43,30,8,2,1,ocon,2024,19,2024-19,False,-2.677082252775826,30.0
PER,Red Bull Racing,46,29,12,2,1,perez,2024,19,2024-19,False,-1.6321968464657095,29.0
PIA,McLaren,46,44,0,0,1,piastri,2024,19,2024-19,False,-1.113599835059014,44.0
RUS,Mercedes,47,22,14,7,0,russell,2024,19,2024-19,False,-1.0775907060397079,22.0
SAI,Ferrari,47,34,3,0,0,sainz,2024,19,2024-19,False,-0.9435226560309372,34.0
STR,Aston Martin,45,28,6,1,8,stroll,2024,19,2024-19,False,-2.747374017508048,28.0
TSU,RB,46,28,8,1,1,tsunoda,2024,19,2024-19,False,-2.4272982761959447,28.0
VER,Red Bull Racing,47,42,1,0,1,max_verstappen,2024,19,2024-19,False,-1.1351766982455538,42.0
ZHO,Kick Sauber,44,39,4,1,0,zhou,2024,19,2024-19,False,-3.1548885487875205,39.0
ALB,Williams,0,0,0,0,0,albon,2024,20,2024-20,False,,
ALO,Aston Martin,7,1,6,0,1,alonso,2024,20,2024-20,False,,
BOT,Kick Sauber,62,41,7,0,7,bottas,2024,20,2024-20,False,-2.9020055873152586,41.0
COL,Williams,62,35,14,0,5,colapinto,2024,20,2024-20,False,-2.4617559776422913,35.0
GAS,Alpine,62,41,13,2,1,gasly,2024,20,2024-20,False,-2.4438835729492694,41.0
HAM,Mercedes,62,27,20,3,0,hamilton,2024,20,2024-20,False,-1.3431415454951203,27.0
HUL,Haas F1 Team,62,45,5,3,1,hulkenberg,2024,20,2024-20,False,-2.143547701946028,45.0
LAW,RB,60,20,11,0,3,lawson,2024,20,2024-20,False,-2.8639621420625208,20.0
LEC,Ferrari,60,49,2,2,1,leclerc,2024,20,2024-20,False,-0.8935165998218578,49.0
MAG,Haas F1 Team,62,43,12,3,0,kevin_magnussen,2024,20,2024-20,False,-1.682634044721064,43.0
NOR,McLaren,62,38,7,1,1,norris,2024,20,2024-20,False,-0.6591228533736789,38.0
OCO,Alpine,62,33,15,2,3,ocon,2024,20,2024-20,False,-2.8474587302190306,33.0
PER,Red Bull Racing,58,35,9,3,1,perez,2024,20,2024-20,False,-2.969768454770897,34.0
PIA,McLaren,62,32,21,8,1,piastri,2024,20,2024-20,False,-1.0458742052451688,32.0
RUS,Mercedes,62,53,8,0,0,russell,2024,20,2024-20,False,-1.495543572384,53.0
SAI,Ferrari,62,60,1,1,0,sainz,2024,20,2024-20,False,-0.7608737500107933,60.0
STR,Aston Martin,62,45,10,2,2,stroll,2024,20,2024-20,False,-2.4319561754392276,45.0
TSU,RB,0,0,0,0,0,tsunoda,2024,20,2024-20,False,,
VER,Red Bull Racing,62,48,7,5,2,max_verstappen,2024,20,2024-20,False,-1.3601633506497917,48.0
ZHO,Kick Sauber,62,37,8,0,6,zhou,2024,20,2024-20,False,-3.135057584989762,37.0
ALO,Aston Martin,50,30,5,1,2,alonso,2024,21,2024-21,True,,
BEA,Haas F1 Team,49,24,9,5,0,bearman,2024,21,2024-21,True,,
BOT,Kick Sauber,48,38,2,0,2,bottas,2024,21,2024-21,True,,
COL,Williams,21,16,0,0,3,colapinto,2024,21,2024-21,True,,
GAS,Alpine,47,36,4,1,1,gasly,2024,21,2024-21,True,,
HAM,Mercedes,49,1,43,3,3,hamilton,2024,21,2024-21,True,,
HUL,Haas F1 Team,21,9,4,1,0,hulkenberg,2024,21,2024-21,True,,
LAW,RB,47,30,7,0,0,lawson,2024,21,2024-21,True,,
LEC,Ferrari,47,24,18,0,1,leclerc,2024,21,2024-21,True,,
NOR,McLaren,48,11,13,0,0,norris,2024,21,2024-21,True,,
OCO,Alpine,46,25,12,0,0,ocon,2024,21,2024-21,True,,
PER,Red Bull Racing,49,7,33,1,1,perez,2024,21,2024-21,True,,
PIA,McLaren,48,20,22,0,1,piastri,2024,21,2024-21,True,,
RUS,Mercedes,48,28,14,1,0,russell,2024,21,2024-21,True,,
SAI,Ferrari,26,2,18,2,2,sainz,2024,21,2024-21,True,,
TSU,RB,47,42,1,0,0,tsunoda,2024,21,2024-21,True,,
VER,Red Bull Racing,47,27,18,4,0,max_verstappen,2024,21,2024-21,True,,
ZHO,Kick Sauber,47,44,1,0,3,zhou,2024,21,2024-21,True,,
ALB,Williams,21,9,11,1,2,albon,2024,22,2024-22,False,,
ALO,Aston Martin,44,21,15,3,5,alonso,2024,22,2024-22,False,-2.2078167809340266,21.0
BOT,Kick Sauber,42,17,19,0,6,bottas,2024,22,2024-22,False,-2.7748411753744735,17.0
COL,Williams,44,18,18,2,4,colapinto,2024,22,2024-22,False,-2.1503621450917367,18.0
GAS,Alpine,11,2,5,0,2,gasly,2024,22,2024-22,False,,
HAM,Mercedes,43,19,18,5,0,hamilton,2024,22,2024-22,False,-0.8715987224789274,19.0
HUL,Haas F1 Team,44,15,17,6,3,hulkenberg,2024,22,2024-22,False,-2.2925598884638774,15.0
LAW,RB,42,22,12,0,7,lawson,2024,22,2024-22,False,-2.5600046799451026,22.0
LEC,Ferrari,42,12,16,4,1,leclerc,2024,22,2024-22,False,-1.1872999533187811,12.0
MAG,Haas F1 Team,46,27,10,1,7,kevin_magnussen,2024,22,2024-22,False,-2.125580161828977,27.0
NOR,McLaren,42,27,10,4,1,norris,2024,22,2024-22,False,-1.5699688602888637,27.0
OCO,Alpine,43,14,15,1,8,ocon,2024,22,2024-22,False,-2.485619334355717,14.0
PER,Red Bull Racing,44,20,16,10,1,perez,2024,22,2024-22,False,-2.025924143776018,20.0
PIA,McLaren,43,18,13,6,2,piastri,2024,22,2024-22,False,-1.9025035216692425,18.0
RUS,Mercedes,42,42,0,0,0,russell,2024,22,2024-22,False,-1.1435537040746513,42.0
SAI,Ferrari,43,32,5,4,0,sainz,2024,22,2024-22,False,-1.292974252548139,32.0
STR,Aston Martin,44,19,9,0,0,stroll,2024,22,2024-22,False,-2.462691476119787,19.0
TSU,RB,44,26,9,4,2,tsunoda,2024,22,2024-22,False,-2.364328642522569,26.0
VER,Red Bull Racing,43,28,7,2,3,max_verstappen,2024,22,2024-22,False,-1.39893435694914,28.0
ZHO,Kick Sauber,44,19,16,3,2,zhou,2024,22,2024-22,False,-2.6462783599410367,19.0
ALB,Williams,40,11,12,1,3,albon,2024,23,2024-23,False,-2.188713879490754,11.0
ALO,Aston Martin,42,15,8,1,1,alonso,2024,23,2024-23,False,-2.332154678691545,15.0
BOT,Kick Sauber,39,17,14,3,2,bottas,2024,23,2024-23,False,-3.6377506707566187,17.0
COL,Williams,0,0,0,0,0,colapinto,2024,23,2024-23,False,,
GAS,Alpine,42,19,12,2,0,gasly,2024,23,2024-23,False,-1.8925283019057524,19.0
HAM,Mercedes,39,18,13,4,2,hamilton,2024,23,2024-23,False,-1.9880230275058317,18.0
HUL,Haas F1 Team,25,9,2,0,0,hulkenberg,2024,23,2024-23,False,,
LAW,RB,42,23,6,0,2,lawson,2024,23,2024-23,False,-3.20694700169463,23.0
LEC,Ferrari,41,34,0,0,0,leclerc,2024,23,2024-23,False,-1.2233578577987718,34.0
MAG,Haas F1 Team,40,27,9,2,1,kevin_magnussen,2024,23,2024-23,False,-2.431228772278775,27.0
NOR,McLaren,40,8,6,4,0,norris,2024,23,2024-23,False,,
OCO,Alpine,0,0,0,0,0,ocon,2024,23,2024-23,False,,
PER,Red Bull Racing,28,24,1,0,0,perez,2024,23,2024-23,False,-1.845891974791828,24.0
PIA,McLaren,40,9,11,0,0,piastri,2024,23,2024-23,False,,
RUS,Mercedes,40,12,11,0,0,russell,2024,23,2024-23,False,-1.3734329620725125,12.0
SAI,Ferrari,40,12,15,0,0,sainz,2024,23,2024-23,False,-1.3074746780135844,12.0
STR,Aston Martin,1,1,0,0,0,stroll,2024,23,2024-23,False,,
TSU,RB,42,23,3,1,8,tsunoda,2024,23,2024-23,False,-3.198105937303068,23.0
VER,Red Bull Racing,42,42,0,0,0,max_verstappen,2024,23,2024-23,False,-0.875236744129304,42.0
ZHO,Kick Sauber,42,28,8,1,0,zhou,2024,23,2024-23,False,-2.4474403382740166,28.0
ALB,Williams,50,38,2,0,2,albon,2024,24,2024-24,False,-1.3920622455884195,38.0
ALO,Aston Martin,48,30,9,2,3,alonso,2024,24,2024-24,False,-1.2110480682169762,30.0
BOT,Kick Sauber,24,19,0,0,1,bottas,2024,24,2024-24,False,-0.9616738481371304,19.0
COL,Williams,21,21,0,0,0,colapinto,2024,24,2024-24,False,-1.20668106560407,21.0
DOO,Alpine,49,34,4,1,4,doohan,2024,24,2024-24,False,-2.0079288716577324,34.0
GAS,Alpine,49,39,2,1,3,gasly,2024,24,2024-24,False,-1.1836761087907541,39.0
HAM,Mercedes,50,34,11,3,0,hamilton,2024,24,2024-24,False,-0.48865568918763264,34.0
HUL,Haas F1 Team,49,24,6,2,3,hulkenberg,2024,24,2024-24,False,-1.2876810751106391,24.0
LAW,RB,47,39,0,0,1,lawson,2024,24,2024-24,False,-1.5618593740321896,39.0
LEC,Ferrari,49,33,11,4,0,leclerc,2024,24,2024-24,False,-0.34852768830692393,33.0
MAG,Haas F1 Team,47,25,14,0,2,kevin_magnussen,2024,24,2024-24,False,-2.0552129390178147,25.0
NOR,McLaren,51,51,0,0,0,norris,2024,24,2024-24,False,-0.10398710533537787,51.0
PER,Red Bull Racing,0,0,0,0,0,perez,2024,24,2024-24,False,,
PIA,McLaren,48,18,10,5,0,piastri,2024,24,2024-24,False,-0.4664256696810466,18.0
RUS,Mercedes,49,39,4,0,0,russell,2024,24,2024-24,False,-0.741153312237704,39.0
SAI,Ferrari,51,51,0,0,0,sainz,2024,24,2024-24,False,-0.21848170489160565,51.0
STR,Aston Martin,48,23,12,2,3,stroll,2024,24,2024-24,False,-1.6331666106203777,23.0
TSU,RB,50,35,1,0,5,tsunoda,2024,24,2024-24,False,-1.7925967899184176,35.0
VER,Red Bull Racing,51,36,6,6,0,max_verstappen,2024,24,2024-24,False,-0.683370506840987,36.0
ZHO,Kick Sauber,47,31,4,1,0,zhou,2024,24,2024-24,False,-1.5252681002946873,31.0
ALB,Williams,33,19,3,0,1,albon,2025,1,2025-01,True,,
ALO,Aston Martin,25,7,4,0,0,alonso,2025,1,2025-01,True,,
ANT,Mercedes,33,12,13,4,1,antonelli,2025,1,2025-01,True,,
BEA,Haas F1 Team,31,20,0,0,0,bearman,2025,1,2025-01,True,,
BOR,Kick Sauber,27,26,0,0,0,bortoleto,2025,1,2025-01,True,,
DOO,Alpine,0,0,0,0,0,doohan,2025,1,2025-01,True,,
GAS,Alpine,32,20,5,0,3,gasly,2025,1,2025-01,True,,
HAD,Racing Bulls,0,0,0,0,0,hadjar,2025,1,2025-01,True,,
HAM,Ferrari,33,1,21,1,1,hamilton,2025,1,2025-01,True,,
HUL,Kick Sauber,33,17,10,1,2,hulkenberg,2025,1,2025-01,True,,
LAW,Red Bull Racing,28,15,3,1,0,lawson,2025,1,2025-01,True,,
LEC,Ferrari,33,24,3,2,1,leclerc,2025,1,2025-01,True,,
NOR,McLaren,34,33,1,0,0,norris,2025,1,2025-01,True,,
OCO,Haas F1 Team,31,28,1,0,1,ocon,2025,1,2025-01,True,,
PIA,McLaren,33,10,14,4,0,piastri,2025,1,2025-01,True,,
RUS,Mercedes,33,28,0,0,0,russell,2025,1,2025-01,True,,
SAI,Williams,0,0,0,0,0,sainz,2025,1,2025-01,True,,
STR,Aston Martin,33,26,3,0,1,stroll,2025,1,2025-01,True,,
TSU,Racing Bulls,33,28,2,1,2,tsunoda,2025,1,2025-01,True,,
VER,Red Bull Racing,32,15,6,0,1,max_verstappen,2025,1,2025-01,True,,
ALB,Williams,49,39,8,0,2,albon,2025,2,2025-02,False,-2.2051169688656995,39.0
ALO,Aston Martin,0,0,0,0,0,alonso,2025,2,2025-02,False,,
ANT,Mercedes,50,35,6,1,0,antonelli,2025,2,2025-02,False,-2.1258694933647595,35.0
BEA,Haas F1 Team,49,22,13,3,2,bearman,2025,2,2025-02,False,-1.9530110961400593,22.0
BOR,Kick Sauber,50,47,1,0,0,bortoleto,2025,2,2025-02,False,-2.4998061679605335,47.0
DOO,Alpine,49,21,15,1,4,doohan,2025,2,2025-02,False,-2.3200220228212496,21.0
GAS,Alpine,49,32,14,1,1,gasly,2025,2,2025-02,False,-2.2199632905677853,32.0
HAD,Racing Bulls,47,7,27,1,0,hadjar,2025,2,2025-02,False,,
HAM,Ferrari,48,35,1,2,0,hamilton,2025,2,2025-02,False,-1.5791450135116727,35.0
HUL,Kick Sauber,49,43,4,0,6,hulkenberg,2025,2,2025-02,False,-3.0118846226384677,43.0
LAW,Red Bull Racing,47,30,7,0,0,lawson,2025,2,2025-02,False,-2.2590406288843763,30.0
LEC,Ferrari,50,26,16,1,1,leclerc,2025,2,2025-02,False,-1.7615575667830807,26.0
NOR,McLaren,50,42,4,2,0,norris,2025,2,2025-02,False,-1.3911151566647353,42.0
OCO,Haas F1 Team,49,26,12,1,0,ocon,2025,2,2025-02,False,-1.9505223730321797,26.0
PIA,McLaren,50,49,0,1,0,piastri,2025,2,2025-02,False,-1.2714428616322841,49.0
RUS,Mercedes,50,36,4,0,1,russell,2025,2,2025-02,False,-1.5147610816875474,36.0
SAI,Williams,49,19,13,1,2,sainz,2025,2,2025-02,False,-2.6521640992618223,19.0
STR,Aston Martin,49,27,8,2,3,stroll,2025,2,2025-02,False,-2.5313216951081237,27.0
TSU,Racing Bulls,45,31,5,2,0,tsunoda,2025,2,2025-02,False,-2.3008940065870447,31.0
VER,Red Bull Racing,50,41,6,3,0,max_verstappen,2025,2,2025-02,False,-1.5773368990426608,41.0
ALB,Williams,49,29,7,3,0,albon,2025,3,2025-03,False,-2.0152759542566283,29.0
ALO,Aston Martin,49,36,2,0,0,alonso,2025,3,2025-03,False,-2.344396515895933,36.0
ANT,Mercedes,49,35,1,0,0,antonelli,2025,3,2025-03,False,-1.5917520859053258,35.0
BEA,Haas F1 Team,49,33,8,0,0,bearman,2025,3,2025-03,False,-2.3000020444069684,33.0
BOR,Kick Sauber,49,11,23,0,1,bortoleto,2025,3,2025-03,False,-2.8492660869807263,11.0
DOO,Alpine,49,37,6,0,1,doohan,2025,3,2025-03,False,-2.710487897647705,37.0
GAS,Alpine,49,29,6,0,1,gasly,2025,3,2025-03,False,-2.301045301970781,29.0
HAD,Racing Bulls,49,37,2,1,1,hadjar,2025,3,2025-03,False,-1.9562541738616606,37.0
HAM,Ferrari,49,33,6,1,0,hamilton,2025,3,2025-03,False,-1.9608273866955834,33.0
HUL,Kick Sauber,49,0,21,0,2,hulkenberg,2025,3,2025-03,False,,
LAW,Racing Bulls,49,30,8,0,2,lawson,2025,3,2025-03,False,-2.6381056066002073,30.0
LEC,Ferrari,49,37,2,0,0,leclerc,2025,3,2025-03,False,-1.725979825436352,37.0
NOR,McLaren,49,13,1,0,0,norris,2025,3,2025-03,False,-1.506890041275983,13.0
OCO,Haas F1 Team,49,18,11,0,1,ocon,2025,3,2025-03,False,-2.747623416560622,18.0
PIA,McLaren,49,6,15,0,0,piastri,2025,3,2025-03,False,,
RUS,Mercedes,49,28,10,1,0,russell,2025,3,2025-03,False,-1.6618863058794362,28.0
SAI,Williams,49,11,32,4,1,sainz,2025,3,2025-03,False,-2.482136681543065,11.0
STR,Aston Martin,47,36,8,0,0,stroll,2025,3,2025-03,False,-2.8179322352311043,36.0
TSU,Red Bull Racing,49,0,21,0,0,tsunoda,2025,3,2025-03,False,,
VER,Red Bull Racing,49,46,1,0,0,max_verstappen,2025,3,2025-03,False,-1.439656613772414,46.0
ALB,Williams,49,4,25,5,1,,2025,4,2025-04,False,,
ALO,Aston Martin,49,25,13,1,9,,2025,4,2025-04,False,-1.4180863812996298,25.0
ANT,Mercedes,47,2,34,6,1,,2025,4,2025-04,False,,
BEA,Haas F1 Team,49,8,25,5,1,,2025,4,2025-04,False,,
BOR,Kick Sauber,49,10,21,0,0,,2025,4,2025-04,False,-1.514996214842049,10.0
DOO,Alpine,47,10,16,0,6,,2025,4,2025-04,False,-0.8567886099634656,10.0
GAS,Alpine,47,27,9,0,1,,2025,4,2025-04,False,-0.49491327646946076,27.0
HAD,Racing Bulls,47,31,11,1,5,,2025,4,2025-04,False,-0.7747616521456592,31.0
HAM,Ferrari,49,29,13,6,1,,2025,4,2025-04,False,-0.4829083493709106,29.0
HUL,Kick Sauber,47,27,9,3,4,,2025,4,2025-04,False,-1.147192403990754,27.0
LAW,Racing Bulls,49,11,18,4,0,,2025,4,2025-04,False,-1.69435646060777,11.0
LEC,Ferrari,49,16,3,1,1,,2025,4,2025-04,False,-0.25405632772309766,16.0
NOR,McLaren,49,7,23,3,2,,2025,4,2025-04,False,,
OCO,Haas F1 Team,47,31,7,2,2,,2025,4,2025-04,False,-0.5503754798598759,31.0
PIA,McLaren,49,48,0,0,0,,2025,4,2025-04,False,-0.016093653221157647,48.0
RUS,Mercedes,30,25,1,0,0,,2025,4,2025-04,False,-0.3657401143693569,25.0
SAI,Williams,36,9,8,2,9,,2025,4,2025-04,False,,
STR,Aston Martin,49,26,14,0,1,,2025,4,2025-04,False,-1.690947678758479,26.0
TSU,Red Bull Racing,49,11,23,4,1,,2025,4,2025-04,False,-0.8657068765727726,11.0
VER,Red Bull Racing,47,1,23,4,2,,2025,4,2025-04,False,,
ALB,Williams,44,6,17,4,0,albon,2025,5,2025-05,False,,
ALO,Aston Martin,44,19,13,3,2,alonso,2025,5,2025-05,False,-1.9538972028192594,19.0
ANT,Mercedes,44,31,6,1,0,antonelli,2025,5,2025-05,False,-1.3134212590416285,31.0
BEA,Haas F1 Team,44,22,15,2,0,bearman,2025,5,2025-05,False,-2.021261483945738,22.0
BOR,Kick Sauber,46,36,4,0,5,bortoleto,2025,5,2025-05,False,-2.7067634308375776,36.0
DOO,Alpine,44,18,16,1,6,doohan,2025,5,2025-05,False,-2.868820380799423,18.0
GAS,Alpine,0,0,0,0,0,gasly,2025,5,2025-05,False,,
HAD,Racing Bulls,44,13,21,1,1,hadjar,2025,5,2025-05,False,-1.650372876039683,13.0
HAM,Ferrari,44,32,4,1,2,hamilton,2025,5,2025-05,False,-1.2602648776560401,32.0
HUL,Kick Sauber,44,21,11,0,2,hulkenberg,2025,5,2025-05,False,-2.629231527971561,21.0
LAW,Racing Bulls,44,21,14,5,0,lawson,2025,5,2025-05,False,-1.644673739454692,21.0
LEC,Ferrari,44,35,2,1,0,leclerc,2025,5,2025-05,False,-0.6366878840695436,35.0
NOR,McLaren,44,25,8,4,1,norris,2025,5,2025-05,False,-0.5273110528814369,25.0
OCO,Haas F1 Team,46,12,16,1,4,ocon,2025,5,2025-05,False,-2.4715125068136867,12.0
PIA,McLaren,44,31,4,1,0,piastri,2025,5,2025-05,False,-0.6203795012270517,31.0
RUS,Mercedes,44,41,1,0,3,russell,2025,5,2025-05,False,-1.060978384201944,41.0
SAI,Williams,44,30,7,4,1,sainz,2025,5,2025-05,False,-1.87494313051032,30.0
STR,Aston Martin,44,33,6,1,3,stroll,2025,5,2025-05,False,-2.557187790391703,33.0
TSU,Red Bull Racing,0,0,0,0,0,tsunoda,2025,5,2025-05,False,,
VER,Red Bull Racing,44,44,0,0,0,max_verstappen,2025,5,2025-05,False,-0.5207975535415048,44.0
ALB,Williams,48,29,12,0,1,albon,2025,6,2025-06,True,,
ALO,Aston Martin,49,34,6,0,1,alonso,2025,6,2025-06,True,,
ANT,Mercedes,48,42,1,0,2,antonelli,2025,6,2025-06,True,,
BEA,Haas F1 Team,24,7,17,0,1,bearman,2025,6,2025-06,True,,
BOR,Kick Sauber,23,12,3,0,0,bortoleto,2025,6,2025-06,True,,
DOO,Alpine,0,0,0,0,0,doohan,2025,6,2025-06,True,,
GAS,Alpine,49,32,11,2,0,gasly,2025,6,2025-06,True,,
HAD,Racing Bulls,47,43,0,0,1,hadjar,2025,6,2025-06,True,,
HAM,Ferrari,50,24,18,2,0,hamilton,2025,6,2025-06,True,,
HUL,Kick Sauber,47,26,11,0,0,hulkenberg,2025,6,2025-06,True,,
LAW,Racing Bulls,28,28,0,0,0,lawson,2025,6,2025-06,True,,
LEC,Ferrari,50,10,16,0,0,leclerc,2025,6,2025-06,True,,
NOR,McLaren,49,40,9,4,0,norris,2025,6,2025-06,True,,
OCO,Haas F1 Team,47,13,21,0,1,ocon,2025,6,2025-06,True,,
PIA,McLaren,49,39,6,2,0,piastri,2025,6,2025-06,True,,
RUS,Mercedes,50,29,3,0,1,russell,2025,6,2025-06,True,,
SAI,Williams,48,10,15,0,0,sainz,2025,6,2025-06,True,,
STR,Aston Martin,47,31,6,0,0,stroll,2025,6,2025-06,True,,
TSU,Red Bull Racing,48,32,0,0,0,tsunoda,2025,6,2025-06,True,,
VER,Red Bull Racing,47,31,1,0,2,max_verstappen,2025,6,2025-06,True,,
ALB,Williams,49,28,18,1,2,albon,2025,7,2025-07,False,-1.0056626114030238,28.0
ALO,Aston Martin,46,21,13,3,5,alonso,2025,7,2025-07,False,-1.7171709101955779,21.0
ANT,Mercedes,40,8,18,1,3,antonelli,2025,7,2025-07,False,,
BEA,Haas F1 Team,47,17,17,1,2,bearman,2025,7,2025-07,False,-0.8113118481934855,17.0
BOR,Kick Sauber,47,30,7,2,1,bortoleto,2025,7,2025-07,False,-2.0449563423909782,30.0
COL,Alpine,47,9,23,0,1,colapinto,2025,7,2025-07,False,,
GAS,Alpine,47,19,13,1,6,gasly,2025,7,2025-07,False,-1.828224077124741,19.0
HAD,Racing Bulls,49,22,19,1,2,hadjar,2025,7,2025-07,False,-1.291649076288618,22.0
HAM,Ferrari,49,11,33,5,1,hamilton,2025,7,2025-07,False,-0.7025980269825627,11.0
HUL,Kick Sauber,48,25,15,2,6,hulkenberg,2025,7,2025-07,False,-1.55952966044649,25.0
LAW,Racing Bulls,47,9,14,1,1,lawson,2025,7,2025-07,False,,
LEC,Ferrari,47,15,18,8,1,leclerc,2025,7,2025-07,False,-0.3982930073682539,15.0
NOR,McLaren,49,36,11,0,0,norris,2025,7,2025-07,False,0.013963743737427318,36.0
OCO,Haas F1 Team,25,22,0,0,3,ocon,2025,7,2025-07,False,-1.3076149267774064,22.0
PIA,McLaren,48,25,10,7,0,piastri,2025,7,2025-07,False,-0.2168284118765174,25.0
RUS,Mercedes,47,26,10,4,1,russell,2025,7,2025-07,False,-0.8943059571715695,26.0
SAI,Williams,47,8,25,4,0,sainz,2025,7,2025-07,False,,
STR,Aston Martin,46,18,23,0,5,stroll,2025,7,2025-07,False,-1.9379443848840439,18.0
TSU,Red Bull Racing,49,8,22,3,4,tsunoda,2025,7,2025-07,False,,
VER,Red Bull Racing,50,50,0,0,0,max_verstappen,2025,7,2025-07,False,0.027919304996201637,50.0
ALB,Williams,63,35,12,0,1,albon,2025,8,2025-08,False,-1.0929952809268455,35.0
ALO,Aston Martin,26,23,1,0,0,alonso,2025,8,2025-08,False,-1.2009615121160018,23.0
ANT,Mercedes,62,22,34,0,0,antonelli,2025,8,2025-08,False,-2.0793320272861835,21.0
BEA,Haas F1 Team,65,10,48,0,0,bearman,2025,8,2025-08,False,,
BOR,Kick Sauber,63,22,30,0,0,bortoleto,2025,8,2025-08,False,-0.9561918988081025,21.0
COL,Alpine,63,15,34,0,0,colapinto,2025,8,2025-08,False,-0.03284800489125571,15.0
GAS,Alpine,3,0,3,0,0,gasly,2025,8,2025-08,False,,
HAD,Racing Bulls,64,60,1,0,0,hadjar,2025,8,2025-08,False,-1.6389238282108602,60.0
HAM,Ferrari,64,57,2,0,0,hamilton,2025,8,2025-08,False,0.10950254865836459,57.0
HUL,Kick Sauber,63,11,38,0,1,hulkenberg,2025,8,2025-08,False,-2.481655070460304,10.0
LAW,Racing Bulls,64,46,5,0,0,lawson,2025,8,2025-08,False,-1.409953019669943,45.0
LEC,Ferrari,64,35,21,0,0,leclerc,2025,8,2025-08,False,1.2835459833250988,35.0
NOR,McLaren,64,51,1,0,0,norris,2025,8,2025-08,False,0.5922968190014108,51.0
OCO,Haas F1 Team,64,25,16,0,0,ocon,2025,8,2025-08,False,-1.300826318685419,25.0
PIA,McLaren,64,56,7,0,0,piastri,2025,8,2025-08,False,0.6441300942471615,56.0
RUS,Mercedes,61,21,30,1,0,russell,2025,8,2025-08,False,0.2454670358121156,21.0
SAI,Williams,63,42,8,0,0,sainz,2025,8,2025-08,False,-1.3599241882548097,42.0
STR,Aston Martin,63,16,41,1,0,stroll,2025,8,2025-08,False,-1.2811288593961623,16.0
TSU,Red Bull Racing,65,9,47,0,0,tsunoda,2025,8,2025-08,False,,
VER,Red Bull Racing,65,56,0,0,0,max_verstappen,2025,8,2025-08,False,0.8900016690357221,56.0
ALB,Williams,22,3,7,0,2,albon,2025,9,2025-09,False,,
ALO,Aston Martin,53,16,16,7,3,alonso,2025,9,2025-09,False,-1.7300851482905677,16.0
ANT,Mercedes,48,41,5,1,1,antonelli,2025,9,2025-09,False,-1.063925404918888,41.0
BEA,Haas F1 Team,53,33,10,0,2,bearman,2025,9,2025-09,False,-2.0417646569667847,33.0
BOR,Kick Sauber,53,32,14,3,2,bortoleto,2025,9,2025-09,False,-2.0096839557396855,32.0
COL,Alpine,52,35,13,1,5,colapinto,2025,9,2025-09,False,-3.155814938016939,35.0
GAS,Alpine,53,37,6,1,3,gasly,2025,9,2025-09,False,-2.1478646001456068,37.0
HAD,Racing Bulls,53,35,11,2,1,hadjar,2025,9,2025-09,False,-1.4283637126273478,35.0
HAM,Ferrari,54,43,1,0,1,hamilton,2025,9,2025-09,False,-0.73055937231265,43.0
HUL,Kick Sauber,53,30,13,4,1,hulkenberg,2025,9,2025-09,False,-1.5818448342136235,30.0
LAW,Racing Bulls,53,19,21,4,1,lawson,2025,9,2025-09,False,-1.5378965606807526,19.0
LEC,Ferrari,54,42,8,1,1,leclerc,2025,9,2025-09,False,-0.48857558455755074,42.0
NOR,McLaren,54,39,4,0,0,norris,2025,9,2025-09,False,-0.11846947623678819,39.0
OCO,Haas F1 Team,53,17,13,1,8,ocon,2025,9,2025-09,False,-2.074816764099113,17.0
PIA,McLaren,54,54,0,0,0,piastri,2025,9,2025-09,False,-0.0651744618020158,54.0
RUS,Mercedes,54,17,5,1,1,russell,2025,9,2025-09,False,-0.9906100705883827,17.0
SAI,Williams,53,36,12,2,1,sainz,2025,9,2025-09,False,-1.8507794236987825,36.0
TSU,Red Bull Racing,51,25,17,4,0,tsunoda,2025,9,2025-09,False,-1.908295250266566,25.0
VER,Red Bull Racing,52,36,6,3,2,max_verstappen,2025,9,2025-09,False,-0.2769513994295203,36.0
ALB,Williams,43,6,17,2,5,albon,2025,10,2025-10,True,,
ALO,Aston Martin,59,26,22,8,2,alonso,2025,10,2025-10,True,,
ANT,Mercedes,59,30,4,1,0,antonelli,2025,10,2025-10,True,,
BEA,Haas F1 Team,60,16,36,3,1,bearman,2025,10,2025-10,True,,
BOR,Kick Sauber,60,31,21,2,3,bortoleto,2025,10,2025-10,True,,
COL,Alpine,60,20,19,1,2,colapinto,2025,10,2025-10,True,,
GAS,Alpine,60,12,30,1,6,gasly,2025,10,2025-10,True,,
HAD,Racing Bulls,60,11,39,1,4,hadjar,2025,10,2025-10,True,,
HAM,Ferrari,59,46,4,2,0,hamilton,2025,10,2025-10,True,,
HUL,Kick Sauber,61,27,17,3,3,hulkenberg,2025,10,2025-10,True,,
LAW,Racing Bulls,48,14,9,0,3,lawson,2025,10,2025-10,True,,
LEC,Ferrari,58,53,2,1,1,leclerc,2025,10,2025-10,True,,
NOR,McLaren,61,39,12,1,0,norris,2025,10,2025-10,True,,
OCO,Haas F1 Team,60,38,15,1,2,ocon,2025,10,2025-10,True,,
PIA,McLaren,59,34,9,0,0,piastri,2025,10,2025-10,True,,
RUS,Mercedes,59,50,1,1,0,russell,2025,10,2025-10,True,,
SAI,Williams,60,24,21,2,2,sainz,2025,10,2025-10,True,,
STR,Aston Martin,58,26,18,1,0,stroll,2025,10,2025-10,True,,
TSU,Red Bull Racing,60,36,18,4,2,tsunoda,2025,10,2025-10,True,,
VER,Red Bull Racing,59,36,6,1,0,max_verstappen,2025,10,2025-10,True,,
ALB,Williams,9,3,5,1,0,albon,2025,11,2025-11,False,,
ALO,Aston Martin,63,7,50,0,2,alonso,2025,11,2025-11,False,,
ANT,Mercedes,0,0,0,0,0,antonelli,2025,11,2025-11,False,,
BEA,Haas F1 Team,61,30,14,4,2,bearman,2025,11,2025-11,False,-1.2257638834288496,30.0
BOR,Kick Sauber,61,38,15,2,0,bortoleto,2025,11,2025-11,False,-0.8125039532097393,38.0
COL,Alpine,61,35,12,1,4,colapinto,2025,11,2025-11,False,-1.3877507378363128,35.0
GAS,Alpine,61,35,10,1,5,gasly,2025,11,2025-11,False,-1.5057179674716394,35.0
HAD,Racing Bulls,63,33,22,2,5,hadjar,2025,11,2025-11,False,-1.2796757598643456,33.0
HAM,Ferrari,61,56,2,2,0,hamilton,2025,11,2025-11,False,-0.19092817706397577,56.0
HUL,Kick Sauber,61,37,15,3,0,hulkenberg,2025,11,2025-11,False,-0.7377546608285495,37.0
LAW,Racing Bulls,63,39,7,0,3,lawson,2025,11,2025-11,False,-0.6946240517800965,39.0
LEC,Ferrari,61,58,2,1,0,leclerc,2025,11,2025-11,False,0.07238596868137574,58.0
NOR,McLaren,61,61,0,0,0,norris,2025,11,2025-11,False,0.42203073252058165,61.0
OCO,Haas F1 Team,61,42,15,4,0,ocon,2025,11,2025-11,False,-1.0416776048309662,42.0
PIA,McLaren,61,37,16,0,0,piastri,2025,11,2025-11,False,0.35367541794724683,37.0
RUS,Mercedes,61,46,8,4,0,russell,2025,11,2025-11,False,-0.863823522424538,46.0
STR,Aston Martin,61,37,16,1,5,stroll,2025,11,2025-11,False,-1.37687975871822,37.0
TSU,Red Bull Racing,59,38,15,1,1,tsunoda,2025,11,2025-11,False,-1.2057563497244923,38.0
VER,Red Bull Racing,0,0,0,0,0,max_verstappen,2025,11,2025-11,False,,
ALB,Williams,30,6,6,1,1,albon,2025,12,2025-12,True,,
ALO,Aston Martin,27,9,6,0,1,alonso,2025,12,2025-12,True,,
ANT,Mercedes,3,3,0,0,0,antonelli,2025,12,2025-12,True,,
BEA,Haas F1 Team,28,4,15,1,0,bearman,2025,12,2025-12,True,,
BOR,Kick Sauber,0,0,0,0,0,bortoleto,2025,12,2025-12,True,,
GAS,Alpine,26,13,8,1,1,gasly,2025,12,2025-12,True,,
HAD,Racing Bulls,3,3,0,0,0,hadjar,2025,12,2025-12,True,,
HAM,Ferrari,27,14,6,3,1,hamilton,2025,12,2025-12,True,,
HUL,Kick Sauber,28,14,5,2,0,hulkenberg,2025,12,2025-12,True,,
LAW,Racing Bulls,0,0,0,0,0,lawson,2025,12,2025-12,True,,
LEC,Ferrari,29,10,16,1,0,leclerc,2025,12,2025-12,True,,
NOR,McLaren,28,21,0,0,0,norris,2025,12,2025-12,True,,
OCO,Haas F1 Team,31,13,5,0,2,ocon,2025,12,2025-12,True,,
PIA,McLaren,30,30,0,1,0,piastri,2025,12,2025-12,True,,
RUS,Mercedes,28,8,15,1,1,russell,2025,12,2025-12,True,,
SAI,Williams,28,18,4,0,1,sainz,2025,12,2025-12,True,,
STR,Aston Martin,26,23,2,1,4,stroll,2025,12,2025-12,True,,
TSU,Red Bull Racing,28,26,0,0,1,tsunoda,2025,12,2025-12,True,,
VER,Red Bull Racing,27,13,8,2,1,max_verstappen,2025,12,2025-12,True,,
ALB,Williams,37,24,0,0,1,albon,2025,13,2025-13,True,,
ALO,Aston Martin,35,1,29,0,2,alonso,2025,13,2025-13,True,,
ANT,Mercedes,35,1,32,4,0,antonelli,2025,13,2025-13,True,,
BEA,Haas F1 Team,37,0,35,2,0,bearman,2025,13,2025-13,True,,
BOR,Kick Sauber,37,14,5,0,0,bortoleto,2025,13,2025-13,True,,
COL,Alpine,35,17,3,0,3,colapinto,2025,13,2025-13,True,,
GAS,Alpine,37,29,4,0,1,gasly,2025,13,2025-13,True,,
HAD,Racing Bulls,35,26,3,0,3,hadjar,2025,13,2025-13,True,,
HAM,Ferrari,37,4,20,5,0,hamilton,2025,13,2025-13,True,,
HUL,Kick Sauber,35,16,12,2,1,hulkenberg,2025,13,2025-13,True,,
LAW,Racing Bulls,37,30,7,0,0,lawson,2025,13,2025-13,True,,
LEC,Ferrari,37,35,1,0,0,leclerc,2025,13,2025-13,True,,
NOR,McLaren,37,30,0,0,0,norris,2025,13,2025-13,True,,
OCO,Haas F1 Team,37,32,2,0,0,ocon,2025,13,2025-13,True,,
PIA,McLaren,37,37,0,0,0,piastri,2025,13,2025-13,True,,
RUS,Mercedes,37,27,3,1,0,russell,2025,13,2025-13,True,,
SAI,Williams,35,16,17,2,1,sainz,2025,13,2025-13,True,,
STR,Aston Martin,37,21,13,2,4,stroll,2025,13,2025-13,True,,
TSU,Red Bull Racing,37,5,26,0,2,tsunoda,2025,13,2025-13,True,,
VER,Red Bull Racing,37,16,7,0,0,max_verstappen,2025,13,2025-13,True,,
ALB,Williams,64,36,19,2,1,,2025,14,2025-14,False,-1.4655312117167265,36.0
ALO,Aston Martin,66,61,0,0,3,,2025,14,2025-14,False,-0.7845906866781766,61.0
ANT,Mercedes,66,27,29,2,0,,2025,14,2025-14,False,-0.18648615715913425,27.0
BEA,Haas F1 Team,44,31,10,0,3,,2025,14,2025-14,False,-2.22598739746922,31.0
BOR,Kick Sauber,66,42,10,0,0,,2025,14,2025-14,False,-0.9033028632083209,42.0
COL,Alpine,64,38,16,0,0,,2025,14,2025-14,False,-1.3472344752895788,38.0
GAS,Alpine,66,17,29,1,5,,2025,14,2025-14,False,-1.8224635116147603,17.0
HAD,Racing Bulls,66,7,43,3,1,,2025,14,2025-14,False,,
HAM,Ferrari,66,17,40,3,1,,2025,14,2025-14,False,-0.47208966298302646,17.0
HUL,Kick Sauber,64,32,25,5,2,,2025,14,2025-14,False,-0.8202501783436802,32.0
LAW,Racing Bulls,66,21,17,1,1,,2025,14,2025-14,False,-0.9225251660441816,21.0
LEC,Ferrari,64,63,0,0,2,,2025,14,2025-14,False,-0.6361176386208955,63.0
NOR,McLaren,66,47,8,1,0,,2025,14,2025-14,False,0.19556930148802912,47.0
OCO,Haas F1 Team,66,26,13,0,6,,2025,14,2025-14,False,-1.3586730080360316,26.0
PIA,McLaren,64,36,9,2,0,,2025,14,2025-14,False,0.10003178815399802,36.0
RUS,Mercedes,64,46,7,2,0,,2025,14,2025-14,False,-0.3262213698661096,46.0
SAI,Williams,64,25,25,3,5,,2025,14,2025-14,False,-1.3671550098789786,25.0
STR,Aston Martin,66,41,13,1,1,,2025,14,2025-14,False,-0.8511173328060002,41.0
TSU,Red Bull Racing,64,36,13,0,1,,2025,14,2025-14,False,-1.7830268586902964,36.0
VER,Red Bull Racing,64,20,29,6,0,,2025,14,2025-14,False,-0.8644213157899225,20.0
ALB,Williams,54,32,14,1,0,albon,2025,15,2025-15,False,-1.268014260387191,32.0
ALO,Aston Martin,48,6,39,2,2,alonso,2025,15,2025-15,False,,
ANT,Mercedes,52,14,31,1,0,antonelli,2025,15,2025-15,False,-0.5045816539962237,14.0
BEA,Haas F1 Team,52,3,34,3,0,bearman,2025,15,2025-15,False,,
BOR,Kick Sauber,48,1,23,1,6,bortoleto,2025,15,2025-15,False,,
COL,Alpine,49,2,43,1,0,colapinto,2025,15,2025-15,False,,
GAS,Alpine,53,12,37,0,8,gasly,2025,15,2025-15,False,-1.6620656276773684,12.0
HAD,Racing Bulls,54,20,6,0,0,hadjar,2025,15,2025-15,False,-0.6315470870905148,20.0
HAM,Ferrari,21,0,16,0,0,hamilton,2025,15,2025-15,False,,
HUL,Kick Sauber,49,9,28,2,4,hulkenberg,2025,15,2025-15,False,,
LAW,Racing Bulls,51,36,6,2,0,lawson,2025,15,2025-15,False,-1.3025816239740744,36.0
LEC,Ferrari,42,11,19,0,0,leclerc,2025,15,2025-15,False,-0.49647464398831487,11.0
NOR,McLaren,51,15,4,1,0,norris,2025,15,2025-15,False,0.5503574743951006,15.0
OCO,Haas F1 Team,52,16,23,1,4,ocon,2025,15,2025-15,False,-0.7545070535202265,16.0
PIA,McLaren,54,54,0,0,0,piastri,2025,15,2025-15,False,0.3345086753301766,54.0
RUS,Mercedes,54,32,11,0,0,russell,2025,15,2025-15,False,-1.0257354482461196,32.0
SAI,Williams,50,27,8,3,0,sainz,2025,15,2025-15,False,-1.387191353660947,27.0
STR,Aston Martin,50,29,16,4,0,stroll,2025,15,2025-15,False,-0.8852927212638344,29.0
TSU,Red Bull Racing,50,8,32,3,0,tsunoda,2025,15,2025-15,False,,
VER,Red Bull Racing,54,40,2,0,1,max_verstappen,2025,15,2025-15,False,-0.3711395962902768,40.0
ALB,Williams,48,22,24,1,0,albon,2025,16,2025-16,False,-1.842428165510507,22.0
ALO,Aston Martin,20,2,18,0,2,alonso,2025,16,2025-16,False,,
ANT,Mercedes,48,24,18,2,1,antonelli,2025,16,2025-16,False,-1.9208535500953925,24.0
BEA,Haas F1 Team,48,24,20,1,0,bearman,2025,16,2025-16,False,-2.1454130298281933,24.0
BOR,Kick Sauber,48,30,8,1,1,bortoleto,2025,16,2025-16,False,-2.2172079387924692,30.0
COL,Alpine,48,33,5,0,1,colapinto,2025,16,2025-16,False,-2.596157546209777,33.0
GAS,Alpine,48,21,8,0,1,gasly,2025,16,2025-16,False,-2.6036478855729746,21.0
HAD,Racing Bulls,48,22,14,1,0,hadjar,2025,16,2025-16,False,-2.1163706802145756,22.0
HAM,Ferrari,48,32,6,3,0,hamilton,2025,16,2025-16,False,-1.6181636598226887,32.0
LAW,Racing Bulls,48,10,34,0,2,lawson,2025,16,2025-16,False,-2.0585589186116984,10.0
LEC,Ferrari,48,41,1,1,1,leclerc,2025,16,2025-16,False,-1.511005416954788,41.0
NOR,McLaren,48,43,1,1,1,norris,2025,16,2025-16,False,-1.0907957423043642,43.0
OCO,Haas F1 Team,48,18,28,0,2,ocon,2025,16,2025-16,False,-2.677172261335048,18.0
PIA,McLaren,48,40,4,1,1,piastri,2025,16,2025-16,False,-1.117847874703529,40.0
RUS,Mercedes,48,26,15,2,0,russell,2025,16,2025-16,False,-1.6783761374991109,26.0
SAI,Williams,48,7,31,0,0,sainz,2025,16,2025-16,False,,
STR,Aston Martin,48,5,26,0,1,stroll,2025,16,2025-16,False,,
TSU,Red Bull Racing,48,25,14,1,1,tsunoda,2025,16,2025-16,False,-2.8745836802868583,25.0
VER,Red Bull Racing,47,44,2,1,1,max_verstappen,2025,16,2025-16,False,-0.9161358351011304,44.0
ALB,Williams,41,14,22,3,0,albon,2025,17,2025-17,False,-1.427198531748331,14.0
ALO,Aston Martin,41,18,8,0,1,alonso,2025,17,2025-17,False,-2.3773726598942555,18.0
ANT,Mercedes,42,16,9,1,0,antonelli,2025,17,2025-17,False,-1.2126838190611355,16.0
BEA,Haas F1 Team,41,16,23,2,2,bearman,2025,17,2025-17,False,-1.5439895210676409,16.0
BOR,Kick Sauber,41,28,9,1,2,bortoleto,2025,17,2025-17,False,-1.9824152321102435,28.0
COL,Alpine,42,37,4,1,0,colapinto,2025,17,2025-17,False,-2.728995408840833,37.0
GAS,Alpine,41,18,17,1,4,gasly,2025,17,2025-17,False,-2.6792066177002916,18.0
HAD,Racing Bulls,41,36,2,0,4,hadjar,2025,17,2025-17,False,-1.4456846451406742,36.0
HAM,Ferrari,41,22,12,1,0,hamilton,2025,17,2025-17,False,-1.4373396395195897,22.0
HUL,Kick Sauber,41,13,26,2,0,hulkenberg,2025,17,2025-17,False,-1.8109532053042403,13.0
LAW,Racing Bulls,40,32,3,0,0,lawson,2025,17,2025-17,False,-1.5679193112477219,32.0
LEC,Ferrari,41,9,21,2,1,leclerc,2025,17,2025-17,False,,
NOR,McLaren,41,6,21,2,1,norris,2025,17,2025-17,False,,
OCO,Haas F1 Team,43,17,11,1,2,ocon,2025,17,2025-17,False,-2.34666175609822,17.0
PIA,McLaren,0,0,0,0,0,piastri,2025,17,2025-17,False,,
RUS,Mercedes,40,30,8,1,1,russell,2025,17,2025-17,False,-1.0296712758444726,30.0
SAI,Williams,40,36,0,0,0,sainz,2025,17,2025-17,False,-1.2720935664806003,36.0
STR,Aston Martin,41,30,9,0,1,stroll,2025,17,2025-17,False,-2.3844439551661187,30.0
TSU,Red Bull Racing,40,24,12,2,1,tsunoda,2025,17,2025-17,False,-1.289662383720907,24.0
VER,Red Bull Racing,41,41,0,0,0,max_verstappen,2025,17,2025-17,False,-0.8575076152972922,41.0
ALB,Williams,56,20,21,4,2,albon,2025,18,2025-18,True,,
ALO,Aston Martin,56,44,6,4,0,alonso,2025,18,2025-18,True,,
ANT,Mercedes,56,17,11,1,0,antonelli,2025,18,2025-18,True,,
BEA,Haas F1 Team,56,19,22,1,0,bearman,2025,18,2025-18,True,,
BOR,Kick Sauber,56,22,6,0,3,bortoleto,2025,18,2025-18,True,,
COL,Alpine,56,32,8,0,5,colapinto,2025,18,2025-18,True,,
GAS,Alpine,54,20,28,1,2,gasly,2025,18,2025-18,True,,
HAD,Racing Bulls,56,38,12,0,3,hadjar,2025,18,2025-18,True,,
HAM,Ferrari,54,32,7,0,0,hamilton,2025,18,2025-18,True,,
HUL,Kick Sauber,55,18,17,0,1,hulkenberg,2025,18,2025-18,True,,
LAW,Racing Bulls,56,35,13,3,1,lawson,2025,18,2025-18,True,,
LEC,Ferrari,56,46,1,0,1,leclerc,2025,18,2025-18,True,,
NOR,McLaren,56,19,18,0,0,norris,2025,18,2025-18,True,,
OCO,Haas F1 Team,56,16,25,2,3,ocon,2025,18,2025-18,True,,
PIA,McLaren,56,55,0,0,0,piastri,2025,18,2025-18,True,,
RUS,Mercedes,56,55,0,0,0,russell,2025,18,2025-18,True,,
SAI,Williams,56,28,14,3,1,sainz,2025,18,2025-18,True,,
STR,Aston Martin,56,23,9,5,1,stroll,2025,18,2025-18,True,,
TSU,Red Bull Racing,56,20,23,1,2,tsunoda,2025,18,2025-18,True,,
VER,Red Bull Racing,56,54,0,0,0,max_verstappen,2025,18,2025-18,True,,
ALB,Williams,48,25,14,4,0,albon,2025,19,2025-19,False,-1.9070931430261966,25.0
ALO,Aston Martin,48,41,4,1,0,alonso,2025,19,2025-19,False,-2.0890094194456075,41.0
ANT,Mercedes,48,18,11,5,0,antonelli,2025,19,2025-19,False,-1.472614989725205,18.0
BEA,Haas F1 Team,48,23,3,0,3,bearman,2025,19,2025-19,False,-2.043431614343194,23.0
BOR,Kick Sauber,46,13,23,2,2,bortoleto,2025,19,2025-19,False,-2.338244106708449,13.0
COL,Alpine,48,31,5,1,3,colapinto,2025,19,2025-19,False,-2.5693580597644905,31.0
GAS,Alpine,48,26,6,0,5,gasly,2025,19,2025-19,False,-2.8545123470788263,26.0
HAD,Racing Bulls,48,23,7,1,2,hadjar,2025,19,2025-19,False,-1.9561093096202102,23.0
HAM,Ferrari,46,31,5,0,0,hamilton,2025,19,2025-19,False,-1.4221387157597614,31.0
HUL,Kick Sauber,49,42,4,0,1,hulkenberg,2025,19,2025-19,False,-1.8468410922038159,42.0
LAW,Racing Bulls,48,22,4,1,0,lawson,2025,19,2025-19,False,-2.249590408026455,22.0
LEC,Ferrari,47,40,4,2,2,leclerc,2025,19,2025-19,False,-1.1590794344486801,40.0
NOR,McLaren,47,22,16,2,0,norris,2025,19,2025-19,False,-0.9231377978003978,22.0
OCO,Haas F1 Team,48,27,10,0,6,ocon,2025,19,2025-19,False,-2.144432871488239,27.0
PIA,McLaren,47,43,3,0,0,piastri,2025,19,2025-19,False,-1.4953874231442186,43.0
RUS,Mercedes,49,31,3,0,0,russell,2025,19,2025-19,False,-1.4751221283857392,31.0
SAI,Williams,4,0,4,1,0,sainz,2025,19,2025-19,False,,
STR,Aston Martin,48,9,24,3,0,stroll,2025,19,2025-19,False,,
TSU,Red Bull Racing,48,44,3,1,0,tsunoda,2025,19,2025-19,False,-1.9491415657004958,44.0
VER,Red Bull Racing,47,47,0,0,0,max_verstappen,2025,19,2025-19,False,-1.0479942793549364,47.0
ALB,Williams,63,50,5,2,4,albon,2025,20,2025-20,False,-2.0290928904950505,50.0
ALO,Aston Martin,28,13,12,3,0,alonso,2025,20,2025-20,False,-1.8824733135741425,13.0
ANT,Mercedes,61,16,18,4,0,antonelli,2025,20,2025-20,False,-1.5059320205496554,16.0
BEA,Haas F1 Team,61,54,6,2,0,bearman,2025,20,2025-20,False,-1.6237448402544694,54.0
BOR,Kick Sauber,63,20,11,2,5,bortoleto,2025,20,2025-20,False,-2.071298554668124,20.0
COL,Alpine,62,55,3,0,2,colapinto,2025,20,2025-20,False,-2.6886685810603623,55.0
GAS,Alpine,62,57,1,1,7,gasly,2025,20,2025-20,False,-2.926995870974863,57.0
HAD,Racing Bulls,63,42,6,0,8,hadjar,2025,20,2025-20,False,-2.1871596887961062,42.0
HAM,Ferrari,61,45,5,5,0,hamilton,2025,20,2025-20,False,-1.6093454370566151,45.0
HUL,Kick Sauber,21,14,4,2,1,hulkenberg,2025,20,2025-20,False,-3.0107752377814125,14.0
LAW,Racing Bulls,1,1,0,0,0,lawson,2025,20,2025-20,False,,
LEC,Ferrari,63,60,1,0,0,leclerc,2025,20,2025-20,False,-1.5175748225020897,60.0
NOR,McLaren,64,64,0,0,0,norris,2025,20,2025-20,False,-1.0517802482740382,64.0
OCO,Haas F1 Team,63,35,17,1,1,ocon,2025,20,2025-20,False,-1.7888273567276254,35.0
PIA,McLaren,61,11,33,5,0,piastri,2025,20,2025-20,False,-1.3235105063560169,11.0
RUS,Mercedes,61,13,21,3,1,russell,2025,20,2025-20,False,-1.6303911098962167,13.0
SAI,Williams,58,30,16,3,1,sainz,2025,20,2025-20,False,-1.81567193111017,30.0
STR,Aston Martin,61,42,11,3,1,stroll,2025,20,2025-20,False,-2.44176585541349,42.0
TSU,Red Bull Racing,63,48,5,1,6,tsunoda,2025,20,2025-20,False,-2.122091153832028,48.0
VER,Red Bull Racing,63,39,8,0,0,max_verstappen,2025,20,2025-20,False,-1.3387986241165095,39.0
ALB,Williams,58,28,19,5,4,albon,2025,21,2025-21,False,-0.42284443370779307,28.0
ALO,Aston Martin,58,36,11,0,8,alonso,2025,21,2025-21,False,-0.7069489999472982,36.0
ANT,Mercedes,58,45,5,4,0,antonelli,2025,21,2025-21,False,0.11674299727677537,45.0
BEA,Haas F1 Team,58,33,16,7,1,bearman,2025,21,2025-21,False,-0.06996838726878382,33.0
BOR,Kick Sauber,0,0,0,0,0,bortoleto,2025,21,2025-21,False,,
COL,Alpine,58,20,11,0,5,colapinto,2025,21,2025-21,False,-0.7176923915943599,20.0
GAS,Alpine,58,2,53,2,1,gasly,2025,21,2025-21,False,,
HAD,Racing Bulls,58,32,17,3,1,hadjar,2025,21,2025-21,False,-0.5675484460854239,32.0
HAM,Ferrari,24,17,4,0,2,hamilton,2025,21,2025-21,False,-1.2960174419090469,17.0
HUL,Kick Sauber,60,16,35,3,4,hulkenberg,2025,21,2025-21,False,-0.17559958367687015,16.0
LAW,Racing Bulls,60,30,15,1,6,lawson,2025,21,2025-21,False,-0.3921019238740821,30.0
LEC,Ferrari,0,0,0,0,0,leclerc,2025,21,2025-21,False,,
NOR,McLaren,58,58,0,0,0,norris,2025,21,2025-21,False,0.42585787034909167,58.0
OCO,Haas F1 Team,59,45,9,1,5,ocon,2025,21,2025-21,False,-0.44507836253423194,45.0
PIA,McLaren,58,46,5,1,0,piastri,2025,21,2025-21,False,0.4029287757220299,46.0
RUS,Mercedes,58,52,5,4,1,russell,2025,21,2025-21,False,0.0666312366823165,52.0
SAI,Williams,58,18,27,4,1,sainz,2025,21,2025-21,False,-0.9398469161637643,18.0
STR,Aston Martin,58,25,16,1,3,stroll,2025,21,2025-21,False,-0.25189658228729445,25.0
TSU,Red Bull Racing,58,35,15,0,1,tsunoda,2025,21,2025-21,False,-0.5976551495379546,35.0
VER,Red Bull Racing,58,34,17,7,0,max_verstappen,2025,21,2025-21,False,0.11891981429203342,34.0
ALB,Williams,27,13,10,1,0,albon,2025,22,2025-22,False,-1.5387112205599183,13.0
ALO,Aston Martin,43,14,19,2,2,alonso,2025,22,2025-22,False,-2.842530296583175,14.0
ANT,Mercedes,44,34,5,2,0,antonelli,2025,22,2025-22,False,-1.1077786773576896,34.0
BEA,Haas F1 Team,42,25,7,3,1,bearman,2025,22,2025-22,False,-2.37638190739016,25.0
BOR,Kick Sauber,0,0,0,0,0,bortoleto,2025,22,2025-22,False,,
COL,Alpine,42,34,4,0,5,colapinto,2025,22,2025-22,False,-3.018866702464359,34.0
GAS,Alpine,44,31,3,0,1,gasly,2025,22,2025-22,False,-2.56048033228707,31.0
HAD,Racing Bulls,42,32,7,0,1,hadjar,2025,22,2025-22,False,-1.930145718632851,32.0
HAM,Ferrari,42,20,11,1,0,hamilton,2025,22,2025-22,False,-2.192713882585153,20.0
HUL,Kick Sauber,42,31,9,0,0,hulkenberg,2025,22,2025-22,False,-1.7921134497029072,31.0
LAW,Racing Bulls,42,14,7,1,0,lawson,2025,22,2025-22,False,-2.5299563689014413,14.0
LEC,Ferrari,42,20,11,3,0,leclerc,2025,22,2025-22,False,-1.6422723014327636,20.0
NOR,McLaren,42,37,1,1,0,norris,2025,22,2025-22,False,-1.2722647957799287,37.0
OCO,Haas F1 Team,41,18,8,1,2,ocon,2025,22,2025-22,False,-2.1278624928704013,18.0
PIA,McLaren,42,8,17,0,1,piastri,2025,22,2025-22,False,,
RUS,Mercedes,42,24,5,0,1,russell,2025,22,2025-22,False,-1.8192903547302088,24.0
SAI,Williams,42,33,2,0,0,sainz,2025,22,2025-22,False,-1.6683647690775103,33.0
STR,Aston Martin,0,0,0,0,0,stroll,2025,22,2025-22,False,,
TSU,Red Bull Racing,42,29,10,1,2,tsunoda,2025,22,2025-22,False,-2.1491904714326755,29.0
VER,Red Bull Racing,42,42,0,0,0,max_verstappen,2025,22,2025-22,False,-1.1060795521622,42.0
ALB,Williams,49,14,15,0,0,albon,2025,23,2025-23,False,-1.9267438291689387,14.0
ALO,Aston Martin,49,35,5,0,2,alonso,2025,23,2025-23,False,-2.3593796580934567,35.0
ANT,Mercedes,49,25,5,0,2,antonelli,2025,23,2025-23,False,-1.577953942065068,25.0
BEA,Haas F1 Team,32,1,23,0,0,bearman,2025,23,2025-23,False,,
BOR,Kick Sauber,49,26,20,0,1,bortoleto,2025,23,2025-23,False,-3.2387734759533515,26.0
COL,Alpine,49,23,6,0,0,colapinto,2025,23,2025-23,False,-2.810600773293935,23.0
GAS,Alpine,49,18,6,0,0,gasly,2025,23,2025-23,False,-2.253469516599992,18.0
HAD,Racing Bulls,47,17,10,1,0,hadjar,2025,23,2025-23,False,-2.08056988123286,17.0
HAM,Ferrari,49,13,19,0,0,hamilton,2025,23,2025-23,False,-2.4949701690029444,13.0
HUL,Kick Sauber,5,0,5,1,0,hulkenberg,2025,23,2025-23,False,,
LAW,Racing Bulls,49,8,25,0,0,lawson,2025,23,2025-23,False,,
LEC,Ferrari,49,8,24,0,1,leclerc,2025,23,2025-23,False,,
NOR,McLaren,47,27,10,1,0,norris,2025,23,2025-23,False,-0.8402031711462504,27.0
OCO,Haas F1 Team,49,5,29,0,0,ocon,2025,23,2025-23,False,,
PIA,McLaren,47,43,2,1,0,piastri,2025,23,2025-23,False,-0.636432733229711,43.0
RUS,Mercedes,49,4,26,1,0,russell,2025,23,2025-23,False,,
SAI,Williams,49,41,2,0,0,sainz,2025,23,2025-23,False,-1.7828756597624664,41.0
STR,Aston Martin,45,25,18,1,0,stroll,2025,23,2025-23,False,-2.0788174387097094,25.0
TSU,Red Bull Racing,49,0,26,0,0,tsunoda,2025,23,2025-23,False,,
VER,Red Bull Racing,49,42,2,0,0,max_verstappen,2025,23,2025-23,False,-1.1346907666446824,42.0
ALB,Williams,52,18,13,2,4,albon,2025,24,2025-24,False,-1.3478523742945945,18.0
ALO,Aston Martin,54,35,9,2,1,alonso,2025,24,2025-24,False,-1.6056865509050164,35.0
ANT,Mercedes,54,10,29,3,6,antonelli,2025,24,2025-24,False,-1.121092936723053,10.0
BEA,Haas F1 Team,54,5,21,4,2,bearman,2025,24,2025-24,False,,
BOR,Kick Sauber,54,8,31,1,4,bortoleto,2025,24,2025-24,False,,
COL,Alpine,52,39,2,0,4,colapinto,2025,24,2025-24,False,-1.7741536711898738,39.0
GAS,Alpine,52,41,4,0,2,gasly,2025,24,2025-24,False,-1.617836515470092,41.0
HAD,Racing Bulls,54,25,13,0,9,hadjar,2025,24,2025-24,False,-1.841675019931093,25.0
HAM,Ferrari,52,7,27,8,0,hamilton,2025,24,2025-24,False,,
HUL,Kick Sauber,52,3,30,6,3,hulkenberg,2025,24,2025-24,False,,
LAW,Racing Bulls,54,32,13,1,5,lawson,2025,24,2025-24,False,-1.7440243504608222,32.0
LEC,Ferrari,52,29,10,5,0,leclerc,2025,24,2025-24,False,-0.218054348005109,29.0
NOR,McLaren,52,40,2,3,0,norris,2025,24,2025-24,False,-0.2271415298138664,40.0
OCO,Haas F1 Team,54,10,29,4,0,ocon,2025,24,2025-24,False,-1.381271474707506,10.0
PIA,McLaren,54,44,1,0,0,piastri,2025,24,2025-24,False,-0.5033929157873932,44.0
RUS,Mercedes,54,40,7,3,1,russell,2025,24,2025-24,False,-1.1257651653810894,40.0
SAI,Williams,54,9,15,1,5,sainz,2025,24,2025-24,False,,
STR,Aston Martin,54,21,26,8,3,stroll,2025,24,2025-24,False,-1.2708135978097226,21.0
TSU,Red Bull Racing,54,21,13,3,5,tsunoda,2025,24,2025-24,False,-1.6146600422601114,21.0
VER,Red Bull Racing,54,52,1,0,0,max_verstappen,2025,24,2025-24,False,-0.33449013751879714,52.0
ALB,Williams,49,42,5,1,2,albon,2026,1,2026-01,False,-1.858890345034491,42.0
ALO,Aston Martin,16,9,5,0,7,alonso,2026,1,2026-01,False,,
ANT,Mercedes,48,41,4,3,0,antonelli,2026,1,2026-01,False,1.443822358038111,41.0
BEA,Haas F1 Team,49,18,16,5,2,bearman,2026,1,2026-01,False,-0.699757261668911,18.0
BOR,Audi,49,31,11,3,2,bortoleto,2026,1,2026-01,False,-0.7091253168777583,31.0
BOT,Cadillac,11,4,2,0,3,bottas,2026,1,2026-01,False,,
COL,Alpine,44,36,3,2,1,colapinto,2026,1,2026-01,False,-1.3089926100299085,36.0
GAS,Alpine,49,33,13,2,3,gasly,2026,1,2026-01,False,-0.9428279093943847,33.0
HAD,Red Bull Racing,9,8,1,0,1,hadjar,2026,1,2026-01,False,,
HAM,Ferrari,47,29,6,0,0,hamilton,2026,1,2026-01,False,0.8532791651978205,29.0
LAW,Racing Bulls,49,29,14,3,0,lawson,2026,1,2026-01,False,-1.310348167419347,29.0
LEC,Ferrari,47,46,1,1,1,leclerc,2026,1,2026-01,False,0.7860337027642983,46.0
LIN,Racing Bulls,48,40,0,0,3,arvid_lindblad,2026,1,2026-01,False,-0.8418179517440847,40.0
NOR,McLaren,48,34,9,2,1,norris,2026,1,2026-01,False,0.4223975778706728,34.0
OCO,Haas F1 Team,49,14,22,1,3,ocon,2026,1,2026-01,False,-1.5367623111001831,14.0
PER,Cadillac,45,42,1,0,0,perez,2026,1,2026-01,False,-4.127992762940358,42.0
RUS,Mercedes,49,38,9,1,1,russell,2026,1,2026-01,False,1.38523028718228,38.0
SAI,Williams,46,22,14,1,2,sainz,2026,1,2026-01,False,-1.7616107868468827,21.0
STR,Aston Martin,29,23,4,0,0,stroll,2026,1,2026-01,False,-3.6902900298253045,23.0
VER,Red Bull Racing,47,23,15,7,0,max_verstappen,2026,1,2026-01,False,0.3085599251284242,23.0
ALO,Aston Martin,22,7,5,0,11,alonso,2026,2,2026-02,False,,
ANT,Mercedes,46,46,0,1,0,antonelli,2026,2,2026-02,False,0.017711307484615767,46.0
BEA,Haas F1 Team,46,33,10,6,1,bearman,2026,2,2026-02,False,-1.2921489790372194,33.0
BOT,Cadillac,45,34,5,2,4,bottas,2026,2,2026-02,False,-3.5325353576756533,34.0
COL,Alpine,44,26,7,1,5,colapinto,2026,2,2026-02,False,-1.6851409612637243,26.0
GAS,Alpine,45,31,12,2,3,gasly,2026,2,2026-02,False,-1.0671650438645393,31.0
HAD,Red Bull Racing,44,14,20,5,0,hadjar,2026,2,2026-02,False,-1.8610173877196623,14.0
HAM,Ferrari,46,24,16,3,2,hamilton,2026,2,2026-02,False,-0.5711322555167407,24.0
HUL,Audi,42,17,11,8,3,hulkenberg,2026,2,2026-02,False,-1.7231261164985032,17.0
LAW,Racing Bulls,43,21,6,1,2,lawson,2026,2,2026-02,False,-1.6545820207575228,21.0
LEC,Ferrari,46,18,18,4,2,leclerc,2026,2,2026-02,False,-0.6947092123164238,18.0
LIN,Racing Bulls,43,21,9,0,6,arvid_lindblad,2026,2,2026-02,False,-1.7511392881871968,21.0
OCO,Haas F1 Team,41,21,16,4,5,ocon,2026,2,2026-02,False,-2.036075562110614,21.0
PER,Cadillac,45,23,5,1,3,perez,2026,2,2026-02,False,-3.780548377796119,22.0
RUS,Mercedes,46,25,13,5,2,russell,2026,2,2026-02,False,0.1556900994269487,25.0
SAI,Williams,44,28,10,2,4,sainz,2026,2,2026-02,False,-2.439696723214349,28.0
STR,Aston Martin,8,1,2,0,0,stroll,2026,2,2026-02,False,,
VER,Red Bull Racing,34,16,13,8,0,max_verstappen,2026,2,2026-02,False,-1.2331790284097404,16.0
ALB,Williams,37,17,11,0,1,albon,2026,3,2026-03,False,-1.9538620237456568,17.0
ALO,Aston Martin,44,28,15,0,0,alonso,2026,3,2026-03,False,-4.1174308818465315,28.0
ANT,Mercedes,45,31,13,3,1,antonelli,2026,3,2026-03,False,0.5143073737530185,31.0
BEA,Haas F1 Team,17,2,9,3,1,bearman,2026,3,2026-03,False,,
BOR,Audi,44,10,16,1,4,bortoleto,2026,3,2026-03,False,-1.804882645365091,10.0
BOT,Cadillac,42,33,7,0,1,bottas,2026,3,2026-03,False,-3.7364804663780964,32.0
COL,Alpine,42,0,29,1,0,colapinto,2026,3,2026-03,False,,
GAS,Alpine,45,37,1,1,1,gasly,2026,3,2026-03,False,-0.7227305574403466,37.0
HAD,Red Bull Racing,42,16,21,2,3,hadjar,2026,3,2026-03,False,-1.1472152043646178,16.0
HAM,Ferrari,45,9,14,2,4,hamilton,2026,3,2026-03,False,,
HUL,Audi,44,8,30,5,2,hulkenberg,2026,3,2026-03,False,,
LAW,Racing Bulls,43,23,6,0,0,lawson,2026,3,2026-03,False,-1.4913907535879078,23.0
LEC,Ferrari,43,19,16,3,3,leclerc,2026,3,2026-03,False,-0.06954986709776872,19.0
LIN,Racing Bulls,42,9,13,2,3,arvid_lindblad,2026,3,2026-03,False,,
NOR,McLaren,43,12,18,2,3,norris,2026,3,2026-03,False,0.12008721964959916,12.0
OCO,Haas F1 Team,42,8,27,3,0,ocon,2026,3,2026-03,False,,
PER,Cadillac,44,35,2,0,2,perez,2026,3,2026-03,False,-2.9699106573118046,35.0
PIA,McLaren,43,38,2,1,1,piastri,2026,3,2026-03,False,0.1431376386331968,38.0
RUS,Mercedes,44,5,32,5,4,russell,2026,3,2026-03,False,,
SAI,Williams,44,23,6,0,2,sainz,2026,3,2026-03,False,-1.918948913896799,23.0
STR,Aston Martin,21,13,7,1,0,stroll,2026,3,2026-03,False,-3.4192656292798103,13.0
VER,Red Bull Racing,45,17,25,2,1,max_verstappen,2026,3,2026-03,False,-0.6777623495497004,17.0
ALB,Williams,43,31,7,0,3,albon,2026,4,2026-04,True,,
ALO,Aston Martin,43,25,16,2,1,alonso,2026,4,2026-04,True,,
ANT,Mercedes,44,37,3,3,0,antonelli,2026,4,2026-04,True,,
BEA,Haas F1 Team,43,11,12,0,1,bearman,2026,4,2026-04,True,,
BOR,Audi,43,28,10,2,1,bortoleto,2026,4,2026-04,True,,
BOT,Cadillac,40,27,9,0,1,bottas,2026,4,2026-04,True,,
COL,Alpine,43,37,1,0,1,colapinto,2026,4,2026-04,True,,
GAS,Alpine,3,0,3,1,0,gasly,2026,4,2026-04,True,,
HAD,Red Bull Racing,3,0,2,2,0,hadjar,2026,4,2026-04,True,,
HAM,Ferrari,43,32,6,0,1,hamilton,2026,4,2026-04,True,,
HUL,Audi,2,2,0,0,0,hulkenberg,2026,4,2026-04,True,,
LAW,Racing Bulls,3,2,0,0,1,lawson,2026,4,2026-04,True,,
LEC,Ferrari,44,28,13,3,3,leclerc,2026,4,2026-04,True,,
LIN,Racing Bulls,42,34,3,1,2,arvid_lindblad,2026,4,2026-04,True,,
NOR,McLaren,44,19,10,1,0,norris,2026,4,2026-04,True,,
OCO,Haas F1 Team,43,24,8,0,0,ocon,2026,4,2026-04,True,,
PER,Cadillac,43,34,6,0,4,perez,2026,4,2026-04,True,,
PIA,McLaren,44,23,12,2,1,piastri,2026,4,2026-04,True,,
RUS,Mercedes,44,22,11,4,3,russell,2026,4,2026-04,True,,
SAI,Williams,43,33,8,0,4,sainz,2026,4,2026-04,True,,
STR,Aston Martin,41,35,5,0,2,stroll,2026,4,2026-04,True,,
VER,Red Bull Racing,46,31,8,9,1,max_verstappen,2026,4,2026-04,True,,
ALB,Williams,10,3,4,3,1,albon,2026,5,2026-05,True,,
ALO,Aston Martin,16,6,8,1,5,alonso,2026,5,2026-05,True,,
ANT,Mercedes,55,37,13,0,0,antonelli,2026,5,2026-05,True,,
BEA,Haas F1 Team,54,40,1,0,2,bearman,2026,5,2026-05,True,,
BOR,Audi,49,43,2,2,1,bortoleto,2026,5,2026-05,True,,
BOT,Cadillac,47,46,0,0,1,bottas,2026,5,2026-05,True,,
COL,Alpine,53,53,0,0,0,colapinto,2026,5,2026-05,True,,
GAS,Alpine,52,24,19,2,3,gasly,2026,5,2026-05,True,,
HAD,Red Bull Racing,53,30,6,0,0,hadjar,2026,5,2026-05,True,,
HAM,Ferrari,54,31,21,1,1,hamilton,2026,5,2026-05,True,,
HUL,Audi,48,42,3,1,2,hulkenberg,2026,5,2026-05,True,,
LAW,Racing Bulls,52,46,0,0,0,lawson,2026,5,2026-05,True,,
LEC,Ferrari,55,41,8,0,0,leclerc,2026,5,2026-05,True,,
NOR,McLaren,25,12,7,6,0,norris,2026,5,2026-05,True,,
OCO,Haas F1 Team,51,43,5,0,4,ocon,2026,5,2026-05,True,,
PER,Cadillac,27,14,5,0,0,perez,2026,5,2026-05,True,,
PIA,McLaren,52,44,4,5,0,piastri,2026,5,2026-05,True,,
RUS,Mercedes,25,18,6,0,0,russell,2026,5,2026-05,True,,
SAI,Williams,52,52,0,3,0,sainz,2026,5,2026-05,True,,
STR,Aston Martin,47,42,2,0,4,stroll,2026,5,2026-05,True,,
VER,Red Bull Racing,54,41,13,1,1,max_verstappen,2026,5,2026-05,True,,
ALB,Williams,60,34,2,1,2,albon,2026,6,2026-06,False,-1.338009050086004,34.0
ALO,Aston Martin,60,52,2,0,0,alonso,2026,6,2026-06,False,-1.9855862863846743,52.0
ANT,Mercedes,62,62,0,0,0,antonelli,2026,6,2026-06,False,1.9619146878746685,62.0
BEA,Haas F1 Team,25,12,12,0,0,bearman,2026,6,2026-06,False,-0.5056723642256289,12.0
BOR,Audi,58,29,27,0,0,bortoleto,2026,6,2026-06,False,-0.03909172942271877,28.0
BOT,Cadillac,13,12,0,0,0,bottas,2026,6,2026-06,False,-4.051404211001219,12.0
COL,Alpine,60,24,17,0,0,colapinto,2026,6,2026-06,False,-0.8182326559141156,24.0
GAS,Alpine,61,58,0,0,0,gasly,2026,6,2026-06,False,-0.2023559987680555,58.0
HAD,Red Bull Racing,61,58,0,0,0,hadjar,2026,6,2026-06,False,-0.17036497652041885,58.0
HAM,Ferrari,62,60,0,0,0,hamilton,2026,6,2026-06,False,1.2588914515880654,60.0
HUL,Audi,60,12,37,1,1,hulkenberg,2026,6,2026-06,False,0.8374098766319507,12.0
LAW,Racing Bulls,60,53,3,0,0,lawson,2026,6,2026-06,False,-0.6183275140321229,53.0
LEC,Ferrari,56,53,1,0,0,leclerc,2026,6,2026-06,False,1.3634671293733445,53.0
LIN,Racing Bulls,62,19,23,1,0,arvid_lindblad,2026,6,2026-06,False,-0.4201804056827997,19.0
NOR,McLaren,42,4,33,0,0,norris,2026,6,2026-06,False,,
OCO,Haas F1 Team,60,25,26,0,0,ocon,2026,6,2026-06,False,0.08049553232810336,25.0
PER,Cadillac,57,44,4,0,0,perez,2026,6,2026-06,False,-1.9456000731664864,44.0
PIA,McLaren,61,55,7,0,0,piastri,2026,6,2026-06,False,0.03116352892182737,55.0
RUS,Mercedes,59,23,28,0,0,russell,2026,6,2026-06,False,1.12072245908075,23.0
SAI,Williams,54,47,1,0,0,sainz,2026,6,2026-06,False,-1.0607632465882484,47.0
STR,Aston Martin,53,52,0,0,0,stroll,2026,6,2026-06,False,-2.046561541457098,52.0
VER,Red Bull Racing,0,0,0,0,0,max_verstappen,2026,6,2026-06,False,,
ALB,Williams,44,30,3,1,1,albon,2026,7,2026-07,False,-2.5307927578638703,30.0
ALO,Aston Martin,34,21,8,1,4,alonso,2026,7,2026-07,False,-3.706316075228761,21.0
ANT,Mercedes,53,18,11,0,0,antonelli,2026,7,2026-07,False,0.8875064753192704,18.0
BEA,Haas F1 Team,54,26,13,2,0,bearman,2026,7,2026-07,False,-2.332720797935811,19.0
BOR,Audi,51,19,13,3,2,bortoleto,2026,7,2026-07,False,-2.101677569915548,19.0
BOT,Cadillac,12,8,0,0,1,bottas,2026,7,2026-07,False,,
COL,Alpine,54,33,7,0,1,colapinto,2026,7,2026-07,False,-1.277903839031732,33.0
GAS,Alpine,56,28,15,0,1,gasly,2026,7,2026-07,False,-1.4036208903597802,28.0
HAD,Red Bull Racing,51,39,9,5,0,hadjar,2026,7,2026-07,False,-0.15855746950015026,39.0
HAM,Ferrari,54,42,4,0,0,hamilton,2026,7,2026-07,False,1.040849967542579,42.0
HUL,Audi,25,2,16,1,0,hulkenberg,2026,7,2026-07,False,,
LAW,Racing Bulls,54,48,1,0,0,lawson,2026,7,2026-07,False,-1.3055909226150761,48.0
LEC,Ferrari,55,35,8,1,0,leclerc,2026,7,2026-07,False,0.4555593047192523,35.0
LIN,Racing Bulls,55,39,7,3,3,arvid_lindblad,2026,7,2026-07,False,-1.399016147455966,39.0
NOR,McLaren,53,25,1,0,0,norris,2026,7,2026-07,False,0.774771384706227,25.0
OCO,Haas F1 Team,51,40,4,1,3,ocon,2026,7,2026-07,False,-2.4317359647458483,40.0
PER,Cadillac,51,33,5,1,0,perez,2026,7,2026-07,False,-3.6184295253185788,33.0
PIA,McLaren,55,45,3,0,1,piastri,2026,7,2026-07,False,0.33107505102719365,45.0
RUS,Mercedes,53,52,0,0,0,russell,2026,7,2026-07,False,0.9545710460231805,52.0
SAI,Williams,51,37,2,0,2,sainz,2026,7,2026-07,False,-2.0544181765412954,37.0
STR,Aston Martin,3,0,1,0,0,stroll,2026,7,2026-07,False,,
VER,Red Bull Racing,55,47,1,0,0,max_verstappen,2026,7,2026-07,False,0.5003033015175714,47.0
ALB,Williams,60,40,5,1,2,albon,2026,8,2026-08,False,-2.118709150900386,40.0
ALO,Aston Martin,62,51,6,0,4,alonso,2026,8,2026-08,False,-3.273259883098536,51.0
ANT,Mercedes,63,44,10,2,1,antonelli,2026,8,2026-08,False,1.064110712703318,44.0
BEA,Haas F1 Team,63,42,8,0,2,bearman,2026,8,2026-08,False,-1.6190310955203715,42.0
BOR,Audi,60,53,7,2,1,bortoleto,2026,8,2026-08,False,-0.771221170017744,53.0
BOT,Cadillac,0,0,0,0,0,bottas,2026,8,2026-08,False,,
COL,Alpine,60,37,18,4,0,colapinto,2026,8,2026-08,False,-1.1911299156995308,37.0
GAS,Alpine,60,36,18,3,0,gasly,2026,8,2026-08,False,-0.790619310145061,36.0
HAD,Red Bull Racing,60,32,12,2,1,hadjar,2026,8,2026-08,False,0.5816336946618522,32.0
HAM,Ferrari,60,26,13,3,1,hamilton,2026,8,2026-08,False,0.4416364294051794,26.0
HUL,Audi,60,46,13,1,0,hulkenberg,2026,8,2026-08,False,-0.7073632310491522,46.0
LAW,Racing Bulls,60,35,5,0,2,lawson,2026,8,2026-08,False,-0.5213547862868596,35.0
LEC,Ferrari,58,39,6,0,5,leclerc,2026,8,2026-08,False,0.6871110636883345,39.0
LIN,Racing Bulls,60,42,6,0,1,arvid_lindblad,2026,8,2026-08,False,-0.684277671099174,42.0
NOR,McLaren,61,29,6,0,0,norris,2026,8,2026-08,False,0.6713309120212962,29.0
OCO,Haas F1 Team,60,49,4,2,3,ocon,2026,8,2026-08,False,-1.963634352105957,48.0
PER,Cadillac,2,0,2,0,0,perez,2026,8,2026-08,False,,
PIA,McLaren,60,40,10,1,0,piastri,2026,8,2026-08,False,0.6859890484603338,40.0
RUS,Mercedes,60,60,0,0,0,russell,2026,8,2026-08,False,0.9590088597298748,60.0
SAI,Williams,20,6,10,2,0,sainz,2026,8,2026-08,False,,
STR,Aston Martin,40,19,3,0,3,stroll,2026,8,2026-08,False,-2.8675998532769484,19.0
VER,Red Bull Racing,60,44,7,3,0,max_verstappen,2026,8,2026-08,False,1.0640470316276833,44.0
ALB,Williams,30,30,0,0,0,albon,2026,9,2026-09,False,-2.131709792049562,29.0
ALO,Aston Martin,38,26,9,0,1,alonso,2026,9,2026-09,False,-3.9039812065884867,26.0
ANT,Mercedes,35,27,6,1,0,antonelli,2026,9,2026-09,False,0.9499744114413068,27.0
BEA,Haas F1 Team,38,16,9,1,5,bearman,2026,9,2026-09,False,-1.8482776856630414,16.0
BOR,Audi,38,30,4,1,0,bortoleto,2026,9,2026-09,False,-0.9802688923461729,30.0
BOT,Cadillac,38,33,3,0,3,bottas,2026,9,2026-09,False,-3.038992110482639,33.0
COL,Alpine,39,30,4,2,0,colapinto,2026,9,2026-09,False,-1.179434861499531,30.0
GAS,Alpine,38,32,4,3,0,gasly,2026,9,2026-09,False,-1.1192054923092927,32.0
HAD,Red Bull Racing,38,29,4,2,0,hadjar,2026,9,2026-09,False,-0.3584356341067418,29.0
HAM,Ferrari,39,19,14,0,1,hamilton,2026,9,2026-09,False,0.35327516119635316,19.0
HUL,Audi,29,5,11,6,0,hulkenberg,2026,9,2026-09,False,,
LAW,Racing Bulls,39,37,1,0,1,lawson,2026,9,2026-09,False,-0.7565471209691227,37.0
LEC,Ferrari,40,40,0,0,0,leclerc,2026,9,2026-09,False,0.5912235293921262,40.0
LIN,Racing Bulls,38,11,3,0,1,arvid_lindblad,2026,9,2026-09,False,-0.8240395956335345,11.0
NOR,McLaren,39,22,8,0,0,norris,2026,9,2026-09,False,0.09937903882006155,22.0
OCO,Haas F1 Team,39,14,14,2,2,ocon,2026,9,2026-09,False,-1.9921537765455724,14.0
PER,Cadillac,39,31,2,0,2,perez,2026,9,2026-09,False,-2.488708417607341,31.0
PIA,McLaren,38,31,3,5,0,piastri,2026,9,2026-09,False,-0.06282506360408951,31.0
RUS,Mercedes,37,28,6,0,0,russell,2026,9,2026-09,False,0.401230485194656,28.0
SAI,Williams,39,23,11,1,6,sainz,2026,9,2026-09,False,-1.6268883377430385,23.0
STR,Aston Martin,37,33,0,0,2,stroll,2026,9,2026-09,False,-4.188754808476315,33.0
VER,Red Bull Racing,39,24,5,0,0,max_verstappen,2026,9,2026-09,False,0.119434298127103,24.0
ALB,Williams,35,29,2,0,3,albon,2026,10,2026-10,False,-1.713550666343166,29.0
ALO,Aston Martin,31,27,2,0,5,alonso,2026,10,2026-10,False,-4.124894962267598,26.0
ANT,Mercedes,34,27,4,2,0,antonelli,2026,10,2026-10,False,0.5856185010534017,27.0
BEA,Haas F1 Team,35,21,10,4,1,bearman,2026,10,2026-10,False,-1.4271790297575115,21.0
BOR,Audi,35,24,10,0,3,bortoleto,2026,10,2026-10,False,-0.5032109840748076,24.0
BOT,Cadillac,34,30,3,1,2,bottas,2026,10,2026-10,False,-2.934607877829322,30.0
COL,Alpine,34,15,14,2,1,colapinto,2026,10,2026-10,False,-0.8724835316510722,15.0
GAS,Alpine,33,0,20,3,0,gasly,2026,10,2026-10,False,,
HAD,Red Bull Racing,35,28,6,10,0,hadjar,2026,10,2026-10,False,0.30985590909552413,28.0
HAM,Ferrari,34,19,10,2,0,hamilton,2026,10,2026-10,False,0.32230254990057017,19.0
HUL,Audi,35,5,25,1,3,hulkenberg,2026,10,2026-10,False,,
LAW,Racing Bulls,33,10,16,0,3,lawson,2026,10,2026-10,False,-1.214354992966171,10.0
LEC,Ferrari,35,15,14,1,2,leclerc,2026,10,2026-10,False,0.39421102877218867,15.0
LIN,Racing Bulls,33,29,2,0,1,arvid_lindblad,2026,10,2026-10,False,-0.36444489573669286,29.0
NOR,McLaren,33,21,7,4,3,norris,2026,10,2026-10,False,0.6101467406085799,21.0
OCO,Haas F1 Team,34,16,10,4,2,ocon,2026,10,2026-10,False,-1.660573104876155,16.0
PER,Cadillac,6,3,1,2,2,perez,2026,10,2026-10,False,,
PIA,McLaren,35,17,5,0,2,piastri,2026,10,2026-10,False,-0.18040181297564534,17.0
RUS,Mercedes,0,0,0,0,0,russell,2026,10,2026-10,False,,
SAI,Williams,32,19,6,1,2,sainz,2026,10,2026-10,False,-1.249898025172093,19.0
STR,Aston Martin,15,5,4,0,4,stroll,2026,10,2026-10,False,,
VER,Red Bull Racing,34,23,4,2,0,max_verstappen,2026,10,2026-10,False,0.4151982184072683,23.0
ALB,Williams,61,41,12,0,4,albon,2026,11,2026-11,False,-2.519570896971461,41.0
ALO,Aston Martin,62,40,15,1,6,alonso,2026,11,2026-11,False,-1.6838753496180316,40.0
ANT,Mercedes,60,39,5,0,1,antonelli,2026,11,2026-11,False,0.7165278894956765,39.0
BEA,Haas F1 Team,59,34,15,0,1,bearman,2026,11,2026-11,False,-2.8183046578691573,34.0
BOR,Audi,62,38,20,2,2,bortoleto,2026,11,2026-11,False,-0.9025644231364606,38.0
BOT,Cadillac,12,4,2,1,1,bottas,2026,11,2026-11,False,,
COL,Alpine,60,37,10,1,2,colapinto,2026,11,2026-11,False,-1.8914938751630597,37.0
GAS,Alpine,60,48,5,3,1,gasly,2026,11,2026-11,False,-1.5553275754458546,48.0
HAD,Red Bull Racing,60,54,4,0,0,hadjar,2026,11,2026-11,False,-0.1603891256054143,54.0
HAM,Ferrari,60,26,22,0,0,hamilton,2026,11,2026-11,False,0.4732695742195881,26.0
HUL,Audi,60,17,14,2,1,hulkenberg,2026,11,2026-11,False,-1.4870414747535603,17.0
LAW,Racing Bulls,60,52,6,2,0,lawson,2026,11,2026-11,False,-1.1837330637300956,52.0
LEC,Ferrari,60,35,11,0,0,leclerc,2026,11,2026-11,False,0.19833744024063682,35.0
LIN,Racing Bulls,61,53,3,1,2,arvid_lindblad,2026,11,2026-11,False,-1.0535847483497438,53.0
NOR,McLaren,61,30,17,1,0,norris,2026,11,2026-11,False,0.6662029769626064,30.0
OCO,Haas F1 Team,59,40,4,0,2,ocon,2026,11,2026-11,False,-2.0196490356221926,40.0
PER,Cadillac,40,33,2,0,1,perez,2026,11,2026-11,False,-3.7322308215981144,12.0
PIA,McLaren,48,46,1,0,0,piastri,2026,11,2026-11,False,0.4498046876730842,46.0
RUS,Mercedes,61,44,14,10,0,russell,2026,11,2026-11,False,0.26574297658022106,44.0
SAI,Williams,58,34,7,0,2,sainz,2026,11,2026-11,False,-2.756619936922769,34.0
STR,Aston Martin,61,45,12,4,2,stroll,2026,11,2026-11,False,-1.4335107043583932,45.0
VER,Red Bull Racing,60,48,4,0,0,max_verstappen,2026,11,2026-11,False,0.4634648796211773,48.0
ALB,Williams,52,39,7,0,4,albon,2026,12,2026-12,True,,
ALO,Aston Martin,58,37,13,1,2,alonso,2026,12,2026-12,True,,
ANT,Mercedes,57,49,3,0,0,antonelli,2026,12,2026-12,True,,
BEA,Haas F1 Team,0,0,0,0,0,bearman,2026,12,2026-12,True,,
BOR,Audi,57,21,26,5,0,bortoleto,2026,12,2026-12,True,,
BOT,Cadillac,48,37,5,0,5,bottas,2026,12,2026-12,True,,
COL,Alpine,54,29,16,4,4,colapinto,2026,12,2026-12,True,,
GAS,Alpine,56,23,25,2,3,gasly,2026,12,2026-12,True,,
HAM,Ferrari,58,32,17,1,0,hamilton,2026,12,2026-12,True,,
HUL,Audi,56,38,12,3,0,hulkenberg,2026,12,2026-12,True,,
LAW,Red Bull Racing,57,53,1,1,0,lawson,2026,12,2026-12,True,,
LEC,Ferrari,56,33,20,1,0,leclerc,2026,12,2026-12,True,,
LIN,Racing Bulls,58,39,12,5,3,arvid_lindblad,2026,12,2026-12,True,,
NOR,McLaren,57,25,13,0,0,norris,2026,12,2026-12,True,,
OCO,Haas F1 Team,43,19,16,5,0,ocon,2026,12,2026-12,True,,
PER,Cadillac,58,35,9,0,6,perez,2026,12,2026-12,True,,
PIA,McLaren,56,44,2,0,2,piastri,2026,12,2026-12,True,,
RUS,Mercedes,56,46,1,0,0,russell,2026,12,2026-12,True,,
SAI,Williams,55,27,22,5,8,sainz,2026,12,2026-12,True,,
STR,Aston Martin,35,16,12,2,0,stroll,2026,12,2026-12,True,,
TSU,Racing Bulls,56,45,8,2,0,tsunoda,2026,12,2026-12,True,,
VER,Red Bull Racing,0,0,0,0,0,max_verstappen,2026,12,2026-12,True,,
ALB,Williams,42,23,2,1,1,albon,2026,13,2026-13,False,-1.533632742686291,23.0
ALO,Aston Martin,16,3,13,3,2,alonso,2026,13,2026-13,False,,
ANT,Mercedes,44,20,20,9,0,antonelli,2026,13,2026-13,False,0.27775104658181327,20.0
BEA,Haas F1 Team,45,28,7,0,4,bearman,2026,13,2026-13,False,-1.577434427342887,28.0
BOR,Audi,45,25,12,4,1,bortoleto,2026,13,2026-13,False,-1.358242791984751,25.0
BOT,Cadillac,43,36,1,1,1,bottas,2026,13,2026-13,False,-3.258373220901017,34.0
COL,Alpine,45,25,15,4,1,colapinto,2026,13,2026-13,False,-0.43475868908275533,25.0
GAS,Alpine,44,22,14,0,6,gasly,2026,13,2026-13,False,-0.1629627853894195,22.0
HAM,Ferrari,45,15,13,4,7,hamilton,2026,13,2026-13,False,-0.5045708784581464,15.0
HUL,Audi,44,25,16,3,3,hulkenberg,2026,13,2026-13,False,-1.3615558943543804,25.0
LAW,Red Bull Racing,42,29,7,6,0,lawson,2026,13,2026-13,False,-0.8635827658511007,29.0
LEC,Ferrari,0,0,0,0,0,leclerc,2026,13,2026-13,False,,
LIN,Racing Bulls,44,39,2,0,1,arvid_lindblad,2026,13,2026-13,False,-0.7764583766459652,39.0
NOR,McLaren,44,8,27,2,3,norris,2026,13,2026-13,False,,
OCO,Haas F1 Team,45,19,13,1,4,ocon,2026,13,2026-13,False,-2.4472879720933745,19.0
PER,Cadillac,44,34,7,2,5,perez,2026,13,2026-13,False,-3.35228964526456,34.0
PIA,McLaren,45,20,22,5,7,piastri,2026,13,2026-13,False,-0.12855011275401046,20.0
RUS,Mercedes,45,34,8,1,1,russell,2026,13,2026-13,False,0.3987726836924801,34.0
SAI,Williams,44,20,10,2,3,sainz,2026,13,2026-13,False,-1.4995574366334468,20.0
STR,Aston Martin,20,13,0,0,2,stroll,2026,13,2026-13,False,-3.7493068876380704,13.0
TSU,Racing Bulls,43,37,3,1,1,tsunoda,2026,13,2026-13,False,-1.2555064683223274,37.0
VER,Red Bull Racing,45,17,16,7,3,max_verstappen,2026,13,2026-13,False,-0.30982418124041783,17.0
ALB,Williams,52,50,1,0,1,albon,2026,14,2026-14,False,-3.5582862351703377,50.0
ALO,Aston Martin,48,34,13,2,0,alonso,2026,14,2026-14,False,-3.019407487278656,34.0
ANT,Mercedes,51,38,4,1,0,antonelli,2026,14,2026-14,False,-0.5220240458659756,38.0
BEA,Haas F1 Team,47,26,15,1,0,bearman,2026,14,2026-14,False,-2.0262815932154252,26.0
BOR,Audi,50,37,7,1,0,bortoleto,2026,14,2026-14,False,-1.965122954605285,37.0
BOT,Cadillac,45,44,1,0,1,bottas,2026,14,2026-14,False,-5.2968466896805495,40.0
COL,Alpine,52,40,9,0,1,colapinto,2026,14,2026-14,False,-1.9762435742629065,40.0
GAS,Alpine,50,38,3,0,1,gasly,2026,14,2026-14,False,-1.6653281631297956,38.0
HAM,Ferrari,3,1,0,1,0,hamilton,2026,14,2026-14,False,,
HUL,Audi,52,23,13,0,0,hulkenberg,2026,14,2026-14,False,-1.8928139786553173,23.0
LAW,Red Bull Racing,50,40,8,2,1,lawson,2026,14,2026-14,False,-1.3570632613139637,40.0
LEC,Ferrari,50,42,1,0,0,leclerc,2026,14,2026-14,False,-0.6056195351886721,42.0
LIN,Racing Bulls,52,12,18,0,0,arvid_lindblad,2026,14,2026-14,False,-2.165597501744674,12.0
NOR,McLaren,50,30,17,0,0,norris,2026,14,2026-14,False,-0.0822413283182973,30.0
OCO,Haas F1 Team,52,39,2,0,0,ocon,2026,14,2026-14,False,-2.2222634971302053,39.0
PER,Cadillac,25,20,0,0,1,perez,2026,14,2026-14,False,-3.816537561360662,18.0
PIA,McLaren,50,24,17,0,0,piastri,2026,14,2026-14,False,-1.0086702732438113,24.0
RUS,Mercedes,50,35,5,1,0,russell,2026,14,2026-14,False,-0.3402100708451189,35.0
SAI,Williams,33,28,2,0,0,sainz,2026,14,2026-14,False,-4.374477909147453,28.0
STR,Aston Martin,10,3,3,0,1,stroll,2026,14,2026-14,False,,
TSU,Racing Bulls,49,39,10,0,0,tsunoda,2026,14,2026-14,False,-2.2920546664580197,39.0
VER,Red Bull Racing,52,46,1,0,2,max_verstappen,2026,14,2026-14,False,-0.570238926313876,46.0
ALB,Williams,25,1,14,0,2,albon,2026,15,2026-15,False,,
ALO,Aston Martin,17,1,10,1,2,alonso,2026,15,2026-15,False,,
ANT,Mercedes,36,20,13,9,0,antonelli,2026,15,2026-15,False,0.02617317931355345,20.0
BEA,Haas F1 Team,35,21,13,2,2,bearman,2026,15,2026-15,False,-1.2026528174644657,21.0
BOR,Audi,36,6,23,2,0,bortoleto,2026,15,2026-15,False,,
BOT,Cadillac,32,30,2,2,1,bottas,2026,15,2026-15,False,-3.4172877504894488,30.0
COL,Alpine,26,17,2,0,1,colapinto,2026,15,2026-15,False,-0.8831848571288186,17.0
GAS,Alpine,27,20,1,0,0,gasly,2026,15,2026-15,False,-0.4514457190366736,20.0
HAD,Red Bull Racing,37,9,23,2,0,hadjar,2026,15,2026-15,False,,
HAM,Ferrari,37,20,8,1,2,hamilton,2026,15,2026-15,False,-0.4884258491708754,20.0
HUL,Audi,36,16,17,0,2,hulkenberg,2026,15,2026-15,False,-1.5492180962029578,16.0
LAW,Racing Bulls,35,19,12,0,2,lawson,2026,15,2026-15,False,-1.2483812830501593,19.0
LEC,Ferrari,37,23,6,0,2,leclerc,2026,15,2026-15,False,-0.24047155782108567,23.0
LIN,Racing Bulls,36,23,10,1,1,arvid_lindblad,2026,15,2026-15,False,-1.2995268410511045,23.0
NOR,McLaren,27,10,5,0,3,norris,2026,15,2026-15,False,-0.32974681455361055,10.0
OCO,Haas F1 Team,35,10,14,0,1,ocon,2026,15,2026-15,False,-1.3052554466657844,10.0
PER,Cadillac,36,13,12,0,2,perez,2026,15,2026-15,False,-1.8781891108048427,13.0
PIA,McLaren,37,28,3,1,0,piastri,2026,15,2026-15,False,-0.15981917870728796,28.0
RUS,Mercedes,37,37,0,0,0,russell,2026,15,2026-15,False,0.4580658974754387,37.0
SAI,Williams,34,12,3,1,2,sainz,2026,15,2026-15,False,-1.5168613595192753,12.0
STR,Aston Martin,6,0,3,0,0,stroll,2026,15,2026-15,False,,
VER,Red Bull Racing,37,0,33,3,0,max_verstappen,2026,15,2026-15,False,,
