driver_id,pace,deg,pace_se,deg_se,n_laps,n_stints,event_id,team
alguersuari,-0.23333354341423052,-0.04632109913801397,0.0536831843447754,0.007186984491796498,43,3,2010-01,faenza
alonso,1.0853195614170925,0.015989954514542874,0.0674448495004494,0.008542403258692556,45,2,2010-01,ferrari
barrichello,0.18995123320261276,0.032529098357192414,0.05630540758031952,0.005592389258668572,45,2,2010-01,williams
buemi,0.06431184520310529,0.0004328839460691,0.0753917579478027,0.011338880271782098,40,2,2010-01,faenza
button,0.4648175093732052,0.032005733558790946,0.045935671194945425,0.005769844115009764,45,2,2010-01,mclaren
hamilton,1.1029139992630668,-0.013548138711730558,0.07496518269567266,0.008712535586499488,45,2,2010-01,mclaren
hulkenberg,-1.070474743264022,-0.05631067643260169,0.1351563226575685,0.023362649790230155,42,3,2010-01,williams
kovalainen,-2.7872906121634773,0.017892687269914213,0.12135861510225116,0.01342252327407241,43,2,2010-01,leafield
kubica,0.5298408154351418,0.02069820640308661,0.09008926208509302,0.006887909967147207,45,2,2010-01,enstone
liuzzi,0.1775796781431963,0.032934879931717224,0.04863860495802244,0.005155220988793667,45,2,2010-01,silverstone
massa,1.0785114194487029,-0.0263924074501033,0.04478928810199092,0.006768141686632157,45,2,2010-01,ferrari
michael_schumacher,0.4257095112741981,0.017726113788424085,0.0421154827282989,0.004048173296502444,45,2,2010-01,brackley
rosa,-0.40996876805967347,-0.06151662941300797,0.08591968385518724,0.01767183006940323,22,2,2010-01,hinwil
rosberg,0.456563709506034,0.012549511062659426,0.06466797981301052,0.005658848248850617,45,2,2010-01,brackley
sutil,-0.10202639547563791,0.0456991434475108,0.0638792954361411,0.006117413857072998,45,2,2010-01,silverstone
trulli,-2.685160704887318,0.032716679700386046,0.08762221719394807,0.014980196818807565,37,2,2010-01,leafield
vettel,0.8290386294376848,-0.07148847005487302,0.16461888713974132,0.01948982084435731,45,2,2010-01,red_bull
webber,0.8836968555603193,0.014402529220036812,0.1107810191197684,0.01147504125709298,45,2,2010-01,red_bull
alguersuari,0.8772019691429972,0.008274047507347351,0.09047979319568127,0.008604866420816006,52,2,2010-03,faenza
alonso,1.5398414147124917,0.0552420484664566,0.13831556403280432,0.009604001863458044,48,2,2010-03,ferrari
barrichello,0.02293109499550991,0.05694492929075941,0.07845932478738504,0.007131881148439206,49,3,2010-03,williams
bruno_senna,-4.682326055969213,-0.03358870649193417,0.22254760824454795,0.018160356973312475,46,2,2010-03,hrt
buemi,1.0584477364389402,0.02758031047662242,0.0742230324588835,0.014201747914097583,50,3,2010-03,faenza
button,1.529162535377046,0.03476846239082472,0.07289497981486708,0.005759738135187116,52,2,2010-03,mclaren
chandhok,-4.258603746491379,-0.051121052301003875,0.17005906304761093,0.016383702493474372,48,2,2010-03,hrt
grassi,-3.66439553246695,-0.16381035169639507,0.2666079059348783,0.029907884867327903,45,2,2010-03,banbury
hamilton,1.9057409632101314,0.03238198569767621,0.09545783540697768,0.010424220963175374,52,2,2010-03,mclaren
hulkenberg,0.6829351363598323,0.030780507146244876,0.0706670401187474,0.0055720587322068875,52,2,2010-03,williams
kovalainen,-2.3375525591642234,0.011296631630775725,0.15750510800276438,0.02452363750053954,38,3,2010-03,leafield
kubica,1.7336464316881632,0.015291498239944204,0.0668513498684865,0.0075407000050790275,52,2,2010-03,enstone
massa,1.939464668717969,0.012687251045396322,0.11430447493853409,0.01180152808450771,52,2,2010-03,ferrari
petrov,0.2450671346373883,-0.030995677039865985,0.11303673209945063,0.025660737796392368,26,2,2010-03,enstone
rosberg,1.3895818922933534,0.033472803017064415,0.06537501501662261,0.0065209601316587994,52,2,2010-03,brackley
sutil,1.5122231843074554,0.027389657206408694,0.06676595513546496,0.006972104973450007,52,2,2010-03,silverstone
trulli,-3.2516693754398402,-0.10695118164371258,0.26408845781517315,0.05214406780394541,36,2,2010-03,leafield
vettel,1.7317113000769537,0.029960888608592987,0.06759922954001472,0.007276162161620063,52,2,2010-03,red_bull
webber,2.0265918075733733,0.010395948448797723,0.09758016605519094,0.011090888101891927,52,2,2010-03,red_bull
alguersuari,0.6091278520896348,0.025229802512883044,0.07846701204957546,0.0055357040693805315,60,2,2010-05,faenza
alonso,1.780569627436367,0.014152537582664389,0.08017488657305064,0.005269342477895565,62,2,2010-05,ferrari
barrichello,0.7727769967070581,-0.002961595993388348,0.08972952267215897,0.006955508628932465,61,2,2010-05,williams
buemi,0.014842584319787022,-0.09403250452233422,0.09959966956260878,0.019848280199618453,31,3,2010-05,faenza
button,1.3147462540911616,0.0061971726836749855,0.06408898808233543,0.003985854005114558,62,2,2010-05,mclaren
chandhok,-3.936868155555075,-0.08518669386844263,0.16836814181129517,0.022647973575594848,22,1,2010-05,hrt
glock,-3.2399865990152352,-0.028084597214336586,0.12850127162405361,0.015762739685397383,59,2,2010-05,banbury
grassi,-4.229087234255197,-0.04269286091382645,0.11655094219139264,0.01668909849758256,54,2,2010-05,banbury
hamilton,2.0148834344782833,0.015771984672019963,0.07912112671660551,0.004197726230321888,58,2,2010-05,mclaren
hulkenberg,-0.12389446314252794,0.0005519924278570357,0.06873403493696983,0.006275589732018138,58,3,2010-05,williams
kobayashi,0.197448416733861,0.030603992291875333,0.1035668327840931,0.007060582369265979,61,2,2010-05,hinwil
kubica,0.9128358169276092,0.015736041898547555,0.0541239829147165,0.003837977484317348,62,2,2010-05,enstone
liuzzi,-0.39603224884680455,0.0353301623371915,0.06201181423802227,0.004104343332111852,57,2,2010-05,silverstone
massa,1.0286714637293228,0.0132396141226881,0.049962452425957884,0.0032356266975884186,62,2,2010-05,ferrari
michael_schumacher,0.9479944665949029,0.01835625117689938,0.05985680310102585,0.004057152846345476,62,2,2010-05,brackley
petrov,0.10862189594927685,0.027150224825931053,0.0965500692043627,0.00597057490849654,61,2,2010-05,enstone
rosberg,0.31901360650353405,0.06335410857470941,0.08585317051195766,0.013950445873772643,59,3,2010-05,brackley
sutil,0.8173191145690528,0.01771914622348634,0.05250701184523514,0.003762888429734252,62,2,2010-05,silverstone
trulli,-3.0381131052893204,-0.04840280906579635,0.14034004702517025,0.015366279952872224,59,2,2010-05,leafield
vettel,1.8815418858294266,0.01835680228588122,0.0658715249081912,0.004804606343516008,60,3,2010-05,red_bull
webber,2.24358839014488,-0.0003887720381847079,0.0783205761537683,0.005322071541962748,62,2,2010-05,red_bull
alguersuari,0.7481493385825476,0.0070543795275183506,0.04937349826960193,0.005165732478991883,52,3,2010-07,faenza
alonso,1.011518240673225,0.00850859628042196,0.0889454024883791,0.005353752934235574,54,2,2010-07,ferrari
barrichello,0.16441672246007394,-0.001479057856202737,0.09753023782905111,0.0069976152498890795,51,3,2010-07,williams
bruno_senna,-2.7315395156900903,0.000448012795280661,0.11734501943998278,0.021640994402361096,38,2,2010-07,hrt
buemi,0.04027503912342209,0.015703253463619327,0.08996734141000992,0.004954258461274522,51,2,2010-07,faenza
button,1.9279669129840162,-0.049982979917685924,0.16725569137768223,0.013383349225688903,54,2,2010-07,mclaren
chandhok,-3.6700726932255328,-0.021467425282829477,0.12418760717217009,0.018002185801271293,43,2,2010-07,hrt
glock,-2.1466702124504087,0.02048088241614181,0.10910109900153274,0.01121890657536512,47,2,2010-07,banbury
grassi,-3.7971742416210095,-0.07645668173170035,0.2477377784537616,0.029019107186448748,50,2,2010-07,banbury
hamilton,2.2751059115299452,-0.04995339731531841,0.1125885673943443,0.0084909075462945,54,2,2010-07,mclaren
hulkenberg,-0.5144754652038261,-0.025977588033803633,0.26289272485958587,0.02367650450505421,51,2,2010-07,williams
kobayashi,0.9834188144966138,-0.02360262714900614,0.15916121327747051,0.008672092546804847,54,2,2010-07,hinwil
kovalainen,-1.7562088450750337,0.014546588249126736,0.08956761996286858,0.008380966138435302,28,1,2010-07,leafield
kubica,1.0816481811313796,0.015942400457138396,0.07195037271654678,0.004527844022299508,54,2,2010-07,enstone
liuzzi,0.10020386123284805,-0.01371235277784166,0.08259213045606087,0.005190417514244999,53,2,2010-07,silverstone
massa,0.9998133187388241,0.008469296332459231,0.060179804266650365,0.004537184412727967,54,2,2010-07,ferrari
michael_schumacher,0.7581889151042855,0.01632710265061459,0.061518846321109974,0.004262150601887917,54,2,2010-07,brackley
petrov,0.9475685677176509,0.005946780452699685,0.04076649627213876,0.003732915220356869,51,3,2010-07,enstone
rosa,0.38160501602987906,0.015395583198926244,0.07859573243008826,0.004832749953979224,54,2,2010-07,hinwil
rosberg,0.7879641141510931,0.023044798112818444,0.07092266010997582,0.00488124136481928,54,2,2010-07,brackley
sutil,0.8345600516044245,0.009757309677617166,0.05732962000797265,0.004082608698362268,54,2,2010-07,silverstone
trulli,-2.1336744105370418,0.05404362741041584,0.07935214695693026,0.007877215964320412,27,1,2010-07,leafield
vettel,2.1111185676501147,0.03154337606540818,0.04726976095851963,0.007606953792196563,33,2,2010-07,red_bull
webber,1.5962938105925992,0.015420122974181705,0.0632865366953647,0.008577530473003319,52,3,2010-07,red_bull
alguersuari,0.09537991831610304,0.03703343533517312,0.12571565584904834,0.022881584835428348,61,4,2010-08,faenza
alonso,2.0309751704745738,0.04056735283506053,0.1541753134918952,0.0132862882552065,64,3,2010-08,ferrari
barrichello,0.310110090474007,0.04345220471246015,0.11900028169336392,0.011370702787494118,61,4,2010-08,williams
buemi,0.21612378657497855,-0.01905101127381536,0.1211334529630962,0.021759073523341516,61,4,2010-08,faenza
button,1.7577951844725608,0.06782804204907644,0.13384313208223328,0.010618117210474596,64,3,2010-08,mclaren
chandhok,-3.255345401294041,-0.07402624783239142,0.22433720381778802,0.03200714575858299,60,3,2010-08,hrt
glock,-3.0804974675460834,-0.05823070190276724,0.32970126863254473,0.07047351458846483,40,4,2010-08,banbury
grassi,-3.209304301019591,-0.16429107748094474,0.2924352747748856,0.05311622556530768,52,4,2010-08,banbury
hamilton,1.9113185537319153,0.053813953498991436,0.1485908366149225,0.010650347929115872,64,3,2010-08,mclaren
hulkenberg,0.111959432117502,0.035693557534226324,0.16158017418995638,0.019995157353921975,61,4,2010-08,williams
kovalainen,-1.839788931377975,-0.024644966630287028,0.09688153517683144,0.02016142575264255,60,4,2010-08,leafield
kubica,1.1909383247451555,-0.00026669402643841184,0.16602031407999707,0.019615512547774376,62,4,2010-08,enstone
liuzzi,0.5695652253521732,0.029148670699019948,0.19575467694299922,0.016701096336540343,65,2,2010-08,silverstone
massa,1.4098783795261025,-0.055231927824254116,0.1503302130772834,0.02514327179362604,61,4,2010-08,ferrari
michael_schumacher,0.4137143815919716,-0.07331729822025679,0.17004300962088142,0.0218589234755292,62,3,2010-08,brackley
petrov,-1.4988110879111118,0.06243518180321573,0.14580321782084388,0.018182910512053316,60,4,2010-08,enstone
rosa,-0.15199658230153473,-0.05508111760487421,0.21799032283062422,0.053546933923556826,25,2,2010-08,hinwil
rosberg,0.8177305532840196,0.07418397272482014,0.34132036939701144,0.024450071166320125,64,3,2010-08,brackley
sutil,0.6776663293442362,0.002913086972480057,0.131962160617319,0.012770927474749035,63,3,2010-08,silverstone
trulli,-1.673953935872002,0.032185472462822114,0.21659865406175802,0.03541657156636009,34,3,2010-08,leafield
vettel,1.7965210769364515,0.007293096892542657,0.18274471460193562,0.015037087840672259,64,3,2010-08,red_bull
webber,1.4000213003805901,0.03759301527614057,0.17103137521193215,0.016503986747745055,64,3,2010-08,red_bull
alguersuari,0.14171042579864504,0.00624756721744554,0.07780702036062327,0.0030648907662071258,48,1,2010-09,faenza
alonso,1.065061438900377,-0.0025473482917005887,0.21367974383578872,0.007488422262330957,48,1,2010-09,ferrari
barrichello,0.6747668336732647,0.00046208113684698474,0.10118165179065372,0.004203431546784463,48,1,2010-09,williams
bruno_senna,-2.6872758214522015,-0.014127339888298843,0.12273202892971073,0.009223730445193142,44,2,2010-09,hrt
buemi,0.5807478203514025,-0.002016321385580739,0.10841384018857846,0.004251483434909516,48,1,2010-09,faenza
button,0.7364654308068308,0.018461028248491797,0.12013617468966539,0.004511243791041403,48,1,2010-09,mclaren
chandhok,-3.0549992904168137,-0.0018690907222776477,0.18151388292876408,0.007429088370316208,46,1,2010-09,hrt
glock,-1.8418163899547388,-0.03196321878184269,0.10559050785149236,0.018604772861187457,41,3,2010-09,banbury
grassi,-2.6847897861959824,0.02329811076204177,0.11125585522763891,0.00644748459013545,45,2,2010-09,banbury
hamilton,1.1896342732147724,0.008430974070683352,0.09719471245677269,0.009682961699982619,46,2,2010-09,mclaren
hulkenberg,0.5740621016048353,0.0015427670575966744,0.14458262446721137,0.006726677417651666,38,1,2010-09,williams
kobayashi,0.3626527769230884,0.022326368873840843,0.14107676627222412,0.005661283153921711,46,2,2010-09,hinwil
kubica,1.1177982795329864,0.0006073184283462672,0.10193963042528112,0.003912567709088504,48,1,2010-09,enstone
liuzzi,0.3656016797575584,0.00802999202966145,0.10618169373594402,0.0038092579728973,48,1,2010-09,silverstone
massa,0.9359517938408242,-0.006676895499018318,0.1203798814932472,0.0047201006352955086,48,1,2010-09,ferrari
michael_schumacher,0.7500868567889596,-0.006153925340928654,0.07257069399000522,0.005588976549875008,46,2,2010-09,brackley
petrov,0.41708578288913056,0.00320562195221449,0.1333757922959363,0.005330890041902722,48,1,2010-09,enstone
rosa,0.48256914613522195,-0.006488348686285259,0.17765928184556637,0.006621149581197969,48,1,2010-09,hinwil
rosberg,0.14901748809504792,0.0008275542153663683,0.07129000294822288,0.003489465729413829,46,2,2010-09,brackley
sutil,0.751474693271433,0.004860137080976625,0.12021709957545101,0.0042672408029399474,48,1,2010-09,silverstone
trulli,-1.706367665567518,-0.009210973123111619,0.415219274579155,0.016912694440668324,38,1,2010-09,leafield
vettel,1.6805621320028774,-0.0172460593544678,0.14560528755073426,0.005605959580686386,48,1,2010-09,red_bull
alguersuari,0.18991768219218225,0.022284159335849835,0.07814164126302425,0.0053742281954819995,36,1,2010-10,faenza
alonso,1.137918669060436,0.00237638762048566,0.09409748926854412,0.007127227715951284,42,3,2010-10,ferrari
barrichello,0.6054151727916354,0.0020064575903690797,0.08039729507045426,0.0067508133130413026,44,2,2010-10,williams
buemi,0.05138425298378074,0.013079336516669166,0.07632810488784493,0.01075905653755145,44,2,2010-10,faenza
button,1.0409353771670915,0.019338323644711598,0.14122838930076614,0.01172971950043933,44,2,2010-10,mclaren
chandhok,-3.9809175150440863,-0.08105706274335166,0.10567442502110365,0.015028432209611479,40,3,2010-10,hrt
glock,-1.8967173158229804,0.0030762017645613628,0.08167605027899344,0.011765122303902852,41,2,2010-10,banbury
hamilton,1.8467777274520563,-0.012394076526348146,0.09036523727765344,0.008273865184191664,44,2,2010-10,mclaren
hulkenberg,0.5852878448297092,0.013540878654005568,0.11966419871114839,0.005825787844440635,46,1,2010-10,williams
kobayashi,0.9490655320384344,0.002195395684921681,0.07729967956379945,0.006156115348457135,44,2,2010-10,hinwil
kovalainen,-1.534114073392931,-0.014493410752943952,0.09669349966714341,0.011162496618817356,43,2,2010-10,leafield
liuzzi,-0.9835815871342676,0.0568429934527926,0.18200669851378953,0.007976983114023742,46,1,2010-10,silverstone
massa,1.2052237877100755,-0.0369149220058098,0.20637501026499355,0.01762191540493694,42,2,2010-10,ferrari
michael_schumacher,0.8663005734936188,-0.015631902638163036,0.0676042663344752,0.004926552351915683,44,2,2010-10,brackley
petrov,0.4465764191803089,0.02020826271415845,0.06082418298800035,0.00880236660504666,42,3,2010-10,enstone
rosa,0.6859338723276897,0.06597324254877847,0.09728182890273956,0.02083272016106902,22,2,2010-10,hinwil
rosberg,0.8580925585567422,0.01199384620102208,0.10582427081020268,0.007491445430643933,44,2,2010-10,brackley
sutil,0.7116731665966737,-0.015258381564812056,0.1408603006561657,0.011324136703765586,44,2,2010-10,silverstone
trulli,-1.922712328895158,-0.013171382180037144,0.08329566450002511,0.01093704313841773,43,2,2010-10,leafield
vettel,1.3686675591819464,-0.011633282144547046,0.13644685958817704,0.00701817534434875,44,1,2010-10,red_bull
webber,2.0506359088181814,-0.010125776854739126,0.09683340971674331,0.010081755435966377,44,2,2010-10,red_bull
yamamoto,-4.28176328409114,-0.02223528831757358,0.18801378078976985,0.02517889654335177,41,2,2010-10,hrt
alguersuari,0.18074357672802627,0.01878282397716829,0.14422488137514677,0.011056800269183768,60,2,2010-11,faenza
alonso,2.287392982735536,-0.00048141047004839413,0.09610036546624025,0.0055582290625721216,63,2,2010-11,ferrari
barrichello,0.34555215753643725,0.01039227324073608,0.0922830652210532,0.005633578480536556,62,2,2010-11,williams
bruno_senna,-3.7659130674439822,-0.06478187775301897,0.09333383272775542,0.01605242014827967,57,3,2010-11,hrt
button,1.5422226798706926,0.008628777002470608,0.0881132654250951,0.0053664150377160155,63,2,2010-11,mclaren
glock,-2.6082952074062753,-0.0025016952556170015,0.17499897003194817,0.010801952706193396,60,2,2010-11,banbury
grassi,-2.934973007471916,-0.005736534670216901,0.2520814448040979,0.01315725721219155,44,1,2010-11,banbury
hamilton,1.6421970605902547,0.0033284161861019644,0.07203913342409969,0.004245073082659378,63,2,2010-11,mclaren
hulkenberg,0.813239969771788,-0.03731438082719213,0.18339603052415646,0.015393592416430395,62,2,2010-11,williams
kobayashi,0.5960967893759762,0.0018433983664089514,0.10618346529833735,0.007072811400816399,62,2,2010-11,hinwil
kovalainen,-2.7848321285658137,0.03212055751308823,0.07363853327448489,0.00882299544339595,48,2,2010-11,leafield
kubica,0.5646252209765282,0.012798172244473601,0.0821715203421657,0.00548510240891354,62,2,2010-11,enstone
liuzzi,-0.30356121060547037,0.03070738495715569,0.2623660808278693,0.01077914618839703,57,3,2010-11,silverstone
massa,2.250630413552959,-0.008277814516927166,0.09838087947326393,0.005240265039833988,63,2,2010-11,ferrari
michael_schumacher,0.6632799705453452,0.003331808580688541,0.10997700762419912,0.007418184006907025,62,2,2010-11,brackley
petrov,0.5735656969902532,0.006802039465567174,0.1252630627382761,0.00997083031898172,62,2,2010-11,enstone
rosa,0.30889456572368407,0.01554731819699889,0.09290667534058225,0.005670564881828412,60,3,2010-11,hinwil
rosberg,0.5383751804282596,0.01876198905692766,0.09856613222732302,0.007244561284734726,62,2,2010-11,brackley
sutil,0.06938190772244202,-0.015689486996569527,0.1481896460043653,0.016760898406079205,57,2,2010-11,silverstone
vettel,2.049516992215584,-0.0016096545991408674,0.09539946870139158,0.005166513707521737,63,2,2010-11,red_bull
webber,1.692764055014073,-0.017589831959304723,0.11288789807810147,0.006354421372802171,63,2,2010-11,red_bull
yamamoto,-3.7209045982843794,-0.009062271739749998,0.13461028341599554,0.02749925857553336,15,1,2010-11,hrt
alonso,2.087224935544473,-6.075391974116289e-05,0.1778824868402937,0.005703473923791995,65,1,2010-12,ferrari
barrichello,0.582801915097315,0.010420542974225877,0.13273497624710576,0.005934741390856102,62,2,2010-12,williams
bruno_senna,-3.2715107071387775,-0.010763683521035872,0.1806731469631107,0.008697311974299592,60,2,2010-12,hrt
buemi,0.3235285436485106,-0.016208194466038182,0.14133004216613232,0.006091441333543511,62,2,2010-12,faenza
button,0.2578590471113217,0.016616429412521068,0.11686977772037806,0.005210326305792164,61,2,2010-12,mclaren
glock,-2.2241270123737897,-0.02583688159437427,0.12028774382888759,0.008459837302435847,59,2,2010-12,banbury
grassi,-2.082000419258473,-0.040418210808914966,0.3286869541323173,0.010626626921731705,58,1,2010-12,banbury
hamilton,1.4420084627341996,0.020169702859004525,0.11010352326650619,0.0194509628733689,16,1,2010-12,mclaren
hulkenberg,0.5988417452776913,0.012047920920281818,0.1304315937047102,0.004467398816227764,65,1,2010-12,williams
kobayashi,0.5024711388768872,0.012716032327482396,0.1484684810045519,0.004993283682350385,64,1,2010-12,hinwil
kovalainen,-2.1617050096778696,-0.015784731117367466,0.09824109293393776,0.005817170311055519,60,2,2010-12,leafield
kubica,0.9491912092098522,0.03490213944029421,0.13316249165997596,0.033325317652016406,15,1,2010-12,enstone
liuzzi,0.4854804923659428,-0.0008803049383882207,0.16988094837745366,0.007477476379495957,62,2,2010-12,silverstone
massa,1.864161480722942,-0.003333030396203273,0.07706010614295745,0.004013363100980674,63,2,2010-12,ferrari
michael_schumacher,0.5036108739844223,0.00047243287979368317,0.21188195110641503,0.00679360735747437,64,1,2010-12,brackley
petrov,0.9831483037909903,0.006812982921669409,0.15712472218402374,0.0054361670546238475,65,1,2010-12,enstone
rosa,0.4355132134571591,0.014621627734301734,0.10997980110915741,0.0038940954482924216,63,1,2010-12,hinwil
trulli,-2.281338095079631,-0.011324128821126678,0.1360019598071366,0.00818862316049302,58,3,2010-12,leafield
vettel,2.823557006101253,-0.007239654785358118,0.17814555883334895,0.005978865632004875,65,1,2010-12,red_bull
webber,2.160006192477465,0.04076962931956194,0.1881718901868444,0.012468300337083658,63,2,2010-12,red_bull
yamamoto,-3.978723316871885,-0.037699866420588445,0.18653616873138262,0.010001112183135529,57,2,2010-12,hrt
alguersuari,-0.023237956999175205,0.02178630475589809,0.11095673931092404,0.016029235045814768,46,3,2010-14,faenza
alonso,1.7632015125265752,-0.003057524380860665,0.06500839193379707,0.005603775590672784,49,2,2010-14,ferrari
barrichello,0.43274066809811884,-0.006277107351702168,0.04783485283797632,0.004785270365577516,49,2,2010-14,williams
buemi,0.3653045497614186,-0.002548370395408183,0.07234561789751823,0.006071817280658881,49,2,2010-14,faenza
button,1.556650698493181,-0.0005814930240623066,0.0603378558407106,0.006223349499071665,49,2,2010-14,mclaren
glock,-2.3413014064032547,-0.01087524735530061,0.06895659548076251,0.009061515494597874,47,2,2010-14,banbury
grassi,-2.6056560590346955,-0.012200962831609163,0.05956422878511817,0.009262083539107744,45,2,2010-14,banbury
hulkenberg,1.0813768884028607,-0.0038879828622396355,0.0551983458530306,0.004426736774436408,49,2,2010-14,williams
kovalainen,-2.219451963159525,-0.004585194012749327,0.09716439233800311,0.012941833840795353,47,2,2010-14,leafield
kubica,0.9634583538108245,0.005294060003571733,0.05062087891454673,0.004633426443495688,49,2,2010-14,enstone
liuzzi,0.40278427491859226,0.012904118159292755,0.06601830991797594,0.006323434917446627,49,2,2010-14,silverstone
massa,1.591340029457741,5.304376362207444e-05,0.04710259233610315,0.004324318924442532,49,2,2010-14,ferrari
michael_schumacher,0.8154539975236335,-0.007396770054894818,0.04536425579343116,0.004164508261212429,49,2,2010-14,brackley
petrov,-0.037667610172118365,0.01657423376570859,0.11441843996698639,0.005617248428825052,49,2,2010-14,enstone
rosa,-0.05452025905947469,-0.020739621983568445,0.05081172435323229,0.00516463290429569,48,2,2010-14,hinwil
rosberg,1.0295799052681676,-0.0008628805013502598,0.044585832254808014,0.003907650931053616,49,2,2010-14,brackley
sutil,0.560887056849415,-0.010272823954620935,0.06043002671652259,0.005761517592392509,46,2,2010-14,silverstone
trulli,-2.081184686634199,0.019710258475992216,0.11204131892506061,0.014124761689190043,36,3,2010-14,leafield
vettel,0.9905295074343796,0.01384118412089157,0.07282204014817605,0.0039785624343509265,50,1,2010-14,red_bull
webber,1.1589512603900234,0.0008765037524943071,0.0504155497737282,0.004382569638029901,49,2,2010-14,red_bull
yamamoto,-3.349238761472489,-0.007753728089104805,0.13910883534045687,0.016175053031708197,47,2,2010-14,hrt
alguersuari,0.8304480264333725,-0.0236337790745026,0.10724985956796838,0.012581115854027212,40,3,2010-16,faenza
alonso,1.5710840139364142,0.053450241031523286,0.10969499391659057,0.011326947445869744,43,2,2010-16,ferrari
barrichello,0.4714567495296679,0.02757246181062089,0.08803143428325745,0.007189626166033162,43,2,2010-16,williams
bruno_senna,-4.055798766515553,0.013518990166461513,0.5896198952423257,0.024308065983140174,43,1,2010-16,hrt
buemi,0.6849972285609863,0.008048541817592063,0.1306612452593655,0.014004624972470991,43,2,2010-16,faenza
button,1.7877043723812505,-0.004824751755963537,0.11649771974585657,0.009576249297388163,43,2,2010-16,mclaren
glock,-2.8206560488043855,-0.03269986492870087,0.42654601260309977,0.018418837497375534,42,1,2010-16,banbury
hamilton,1.709609731251229,-0.06415719257377195,0.13910273087822106,0.016711966795874528,43,2,2010-16,mclaren
heidfeld,0.5905292359402593,-0.005639617515323166,0.1366373937077732,0.012488457256978128,43,2,2010-16,hinwil
kobayashi,0.9621020509296646,0.009860359019413227,0.13952880260554607,0.010486952891938567,43,2,2010-16,hinwil
kovalainen,-1.9990731556607282,0.027339228204840242,0.2277190909971381,0.014121520413338232,42,2,2010-16,leafield
michael_schumacher,0.8430824319682015,0.044652718944533924,0.10167664475456913,0.010709386960601395,43,2,2010-16,brackley
rosberg,0.34515053268161955,0.03541596463968354,0.14236099186481005,0.007681042625028284,37,1,2010-16,brackley
sutil,0.7904595367060886,0.013467528716679993,0.08235071820646744,0.008817874751080918,32,2,2010-16,silverstone
trulli,-1.3945693374396464,-0.06944531518786567,0.6346866835290157,0.025982208114494514,41,1,2010-16,leafield
vettel,1.7084419437251335,0.03957805941366548,0.12159489656865097,0.014092787210193572,43,2,2010-16,red_bull
webber,1.8634518208131392,0.020760025883730653,0.15070794788049155,0.015931821565513354,43,2,2010-16,red_bull
yamamoto,-3.888420366436715,-0.09326359861261702,0.379507178964565,0.03083844075922566,39,2,2010-16,hrt
alguersuari,0.6952628306984434,-0.009923858242680897,0.0888480929175685,0.0070585227151714145,61,2,2010-18,faenza
alonso,1.574174424300295,0.0347019724208887,0.10318790796580625,0.007423527466325275,62,2,2010-18,ferrari
barrichello,0.9630486211025664,-0.03809643482644849,0.08358444082553314,0.012348280111670098,58,3,2010-18,williams
bruno_senna,-2.5447281208547956,-0.011818212504697015,0.07485779244513711,0.010392293366295454,58,3,2010-18,hrt
buemi,0.42797067235643477,-0.028103521554217317,0.07778603773719779,0.005048363770496626,61,2,2010-18,faenza
button,1.1081851020542806,0.0357633534299107,0.13189589400992136,0.006171808143382131,62,2,2010-18,mclaren
glock,-2.3943236696170267,-0.01522732633597286,0.07884422511147302,0.01189140482269368,57,3,2010-18,banbury
grassi,-3.241809197581749,0.041630265993718066,0.15555873038410717,0.020450866484616345,44,5,2010-18,banbury
hamilton,1.3573406068983918,0.02709655590352826,0.1694569201242426,0.010386454825621566,62,2,2010-18,mclaren
heidfeld,0.5215620552180495,-0.014781434462033463,0.07200239648359041,0.0043399667796139825,60,2,2010-18,hinwil
hulkenberg,0.3764199598697245,0.015303794168910742,0.07601253911740014,0.004149876394187444,61,2,2010-18,williams
klien,-2.744402347741355,0.0063724513757922735,0.08596768630328476,0.007308535110842823,48,3,2010-18,hrt
kobayashi,0.5340069304808988,-0.008855921542736678,0.15094252166734218,0.006275841952883511,61,2,2010-18,hinwil
kovalainen,-2.129389055727596,-0.025901668018185456,0.08541585929235897,0.014776956864842991,58,3,2010-18,leafield
kubica,0.6198084950226148,0.01719940952027614,0.13726705302545125,0.005905401143845639,61,2,2010-18,enstone
liuzzi,-0.045361922279235356,-0.005882688692094476,0.07539259950661795,0.009817427838100341,42,2,2010-18,silverstone
massa,1.3220360105794997,-0.032660979680715616,0.13046945342429614,0.006109737368780128,60,2,2010-18,ferrari
michael_schumacher,0.5750631468096412,-0.008991510213378254,0.09059776188529378,0.005118526261470729,62,2,2010-18,brackley
petrov,0.16459117122416161,-0.0050756236665256,0.11100203473728265,0.006587141459562844,60,2,2010-18,enstone
rosberg,0.8445040328774382,0.010990548104482453,0.10731854015855649,0.00956728476889938,62,2,2010-18,brackley
sutil,-0.18950775903757586,0.023073786724787368,0.17837834730054647,0.006385336810325573,63,1,2010-18,silverstone
trulli,-1.7262426982550012,-0.026292553304409896,0.09595965228088062,0.016002175309361523,57,3,2010-18,leafield
vettel,1.9665607190073051,0.009308621275036108,0.14817570280804274,0.008831447450070848,62,2,2010-18,red_bull
webber,1.9652299925945895,0.010170974126765195,0.11541993590343817,0.007958362448952058,62,2,2010-18,red_bull
alguersuari,0.33877687989129796,0.008561506603264995,0.07368612234429503,0.0033000000409129466,48,1,2010-19,faenza
alonso,0.9256377434412171,0.005232406448245025,0.09950010124668818,0.006893779546491924,46,2,2010-19,ferrari
barrichello,0.4505094029070483,-0.005101126911656923,0.10656593748395764,0.008614935568873848,46,2,2010-19,williams
bruno_senna,-2.4674977188638016,-0.003440067454840207,0.21261058794683044,0.008840451491793086,46,1,2010-19,hrt
buemi,0.3874078975515655,0.005830941077852146,0.058342032076317184,0.00457292190117292,46,2,2010-19,faenza
button,1.3213431785523453,-0.001823484339256604,0.06793491495967663,0.006058511308254926,46,2,2010-19,mclaren
glock,-1.5671954163690365,-0.013932634937752703,0.11575243843929578,0.007840784634519385,33,1,2010-19,banbury
grassi,-2.317032292435508,-0.011670316436653444,0.12181342858218203,0.005639372363220998,46,1,2010-19,banbury
hamilton,1.4685183753785471,-0.01119508993016754,0.12428231445163171,0.011186710017053994,46,2,2010-19,mclaren
heidfeld,0.7875012239034518,0.0005960883708820471,0.09691711658552067,0.007328947624316318,46,2,2010-19,hinwil
hulkenberg,0.5507750161734895,0.006953722740053852,0.049782839611563275,0.003925154306814421,46,2,2010-19,williams
klien,-2.335004029270371,-0.026653805767598175,0.21036586034856447,0.00878487899993721,46,1,2010-19,hrt
kobayashi,0.6747888980658583,-0.012113856865086642,0.08804795298398192,0.00859317356137485,46,2,2010-19,hinwil
kovalainen,-2.0108344639075826,0.027514412952503627,0.14635017504173237,0.008295777506223718,45,2,2010-19,leafield
kubica,0.8568418742526196,0.013999967679191655,0.05803512702251272,0.003289216261660445,46,2,2010-19,enstone
massa,0.8318211451095634,0.0007744825821441367,0.0569102886535518,0.003469952471620611,46,2,2010-19,ferrari
petrov,0.5983836528350461,0.008196908656924523,0.08691957435099126,0.003538331066599522,48,1,2010-19,enstone
rosberg,0.5077417986190198,0.02140443986639979,0.13923951752394292,0.005492012512176771,48,1,2010-19,brackley
sutil,0.40866549908904454,0.013531743095855203,0.05762256788313054,0.0036193729198519095,46,2,2010-19,silverstone
trulli,-1.8761410449510336,-0.0030143037438312096,0.07784793670555064,0.008958603345253852,38,2,2010-19,leafield
vettel,1.6097926246879155,-0.028542794666543685,0.0987597113785246,0.008488641437493076,46,2,2010-19,red_bull
webber,0.8551997553393023,0.004890860980070138,0.11648785421746055,0.0077255324051089674,46,2,2010-19,red_bull
alguersuari,0.1704112159419791,-0.15264867545611027,0.10527888758935917,0.020498055126707805,50,3,2011-01,faenza
alonso,1.6733641720977885,-0.023466867636839916,0.07038132268125351,0.01352269836156092,50,4,2011-01,ferrari
ambrosio,-4.309871637418758,-0.037430553913939124,0.12605735598927748,0.024257567218780945,47,3,2011-01,banbury
barrichello,0.07934868190155492,-0.030865843901189377,0.17182027403060054,0.032125459320748645,35,5,2011-01,williams
buemi,0.40109787857900847,-0.009645513369044678,0.16031182988804552,0.02485673754895593,51,3,2011-01,faenza
button,1.4978619788998702,0.017668796935627007,0.06260282966720514,0.011769392016084583,50,3,2011-01,mclaren
glock,-3.349708018721357,-0.05414720971495335,0.23683290774507365,0.03221600915980567,43,2,2011-01,banbury
hamilton,1.6813705839808815,-0.09233253668705088,0.06303740787992872,0.011983922551398723,52,3,2011-01,mclaren
heidfeld,-0.8742517381128205,-0.10723989688199376,0.14994654367136545,0.029031912498287824,51,3,2011-01,enstone
kobayashi,0.6291984342979495,0.05791352401386907,0.10441581062272887,0.016756216577394005,52,3,2011-01,hinwil
kovalainen,-1.436172598824174,0.12430822582372114,0.0805039703747916,0.017295881035376007,15,1,2011-01,leafield
massa,0.8591918005132497,-0.0003885376932397655,0.07350487912091534,0.014778171362886028,50,4,2011-01,ferrari
perez,0.477873179127735,0.06327944398938001,0.17812082299263304,0.02046211365154861,54,2,2011-01,hinwil
petrov,1.439894897295875,0.02590038191659433,0.072140681976004,0.014228908389612372,52,3,2011-01,enstone
resta,-0.4292608087337109,0.013798830166056986,0.1326436780348236,0.025790217071368013,51,3,2011-01,silverstone
rosberg,0.16220190649709415,0.1419287071003199,0.13666204953589028,0.028068383140485577,16,2,2011-01,brackley
sutil,0.09449301075618363,0.030665952595073653,0.059844017936573395,0.010497299728004962,51,3,2011-01,silverstone
trulli,-2.323890710434634,0.09754499393116589,0.08709539677438728,0.020489230710568206,50,3,2011-01,leafield
vettel,2.055355435850368,-0.03510260730259279,0.055755766104063166,0.009550782168658466,52,3,2011-01,red_bull
webber,1.5014923365059163,-0.029740613914853498,0.07962443360006644,0.015305923580384665,50,4,2011-01,red_bull
alonso,0.8788441505308594,-0.0025803539218707526,0.05906880433116577,0.009413885530764445,50,3,2011-03,ferrari
ambrosio,-2.350203724775798,-0.010482780950347518,0.06668749690268551,0.012808520698044982,48,3,2011-03,banbury
barrichello,-0.06675693890508219,-0.013942863602563608,0.092735462128377,0.019627630795552735,50,3,2011-03,williams
buemi,0.39716068721800735,0.019358447783471372,0.07706181687845079,0.014226764966618434,48,4,2011-03,faenza
button,1.1487408971294752,-0.061641446668993155,0.06353834789524516,0.01334897687763053,48,4,2011-03,mclaren
glock,-2.6913234905639305,0.020108375673470763,0.11620588504761963,0.02256025358418937,46,4,2011-03,banbury
hamilton,1.471252495938936,-0.03611695445004884,0.10951148645420249,0.024806981985874246,48,4,2011-03,mclaren
heidfeld,0.49949258853291356,0.024145675261189353,0.07714506165888486,0.012990460577278004,50,3,2011-03,enstone
karthikeyan,-2.9719245994519032,0.005682057403578607,0.11584389706162297,0.015887207446549357,50,2,2011-03,hrt
kobayashi,0.6389294708862138,5.7603044651717474e-05,0.07446092349718766,0.014272061713806948,50,3,2011-03,hinwil
kovalainen,-0.5876395770324032,0.06393351217969509,0.07308264868642016,0.014641151292465585,49,3,2011-03,leafield
liuzzi,-3.003388713719792,0.020064987873267465,0.09902682508267882,0.015828570992484824,46,4,2011-03,hrt
maldonado,-0.4966721950495062,-0.08996322258650688,0.11168556338172217,0.022402306405486832,47,4,2011-03,williams
massa,1.1530279311944367,-0.03895548685752284,0.05908888406258232,0.011918491031281224,50,3,2011-03,ferrari
michael_schumacher,1.0954792851312725,0.056078749774108344,0.06149582022202691,0.013090489851947676,48,4,2011-03,brackley
perez,0.4930039804898726,0.01576233483450859,0.14331954563665042,0.02543566448091069,45,4,2011-03,hinwil
petrov,0.48797274306165106,0.03219299372457993,0.08679808382087925,0.01853959318633133,50,3,2011-03,enstone
resta,0.2714025660382612,0.0005038367574936322,0.06343579681410715,0.010525143616869771,50,3,2011-03,silverstone
rosberg,1.1992673743801696,-0.012217768679855938,0.07452635491650306,0.015965790328312125,48,4,2011-03,brackley
sutil,0.14695865935973768,0.005009204278232123,0.07284678082569039,0.014979778062021751,47,4,2011-03,silverstone
trulli,-0.8263027897185733,0.035122977165467834,0.0960221853988363,0.018105860870705353,49,3,2011-03,leafield
vettel,1.3909321119153522,-0.022606317074080368,0.08373803493484128,0.015631332237327447,50,3,2011-03,red_bull
webber,1.72174708740983,-0.009513560961924931,0.1570907214847022,0.03843675494209773,48,4,2011-03,red_bull
alguersuari,0.12963862316411648,-0.08573630978849353,0.10491578498782178,0.022721635805497572,47,4,2011-04,faenza
alonso,1.3732931298929425,0.003169197039951721,0.06719423606877048,0.014165782415432556,48,5,2011-04,ferrari
ambrosio,-2.4355784727544707,0.02114786461643428,0.0753635605375635,0.015981094564693286,50,3,2011-04,banbury
barrichello,-0.1986330827378796,-0.011430204122555992,0.12997306387850457,0.028004347417291867,49,4,2011-04,williams
buemi,0.5279524936150686,-0.004549572379663053,0.06879243002345257,0.016002891703294508,50,4,2011-04,faenza
button,0.5532784626259486,0.018474542445604814,0.09060074886645086,0.019668274861962803,50,4,2011-04,mclaren
hamilton,1.6565385939203454,0.10624140331381754,0.08731921886735466,0.01716701079199375,48,5,2011-04,mclaren
heidfeld,0.917662083845318,0.059467717662946534,0.07738368108211885,0.01867399487171461,48,5,2011-04,enstone
karthikeyan,-3.0157569417995753,0.071059551031779,0.08932999526627099,0.020513121235225484,47,4,2011-04,hrt
kobayashi,0.6933839539712625,-0.012395272242915728,0.0812824076053785,0.015224798419265734,50,4,2011-04,hinwil
kovalainen,-1.1976591338201295,-0.05133466420289398,0.13247495086044037,0.02763597282376919,48,4,2011-04,leafield
liuzzi,-3.53040088883257,-0.02222706575704478,0.07597365197673744,0.015867074289134114,44,3,2011-04,hrt
maldonado,-0.628157254526132,-0.03434655931079253,0.09437968612933224,0.018358838219664952,47,5,2011-04,williams
massa,0.4298883521412283,-0.06717963743088881,0.09648551328018443,0.018882008691672576,48,5,2011-04,ferrari
michael_schumacher,0.5407960050934162,0.022239849602472314,0.06818576842767744,0.017030936297991767,48,4,2011-04,brackley
perez,0.56295709753697,-0.12193292476071368,0.06689894095679806,0.01622391656952576,48,4,2011-04,hinwil
petrov,0.6508582729855643,0.07158341265380846,0.08779394364692475,0.02217866372286613,48,5,2011-04,enstone
resta,0.04211431082822842,0.04326049715053362,0.11395423219118293,0.02381326375498383,34,4,2011-04,silverstone
rosberg,0.8250309306294776,-0.0004655878472919761,0.06275660787782811,0.01437394767635974,48,5,2011-04,brackley
sutil,0.052673480799945216,-0.001919130632142635,0.11132168168997905,0.026081023544963722,49,4,2011-04,silverstone
trulli,-1.097412987285001,-0.05098124210533281,0.0982576899967708,0.01974387399611781,49,4,2011-04,leafield
vettel,1.8918302915372274,0.0831027986171349,0.06168125254049709,0.010800160226899416,48,5,2011-04,red_bull
webber,1.2557026791687,-0.03524866355375367,0.10510552870096086,0.024232115259599427,48,5,2011-04,red_bull
alguersuari,-0.30177472446695053,-0.02206568557868924,0.11039052264894783,0.02600053590245532,54,5,2011-05,faenza
alonso,1.0639952070634249,-0.0541114084995596,0.15406861902143934,0.026193772025704876,55,5,2011-05,ferrari
ambrosio,-3.279483800584437,-0.02488304799041938,0.10683949492686438,0.021648820272222268,54,4,2011-05,banbury
barrichello,-0.33794496940033913,-0.07682451486643607,0.11249188131691916,0.02649901450419221,54,5,2011-05,williams
buemi,-0.04552130143742217,0.017963223315333465,0.0993410016895137,0.016931502584039252,57,4,2011-05,faenza
button,2.170556191875366,0.07673747704391656,0.05848508539951427,0.012712802598266935,58,4,2011-05,mclaren
glock,-2.5549461684163073,0.09140688900285579,0.09657386564045757,0.01785130398468313,55,4,2011-05,banbury
hamilton,2.9283072235375234,0.05491001232623802,0.10042698375778963,0.018536124490691974,56,5,2011-05,mclaren
heidfeld,0.8401546860036736,-0.0902283009403951,0.18015149441884107,0.03464171830638805,57,4,2011-05,enstone
karthikeyan,-4.482825229202929,-0.1148325760470589,0.1762120183399087,0.031563372123299724,51,4,2011-05,hrt
kobayashi,1.012722980207101,-0.01282696787905899,0.13274373107096432,0.02249178068663375,58,3,2011-05,hinwil
kovalainen,-1.1053932554685173,-0.06470458548503796,0.17283225054986245,0.03655268982798319,37,4,2011-05,leafield
liuzzi,-2.7704926755847357,0.1336581991827044,0.08992407298636523,0.017278965394483956,21,2,2011-05,hrt
maldonado,0.16248813794346884,0.047244274883688014,0.06585262365565832,0.014445477388124968,55,5,2011-05,williams
massa,0.5416642956480975,-0.027533089031752476,0.11482751626452807,0.023128230090937892,47,4,2011-05,ferrari
michael_schumacher,0.5509806703940048,0.059905345419378225,0.09000180751291616,0.014194986691637174,57,4,2011-05,brackley
perez,0.6942155252025721,-0.02306572483903011,0.16736827844989363,0.031845587382923986,57,4,2011-05,hinwil
petrov,0.18287736711552305,0.008583414359903865,0.10771377799936357,0.02084571001260899,57,4,2011-05,enstone
resta,0.032235929698630206,0.01886206606698362,0.09272458502996273,0.020076757436310596,57,4,2011-05,silverstone
rosberg,0.9138038550936596,0.04477095713274029,0.11057721129690144,0.020849005435875943,57,4,2011-05,brackley
sutil,0.18054941854015344,0.026809299770503028,0.13023263774208918,0.02774992390100093,57,4,2011-05,silverstone
trulli,-1.314446820347023,-0.0858704456339227,0.14234405243004128,0.030777810423534037,56,4,2011-05,leafield
vettel,2.819037968605016,0.04835119504895671,0.08191224391754655,0.015715965554174986,56,5,2011-05,red_bull
webber,2.099239487980446,-0.032256006761841455,0.1759369682603309,0.03088310087131405,56,5,2011-05,red_bull
alguersuari,0.18823968779228606,0.009972032468904912,0.17160835897448826,0.01788853623503945,51,3,2011-06,faenza
alonso,2.485962250180179,0.051288695756846546,0.09380588660743383,0.010351694450723037,62,3,2011-06,ferrari
ambrosio,-2.189679223581277,-0.07670988591891736,0.16053465156445246,0.016424484227508855,58,3,2011-06,banbury
barrichello,0.05599709886095816,0.018676676308174746,0.16720997781231312,0.014906122382111918,62,3,2011-06,williams
buemi,0.2542145505640676,0.04144558326710288,0.18133371496371076,0.01522679557882797,61,3,2011-06,faenza
button,3.130776226403399,0.010286017715125195,0.10978345904538027,0.019400667861016255,60,4,2011-06,mclaren
glock,-1.090640210959151,0.033517764252397754,0.08481816341471618,0.013860931716424638,23,2,2011-06,banbury
hamilton,1.5175482699915772,-0.001422791072799823,0.26922743409248967,0.03715429672639589,58,4,2011-06,mclaren
heidfeld,-0.00872609704743954,0.04302365224231761,0.19154746611239717,0.016447439497720772,63,3,2011-06,enstone
karthikeyan,-3.7414096678084654,-0.07408497241921572,0.28818512422136505,0.03567661277291695,52,3,2011-06,hrt
kobayashi,0.14576161006425314,0.0401529911230453,0.17567642022605762,0.015543558428855464,64,2,2011-06,hinwil
kovalainen,-1.1227695411641885,-0.005337401670339437,0.19165222350292135,0.024650324013238124,57,3,2011-06,leafield
liuzzi,-3.9390200868981786,0.039580022605254346,0.3313480934819394,0.024458565248988613,58,2,2011-06,hrt
maldonado,0.5107124100925137,-0.04271891686642645,0.1706456704656138,0.027753231692354642,56,3,2011-06,williams
massa,1.265874961142523,-0.05133834960114344,0.2209269635063453,0.028885964209789117,26,2,2011-06,ferrari
michael_schumacher,0.17295445334059367,-0.06884589371651387,0.14295643716774276,0.03532913423041818,25,2,2011-06,brackley
petrov,0.3873910048736876,0.01941619404472942,0.2998246112689572,0.02418966167394788,55,2,2011-06,enstone
resta,-0.4206215059836905,0.04120765296451948,0.1388691983446131,0.01384876321519052,57,4,2011-06,silverstone
rosberg,-0.028125935625880727,-0.06405663650677493,0.17971240605806807,0.03922248057125795,57,4,2011-06,brackley
sutil,0.06375013873547952,0.00041187331998552255,0.17283168707287774,0.015584038140091178,63,3,2011-06,silverstone
trulli,-1.3212472540842173,0.010449711777014958,0.1641689960332883,0.019890059716237942,57,3,2011-06,leafield
vettel,2.439454612748203,0.016878913138700748,0.12693089952075,0.006876133759990016,62,2,2011-06,red_bull
webber,1.2436022483627682,0.008207066788011563,0.2047663358300938,0.0198806338379418,60,3,2011-06,red_bull
alguersuari,0.5156800529922554,-0.004497354551366931,0.1033691049066652,0.019950598210976795,50,3,2011-08,faenza
alonso,2.2925286548309805,0.04139023076170359,0.050647853398525525,0.011337897789623247,49,4,2011-08,ferrari
ambrosio,-2.547900426681637,0.011633427125823357,0.10535024587874678,0.021799357702861944,49,3,2011-08,banbury
barrichello,0.22704944330136728,0.035884474691334114,0.05215349440288027,0.010780134618825632,48,4,2011-08,williams
buemi,0.21347220136701178,-0.02171486981821388,0.06355924314533061,0.01174484209050701,48,4,2011-08,faenza
button,1.3225622145161937,-0.0011918777970920712,0.053799955643821847,0.010217303573276744,49,4,2011-08,mclaren
glock,-2.241247948448182,0.07313773065331018,0.10051816373223965,0.016684228099355578,49,3,2011-08,banbury
hamilton,1.430278787032904,-0.05375425609739096,0.0940124356630804,0.020728610597292915,49,4,2011-08,mclaren
heidfeld,0.4289777276401953,0.03745241663780571,0.06971885527623918,0.016787915569126254,48,4,2011-08,enstone
karthikeyan,-4.103324107958431,-0.10397984723495893,0.11890550143855734,0.028258271415878746,45,4,2011-08,hrt
kobayashi,-0.004871224081473391,-0.025300310909408787,0.09996992035151822,0.01927663095724367,50,3,2011-08,hinwil
kovalainen,-1.013445284541763,0.010420746986659266,0.13126613687292552,0.03218503195799617,47,4,2011-08,leafield
liuzzi,-2.703619510822025,0.06164255372560576,0.11560002814181733,0.02630217710227244,46,4,2011-08,hrt
maldonado,-0.14959297272364608,-0.0031784773691235753,0.10403785922225771,0.023511351969812917,48,4,2011-08,williams
massa,1.566186904939569,-0.02020239342285615,0.077458408392713,0.014418371289729743,49,4,2011-08,ferrari
michael_schumacher,0.3619752931846923,-0.006016020117110357,0.056223485364371856,0.010587137431122044,49,3,2011-08,brackley
perez,0.06969659157528901,0.02104219086856682,0.18321301553628144,0.018560604070149138,52,2,2011-08,hinwil
petrov,0.13371673898829345,-0.03687397498996772,0.1304364022588517,0.03036836271096133,48,4,2011-08,enstone
resta,0.12499603829439393,-0.039060006976006784,0.055473826403818996,0.010610944022530053,48,4,2011-08,silverstone
rosberg,0.8026956701798611,0.03878655009938556,0.07899239146338857,0.01679519217919182,49,4,2011-08,brackley
sutil,0.5839356558478384,0.010473480053381532,0.05855770956830311,0.01304998726953203,48,4,2011-08,silverstone
trulli,-1.7168042510017634,-0.09131235707022402,0.13529801594187796,0.032682941079327454,49,3,2011-08,leafield
vettel,2.3629344849523544,0.03551718892627928,0.044338893316618916,0.008516620991948083,49,4,2011-08,red_bull
webber,2.04411926661572,0.029700755823864975,0.06781393339394821,0.015419863642360252,49,4,2011-08,red_bull
alguersuari,0.8038145879950614,-0.0016325350928520967,0.2511215461207788,0.04062995639543171,36,2,2011-09,faenza
alonso,2.0965686496898424,0.07962661913237624,0.29110270511138736,0.05761563578645329,34,3,2011-09,ferrari
ambrosio,-3.1749998270924644,-0.05201309226699879,0.3604756529191489,0.046235107088524734,34,2,2011-09,banbury
barrichello,0.2132337830788238,-0.05263934788269841,0.316916031853995,0.05491676149202216,35,2,2011-09,williams
button,1.9287805342445883,0.13603308562300986,0.20821919958342386,0.0421956200854226,21,2,2011-09,mclaren
glock,-2.804060479482246,-0.0005026146064916939,0.5236808797849967,0.10367010495414518,33,2,2011-09,banbury
hamilton,0.8135987252474416,-0.07388976807558265,0.2862794540938257,0.05650083126189146,34,3,2011-09,mclaren
heidfeld,0.7160569482137289,-0.01728945785052704,0.24721221190783843,0.03678019893004326,36,2,2011-09,enstone
liuzzi,-3.542655052212269,0.1144971407417046,0.3054083984852916,0.05709717551944201,34,2,2011-09,hrt
maldonado,0.006862905704379418,0.05687606968469606,0.1707623597829144,0.03343389534387218,33,3,2011-09,williams
massa,1.325028342375676,0.0489712722196804,0.18601598829590157,0.04216898299758293,33,3,2011-09,ferrari
michael_schumacher,1.0233630905041715,-0.09195012828438619,0.20832178841696714,0.033969891603795516,34,3,2011-09,brackley
perez,1.1882152143031601,0.008595343033731781,0.3115603158100323,0.04636694030082967,36,2,2011-09,hinwil
petrov,0.7393592602371967,0.08412050671501682,0.1897772675681996,0.025070132716057847,36,2,2011-09,enstone
resta,-0.8777341293921178,0.045729011124714995,0.18475469635136235,0.027082636816575467,33,2,2011-09,silverstone
ricciardo,-4.572191937330624,-0.2505016913288034,0.3963982953886551,0.05551353718770851,30,2,2011-09,hrt
rosberg,0.8373498491439045,-0.03687597084803296,0.27921767737799114,0.04160281508526911,36,2,2011-09,brackley
sutil,0.3656663940184708,0.035918387648670065,0.14543414414215125,0.03447995114806919,34,3,2011-09,silverstone
vettel,1.358545728884411,-0.06309386898213991,0.17649511132777104,0.032338946707312126,33,3,2011-09,red_bull
webber,1.5551974118688627,0.030021039294912295,0.20306536531670033,0.04832491406739033,34,3,2011-09,red_bull
alguersuari,0.6587440050899838,0.02257564328289227,0.17809924621610118,0.029550781610677552,49,3,2011-11,faenza
alonso,2.720091685890896,0.0828118622413462,0.3553454579561738,0.07206765637689001,49,4,2011-11,ferrari
ambrosio,-3.6962798705825035,0.015704965444983426,0.2007071258684412,0.04875776842201447,42,3,2011-11,banbury
barrichello,0.6054716594409733,-0.06852167101852505,0.2413961157131774,0.05630799615774244,44,4,2011-11,williams
buemi,0.43234624543555883,0.07137072138976888,0.3016906409912867,0.05931578475731889,49,3,2011-11,faenza
button,2.1643762103997384,0.07571273767290895,0.2513282230351711,0.055554349549346516,50,3,2011-11,mclaren
glock,-3.271053236574556,-0.17651206125062482,0.2314928864867614,0.04524287216265125,43,3,2011-11,banbury
hamilton,2.1603494602152336,-0.06541448461786695,0.16544150126022641,0.041606097776682796,43,4,2011-11,mclaren
kobayashi,0.26173757436355743,-0.11565692833007771,0.30921484197065585,0.04417911586593876,48,3,2011-11,hinwil
kovalainen,-1.5442670340475653,0.11883136814257009,0.15153396139439848,0.039249125513490614,27,3,2011-11,leafield
liuzzi,-4.063728109798979,-0.02191712339891097,0.16288815436759008,0.039235898570625934,39,4,2011-11,hrt
maldonado,-0.6464273646680538,-0.19436559058605332,0.18037570402483252,0.03803838178054471,44,5,2011-11,williams
massa,1.4578799236506457,-0.16667408669157383,0.2118620461629127,0.053176859644775344,48,4,2011-11,ferrari
perez,0.13582003084357291,0.14582842689560957,0.32790196228813884,0.0681601993655083,44,4,2011-11,hinwil
petrov,1.384845295964169,-0.04761661573580009,0.1598216251616426,0.032797097569162374,47,4,2011-11,enstone
resta,-0.12080970483682357,0.08225617383864267,0.1828815503685885,0.03711870076743927,49,3,2011-11,silverstone
ricciardo,-3.5130337465039143,0.12190326203030119,0.24506582318252584,0.04526958823789928,44,3,2011-11,hrt
rosberg,0.5189513698846229,-0.034225707587059145,0.23757026134174855,0.047223801904732805,48,4,2011-11,brackley
sutil,-0.33268286243655026,0.06100805296734599,0.2692277444605046,0.048843252202366017,46,4,2011-11,silverstone
vettel,2.218331361522983,0.05304503202792496,0.24656517352476612,0.05343341979221934,50,3,2011-11,red_bull
webber,2.4693371067470107,0.03985602328219759,0.19529981354532266,0.04172390843837653,47,4,2011-11,red_bull
alguersuari,0.26038558025061187,0.018782398113669455,0.05847454145660939,0.010522203679473268,43,3,2011-13,faenza
alonso,1.699178538505818,-0.03192797842608584,0.05476747372983092,0.010938185874584616,44,3,2011-13,ferrari
barrichello,-0.7659764653501596,-0.027270675224182236,0.10394861175882666,0.011475304967548516,45,2,2011-13,williams
bruno_senna,0.31807509771038267,-0.01984908399196396,0.06440936796560695,0.01072503006265753,43,3,2011-13,enstone
buemi,0.0896526564282148,0.022277605003828402,0.06913859540995183,0.012241249678047263,43,3,2011-13,faenza
button,1.9224360656849366,0.006990781031104051,0.06006385780497025,0.011678968973867616,44,3,2011-13,mclaren
glock,-2.710283412893839,0.04780183949458296,0.14786792655231626,0.0339306588510185,42,3,2011-13,banbury
hamilton,1.8686774092577132,-0.018460209665273494,0.06630054777190114,0.014395845550068646,44,3,2011-13,mclaren
kovalainen,-1.5513272954620818,0.005375679812165149,0.05672275497838573,0.011954245866159334,42,3,2011-13,leafield
maldonado,-0.5754109557177014,0.017288933239211893,0.05424357816115308,0.01165044248342088,43,3,2011-13,williams
massa,1.4066875479674128,0.005526413527432009,0.050973877050319555,0.009770972700279823,43,3,2011-13,ferrari
michael_schumacher,1.378943654460678,0.01255973287048194,0.05603013988275811,0.010772658643819464,44,3,2011-13,brackley
perez,-0.41982080703914293,0.030840498236882355,0.18612841212045755,0.01944901593292215,25,1,2011-13,hinwil
resta,0.06416204320180176,0.022509808454096683,0.05258694378466197,0.009494922586262467,43,3,2011-13,silverstone
ricciardo,-3.7317077223266124,0.0004502134362330962,0.28645948782599273,0.0529372330630051,32,2,2011-13,hrt
trulli,-1.4613893551290154,-0.07318634301923597,0.0770124059122773,0.011362741772310858,42,2,2011-13,leafield
vettel,2.207717420450984,-0.019709612892946468,0.06513376514155471,0.013254859611132964,44,3,2011-13,red_bull
alguersuari,-1.0953042705416802,-0.12651965152156372,0.09180180500538924,0.017098173571201854,40,4,2011-14,faenza
alonso,2.109274263826831,0.06629027931941231,0.09191833337291533,0.016463860528964216,48,4,2011-14,ferrari
ambrosio,-2.9064142609694725,-0.05658249397628165,0.10706336612876119,0.0156476846170699,49,3,2011-14,banbury
barrichello,-0.2386716434994018,-0.01750333217515862,0.17196914663060364,0.02522013990415802,51,3,2011-14,williams
bruno_senna,-1.092936120531037,0.005011672144115187,0.1984359158931169,0.038578785956893596,46,4,2011-14,enstone
buemi,-0.12626817003336868,-0.00547770106545617,0.1449446490424678,0.028946417253491515,49,4,2011-14,faenza
button,2.78757838768436,0.06905859130858008,0.07600019444782342,0.015259502295085277,50,4,2011-14,mclaren
hamilton,2.106220175381349,0.03654767712421672,0.1612102938664506,0.03639442202441277,46,4,2011-14,mclaren
kobayashi,-0.539848914844991,-0.1253065409279984,0.11282641866738435,0.023569648669566252,46,5,2011-14,hinwil
kovalainen,-1.2675380494001396,0.024839463538230522,0.17080334746040773,0.03578711097457308,46,4,2011-14,leafield
liuzzi,-3.406614868443373,0.12958048925139024,0.12497550897281967,0.025515917703524484,42,4,2011-14,hrt
maldonado,0.04253324203165709,0.050768354009673194,0.1397142429597056,0.03132992646904128,47,4,2011-14,williams
massa,1.1119286567329008,-0.10087437610871328,0.14007593570828503,0.030883975651061844,46,4,2011-14,ferrari
michael_schumacher,1.2337706922621843,0.06591244029588963,0.28815396803968635,0.06420212519533733,20,2,2011-14,brackley
perez,0.6287771162995628,-0.0176559268980839,0.07766679580746091,0.011292013855284996,51,3,2011-14,hinwil
petrov,-1.336194444477588,0.05137375871641284,0.25672078465273845,0.06587588434459891,48,4,2011-14,enstone
resta,0.6188973944667694,-0.017824542131345184,0.10300067054787077,0.014974677208101802,52,3,2011-14,silverstone
ricciardo,-3.7457878139893652,-0.09256498474019223,0.24214677654828087,0.033017858924715704,43,3,2011-14,hrt
rosberg,0.685574799303464,-0.061415858349743585,0.09539819519111736,0.01489547795192435,49,4,2011-14,brackley
sutil,0.41843079267298733,-0.009829992162792761,0.08967013784880476,0.016538946875115073,51,3,2011-14,silverstone
trulli,-1.7900386617919364,-0.0052084936436792295,0.2504832785364517,0.04027847894176212,30,3,2011-14,leafield
vettel,3.2278805799020827,0.014062648138623929,0.072713564375443,0.010382842116533255,50,4,2011-14,red_bull
webber,2.574751117958203,0.12331851985446438,0.1009514522096115,0.02371575443139635,50,4,2011-14,red_bull
alguersuari,0.011232609787179187,-0.034523284954204585,0.22567733924792602,0.04503659749531161,42,3,2011-15,faenza
alonso,2.2292121185182614,0.1024901093292103,0.06249497113080942,0.012400702613151625,40,4,2011-15,ferrari
ambrosio,-2.7230128949389396,-0.05500566410362096,0.07934879511122515,0.019195262796784424,39,4,2011-15,banbury
barrichello,-0.07770933264971566,0.046407778542410356,0.06363414763360857,0.020411815146129636,42,4,2011-15,williams
bruno_senna,-0.08263938724274963,0.03418670334042007,0.12075156533515546,0.026634852639293275,42,3,2011-15,enstone
button,2.177573288895644,0.04103805697547381,0.1249101009041018,0.026649865070649897,40,4,2011-15,mclaren
glock,-2.613537664127364,0.0017483799615007414,0.11098804185510162,0.02360351792083471,37,4,2011-15,banbury
hamilton,1.5688103568510123,-0.005574239454433187,0.07296546920119229,0.01569509594418997,40,4,2011-15,mclaren
kobayashi,0.051620687001481175,0.019668245067119346,0.08058746238910933,0.010490653451033529,44,3,2011-15,hinwil
kovalainen,-0.584295875750935,0.04863996483899508,0.04882776443452204,0.011473467189568216,40,4,2011-15,leafield
liuzzi,-5.302589301913214,-0.26788604968466667,0.19075054617949874,0.03434619319737161,37,4,2011-15,hrt
maldonado,-0.4097585295847642,-0.05611123395607059,0.08438714376721103,0.015155021576110097,42,4,2011-15,williams
massa,1.515358380784177,0.011624783876848684,0.1017520348272668,0.02475665357638511,40,4,2011-15,ferrari
michael_schumacher,1.1823407756265927,0.08231549566753332,0.06064033921109606,0.012211815432664119,42,4,2011-15,brackley
perez,0.93432386052095,-0.050248008597264575,0.11622578786556478,0.02356903640274963,42,3,2011-15,hinwil
petrov,0.338825946202435,0.04742915398077469,0.10599055609381677,0.018163885797492806,42,3,2011-15,enstone
resta,0.06366670847380443,-0.04661332105330334,0.08222325343915372,0.019538781387879078,42,4,2011-15,silverstone
ricciardo,-2.8368811863168153,-0.026159742864062134,0.10818542786040646,0.024492202471637442,38,4,2011-15,hrt
rosberg,0.671601106833624,0.060923586269145256,0.1418044481278216,0.03626433665093307,42,4,2011-15,brackley
sutil,0.49423186501199134,-0.051184581145668644,0.07448214858731711,0.015455455860328858,41,4,2011-15,silverstone
trulli,-1.041101455084089,0.008238753616135637,0.06956201980936477,0.01715333897805358,42,4,2011-15,leafield
vettel,2.343350802340229,0.040251842022345836,0.06929703323794371,0.014691588915030685,40,4,2011-15,red_bull
webber,2.0893771207612053,0.048343272325381555,0.05269979420490799,0.011882884035068713,40,4,2011-15,red_bull
alguersuari,0.8107980378913797,0.020095788988092896,0.05429788482809861,0.010945496126243398,46,3,2011-16,faenza
alonso,1.8051532938209678,-0.006650872938399992,0.06934211736488366,0.014610225760206584,44,3,2011-16,ferrari
ambrosio,-2.8661088674223336,0.026531146319171035,0.07879711679394023,0.017398404255961574,44,3,2011-16,banbury
barrichello,-0.04861922922351308,-0.009310038797672053,0.05326822397357101,0.008947221537710175,43,3,2011-16,williams
bruno_senna,-0.036505832089786,-0.069816348771156,0.17162642582291127,0.030934151012700747,43,3,2011-16,enstone
buemi,0.6411924068390595,0.017948740122647307,0.0555970200776599,0.009757667517240859,43,3,2011-16,faenza
button,1.6134649233020406,0.008409874562889975,0.05992917157091638,0.011643615299185308,44,3,2011-16,mclaren
glock,-2.5179896931173458,0.0036055833116665006,0.09177034108097418,0.016037105401597338,44,3,2011-16,banbury
hamilton,1.712136966362338,-0.0181258203500441,0.04576089097044797,0.006824977034452786,44,3,2011-16,mclaren
kobayashi,-0.22382370474309915,-0.014434433230577186,0.09813113780515083,0.01852608748902323,40,4,2011-16,hinwil
kovalainen,-0.5341363145997764,0.002224787501242727,0.06787303410318628,0.010225904131738146,42,3,2011-16,leafield
liuzzi,-3.610197818455241,0.013896580031627588,0.1379436402378666,0.02468846020605033,41,3,2011-16,hrt
maldonado,0.024987324278991002,0.03961934702973797,0.10385535805071906,0.021696756238127727,18,2,2011-16,williams
massa,1.548380464046869,0.011098203163316729,0.04491735593910113,0.00876001652051375,44,3,2011-16,ferrari
perez,-0.02379132245685736,-0.02449791446193418,0.07528023530724304,0.015609253865940231,43,3,2011-16,hinwil
resta,0.3700825787403432,-0.020581254325679303,0.0708389690859969,0.01190593399543414,44,3,2011-16,silverstone
ricciardo,-2.752015375487097,0.047742776121967596,0.07267762530324012,0.01047368662551191,44,3,2011-16,hrt
rosberg,0.9078824453743375,-0.006345365730598178,0.05231213496580883,0.008311249935611477,44,3,2011-16,brackley
sutil,0.2549384711225906,-0.0058153271008384785,0.06473294106983428,0.013848797002422647,45,3,2011-16,silverstone
trulli,-0.9931461396553758,0.0005783486150146636,0.0684413597297657,0.012255813450333702,42,3,2011-16,leafield
vettel,1.9172584857851884,-0.036253972730884314,0.05795687911809888,0.01031611091965902,45,3,2011-16,red_bull
webber,2.00005889968632,0.020080172670408784,0.07397871085785812,0.014696372656078776,44,3,2011-16,red_bull
alguersuari,0.34851976941051327,0.01814538409900332,0.07706619996011457,0.012737473019577396,53,3,2011-17,faenza
alonso,1.6651426216420084,-0.012891556407336552,0.08022230733393237,0.01258667568395025,54,3,2011-17,ferrari
ambrosio,-2.7743060231086245,-0.021782177320919444,0.06465423041344628,0.007605639399519085,51,2,2011-17,banbury
barrichello,-0.5375157991034778,-0.03237434795810392,0.18476306843155227,0.01922673806124574,53,2,2011-17,williams
bruno_senna,-0.42756381887566614,0.008499573232025187,0.10969190399106767,0.01032069236827853,53,3,2011-17,enstone
buemi,0.3740980389401794,0.03375397347848305,0.10671932404055474,0.027789650379389116,18,2,2011-17,faenza
button,1.8503398026225968,0.004830339555240454,0.08469086884414277,0.01160107205225415,54,3,2011-17,mclaren
hamilton,1.3178650776919858,-0.013406619583086948,0.08629473014344126,0.0164294185638005,52,4,2011-17,mclaren
karthikeyan,-2.6751398632453363,0.007767595476432104,0.10889187533243405,0.014525576669072898,51,3,2011-17,hrt
kovalainen,-1.1369294320894923,0.029176289551929607,0.10686781346327001,0.01864090363504849,52,3,2011-17,leafield
massa,1.6161528630734612,0.06419028701060345,0.20465621719678503,0.05108091160085148,26,2,2011-17,ferrari
michael_schumacher,0.7949915304195263,0.03970899886619525,0.06291451247930908,0.008069178310561654,54,3,2011-17,brackley
perez,0.4464539838034366,-0.025525556109947917,0.09512432224495922,0.009266248719614654,54,2,2011-17,hinwil
petrov,0.6480489678737505,-0.03651930529948191,0.11534158543742017,0.01204492120232757,53,3,2011-17,enstone
resta,0.1435993952458189,0.0017649552831325022,0.0722247735630215,0.013349156268795147,51,3,2011-17,silverstone
ricciardo,-2.255059116400233,0.0051786950588467995,0.10541318750792095,0.013556608279886135,50,3,2011-17,hrt
rosberg,0.829581875034499,0.02781130743514512,0.07698376115862869,0.011268158742875081,54,3,2011-17,brackley
sutil,-0.03403055835811993,-0.008694646637234654,0.06328388470466814,0.012791502123979349,53,3,2011-17,silverstone
trulli,-4.069059360932694,-0.0539598430248667,0.34578814762077303,0.04295682903517775,49,2,2011-17,leafield
vettel,2.038377437012205,-0.013697434851946994,0.08182524407271125,0.012167896126661342,54,3,2011-17,red_bull
webber,1.8364326093436631,-0.021975911854111768,0.08772915438697015,0.014481082128102127,54,3,2011-17,red_bull
alguersuari,-0.050412747430258475,-0.01202925265497991,0.07209336149985643,0.016879119758707345,48,3,2011-18,faenza
alonso,1.7548573768544773,0.03214910162422184,0.05417529212043943,0.008561753570340176,49,3,2011-18,ferrari
barrichello,0.1578414698991453,0.015794558194369687,0.06249977624264463,0.011462152492649669,48,3,2011-18,williams
bruno_senna,-0.8372160834096356,-0.05185186811588845,0.15876445302660394,0.030934355732972263,47,3,2011-18,enstone
buemi,0.3149917594812547,-0.007391856870728424,0.10716231675312093,0.02305101486426411,15,1,2011-18,faenza
button,1.4699397977215682,0.019818423122568193,0.07218551869849925,0.013275061549410902,49,3,2011-18,mclaren
glock,-2.4839437853871296,0.014679739675626398,0.059203291540558,0.008639564624473793,47,3,2011-18,banbury
hamilton,1.803244761142664,-0.005069332824159127,0.054447121100258386,0.010583029152455736,49,3,2011-18,mclaren
kobayashi,0.6653195217668498,-0.008689085622188052,0.08206450836358789,0.010097933085449316,48,3,2011-18,hinwil
kovalainen,-1.0938350536776325,0.025697864155206807,0.06625308090518997,0.01304451552918951,48,3,2011-18,leafield
liuzzi,-3.4779737730278955,-0.01625923606238701,0.1038809673569029,0.014594740139535628,49,2,2011-18,hrt
maldonado,-0.4733549582127764,0.008501285261756293,0.103292180065632,0.014147314237844006,48,3,2011-18,williams
massa,1.2630294927193875,-0.012262451068630791,0.07576856952595355,0.013102726714496452,49,3,2011-18,ferrari
michael_schumacher,0.7060556351249335,0.022713158160228106,0.059244578948426656,0.010564823737037663,49,3,2011-18,brackley
perez,0.3232063393891177,-0.029969993169470147,0.2224547874524936,0.027522338023557205,48,2,2011-18,hinwil
petrov,-0.053361672220359285,-0.07664966530747493,0.08903267354418574,0.017835747233749748,48,3,2011-18,enstone
resta,0.10738158098421965,-0.016425754137356266,0.15391675181362882,0.01852602443076651,51,2,2011-18,silverstone
ricciardo,-2.1079668623356436,0.01880824044414718,0.08580988453950417,0.014465207938035648,38,3,2011-18,hrt
rosberg,1.020444210792593,0.017785682789254395,0.06118604014448417,0.00726517234630439,49,3,2011-18,brackley
sutil,0.7641853507185948,0.005138355987000727,0.06306642506229608,0.011841329460965893,49,3,2011-18,silverstone
trulli,-1.8074685867372504,0.058522706231507335,0.17422098119223003,0.026982607312309864,47,3,2011-18,leafield
webber,2.035036225843775,-0.003010619812623865,0.07167022515285162,0.013270838195956277,48,3,2011-18,red_bull
alonso,0.6632008825746025,-0.01670334625636968,0.05926803080456567,0.010676942671125412,46,3,2012-01,ferrari
bruno_senna,-0.3384323936027739,0.016918246670237367,0.08496488761186244,0.011327221566017976,36,2,2012-01,williams
button,1.3065579755251049,0.005531070858237928,0.10870597046643336,0.017921360412417733,47,3,2012-01,mclaren
glock,-3.083727742415387,-0.03616697172555236,0.18689155370752558,0.0302665433286148,46,3,2012-01,banbury
hamilton,1.2866860456035922,0.02174913317006658,0.1160106939188748,0.0208477513584259,47,3,2012-01,mclaren
kobayashi,0.29448458952773876,-0.02475087075298837,0.08625282286262426,0.014100202610373282,47,3,2012-01,hinwil
kovalainen,-0.9832709608378107,0.031180643784758367,0.16683358061736456,0.03285252746642022,30,2,2012-01,leafield
maldonado,0.8895579011326507,0.012165338237013521,0.0601839726236942,0.015713736793103242,45,3,2012-01,williams
massa,-0.5740760164488807,-0.08019120175424718,0.07994778868644997,0.01448947398962765,32,4,2012-01,ferrari
perez,0.6478488989088924,-0.029787601614537276,0.13724694954133598,0.014326547277374329,48,2,2012-01,hinwil
petrov,-0.6092177178986513,0.10946930958834458,0.1128473074795664,0.022343247172136843,28,2,2012-01,leafield
pic,-3.7636773330500057,0.020560782604023085,0.20528537762360322,0.03662630728094295,38,3,2012-01,banbury
raikkonen,0.45976281631115185,0.005899640036713314,0.09313087861595731,0.017640724383244995,48,3,2012-01,enstone
resta,-0.024221561261373925,0.00073172221370452,0.06702783685859756,0.010893447422295015,46,3,2012-01,silverstone
ricciardo,0.42780308922985927,-0.05144606911598179,0.13346422555400123,0.02930935605683556,47,3,2012-01,faenza
rosberg,0.5319246474786812,-0.02227003014891518,0.07338230205875156,0.009981526613861558,46,3,2012-01,brackley
vergne,0.37549546366569914,-0.029267185604698237,0.12587709515650447,0.02456358111279258,47,3,2012-01,faenza
vettel,1.2240798596978852,0.026000492357145553,0.04544409106711697,0.010382551830993342,48,3,2012-01,red_bull
webber,1.2692215558590263,0.04037689745304521,0.09673313776382854,0.018139359279216366,48,3,2012-01,red_bull
alonso,0.6877540076522741,-0.011153055998340025,0.056490003017589864,0.013287925705231263,48,4,2012-03,ferrari
bruno_senna,0.6423093145247244,-0.004480493434239211,0.05036090832192086,0.008426533651538295,50,3,2012-03,williams
button,0.7661194402683323,0.022326748483223934,0.06469684989474063,0.014559159736465127,48,4,2012-03,mclaren
glock,-1.4624435692266329,-0.014366657447415146,0.05188765606089914,0.009704638923941345,49,3,2012-03,banbury
grosjean,0.7972763345642581,0.01404262406433023,0.04650572069398553,0.009481332642183508,50,3,2012-03,enstone
hamilton,0.845197831720963,-0.013886717196840407,0.07772672513895477,0.01671290580382399,48,4,2012-03,mclaren
hulkenberg,0.4305005739843246,0.033028014392306175,0.05394624410561613,0.008140387282707802,50,3,2012-03,silverstone
karthikeyan,-3.19010799752144,-0.04847655108429214,0.11994434000829222,0.02744907265789338,48,3,2012-03,hrt
kobayashi,0.5531197684223954,-0.023144924607631713,0.0696393871014927,0.012661312211136125,48,4,2012-03,hinwil
kovalainen,-1.1760112483568754,0.026057643403318752,0.09423826045531457,0.021940613375572807,45,3,2012-03,leafield
maldonado,0.8089215519218953,-0.011473634243096867,0.05832852900232295,0.010559575516511209,50,3,2012-03,williams
massa,0.21601332960087694,0.029363889436479072,0.04224901057522725,0.008877019036866076,50,3,2012-03,ferrari
perez,0.4973797328114342,-0.02515180076565047,0.07375463280702306,0.016523721990177438,50,3,2012-03,hinwil
petrov,-0.8303176207925932,0.02329545661869878,0.0797958794483414,0.011736344231987194,49,3,2012-03,leafield
pic,-1.4492889941587825,0.09527735702333984,0.04834597801982837,0.010691022841507363,47,4,2012-03,banbury
raikkonen,0.6456814936278775,-0.06683766393795974,0.10257910915692202,0.015405255621972867,50,3,2012-03,enstone
resta,0.4062729401550581,-0.009380646161794329,0.05067833239986346,0.00886670673112932,50,3,2012-03,silverstone
ricciardo,0.09817040276922206,-0.00544635535985342,0.06618419630764093,0.010414513330523893,50,3,2012-03,faenza
rosa,-2.2789634465429303,0.031467105987438834,0.06932945159015401,0.012970481340601149,49,3,2012-03,hrt
rosberg,0.5899995971971655,-0.023523315302837113,0.03481847254383051,0.005996878856455586,50,3,2012-03,brackley
vergne,0.4983045430117726,-0.008889142299970324,0.04715243876784615,0.01171822430165046,48,4,2012-03,faenza
vettel,0.9070803775959694,-0.0012796549377204012,0.062490961880794435,0.00921371275105301,50,3,2012-03,red_bull
webber,0.9970316367707107,-0.00736822663149426,0.058361994644258786,0.013922074655228912,48,4,2012-03,red_bull
alonso,0.6603986000506407,0.07943982291961815,0.039812994848687305,0.007913210135368767,49,4,2012-04,ferrari
bruno_senna,0.27562925015208084,0.07326485100676905,0.06603072185241528,0.015472439374659353,44,4,2012-04,williams
button,0.6524535091625672,0.05571620280362688,0.10367974864268494,0.019542940012128026,45,4,2012-04,mclaren
glock,-2.4826232990850365,-0.03945753884439307,0.08499171005774177,0.018323592694199517,47,4,2012-04,banbury
grosjean,1.2313393515939877,0.02735912290661946,0.06408752374161944,0.012205878901301865,49,4,2012-04,enstone
hamilton,0.9117204936030172,0.023207231001166506,0.05032977529976638,0.008499102100616883,49,4,2012-04,mclaren
hulkenberg,0.46707121205989877,0.05972639702893334,0.036244368942261136,0.007115878273065714,49,4,2012-04,silverstone
karthikeyan,-3.3960657694290313,-0.13504438894067172,0.10251600926309393,0.020874195744409105,45,5,2012-04,hrt
kobayashi,0.2516081213158471,-0.0007061246474479033,0.04861556206198077,0.010544998951403484,49,4,2012-04,hinwil
kovalainen,-0.22429265952440597,-0.003145942047938999,0.05574552201787842,0.011883596386645401,47,4,2012-04,leafield
maldonado,0.4182982627432456,-0.022208620044412153,0.13434939847256563,0.024320104381205458,19,2,2012-04,williams
massa,0.4749689591889517,0.00022642942781644915,0.04806519626691633,0.009978474319238002,49,4,2012-04,ferrari
michael_schumacher,0.41439379501773255,0.012686635051717299,0.05310984816387935,0.010171227191719253,49,4,2012-04,brackley
perez,0.5609857420906113,0.009045902904135539,0.05002711941442367,0.00965845853300826,49,4,2012-04,hinwil
petrov,-0.5088017829366571,-0.0365638966192825,0.07996026307501967,0.017600778764306345,48,4,2012-04,leafield
pic,-1.196827547427695,0.039983472999355646,0.06337091781407105,0.013320687394375568,18,2,2012-04,banbury
raikkonen,1.5269246288614278,0.0122106759121422,0.053879071005649246,0.010631856433797195,49,4,2012-04,enstone
resta,0.6534063550494342,0.0061785710403886585,0.0532838484687992,0.009872589031529651,51,3,2012-04,silverstone
ricciardo,-0.03026105097713533,0.008059021612059514,0.07860643957768094,0.017694988876617895,48,4,2012-04,faenza
rosa,-3.334897678337541,-0.14511315720434326,0.14427690124914597,0.02876171938804892,47,4,2012-04,hrt
rosberg,0.7140470938118819,0.03583130894360334,0.050418259402012645,0.008975045476952149,49,4,2012-04,brackley
vergne,-0.0734842827870022,-0.06447832700614703,0.07065039281798066,0.01471566606244478,49,4,2012-04,faenza
vettel,1.2836281643950924,0.0033677380807269897,0.060819219781840246,0.014495808042406789,49,4,2012-04,red_bull
webber,0.7503805314080878,0.00041461171595746915,0.0576150093092965,0.012778371699447401,49,4,2012-04,red_bull
alonso,1.3347705305984456,-0.035392362584723024,0.045641822352537276,0.00973872428007781,58,4,2012-05,ferrari
button,0.4046422986890229,-0.02196087898129325,0.09099852983768618,0.013257738391619783,58,4,2012-05,mclaren
glock,-1.6240568240364144,0.006524305777093377,0.0655350982157043,0.011460752150697156,56,4,2012-05,banbury
grosjean,1.1700286038937846,0.0698891625476836,0.08308725127650077,0.011305302630189501,58,4,2012-05,enstone
hamilton,0.49681745593049353,0.05951346299709457,0.0733730146438913,0.01124065303128216,60,3,2012-05,mclaren
hulkenberg,0.32602321058169104,0.015068780160342278,0.06224766211659566,0.009659551283306127,57,4,2012-05,silverstone
karthikeyan,-2.997756169075131,-0.056063407816984843,0.2042875673740752,0.03750718547293619,15,2,2012-05,hrt
kobayashi,0.8198730101965644,-0.015686218367094627,0.062010075799655714,0.00921860941559617,58,4,2012-05,hinwil
kovalainen,-0.48829661495446763,0.026179803599721586,0.06094817766958303,0.011276470441031274,57,4,2012-05,leafield
maldonado,1.4756469972241846,-0.010980093131925737,0.05691934567904596,0.010554537213578572,58,4,2012-05,williams
massa,0.3215644579168145,0.0013237308734163136,0.08719233215554788,0.015287337287175665,56,4,2012-05,ferrari
perez,0.7524614149096095,-0.11330614397398539,0.08504722008376696,0.018075482399982457,30,2,2012-05,hinwil
petrov,-0.7715005135115613,-0.022169582851528903,0.0831398766909804,0.017611443151413574,57,4,2012-05,leafield
pic,-1.5553856993398503,0.037483855424115066,0.08683334350002132,0.01757815954736273,26,3,2012-05,banbury
raikkonen,1.2581862831047073,0.024547216258889094,0.04666431222333048,0.009658279788534842,58,4,2012-05,enstone
resta,-0.10099433374591618,0.001410552605456035,0.06237799872336577,0.009463775296765049,57,4,2012-05,silverstone
ricciardo,0.2583786394840415,0.02533837606317172,0.06149338365734789,0.012488693136290733,57,4,2012-05,faenza
rosa,-3.4477989394167,-0.08979541511799707,0.16666171526453444,0.032752058751150136,53,5,2012-05,hrt
rosberg,0.3027497057177242,-0.01175064728104449,0.12633681847782013,0.020394565594476145,58,4,2012-05,brackley
vergne,0.39324736185257647,0.006242276884644828,0.07824361673176924,0.013509141579450469,57,4,2012-05,faenza
vettel,0.8856898495748186,0.08249611737209525,0.06872099944940299,0.011173438766618988,56,5,2012-05,red_bull
webber,0.7857092744055627,0.021087109542853567,0.05347402022186604,0.009121153284760247,57,4,2012-05,red_bull
alonso,1.3450414774001023,-0.046667607909308025,0.16226968179774273,0.011020430626987503,66,2,2012-07,ferrari
bruno_senna,-0.6575627826104055,0.02055173802625645,0.12352010246712385,0.007947027235166531,65,2,2012-07,williams
button,-0.1844921698734979,-0.05294344137265795,0.06594102753457276,0.012526776261576202,61,4,2012-07,mclaren
glock,-2.569252385120774,-0.03532592484310194,0.14842569680600748,0.018897191555870035,48,2,2012-07,banbury
grosjean,1.1109281165799705,-0.0003109392107537648,0.14674738614044763,0.00806186881303839,66,2,2012-07,enstone
hamilton,1.1422353105242278,-0.0069592994206669825,0.07685502243318115,0.008238196924487963,64,3,2012-07,mclaren
hulkenberg,0.5676210041965314,-0.029703780943994198,0.10757311318570494,0.0165199234219086,64,3,2012-07,silverstone
karthikeyan,-2.252509454260113,-0.028431606670092265,0.12344127075682013,0.02289449341656442,18,1,2012-07,hrt
kobayashi,0.7534483282868503,-0.00044119460091474744,0.14276977676726646,0.008071783321035766,66,2,2012-07,hinwil
kovalainen,-0.7512876655466104,0.01117883407376851,0.07280998944121456,0.010715862842609707,63,3,2012-07,leafield
maldonado,0.03361087271957994,0.019388063921140113,0.06412569953472935,0.005105658944186925,66,2,2012-07,williams
massa,1.084090667481786,-0.010446012455705096,0.1470630260488169,0.008545870723243724,63,3,2012-07,ferrari
michael_schumacher,0.5542574682954271,0.03217217657081727,0.07426564349394581,0.0094220862691884,37,2,2012-07,brackley
perez,0.9213384372834793,0.024112622257956205,0.11291853645486433,0.008481593275544715,66,2,2012-07,hinwil
petrov,-0.7602800895545436,0.005740321803958094,0.10794185757806019,0.017629001620313438,63,3,2012-07,leafield
pic,-2.535917370065608,-0.03324480445004597,0.11936601326786499,0.012098930125915687,63,2,2012-07,banbury
raikkonen,0.4861525481618574,0.03043341963400103,0.06868243215915816,0.005444763038253091,66,2,2012-07,enstone
resta,0.2756630272930618,0.0294459509728379,0.044738941580972254,0.004633811723164096,64,3,2012-07,silverstone
ricciardo,0.38778431370197897,0.007000208548192159,0.09763126515154687,0.00768562454609961,63,3,2012-07,faenza
rosa,-1.8081988449379005,0.05285740990330145,0.09161092926607017,0.01371413869831133,20,1,2012-07,hrt
rosberg,0.8152230824205235,0.009933027029985102,0.10173828631207961,0.011775021119021192,64,3,2012-07,brackley
vergne,0.07054884081161167,0.00898730756024501,0.0889996582791115,0.011537613770456598,61,4,2012-07,faenza
vettel,1.1597189911105312,-0.014770046190328352,0.10059208634100043,0.006527408549927236,64,3,2012-07,red_bull
webber,0.811838275701932,0.007443577765110114,0.04922441423249482,0.006339321849699441,64,3,2012-07,red_bull
alonso,0.7027173208819445,0.005356588223634287,0.09869663010798757,0.01365511293504743,46,3,2012-08,ferrari
bruno_senna,-0.008863995019546267,0.07646417713314886,0.0942556244520831,0.009439798541268635,44,3,2012-08,williams
button,0.30386233296316745,0.010505303392989454,0.05817807160317744,0.008064838631602272,44,3,2012-08,mclaren
grosjean,1.118105494796679,0.06332018404788703,0.1725555350125741,0.040002383122033705,27,3,2012-08,enstone
hamilton,0.560284115296698,0.03268482894230236,0.07127890508235805,0.010600287316179667,42,3,2012-08,mclaren
hulkenberg,0.3790285404656787,0.0004208454200763795,0.08589728998738436,0.015135682932808465,46,3,2012-08,silverstone
karthikeyan,-2.827965388759702,-0.1083505778559951,0.11184464817493953,0.02510372182506234,43,4,2012-08,hrt
kobayashi,0.7357105703988108,0.012897297897815255,0.13325238943345222,0.023759772342370755,22,3,2012-08,hinwil
kovalainen,-0.7395802995223036,-0.0753506800667929,0.10252154628741399,0.018319127525532847,45,3,2012-08,leafield
maldonado,0.6614254868520218,0.019748711831704582,0.08375618699568951,0.011504527122974194,45,3,2012-08,williams
massa,-0.3375591258812175,-0.07702959310079191,0.10938482661843099,0.02063201514451618,41,4,2012-08,ferrari
michael_schumacher,0.28014349003778694,0.014880662370558087,0.0709620782540643,0.011477721042262398,44,3,2012-08,brackley
perez,0.6233938975849999,0.015919941784052774,0.14347756780865953,0.024465898713829842,44,3,2012-08,hinwil
petrov,-0.6819915772807575,0.038548169482581815,0.08177112520853523,0.020829380323333455,42,5,2012-08,leafield
pic,-1.5675627158198884,-0.019275766016880816,0.07734085640944799,0.012758811787564644,46,3,2012-08,banbury
raikkonen,0.9400199907046968,0.013692834871664408,0.147152736878511,0.016753867879718106,46,3,2012-08,enstone
resta,0.25078152161012457,0.02534432920941833,0.18143472849687417,0.01755431775029041,46,2,2012-08,silverstone
ricciardo,0.22729452930329785,0.009944298288779754,0.05250350167475331,0.01000570075666233,43,3,2012-08,faenza
rosa,-2.12457485340433,-0.11005166795070008,0.10788038095373567,0.021628718141319513,45,3,2012-08,hrt
rosberg,0.2193784303659504,0.05529551074347418,0.09920416593136352,0.017071117202284627,44,3,2012-08,brackley
vergne,-0.6720549255932853,-0.0025141341108872867,0.11955695519819588,0.024651875822620743,20,2,2012-08,faenza
vettel,1.3955081537184042,0.01670111574256329,0.07283187984417974,0.009144258814495175,24,2,2012-08,red_bull
webber,0.5624990063007693,-0.019152380280602763,0.09283099688489477,0.01648196398263332,44,3,2012-08,red_bull
alonso,1.008536743722101,0.02319782007868935,0.04908371412657129,0.006969086846293719,61,3,2012-10,ferrari
bruno_senna,0.5576297647259099,0.002683753008124772,0.08121103346089585,0.013212569508819882,59,3,2012-10,williams
button,1.3436140707952435,-0.0120328922563618,0.06509197871169428,0.009936886061930274,61,3,2012-10,mclaren
glock,-3.0633329204547515,-0.038644387240283254,0.11164678216514404,0.019698733975822405,58,3,2012-10,banbury
grosjean,0.21546759932938792,-0.015121995681855977,0.08712242181012814,0.01401445523291477,59,3,2012-10,enstone
hamilton,0.7238268842900393,0.0006529346231442211,0.07526322126860878,0.009189283148093894,45,4,2012-10,mclaren
hulkenberg,0.650735839637204,-0.007784774704120052,0.050620104136845215,0.010698305413719748,59,4,2012-10,silverstone
karthikeyan,-3.071758671267213,-0.009168908003133792,0.1478716952448423,0.022316471606871193,58,3,2012-10,hrt
kobayashi,1.099129913419259,0.03594394678986794,0.08772399764461816,0.013928102061120861,61,3,2012-10,hinwil
kovalainen,-0.7170192615545605,0.05022808152142248,0.08556016973796352,0.022111858496977704,55,5,2012-10,leafield
maldonado,-0.14077088570363558,-0.04475224386221162,0.08476340632586107,0.015819329030424472,58,4,2012-10,williams
massa,0.7278085109449406,-0.026073503219917433,0.051180317710690704,0.009118426000626128,60,3,2012-10,ferrari
michael_schumacher,0.8374740764890101,-0.0032006844326348434,0.05814515567903011,0.012727259230013565,59,4,2012-10,brackley
perez,0.9599605715422588,0.025314999736298287,0.07010423365887544,0.009739679942065212,61,3,2012-10,hinwil
petrov,-0.5714678173043475,0.016014577436902083,0.0599294265273779,0.013168728192321939,58,4,2012-10,leafield
pic,-2.0933074079452645,-0.010449179114465596,0.098383589279368,0.014606965310554944,59,3,2012-10,banbury
raikkonen,1.2255248249029846,-0.005062008705259486,0.06899220271947264,0.007930965651060561,61,3,2012-10,enstone
resta,0.27430500436619804,0.012715044076069531,0.09148597829402737,0.010342738156860168,61,3,2012-10,silverstone
ricciardo,0.18682334307089488,-0.04294733909351685,0.12858310858848562,0.015368476604360672,61,3,2012-10,faenza
rosa,-3.142053402229165,0.029641659030314054,0.06024435396386637,0.011358078041630987,58,3,2012-10,hrt
rosberg,0.75482323066642,0.028700690274663414,0.0547525188498843,0.010240820371774408,59,4,2012-10,brackley
vergne,0.36110088457293327,-0.00509825143245864,0.04726075323527401,0.008254874341467856,59,4,2012-10,faenza
vettel,1.3189326163067696,-0.01364976642072398,0.05582912243080397,0.00993663764276879,61,3,2012-10,red_bull
webber,0.5540164876773823,0.008892427591447299,0.061511861522854566,0.008151302063892033,61,3,2012-10,red_bull
alonso,0.7844544820039117,0.028663170415316575,0.06793481071274424,0.009897116869847466,63,3,2012-11,ferrari
bruno_senna,0.876999326479429,0.001173164333628296,0.0587020086906893,0.007426772850842253,63,3,2012-11,williams
button,1.2064328997052414,-0.0054107701500569205,0.05285904768557316,0.009665051619851261,61,4,2012-11,mclaren
glock,-2.997362738197524,0.005146263296582798,0.1556180444152244,0.032066237293867365,59,3,2012-11,banbury
grosjean,1.2872499862560494,-0.02475888435097745,0.06831509020662803,0.007616802987778417,63,3,2012-11,enstone
hamilton,1.1586425700443752,0.0022548218986153112,0.08591220907039838,0.011042770114227442,63,3,2012-11,mclaren
hulkenberg,0.47028116091930305,0.010513664226618008,0.0733654710889286,0.009749525019335127,63,3,2012-11,silverstone
karthikeyan,-3.65650975331829,0.02564509443737012,0.14778439400757928,0.028139928321623736,48,3,2012-11,hrt
kobayashi,0.44244931273021193,-0.035115503508457546,0.08218578778185569,0.008608931075709382,61,3,2012-11,hinwil
kovalainen,-0.81377989835376,-0.02231824057856474,0.043181506814558006,0.010484322248428402,60,4,2012-11,leafield
maldonado,0.6207828530845295,0.02694647465365735,0.03742418489397247,0.006273416487216853,61,4,2012-11,williams
massa,0.9814632666431212,-0.007518278784705595,0.06934570256492026,0.009855648898548737,63,3,2012-11,ferrari
michael_schumacher,-0.30403800673982545,0.04019117388081511,0.07084951276536054,0.007686617854632683,51,3,2012-11,brackley
perez,0.6474955543744814,-0.0034341760836638646,0.13670991763442936,0.020390280893695222,63,3,2012-11,hinwil
petrov,-1.3556046897599692,-0.010128184125246353,0.077110564472429,0.019795366853657563,59,4,2012-11,leafield
pic,-1.8040399164847796,-0.06636265439191141,0.1413978182279665,0.016788410627326073,61,3,2012-11,banbury
raikkonen,1.4615637288320893,0.03731315272426511,0.05224945913011338,0.007302755128032317,63,3,2012-11,enstone
resta,0.7377538711477566,-0.003274085275096178,0.10397345153528972,0.01706395187704219,63,3,2012-11,silverstone
ricciardo,-0.042028153542891106,-0.015000554972897595,0.06750514215546333,0.013532529770336522,60,4,2012-11,faenza
rosa,-3.223420982411008,-0.014744787160918815,0.13440693447068108,0.021206344219780883,60,3,2012-11,hrt
rosberg,0.5619861906108353,0.02103430137823198,0.07390224369757166,0.01045381923219348,63,3,2012-11,brackley
vergne,0.2119841006935267,-0.004519074448525784,0.0551362447345591,0.010559273554610284,58,5,2012-11,faenza
vettel,1.5471845835626268,-0.005616036027465354,0.05836814398373909,0.011154225337421496,61,4,2012-11,red_bull
webber,1.20006025172056,0.019319948613386984,0.04715295122262878,0.009111850576477907,61,4,2012-11,red_bull
bruno_senna,0.4870302924799024,-0.01635622967593043,0.052903989341391955,0.010296938118142843,34,3,2012-12,williams
button,1.2821938326072646,0.05111338462717543,0.065858438488179,0.008893696584986307,36,2,2012-12,mclaren
glock,-1.5494333314516648,-0.02363236067235986,0.08724006324076573,0.02280060454877213,33,3,2012-12,banbury
hulkenberg,1.0470186594902378,0.06894860132423308,0.10647943974837594,0.02601262934034013,34,3,2012-12,silverstone
karthikeyan,-2.2415117275260363,-0.01783453669877389,0.05081891219163896,0.01325846357584345,19,2,2012-12,hrt
kobayashi,-0.2106388511630352,-0.022408708911141002,0.06498335155062276,0.013727794803188358,34,3,2012-12,hinwil
kovalainen,-1.3498117694101088,-0.025131533582185346,0.11971159219573262,0.030474586101152563,33,3,2012-12,leafield
massa,1.4219140926874687,0.043071396467376004,0.08724511541972463,0.018602212684183977,34,3,2012-12,ferrari
michael_schumacher,0.7003431780785911,0.029469530057842024,0.0637871317224193,0.014702042030513845,34,3,2012-12,brackley
petrov,-1.2745575605115662,0.006057020964134081,0.05374860519152383,0.01146414182142533,33,3,2012-12,leafield
pic,-1.6116813477749554,-0.075694148322179,0.08433278973859099,0.01599063048437029,35,2,2012-12,banbury
raikkonen,1.1726243066199924,0.057672547376124476,0.0495515220563494,0.015721019255897167,34,3,2012-12,enstone
resta,0.48244222607661275,0.04470169239379495,0.09269667304946587,0.024430230793589695,34,3,2012-12,silverstone
ricciardo,0.45504828781042245,0.009715514884394032,0.05089129772657207,0.01620414230587753,34,3,2012-12,faenza
rosa,-2.7792932584380883,-0.1559552280497861,0.1197427946604034,0.02870661530183795,33,3,2012-12,hrt
rosberg,0.28570120980376584,-0.08650407115219727,0.07913796692227613,0.01650047982035094,34,3,2012-12,brackley
vergne,0.705787341748326,0.006885344713057455,0.11246356427435737,0.04085283003318546,34,3,2012-12,faenza
vettel,1.4397443545058093,0.04075788299660998,0.11798896507988774,0.01775843051160555,36,2,2012-12,red_bull
webber,1.5370800643670628,0.06512390125981138,0.11851155190386253,0.02832093403351289,34,3,2012-12,red_bull
alonso,0.9459717018593111,-0.03440325409578762,0.08460786868280146,0.00950455096488501,49,2,2012-13,ferrari
ambrosio,-0.3137633652730788,-0.006682128894474018,0.11207992966557817,0.014729036889717889,49,2,2012-13,enstone
bruno_senna,0.22429284865364607,0.0007913321220716779,0.08915610880232949,0.008692681669793475,49,2,2012-13,williams
button,0.9880734745728817,0.018363446119435994,0.04007708766329867,0.005996069751056583,26,2,2012-13,mclaren
glock,-1.4073601849845359,0.014036403669775654,0.07860247600991735,0.008744431293737127,46,3,2012-13,banbury
hamilton,0.9498378100334993,-0.02620470642546681,0.056668804567907544,0.00737857436422991,49,2,2012-13,mclaren
hulkenberg,0.09456649025907521,0.005839556700679788,0.06700801764431484,0.01016465164293423,44,2,2012-13,silverstone
karthikeyan,-2.1212063199984046,-0.02521409236418984,0.07656886841621238,0.011928398367092101,48,2,2012-13,hrt
kobayashi,0.1774026657901694,-0.0017271452354141667,0.07524954165818093,0.007429012056972975,49,2,2012-13,hinwil
kovalainen,-0.9466754892067962,0.019117299245948877,0.04489875600090998,0.007635659642130915,46,3,2012-13,leafield
maldonado,0.4505326065668911,-0.0010134293395000216,0.06195544193966708,0.011320311833838722,47,3,2012-13,williams
massa,0.7587714932459065,-0.06684794230898096,0.0730663999774176,0.008738042279406121,49,2,2012-13,ferrari
michael_schumacher,0.608859473310974,0.017981198137677706,0.0420010682305855,0.009766407550840633,47,3,2012-13,brackley
perez,0.9913249857810017,0.010665861856935271,0.09794889988223855,0.010913683755120447,49,2,2012-13,hinwil
petrov,-0.8173780537005977,-0.01237363520461679,0.04378942451254147,0.008279043944365379,46,3,2012-13,leafield
pic,-1.0902908769081523,0.001929940830464355,0.045878184242641784,0.006950779682213409,46,3,2012-13,banbury
raikkonen,0.5604169169071316,-0.0035088515467579795,0.08541440923047512,0.00797751965793605,49,2,2012-13,enstone
resta,0.2200705807268617,-0.00629190259881332,0.0635125087312132,0.0065012102293107105,49,2,2012-13,silverstone
ricciardo,0.1781588164089697,0.005986337008159537,0.049320153964476386,0.006836526666675021,49,2,2012-13,faenza
rosa,-2.2985087733514615,0.02280042032379523,0.16164819190352273,0.01812615939922505,48,2,2012-13,hrt
rosberg,0.7335614409230782,0.0357972973618704,0.05743817786575509,0.010188051112414949,47,3,2012-13,brackley
vettel,0.6744612958293618,0.042098471191310355,0.09975290526173888,0.019276375610275807,39,3,2012-13,red_bull
webber,0.4388804625542687,-0.011140476554123195,0.06195472796268491,0.009202304883494643,45,2,2012-13,red_bull
alonso,1.1102942162751375,0.08838790035880784,0.08332049199900204,0.010764100008158028,42,3,2012-14,ferrari
bruno_senna,0.8154955871137659,0.0018836417679740647,0.1342392749966195,0.024988317922745806,38,4,2012-14,williams
button,1.244443119374512,0.056680755336837474,0.08319006017607328,0.017397218347820938,44,3,2012-14,mclaren
glock,-1.2414507360471618,0.01017827830973228,0.15880929805665644,0.013590569466641172,41,3,2012-14,banbury
grosjean,0.6621969633524777,0.04537253843643507,0.06235176395486386,0.009017307004348505,44,3,2012-14,enstone
hamilton,0.6524682530853331,-0.09720800946104796,0.11273862687642792,0.0202156242747188,17,2,2012-14,mclaren
hulkenberg,0.16055735993501014,-0.13163185904224217,0.07194518180070028,0.017064815485023768,42,4,2012-14,silverstone
karthikeyan,-2.812140447291639,0.09156674881131666,0.23188310408216528,0.04871879497695346,23,2,2012-14,hrt
kobayashi,-0.606180554095166,0.024305048352035452,0.06120054183297587,0.012616154466936733,40,4,2012-14,hinwil
kovalainen,-1.3168647733800198,-0.09276368413656522,0.067937767113639,0.014419442583027046,40,4,2012-14,leafield
maldonado,1.1397695322975059,0.07278448997608211,0.07805582581463104,0.017616203764005176,27,3,2012-14,williams
massa,1.1144869159647932,-0.03488812683934561,0.2030456522655645,0.021931153113537754,43,3,2012-14,ferrari
michael_schumacher,0.22683277015966288,0.005072850070809154,0.08928724880555747,0.017657664360324257,29,2,2012-14,brackley
perez,0.3864821447198225,-0.05391522184918468,0.17435310237689536,0.03298316026325511,44,3,2012-14,hinwil
petrov,-1.7996172567970532,-0.107550285390284,0.12450262444677677,0.028398546714391085,38,3,2012-14,leafield
pic,-1.8352431341145872,-0.04243517269851188,0.06847486738358957,0.010736531461435512,43,3,2012-14,banbury
raikkonen,0.8345027495483164,0.036328193870163505,0.07377750931702204,0.008000879205755733,43,3,2012-14,enstone
resta,0.874403958874606,0.07619110005239971,0.06462868208429522,0.010158468757099994,44,3,2012-14,silverstone
ricciardo,0.003118731059108277,0.07244766051761498,0.10537272707871757,0.013078039213865897,42,3,2012-14,faenza
rosa,-2.945050139167326,-0.09738327419309811,0.13111581406290485,0.02729081014805378,40,3,2012-14,hrt
rosberg,0.459335691752305,0.035053729064944084,0.05265313704055486,0.009287187330952754,44,3,2012-14,brackley
vergne,0.3500400990450831,-0.05060622030880546,0.06819054385415185,0.016260841957221314,27,3,2012-14,faenza
vettel,1.6075757125837329,0.048707953494552675,0.08675372812615953,0.011149036896696132,44,3,2012-14,red_bull
webber,0.9145432357517804,0.043420965499379904,0.14681748124960325,0.02426028756331396,42,4,2012-14,red_bull
bruno_senna,0.3807763636018378,0.02538111579644209,0.12562435440316327,0.026221058017459793,43,4,2012-15,williams
button,1.0457822709030289,0.028947011554903646,0.04864411430761106,0.008085714377482456,45,3,2012-15,mclaren
glock,-1.2220477105102163,0.00523156700506755,0.05707715530379325,0.011425127854290356,44,3,2012-15,banbury
grosjean,0.2851222615859841,-0.030526850659528426,0.12996100289117157,0.018223263190819294,43,3,2012-15,enstone
hamilton,0.5494279370502467,0.013468251648711752,0.06772138908382302,0.012537228287485299,45,3,2012-15,mclaren
hulkenberg,0.7008618169140103,0.018064591007615205,0.04148380010194473,0.0069577373341461034,45,3,2012-15,silverstone
karthikeyan,-2.1375898136112697,-0.05126512601758562,0.14057658015510524,0.041656516020092314,23,2,2012-15,hrt
kobayashi,1.0222890777513685,0.0526598821323086,0.07933501573455078,0.012854381535389283,45,3,2012-15,hinwil
kovalainen,-0.942374355633674,0.012304646580424072,0.048396539049283774,0.009284621301445924,44,3,2012-15,leafield
maldonado,0.5636371319049412,0.04159846699058585,0.050123463276947944,0.011092596029470003,45,3,2012-15,williams
massa,1.1086521347591916,-0.008538160360805458,0.04804842060358857,0.01073419895469112,45,3,2012-15,ferrari
michael_schumacher,0.46946253836402935,-0.014473945687766526,0.05568054376771912,0.011819142148032445,45,3,2012-15,brackley
petrov,-1.4781215670070778,-0.024713512599863874,0.050366692897365666,0.009375219059835153,42,4,2012-15,leafield
pic,-1.5143396893212453,-0.08013053861515762,0.14399154307222498,0.03320356122079713,26,3,2012-15,banbury
raikkonen,0.5282049763004516,0.010066729570621546,0.05137167005234328,0.009604459267509177,45,3,2012-15,enstone
resta,0.097414330934876,0.008163736482709821,0.05136459912899345,0.011256825176314359,45,3,2012-15,silverstone
ricciardo,0.4114717944635299,0.0070689832300139255,0.061519704395041085,0.011267880282917163,45,3,2012-15,faenza
rosa,-1.9504735866251357,-0.04853155973973505,0.08627120296556853,0.02229656128477482,44,3,2012-15,hrt
vergne,0.22868767711529503,-0.06000112056067297,0.09015196621117753,0.019320046316676234,45,3,2012-15,faenza
vettel,1.3899273357175739,0.01284868325744365,0.05398603786545794,0.008918369917995328,45,3,2012-15,red_bull
webber,0.46322907534225444,0.08237714898426768,0.06945357415895516,0.00919908004125405,47,2,2012-15,red_bull
alonso,1.1990020455558186,0.024397804923893852,0.06659674305736227,0.013844614235405695,49,3,2012-16,ferrari
bruno_senna,0.05784134979734692,0.032265714393779434,0.06980254483756583,0.013334027283231431,49,3,2012-16,williams
glock,-1.4232692963004743,-0.0966931259688674,0.14435353264813036,0.03034955000423948,48,3,2012-16,banbury
grosjean,0.8139489678132765,-0.023818727497181592,0.10883193097811987,0.020020328533558188,49,3,2012-16,enstone
hamilton,0.022940863476407204,-0.15430004190414118,0.12288732467170378,0.027429684529650597,47,4,2012-16,mclaren
hulkenberg,0.7647200684021386,0.030603147911613705,0.05936601055107395,0.01081288060429337,49,3,2012-16,silverstone
karthikeyan,-3.2567898005014313,-0.02727668085635406,0.20361999065016662,0.025951830213523895,49,2,2012-16,hrt
kovalainen,-1.1191159078262156,-0.015128148975987264,0.10453704629303079,0.018919036802106593,48,3,2012-16,leafield
maldonado,-0.5006318895497833,0.04729736499127699,0.05757176391971631,0.0072092663443781065,51,2,2012-16,williams
massa,1.2669790589571002,0.0002079576483337564,0.04898001387214486,0.011061347302389727,49,3,2012-16,ferrari
michael_schumacher,-0.11092006087134273,0.026671579678298432,0.1027749484664379,0.019910875181609125,49,3,2012-16,brackley
perez,0.4347508719044725,-0.004467967372015637,0.11875883061618527,0.02864769631001245,49,3,2012-16,hinwil
petrov,-1.101266575827326,0.027053526426916975,0.08501092158441799,0.015887499653394307,48,3,2012-16,leafield
pic,-2.0136703100452147,0.11079691578314974,0.08265886823731215,0.02041976113012516,47,3,2012-16,banbury
raikkonen,0.9206335863390562,0.022056183718269985,0.08959397846694885,0.016004408422741007,49,3,2012-16,enstone
resta,0.28367778138362504,-0.002644990448101979,0.08415487648327245,0.01564891305366883,49,3,2012-16,silverstone
ricciardo,0.5818126987156452,-0.030034022727747932,0.06956794640837269,0.014164189392001614,49,3,2012-16,faenza
vergne,0.6042360753703221,0.03825888387451091,0.09080535088108667,0.01581829549821775,49,3,2012-16,faenza
vettel,1.318527569131722,-0.02492110976230979,0.08388265598021201,0.01294590411891926,49,3,2012-16,red_bull
webber,1.2565929040748571,0.019675736162663028,0.07274384108253623,0.015064006346501992,49,3,2012-16,red_bull
alonso,1.4435795058947725,-0.007899177476207608,0.05527759487128858,0.005737512309833087,56,2,2012-17,ferrari
bruno_senna,0.422464343705394,0.03148681438426429,0.08765755893409691,0.008455154409277296,56,2,2012-17,williams
button,0.9551403657116466,0.012374491281209932,0.0505582586565021,0.005707844296478952,56,2,2012-17,mclaren
glock,-1.9045359750200135,0.014065188598712974,0.10808591715826224,0.010677418091245667,54,2,2012-17,banbury
grosjean,0.9443398752913279,-0.005608519347321053,0.07789746867461012,0.007866093893656388,56,2,2012-17,enstone
hamilton,1.1935515780372536,0.014215872585268796,0.03942554878882093,0.0041972632525749546,56,2,2012-17,mclaren
hulkenberg,0.5958884465866914,-0.005169963391643009,0.06412754412843803,0.006300488952496789,56,2,2012-17,silverstone
karthikeyan,-2.6501184815018823,-0.005821830359039271,0.17642954988704046,0.017776350391383484,54,2,2012-17,hrt
kobayashi,0.5127656371309494,-0.027459891185111163,0.13488224914266417,0.014494810895381037,56,2,2012-17,hinwil
kovalainen,-1.3031487379248181,0.021483458054522786,0.09121481999698744,0.008122215767699779,55,2,2012-17,leafield
maldonado,0.46625826122349,-0.010492919799726275,0.11427105601832563,0.012406082005458063,53,3,2012-17,williams
massa,0.9011617244325449,-0.015297738860738264,0.07747477876351018,0.007437081631306862,56,2,2012-17,ferrari
michael_schumacher,0.06931226026910156,0.019651337533206803,0.10228172420138787,0.010538401784023618,47,2,2012-17,brackley
perez,0.03127197409128671,-0.08554246901781348,0.12269690301995446,0.02660215463306731,15,2,2012-17,hinwil
petrov,-1.093864127311397,-0.004598454723472256,0.07621573737555869,0.007668226624837285,55,2,2012-17,leafield
pic,-1.529812284776901,0.008316858713605317,0.06945602753315566,0.007486979771804259,55,2,2012-17,banbury
raikkonen,1.2347121336298907,0.0039099767772808325,0.058984335652504286,0.005248105975297207,56,2,2012-17,enstone
resta,-0.03486106764439681,0.026814095408110195,0.04167860535676579,0.004582897615561347,56,2,2012-17,silverstone
ricciardo,-0.08895947345156097,0.031551875081787584,0.0747581006375662,0.007470478671540942,56,2,2012-17,faenza
rosa,-2.5240504052817223,0.0024292812805386532,0.0678648102124651,0.007925179439730992,36,2,2012-17,hrt
rosberg,-0.0962244344490848,0.022075708909662928,0.08807747004374093,0.008352825485538581,56,2,2012-17,brackley
vergne,-0.19343502386811942,-0.021759100077611004,0.10445218374863935,0.010037800310818738,54,2,2012-17,faenza
vettel,1.3895625489630719,-0.0045860901425056055,0.055271465531265565,0.005202845741802128,56,2,2012-17,red_bull
webber,1.2590013562624751,-0.014138804226982105,0.08162886815878821,0.008165775674643638,56,2,2012-17,red_bull
alonso,1.0975315549747309,0.022820828198255306,0.09070151648630957,0.008550743834241427,39,2,2012-18,ferrari
bruno_senna,0.01922012534985268,0.018779030622708182,0.07904368722768894,0.010100262599968378,39,2,2012-18,williams
button,1.1632910126992182,-0.0017744457388288552,0.05027304053249584,0.005457159366457498,39,2,2012-18,mclaren
glock,-1.50779607125293,-0.014760787489612664,0.08108387098002115,0.008870189552778372,39,2,2012-18,banbury
grosjean,0.3190337337805058,-0.014811099631935064,0.06789120523542692,0.011134320692701517,25,2,2012-18,enstone
kobayashi,0.13682396521920243,0.010211518134834636,0.05670567010606723,0.005682117929142497,39,2,2012-18,hinwil
kovalainen,-0.9466827839011317,-0.01553069677919305,0.07880281530560668,0.008371425043685201,39,2,2012-18,leafield
maldonado,0.5598242476316964,-0.00468445688071643,0.17321555920859094,0.017365388684109025,39,2,2012-18,williams
massa,0.5988670236850281,-0.01457406277952918,0.05303642753711026,0.00515614789650096,39,2,2012-18,ferrari
michael_schumacher,0.24086577492820171,-0.006300402732913862,0.04940878203673563,0.0065554791493858825,39,3,2012-18,brackley
perez,0.5420610658306753,0.01780005636432307,0.07829548245087947,0.010344280269032582,36,3,2012-18,hinwil
petrov,-1.673539499434812,-0.017292331059805943,0.050547640331684296,0.005703918751454701,38,2,2012-18,leafield
pic,-1.5998121100770262,0.007315095898637814,0.042479694264231656,0.006558148918168072,27,2,2012-18,banbury
raikkonen,1.2653735362847598,0.009065121132094001,0.04912171749316987,0.005109183559745713,39,2,2012-18,enstone
resta,0.18172956934399614,0.004615580888792565,0.050967461272883145,0.007815301371022204,39,3,2012-18,silverstone
ricciardo,-0.14723775140616163,0.003407001980712799,0.046207222688772046,0.008187633240316723,38,3,2012-18,faenza
rosa,-2.0966240655446984,-0.021715131820450328,0.08572574891731093,0.007905365379802708,38,2,2012-18,hrt
vergne,-0.17289288051365695,0.0036725197537716865,0.08173696230413806,0.01417722201700697,39,3,2012-18,faenza
vettel,1.0431002477041347,0.020143060090996357,0.06908639207019601,0.012845942158274134,39,3,2012-18,red_bull
webber,0.9768633046984161,-0.006386398152141048,0.1651701047320164,0.013145569810768584,24,2,2012-18,red_bull
alonso,0.9373819088099746,0.01741753780378927,0.12383193157697699,0.010950570141973964,52,2,2012-19,ferrari
bruno_senna,0.9270348260048182,-0.01511757584225595,0.18732968859080262,0.012277227440744,52,2,2012-19,williams
button,0.8369721523094615,0.03377609855003935,0.11442396907611105,0.012111489647546896,52,2,2012-19,mclaren
glock,-1.1900301460917273,-0.019701393368805133,0.12408244360137695,0.015803517670595027,51,2,2012-19,banbury
grosjean,1.1640294092248922,-0.020939396615472085,0.1363333194650537,0.007215611873283443,51,2,2012-19,enstone
hamilton,1.6499838356678578,-0.0049566435558634735,0.11974968924410723,0.01035663003010996,52,2,2012-19,mclaren
hulkenberg,0.28726371937132666,0.002219498666423337,0.14628835310454108,0.009947006843787846,52,2,2012-19,silverstone
karthikeyan,-2.67350239739086,-0.011874837825380551,0.10720313615309639,0.013322090795103015,50,2,2012-19,hrt
kobayashi,-0.019293479160051363,0.023216596906113458,0.15462528571491196,0.009660951452383456,51,2,2012-19,hinwil
kovalainen,-1.1185581565429046,-0.04591073849066116,0.11443537573290412,0.012395367876851065,51,2,2012-19,leafield
maldonado,0.524662239936272,0.030292533658443397,0.16220618484671892,0.013206478064036294,52,2,2012-19,williams
massa,0.9341192779965626,0.043478034375753344,0.1583198923421784,0.01719552281443053,52,2,2012-19,ferrari
michael_schumacher,-0.07767777692995598,0.011903697882538842,0.07108444821770288,0.010055189186139029,49,3,2012-19,brackley
perez,0.43121227511239346,-0.0030647423300272057,0.15293312297350525,0.01145720588283096,52,2,2012-19,hinwil
petrov,-1.181718470580249,-0.04894117803832132,0.15005094190465035,0.016674476623928583,51,2,2012-19,leafield
pic,-1.6925218161795452,0.013579437315420193,0.13697810467433905,0.01586096728002211,50,2,2012-19,banbury
raikkonen,0.7142823529031708,-0.007954378557478516,0.14317500486113754,0.015270521851911951,52,2,2012-19,enstone
resta,-0.019886092178435955,0.004991769728478129,0.08555847835173286,0.010846220827931982,49,3,2012-19,silverstone
ricciardo,0.4875139046677124,-0.003052570438963117,0.10230406671582686,0.011971335261228925,52,2,2012-19,faenza
rosa,-2.792847909675781,-0.0076471744033144405,0.1366061743081997,0.014693510595263973,50,2,2012-19,hrt
rosberg,0.484757532619595,0.006960264101235517,0.13115989445277873,0.01520497829319497,52,2,2012-19,brackley
vettel,1.386822810105475,0.001325160478308194,0.08830196765458095,0.007728207047036906,52,2,2012-19,red_bull
alonso,1.3517264426787117,0.008828238120284852,0.17266178217556752,0.03362462786080211,50,4,2013-01,ferrari
bottas,-0.38731726702438063,0.015760813791450584,0.08392334399131776,0.01983443697258585,49,4,2013-01,williams
button,0.18104582609903883,-0.01668622957795813,0.10764077026583321,0.018296390156621527,50,4,2013-01,mclaren
chilton,-1.7623436077388976,-0.03455833829061686,0.17630698086213778,0.0333850734523663,48,4,2013-01,banbury
garde,-2.9763295749272825,-0.16135481070631022,0.1999101281947878,0.036787278205765286,48,4,2013-01,leafield
grosjean,0.46511822143490505,0.004757546223375512,0.12839855950978404,0.025165429069766154,50,4,2013-01,enstone
gutierrez,-0.3379670483406532,0.01571685231533612,0.11894531086438806,0.01800465148571117,51,3,2013-01,hinwil
hamilton,0.7333707977050762,-0.016877059958682855,0.10854265876582918,0.021657876526315838,50,4,2013-01,brackley
jules_bianchi,-1.2055678483432015,0.02566077430806432,0.16611031054439002,0.029648052827367353,49,4,2013-01,banbury
maldonado,-0.939837885702817,-0.08819046632230146,0.1375707809775122,0.030253428289712087,18,2,2013-01,williams
massa,0.8416882911275845,-0.08802686969303211,0.06150293994213657,0.010440415015315492,50,4,2013-01,ferrari
perez,0.2556713632183951,0.04000597219380894,0.09148309981317716,0.01789365820434533,50,4,2013-01,mclaren
pic,-1.7299959738404773,-0.041225184127368225,0.1566465423505935,0.023073194726401545,50,3,2013-01,leafield
raikkonen,1.3056319559914404,0.07827267994623452,0.10432455819280652,0.014764449268466585,52,3,2013-01,enstone
resta,0.18758141099908404,0.03765268892043491,0.0856423281229227,0.011956265692368673,52,3,2013-01,silverstone
ricciardo,0.0580216022666306,0.00550810260236642,0.20514188816679263,0.04363378638398709,31,3,2013-01,faenza
rosberg,0.8537043902945187,0.10941406256446409,0.33682435320225995,0.06356889794039773,20,2,2013-01,brackley
sutil,0.5152950263855363,0.08552729541132828,0.12904237966126755,0.0207838049967303,52,3,2013-01,silverstone
vergne,0.6066076408839461,0.05363275242486962,0.10328609951664204,0.020583340408902695,50,4,2013-01,faenza
vettel,1.0419538617159463,-0.03504323396625378,0.10613233004999452,0.017198084397602932,50,4,2013-01,red_bull
webber,0.9419423751168954,0.0012244138205055027,0.11355122216909562,0.022817591054680227,50,4,2013-01,red_bull
alonso,1.0110678077365784,0.010113774901023088,0.08685391315922292,0.019127672068619914,48,4,2013-03,ferrari
bottas,-0.4800611460631543,0.0008146550902513941,0.0715565503353391,0.014428391283219252,48,4,2013-03,williams
button,0.1974564418601025,0.07440731098528977,0.09527759001465536,0.014371406865405055,50,3,2013-03,mclaren
chilton,-1.197208985370282,-0.019357860318913046,0.06866271895087514,0.013452902612533381,47,4,2013-03,banbury
garde,-2.1926819967091387,-0.12000667325825617,0.07254664718047162,0.01487840918456835,47,4,2013-03,leafield
grosjean,0.09277650629286074,0.012489658335208133,0.06554194796906537,0.014720636053565005,48,4,2013-03,enstone
hamilton,0.9072796835783582,-0.026977252740805473,0.12242917830204358,0.02265889937455237,48,4,2013-03,brackley
hulkenberg,0.02280881584844932,-0.033670726989436704,0.08217266195945042,0.01451856823444809,48,4,2013-03,hinwil
jules_bianchi,-0.5687745862525792,0.00662668095794363,0.0611198006199053,0.012645679811055315,47,4,2013-03,banbury
maldonado,-0.6442615397062955,0.041712835476654046,0.06858623291576396,0.013516291612295665,48,4,2013-03,williams
massa,0.2807768490638324,-0.014396236649716197,0.07140714799483633,0.013115046949974696,48,4,2013-03,ferrari
perez,0.006653421520700725,0.004435435296050998,0.0915552691001817,0.013572678152848799,50,3,2013-03,mclaren
pic,-0.7513945516226067,-0.005612246240452444,0.047574885391739916,0.0077203880165666785,47,4,2013-03,leafield
raikkonen,1.053887189183848,0.04733209259787522,0.06787311197365048,0.011583709139654242,48,4,2013-03,enstone
resta,0.40947644898442925,0.04718182460010421,0.04688885146596974,0.00966883474713905,48,4,2013-03,silverstone
ricciardo,0.6559628304856605,0.012082936519802696,0.06016260994153298,0.013825178852701557,48,4,2013-03,faenza
rosberg,0.16842135924400295,-0.07630137377252463,0.11359957992776727,0.02021700739440229,15,2,2013-03,brackley
vergne,0.1719086805206044,0.0027198859906687814,0.05002668244501877,0.008641642001943844,48,4,2013-03,faenza
vettel,0.8559067714046292,0.03640527921923268,0.10893975086856866,0.02286220838221743,48,4,2013-03,red_bull
alonso,0.7466369486828812,-0.000985866835430408,0.06910646530858713,0.013408158799381622,48,4,2013-04,ferrari
bottas,-0.061955581345877475,0.028781305115951714,0.05065618205248199,0.011344418928472065,49,4,2013-04,williams
button,0.27715615056236464,-0.03239715050344756,0.10768500349924444,0.023089710452173774,47,5,2013-04,mclaren
chilton,-1.3842596441712431,-0.03390468418700106,0.07667997766349595,0.014872877616085817,46,5,2013-04,banbury
garde,-2.6963326101319725,-0.13946710757229372,0.13819507097611217,0.02731514562302811,43,5,2013-04,leafield
grosjean,0.995659568009435,0.057481653729055546,0.06472415001383967,0.013952996870636577,49,4,2013-04,enstone
gutierrez,-0.5526446011255999,-0.04303694402188403,0.07012816189961184,0.016358344302502804,47,4,2013-04,hinwil
hamilton,0.7324686786263263,0.05920334126516217,0.06809159206317655,0.014669831365617917,49,4,2013-04,brackley
hulkenberg,-0.29468858424454447,-0.027131676274036773,0.0661356141394944,0.014330623686527157,49,4,2013-04,hinwil
jules_bianchi,-1.2158358716214541,0.00043759237888964177,0.07342709725375324,0.01579788189000842,46,5,2013-04,banbury
maldonado,-0.038510459533249386,0.02012054383217958,0.05587310576455419,0.013483217227432133,49,4,2013-04,williams
massa,-0.18123635029235352,-0.1262944318428257,0.06341361090189578,0.011626630834201204,47,5,2013-04,ferrari
perez,0.6960424767381008,0.01912579884314196,0.09795271818974319,0.018481109804237582,49,4,2013-04,mclaren
pic,-0.7955310888736593,-0.030439972071180058,0.07115764108454573,0.013271042423506792,48,4,2013-04,leafield
raikkonen,0.8120270554791722,0.10172650403353965,0.044342126706309506,0.008832496604653005,51,3,2013-04,enstone
resta,0.5932311021353175,0.052520709549864694,0.049422000976132675,0.008194772897876151,51,3,2013-04,silverstone
ricciardo,-0.7018618370959571,-0.003451607486371703,0.06166564222550705,0.012701572563733915,48,4,2013-04,faenza
rosberg,0.5916326780582521,0.03787269900491734,0.09574080595369519,0.02047214848148195,47,5,2013-04,brackley
sutil,1.0433509089557114,0.04202366018414379,0.04181061143551247,0.007954638291323911,50,3,2013-04,silverstone
vettel,0.9973031988316959,0.014557707726692612,0.07518836627815875,0.014289177456291019,49,4,2013-04,red_bull
webber,0.4373478623566527,0.0032579251309323006,0.11550489286796439,0.024573507541731335,49,4,2013-04,red_bull
alonso,1.4386123668644264,0.0135868642344661,0.060446765392323736,0.012525859104417135,56,5,2013-05,ferrari
bottas,-1.1674751211993981,-0.04700570966936636,0.15446909206123374,0.03181923012015667,57,4,2013-05,williams
button,0.2577490875201389,0.11633784021157613,0.07538795502565533,0.015404566544941635,58,4,2013-05,mclaren
chilton,-2.127025095957576,-0.16491094111253357,0.06593220993916209,0.014488268068955546,56,4,2013-05,banbury
garde,-1.620824158058766,-0.12800836174679756,0.41347711373264817,0.07973764343259625,15,2,2013-05,leafield
gutierrez,-0.22299371346614938,-0.03604941099859725,0.15025485486367945,0.031980956022701894,55,5,2013-05,hinwil
hamilton,-0.0011348587295027524,0.019807141846179554,0.10938500723419096,0.02432888778610852,55,5,2013-05,brackley
hulkenberg,0.4367857585059859,0.06843327316159799,0.1141112369634995,0.02138557875334741,52,6,2013-05,hinwil
jules_bianchi,-1.1189505201986578,-0.10806834911085626,0.13939111785582783,0.03296733033597396,54,4,2013-05,banbury
maldonado,-0.17692998936716353,0.06420841279821245,0.11307168489694154,0.02225567608520859,53,6,2013-05,williams
massa,0.8828915367940764,-0.052737007224671686,0.09919050079145829,0.020071131653602116,56,5,2013-05,ferrari
perez,0.07808873915518227,-0.017891116087843943,0.12244448843247557,0.02607824564145124,56,5,2013-05,mclaren
pic,-0.9565305858269338,0.05455154156629473,0.07221429697329793,0.014175617149706766,57,4,2013-05,leafield
raikkonen,1.4353225939963576,0.09807195694233618,0.05114362574933183,0.010840899636127483,58,4,2013-05,enstone
resta,0.5418066639818453,0.050086600415759866,0.06473750791577314,0.012226577707518015,56,5,2013-05,silverstone
ricciardo,-0.37720401201171794,-0.09714228506040616,0.0963701628119804,0.02182477291525971,55,5,2013-05,faenza
rosberg,0.24116405747460948,0.10637379618293698,0.17791755297861073,0.035040290109998616,58,4,2013-05,brackley
sutil,0.8634027792229204,0.008191438713042187,0.10076253635471619,0.01988890168198797,55,5,2013-05,silverstone
vergne,0.334684749490564,0.07183727178562584,0.10147293324627206,0.024726110975331055,39,5,2013-05,faenza
vettel,0.7435408449371852,0.03499377849535913,0.11900173435810382,0.02602235718321827,56,5,2013-05,red_bull
webber,0.5150188768725729,-0.05466673534231435,0.0798067283716618,0.018251016755370636,56,5,2013-05,red_bull
alonso,-0.30183367580514675,0.03785603480408561,0.32125661743371087,0.017731121794850868,56,2,2013-06,ferrari
bottas,-0.28335909932716324,-0.003190439530951529,0.242868604874567,0.016836378922905678,58,2,2013-06,williams
button,0.19786690056439488,0.020873674071427088,0.21786035482282787,0.01431018122389818,56,2,2013-06,mclaren
chilton,-0.230154217475238,-0.13053029865963162,0.21167357718593174,0.027068188133223058,55,4,2013-06,banbury
garde,-0.5243704514491725,-0.07712688866630321,0.4215913405083272,0.024148998834033247,53,3,2013-06,leafield
grosjean,-0.4623426541085016,0.04409068808465321,0.23071549444380757,0.02073072130344256,46,2,2013-06,enstone
gutierrez,0.01127363701873256,-0.0072147504468627124,0.1726034768213461,0.01991241174531493,56,3,2013-06,hinwil
hamilton,-0.0013122450976917402,0.07547781951191965,0.1471053486208719,0.01159851698273601,58,2,2013-06,brackley
hulkenberg,0.4018691751961323,-0.032725005962890415,0.19117044561882415,0.01609850690923467,56,2,2013-06,hinwil
jules_bianchi,-0.5605700566756728,-0.029864569974062845,0.17270624333537526,0.025179106190561427,37,3,2013-06,banbury
maldonado,0.6556760289048127,-0.09222456522906425,0.11941013330737082,0.012994354217458749,29,2,2013-06,williams
massa,-0.11871918136382036,-0.07124870555820795,0.16746689005702453,0.019870262257095678,24,1,2013-06,ferrari
perez,0.014629167209989191,0.05282437792379079,0.176086406719053,0.015859591522179434,49,2,2013-06,mclaren
raikkonen,0.9556795842037625,-0.01903944143516157,0.20149831381270503,0.01936611887640001,54,3,2013-06,enstone
resta,0.5914025921948217,-0.02364827491604505,0.29063986196622293,0.010704944419298904,56,2,2013-06,silverstone
ricciardo,-0.06435206581395286,0.005334442815035749,0.27303877960243306,0.033861599191090365,42,2,2013-06,faenza
rosberg,-0.4796118909224606,0.08430246295994359,0.1709703703219857,0.014003246023215458,58,2,2013-06,brackley
sutil,0.2289507289979108,0.03223837550849413,0.25476317568816625,0.01868981102130416,58,2,2013-06,silverstone
vergne,0.05714260594107293,0.038568475494030856,0.16637997369318439,0.01384191544822619,57,2,2013-06,faenza
vettel,-0.2898065418188543,0.06154213559291843,0.23760353455010538,0.014040478246802265,58,2,2013-06,red_bull
webber,0.20194165962604532,0.03370445361288204,0.18029321937829143,0.012952617690219345,56,2,2013-06,red_bull
alonso,1.1518066994555634,-0.003579773443308271,0.07770357740960637,0.016403448022836675,33,4,2013-08,ferrari
bottas,-1.0234618911795934,-0.009666302638813722,0.12146390868528505,0.019400928563236934,35,3,2013-08,williams
button,0.25433514777288024,-0.005038058089353187,0.1128512153295696,0.01635549014120834,34,3,2013-08,mclaren
chilton,-3.0301234165534296,0.01577846327370404,0.09274585423469585,0.01894183267561465,32,3,2013-08,banbury
garde,-3.2747786051866714,0.0069274511134648385,0.07764171454509283,0.01920375974082968,31,4,2013-08,leafield
grosjean,0.3243527817539008,0.010854200916511143,0.1726201190457713,0.034369852641362095,31,4,2013-08,enstone
gutierrez,-0.2796809064383068,-0.03363329742697453,0.09808380642287867,0.020903084732114847,30,4,2013-08,hinwil
hamilton,1.2852615974758583,-0.017477590311439122,0.09020801702765001,0.016107826617988784,34,3,2013-08,brackley
hulkenberg,-0.08452122655614722,-0.030659980750669318,0.13861726925733367,0.033239364222641135,32,4,2013-08,hinwil
jules_bianchi,-1.5931355892951777,0.0003446898258320048,0.0477894577648497,0.008416428983844077,32,3,2013-08,banbury
maldonado,-0.7779866796832157,0.012851235886315555,0.07310218900777933,0.012042297064816338,35,3,2013-08,williams
massa,0.3974804480026762,-0.061582922167822116,0.12696384269681676,0.022298821309998534,33,5,2013-08,ferrari
perez,0.6306744381960301,0.008032009790608963,0.10648830258574975,0.017448177494748595,29,3,2013-08,mclaren
pic,-1.5373506209407721,0.06222158938914103,0.061729758056072774,0.014855346067782596,34,3,2013-08,leafield
raikkonen,1.0042280314945051,0.005832466576398593,0.09415232949609131,0.018337577951740805,34,3,2013-08,enstone
resta,0.15023726428040726,0.04606187285171322,0.05293142940438604,0.007682162680095183,34,4,2013-08,silverstone
ricciardo,0.9078060812531104,-0.014957998209064832,0.07788053778001808,0.014184123153551859,34,3,2013-08,faenza
rosberg,1.7877853917433306,-0.017095144912885978,0.07543324643505277,0.013546931076746859,34,4,2013-08,brackley
sutil,0.7159055620628642,-0.039389270291412294,0.0771792602666644,0.013091982332044595,34,3,2013-08,silverstone
vergne,-0.10155110462537921,0.10790806521486608,0.2201987422341427,0.04453447803455259,20,3,2013-08,faenza
vettel,1.84538889645835,-0.01115051428599732,0.09165753120170513,0.017228134339782483,27,3,2013-08,red_bull
webber,1.2473277005092176,-0.032581192310814786,0.10978683844283604,0.016597086555273782,34,4,2013-08,red_bull
alonso,1.102851467288594,0.030111815358036153,0.05498213818711461,0.007694374563408814,47,4,2013-09,ferrari
bottas,-0.34862759625233086,0.024471931659095735,0.08659305567711408,0.008989875411685333,46,3,2013-09,williams
button,0.5391648634665809,0.034130050967930994,0.07961910188300785,0.010235958887816735,47,3,2013-09,mclaren
chilton,-2.832924614303175,-0.10268402289211119,0.0820695324616909,0.01532062806105051,44,5,2013-09,banbury
garde,-2.4189895709820055,-0.04168061416490952,0.06914984274393114,0.014090543952277565,44,4,2013-09,leafield
grosjean,1.342024685252023,-0.0002583258397841799,0.042086632959540585,0.009774452321875468,47,4,2013-09,enstone
gutierrez,0.06743587752572294,0.0031608898664370437,0.0594225870010606,0.012349116463931406,45,4,2013-09,hinwil
hamilton,0.8561798125046982,0.015723269720551738,0.12630497426671142,0.018867764306529942,45,4,2013-09,brackley
hulkenberg,0.46209833040228104,0.010970372684264328,0.08320447005839217,0.01592150190331693,45,4,2013-09,hinwil
maldonado,0.03572598982488634,-0.001969616180052692,0.04766053812997366,0.007819466292617054,47,3,2013-09,williams
perez,0.3455163762880356,0.012093349997563698,0.06224661035795765,0.005284391234432046,49,3,2013-09,mclaren
pic,-1.9993169576663417,0.003486492303942001,0.07269383628049285,0.011571688786336033,46,4,2013-09,leafield
raikkonen,1.406552724554903,0.032084877425995764,0.0636840503706064,0.009342289021571137,47,4,2013-09,enstone
resta,0.06917777944337977,0.0030288972518969885,0.07744414451381762,0.007386259701748302,49,3,2013-09,silverstone
ricciardo,-0.02301572862904261,-0.003816188572338581,0.07104670091213006,0.013120667832318873,45,4,2013-09,faenza
rosberg,0.17783105489434087,0.010350782687427295,0.061258594340052305,0.010504000399043086,47,4,2013-09,brackley
sutil,-0.09096616094182708,-0.008249517316697364,0.05318198518655822,0.01167600878066487,47,4,2013-09,silverstone
vergne,-0.8960463139309476,-0.01595368397379442,0.09019807477285267,0.0167952676228445,16,2,2013-09,faenza
vettel,1.3119758279027922,0.010394282800998366,0.056040983135944696,0.012498725507522037,47,4,2013-09,red_bull
webber,0.893352153357432,-0.015395043784452157,0.09357556775094872,0.01631122355642201,46,4,2013-09,red_bull
alonso,1.0623773707412456,0.0013753293895149186,0.06997876261363592,0.012080077979293388,62,4,2013-10,ferrari
bottas,-0.7165352484193233,-0.009755389955933263,0.09883075466472749,0.016604421925208543,33,3,2013-10,williams
button,0.6551834476840959,0.002046174534218976,0.10526807976381798,0.012468217811761533,64,3,2013-10,mclaren
chilton,-3.459919814279218,-0.07679934133636089,0.16505648134491127,0.03338579363516962,59,4,2013-10,banbury
garde,-1.5202287936764645,-0.05373010335994408,0.1294841263115455,0.022457737825448177,60,4,2013-10,leafield
grosjean,1.622955294363859,0.002477743196648747,0.09532819024359973,0.013564225150392076,60,5,2013-10,enstone
gutierrez,-0.17154231746988405,0.03922011786150067,0.10482780610667146,0.016259404631047962,22,2,2013-10,hinwil
hamilton,1.4673631978574007,0.0008208817191579685,0.060064001976027334,0.009668274362679991,62,4,2013-10,brackley
hulkenberg,-0.3023965664588776,-0.03200358433003423,0.0941139371105611,0.015216717840310146,61,4,2013-10,hinwil
jules_bianchi,-2.7928114067625147,-0.058848711244394405,0.11019994623849848,0.02179700235935354,59,4,2013-10,banbury
maldonado,0.0004897866549575525,0.013415122819147075,0.07534293115511856,0.014186741822620613,61,4,2013-10,williams
massa,0.8874637669674847,-0.037397571891134664,0.08907799674037958,0.021085430262054495,62,4,2013-10,ferrari
perez,0.3254325574566094,-0.029426612701722404,0.10905923086319559,0.014693077333331512,63,3,2013-10,mclaren
pic,-1.7483443598760062,-0.028333794864369582,0.14170894892133806,0.018584862967561636,62,3,2013-10,leafield
raikkonen,1.3628779923154866,0.027389430929543063,0.06393966079310406,0.008278415716626639,64,3,2013-10,enstone
resta,-0.15860029280837087,0.004941811073585798,0.07632878546263003,0.01380224531471903,55,4,2013-10,silverstone
ricciardo,-0.4497151753888554,-0.004248885994548628,0.07595060373220636,0.010285735562939385,63,3,2013-10,faenza
rosberg,1.0486896299813837,0.030845498615345263,0.08585392583522751,0.016673144200166502,54,4,2013-10,brackley
sutil,0.1892871183181811,0.1457118832732171,0.08260214819313916,0.021869117780275078,15,1,2013-10,silverstone
vergne,-0.18152486018175,0.01278235743890695,0.060160844469729614,0.010606506949905373,61,4,2013-10,faenza
vettel,1.5319230730469748,0.005483559183634013,0.10431108335850553,0.02019461112541553,62,4,2013-10,red_bull
webber,1.3475755999335866,0.044034085644021635,0.09027010025029525,0.015848298505999003,62,4,2013-10,red_bull
alonso,0.905698543318308,-0.04042931547755887,0.050905937714066554,0.01256543014308522,38,3,2013-11,ferrari
bottas,-0.5401822765116641,-0.029553658708260065,0.053448448570408355,0.013326911373559397,38,3,2013-11,williams
button,0.6496634815231263,-0.0012102039122228944,0.05685340079466712,0.011130450004828903,38,3,2013-11,mclaren
chilton,-2.963088149274939,-0.013321182298963695,0.11777917712392343,0.02877416350359549,34,4,2013-11,banbury
garde,-1.50268867386162,0.007496518401087372,0.07953881056171673,0.016671892978230813,37,3,2013-11,leafield
grosjean,0.4946810068591612,0.032536737758093105,0.07600133647569657,0.014515535542175063,40,2,2013-11,enstone
gutierrez,-0.006457853622184019,-0.000958688044570187,0.08505616976663263,0.01822018347169622,36,4,2013-11,hinwil
hamilton,0.966440871761669,0.04412277779678395,0.11114460921081926,0.023761590842080606,38,3,2013-11,brackley
hulkenberg,-0.05213724173188675,0.007319636573386225,0.06579081690807467,0.013774478055752762,38,3,2013-11,hinwil
jules_bianchi,-2.4917639525284363,-0.0034860357366417113,0.10840371581848492,0.02369912556968645,37,3,2013-11,banbury
maldonado,-0.44621993821603884,-0.047933857657230315,0.09230646450358998,0.018987024463283247,35,4,2013-11,williams
massa,0.5946551320311428,0.008672358708030327,0.047572039413784496,0.009967211289132536,38,3,2013-11,ferrari
perez,0.1716292745724748,0.02428275561302918,0.05361384902037508,0.009270222119608762,38,3,2013-11,mclaren
raikkonen,0.7950070204528119,0.08262225371421411,0.09151628039982543,0.024931883173711814,19,2,2013-11,enstone
resta,0.00845998507172626,0.015729045314913516,0.23532139503602562,0.04358637378441101,20,2,2013-11,silverstone
ricciardo,0.21045263559324254,-0.04544394021513256,0.13371612530241897,0.030094223138893,38,3,2013-11,faenza
rosberg,0.894341209753026,0.056597766379486915,0.09706338598165305,0.020373174091908766,38,3,2013-11,brackley
sutil,0.30664231637506,0.019406216402658057,0.06320566937164579,0.013041090231285793,38,3,2013-11,silverstone
vergne,0.07126157925342722,-0.01117982947206838,0.06640030788413401,0.013380584107380047,38,3,2013-11,faenza
vettel,1.0788953394164436,-0.059950256628663566,0.044373547621619346,0.009936106856137501,38,3,2013-11,red_bull
webber,0.8547096897651504,-0.04531909851037049,0.06139833696256923,0.0145351788582105,38,3,2013-11,red_bull
alonso,0.8786855520731299,0.033535290290552536,0.11500572781283215,0.011845661699787664,50,3,2013-13,ferrari
bottas,-0.6965273170644145,0.00978084949418058,0.0900773912118713,0.0197619001844397,47,4,2013-13,williams
button,0.6033502950254385,-0.037954686296137866,0.1497963647854593,0.0210806576310039,50,3,2013-13,mclaren
chilton,-2.280028365608594,-0.023760871957103566,0.08536922408077871,0.01654718197811735,46,4,2013-13,banbury
garde,-1.912534966904631,-0.05260589981454249,0.09518776072516573,0.025093174490178498,47,4,2013-13,leafield
grosjean,1.3818822959465136,0.08516717971878614,0.13301482411549856,0.02878431925735953,22,3,2013-13,enstone
gutierrez,0.12064812451660445,-0.05552260178564948,0.15390188724894877,0.016692089290609113,50,3,2013-13,hinwil
hamilton,0.9944805186838971,0.07086684662313099,0.0977461609369966,0.010168086461608326,48,3,2013-13,brackley
hulkenberg,0.7582382300027973,-0.011711618067233906,0.1649032720402179,0.019825956857837706,50,3,2013-13,hinwil
jules_bianchi,-2.2214149170095228,-0.06065138722782075,0.0833692773366195,0.018233153524732794,43,4,2013-13,banbury
maldonado,-0.5920732999761248,-0.08924350849920752,0.11540036890490392,0.02498515374049631,48,4,2013-13,williams
massa,0.5254128624617822,0.012228974339109258,0.09919399100920508,0.024808907678977678,48,4,2013-13,ferrari
perez,0.6298813357431262,-0.03958586802357482,0.1431930006518676,0.01753680139167756,50,3,2013-13,mclaren
pic,-1.6736513099273393,-0.007426855968267018,0.0575332302451643,0.010252054483540914,47,4,2013-13,leafield
raikkonen,1.1649413182698245,0.027005039903369846,0.10853110590863764,0.012062668149456097,50,3,2013-13,enstone
resta,0.4359673515360568,0.1317408667490485,0.06545345737857274,0.010833538842757406,39,3,2013-13,silverstone
ricciardo,-0.5073797924453853,0.009216414615216897,0.1391974841131369,0.028414774138606373,17,2,2013-13,faenza
rosberg,0.786803116423407,0.05972901534829582,0.0831791372868232,0.012676473365175826,48,3,2013-13,brackley
sutil,-0.06302588461582109,-0.09849116537720846,0.10665308997035867,0.021498227301313226,48,4,2013-13,silverstone
vergne,-0.47735986546778164,-0.17298090352889212,0.24777167516328513,0.05007622482653294,47,4,2013-13,faenza
vettel,1.3777786367726814,0.11992169207245613,0.08497580114899135,0.01041702886021175,48,3,2013-13,red_bull
webber,0.7659260815643548,0.09074319739149135,0.09724022983362648,0.014084495308834388,45,3,2013-13,red_bull
alonso,0.9070801476939963,-0.02321159271855424,0.07228540969647404,0.008429362108922079,38,3,2013-14,ferrari
bottas,-0.6345595176597281,-0.000573657546819005,0.07842886081535556,0.01059280669277294,38,3,2013-14,williams
button,0.6573545764771733,0.009200827632801688,0.08295777269417916,0.00906713682788943,38,3,2013-14,mclaren
chilton,-2.230378129189114,0.004825648359732322,0.05494219280964518,0.007604990715857601,39,3,2013-14,banbury
garde,-1.7697401420293595,0.021903130658369206,0.10346757657632087,0.013393253234926133,38,3,2013-14,leafield
grosjean,1.407646260147264,-0.0005036886148074501,0.047582839068993917,0.007451018857626193,40,3,2013-14,enstone
gutierrez,-0.10715791520624668,0.022789932272777362,0.0654389544862401,0.009910567381864353,40,3,2013-14,hinwil
hamilton,1.1802339944611877,-0.07975577602345532,0.1700563008811517,0.021073759614354724,38,3,2013-14,brackley
hulkenberg,0.4410772582302486,-0.003916904894865174,0.08549041510511818,0.011600817615476263,38,3,2013-14,hinwil
jules_bianchi,-2.1643547509842795,0.03252421482252741,0.07114148490750039,0.011948272006788482,39,3,2013-14,banbury
maldonado,-0.0581223462023151,-0.014202535960370986,0.07870005737299866,0.008287021429991485,38,3,2013-14,williams
massa,0.28864258095580103,0.00523700118995838,0.07827873440748949,0.009551222684547245,38,3,2013-14,ferrari
perez,0.21645898278224956,0.01855048916116462,0.06720388433435809,0.010557558738710697,40,3,2013-14,mclaren
pic,-1.535134766400619,-0.024518632586960874,0.05766471386524256,0.008741050930234572,39,3,2013-14,leafield
raikkonen,1.255466931676362,0.024487142970129085,0.07243677222000137,0.00912790323145229,38,3,2013-14,enstone
resta,-0.06257269193248549,0.0011604599362084814,0.09029731561682795,0.01694984244029701,18,2,2013-14,silverstone
ricciardo,-0.27623613181263523,-0.0017417838199134603,0.11677085419571988,0.020394062397642423,37,3,2013-14,faenza
rosberg,0.9483468977840588,-0.0078104062851326525,0.07107270974128593,0.010284894390835268,38,3,2013-14,brackley
sutil,0.07845988632639284,0.07968507671175504,0.08206283022755699,0.011424518778756334,30,4,2013-14,silverstone
vergne,-1.061007568989031,-0.1114806884073791,0.1029555838587557,0.02109027767511283,36,4,2013-14,faenza
vettel,1.4741605448522856,-0.01982527791884616,0.056250310507161304,0.008195223172046368,40,3,2013-14,red_bull
webber,1.0443358990187963,0.06717702106168086,0.10627634741101927,0.02409296241888018,26,2,2013-14,red_bull
alonso,0.5219703659144335,0.028712189746643423,0.13523797324387224,0.026905311858313213,47,3,2013-15,ferrari
bottas,-0.7545445492242029,-0.008436484779082366,0.06290211628882975,0.010252143489643893,46,3,2013-15,williams
button,0.12206378150812558,0.05199519641597085,0.06149909138768382,0.01464414568223633,45,4,2013-15,mclaren
chilton,-2.0793868401474627,-0.008482147161276436,0.12398412476496043,0.02114129931670231,46,3,2013-15,banbury
grosjean,0.9425196135777962,-0.007490998946458067,0.07241059658690656,0.012069324770900152,47,3,2013-15,enstone
gutierrez,0.12998289680714153,-0.01548185983327401,0.07394710236682797,0.011436391788692199,47,3,2013-15,hinwil
hulkenberg,0.403790959875495,-0.016682302031520175,0.06931343659978403,0.010091443994762734,47,3,2013-15,hinwil
maldonado,-0.37173088688585604,-0.032598675632717136,0.0980267312499016,0.01725667360202443,46,3,2013-15,williams
massa,-0.3359189679930899,-0.07409164054262411,0.11391486348519908,0.020802893429979787,45,4,2013-15,ferrari
perez,-0.09884724709372944,-0.04070355282904968,0.08378479634694055,0.016792183849551837,44,4,2013-15,mclaren
pic,-1.518680906082133,0.03266378284748851,0.07520487064466991,0.013130300917181311,45,3,2013-15,leafield
raikkonen,0.7492743435594811,0.024631388062844022,0.0886043287789919,0.01615939395417304,47,3,2013-15,enstone
resta,-0.34821550279542424,0.008228218047480928,0.08646330113986,0.01611103527616567,47,3,2013-15,silverstone
ricciardo,-0.3439175188621527,0.0038898526451511643,0.059887831624374464,0.012629429882043935,44,4,2013-15,faenza
rosberg,0.5281299648840763,0.05889833448644306,0.15212693899146257,0.029476954513816128,43,5,2013-15,brackley
sutil,-0.27032565706044476,-0.04181879979285645,0.06952486423603865,0.009894286956441147,46,3,2013-15,silverstone
vergne,0.019814277497892663,-0.010018973483365268,0.08045163002738652,0.017659750127619136,44,4,2013-15,faenza
vettel,1.2734508580644446,0.038237536899680416,0.054324188211524425,0.010156786380766432,47,3,2013-15,red_bull
webber,1.4305710144556083,0.00854893588052148,0.048774193745142365,0.009767511861425037,45,4,2013-15,red_bull
alonso,0.6370328480275136,-0.021179355191078733,0.0878557981476267,0.010639696126414178,52,3,2013-16,ferrari
bottas,-0.1675563428804209,-0.011559501998345226,0.10451465187586452,0.012792337402667628,53,3,2013-16,williams
button,0.2075259641104961,-0.008716051673662087,0.06486060052349421,0.006975845532065754,51,4,2013-16,mclaren
chilton,-2.3582077379517803,0.037524804217841864,0.08495356757311547,0.009993308697339318,52,3,2013-16,banbury
grosjean,0.3022713071253498,0.007338699126568579,0.07909701571696057,0.004572047390301433,56,2,2013-16,enstone
gutierrez,-0.09069217319432159,0.02822659761673539,0.11067159414280149,0.019163884787768204,51,4,2013-16,hinwil
hamilton,0.7783960090851503,-0.00791542726856427,0.0986128574606919,0.014668583548302059,54,3,2013-16,brackley
hulkenberg,0.3851185352256694,0.013703070815078364,0.04683121232917943,0.005955444083992117,46,3,2013-16,hinwil
jules_bianchi,-2.0207598520296433,0.04052409175154077,0.07953056979531477,0.008390168618476563,52,3,2013-16,banbury
maldonado,-0.03501139767630704,0.004338711199968301,0.056586628946103126,0.0070753453697237146,54,3,2013-16,williams
massa,0.5608362971513411,-0.0240094248875118,0.060174103575943674,0.0088028957006327,54,3,2013-16,ferrari
perez,0.6195800052124769,-0.007875500334010868,0.05987600448766452,0.007507105435378405,54,3,2013-16,mclaren
pic,-2.2957794168195353,0.026375624191222066,0.07846522504287601,0.014270804882436478,27,2,2013-16,leafield
raikkonen,0.8344882743485753,-0.028617378951524178,0.20193893073278757,0.008766034652164804,54,2,2013-16,enstone
resta,-0.05448002616769823,-0.009352324669230097,0.05853285131955053,0.00616157662773582,55,2,2013-16,silverstone
ricciardo,0.01684683919806665,-0.005101168260993175,0.09968756904339117,0.008359390144195008,54,3,2013-16,faenza
rosberg,0.8680543628984254,-0.014419317669976187,0.07876703031060202,0.010292600206011793,54,3,2013-16,brackley
sutil,-0.2601603530438218,-0.00917550901941161,0.1852984515291794,0.012008001937463477,56,2,2013-16,silverstone
vergne,-0.3965146666064405,-0.00017324255914254183,0.1001812866166752,0.00913865271383112,54,2,2013-16,faenza
vettel,1.264340442122008,-0.0230802711974626,0.16742866642340573,0.01808017505536257,54,2,2013-16,red_bull
webber,1.204671081864896,0.013142874761958065,0.057920640691554025,0.0067930992514788424,31,3,2013-16,red_bull
alonso,0.5808163850364845,0.016883009916834453,0.09171143133350264,0.017686627449195254,49,3,2013-17,ferrari
bottas,0.09168520101613076,0.012632692787936918,0.08460787365986074,0.012960576049947867,48,3,2013-17,williams
button,0.3864578807671418,0.006947050590852051,0.08083434326620377,0.0056706047814252735,49,2,2013-17,mclaren
chilton,-2.2342907593562558,0.006484611979191819,0.08990956943731583,0.013883765804386997,47,3,2013-17,banbury
garde,-0.9712145041024374,0.0045920720365795545,0.06690551305255016,0.008737220680547721,48,3,2013-17,leafield
grosjean,1.0343924162991514,0.00619097778174494,0.06359526349240917,0.008095019639171513,49,3,2013-17,enstone
gutierrez,-0.17393035756346886,0.01794116549200734,0.06402161676180637,0.010917677432002969,49,3,2013-17,hinwil
hamilton,0.31374000656813017,0.008064356091034737,0.08423548443578763,0.013760273972221106,49,3,2013-17,brackley
hulkenberg,0.018723307813369172,-0.04268767817198093,0.08639677137222693,0.014929017611427254,46,4,2013-17,hinwil
jules_bianchi,-2.0081606882899457,0.023786713645907225,0.09204261390545224,0.012706927584545976,47,3,2013-17,banbury
maldonado,0.10743951822188647,0.017072841343759852,0.045728672732602116,0.006906992764357751,49,3,2013-17,williams
massa,0.21335377893762975,0.0003845842542386027,0.07331428563257177,0.013023286630332875,49,3,2013-17,ferrari
perez,0.4336560465518584,-0.00518906764169607,0.07042240445793405,0.009972340661585349,49,3,2013-17,mclaren
pic,-1.2491884745814343,0.007661387658033154,0.1764288386869835,0.027947589365313212,48,3,2013-17,leafield
resta,-0.006157839329292286,0.018200762047931203,0.07458665228319096,0.0070509709394608894,51,2,2013-17,silverstone
ricciardo,-0.03953996916473129,-0.01770517536936899,0.058718546268228644,0.012375698325858813,48,3,2013-17,faenza
rosberg,0.9045873976319649,0.029859406694786046,0.0702498616736212,0.010845521255906607,49,3,2013-17,brackley
sutil,0.08496156066236982,-0.03564886032898439,0.077792987383311,0.008781323171097562,51,2,2013-17,silverstone
vergne,0.04220097884157625,-0.06853753432577347,0.17813176868284855,0.021149298519176817,48,3,2013-17,faenza
vettel,1.4929371104758529,-0.031589517300757645,0.10788226218130587,0.011055287299656604,49,3,2013-17,red_bull
webber,0.977531003564019,0.02465620081772358,0.06195529201487433,0.008365608798697344,49,3,2013-17,red_bull
alonso,0.7040753035397065,0.009840171217967934,0.06270566160851937,0.006644494753144427,48,2,2013-18,ferrari
bottas,0.08259902215275039,0.036792439031857305,0.1101281439597382,0.011852602066525608,48,2,2013-18,williams
button,-0.24168587977604566,0.033152506265600956,0.07466547007904883,0.007014001367132505,48,2,2013-18,mclaren
chilton,-2.093003290953903,-0.05602760284141439,0.15021323360181985,0.025263050969712514,45,2,2013-18,banbury
garde,-1.1274858818346407,-0.03197116152202428,0.08750849562413052,0.00912413623029056,47,2,2013-18,leafield
grosjean,1.0005833555322565,0.013444340322020205,0.08131552787577101,0.008296673489951348,48,2,2013-18,enstone
gutierrez,0.342621075301369,-0.029219551891735276,0.08335659524733578,0.008284439508050691,48,2,2013-18,hinwil
hamilton,0.6686223849004878,0.006175738205913207,0.0723221091753345,0.007800793111462572,48,2,2013-18,brackley
hulkenberg,0.6216638195781079,0.010888058424548989,0.04622398583679415,0.005116881845160809,48,2,2013-18,hinwil
jules_bianchi,-1.182077033064975,-0.020545528400491005,0.0752829310842472,0.008620986629914654,47,2,2013-18,banbury
kovalainen,0.18137188663569737,-0.004858742835751325,0.07885612149893848,0.016088606225572163,46,3,2013-18,enstone
maldonado,-0.21225292359657988,-0.0019327834458464054,0.2909242143420226,0.014466400927416285,47,2,2013-18,williams
massa,-0.00366501796280172,-0.0029209109169134294,0.037583500691159885,0.007077658725386144,46,3,2013-18,ferrari
perez,0.5848213324822971,-0.015355712184531006,0.11128826651588428,0.01279584328451443,48,2,2013-18,mclaren
pic,-1.3198430297220607,-0.010940387318520841,0.06889834277212717,0.008674118021077296,45,3,2013-18,leafield
resta,-0.06296847996981972,-0.01511591737734769,0.045838434444054346,0.007427711977132246,46,3,2013-18,silverstone
ricciardo,-0.07241113836236279,0.0012630777695877317,0.08142976262724276,0.008147709103434885,48,2,2013-18,faenza
rosberg,0.0637184538335418,0.03972657344406591,0.0687979185300843,0.007049701130165076,48,2,2013-18,brackley
vergne,-0.19652029677590066,0.025139048186629657,0.08692158086488984,0.009307608014653617,48,2,2013-18,faenza
vettel,1.2170322319865572,-0.0051100740799966925,0.09979044759923411,0.009114141573858536,48,2,2013-18,red_bull
webber,1.044804106076319,0.01757641994638043,0.09422764096513563,0.01035707716560565,48,2,2013-18,red_bull
alonso,0.32915510227995803,0.008165622433272388,0.0558222335224314,0.013979483955908338,44,4,2014-03,ferrari
bottas,0.6039925200478169,-0.0003532855988696154,0.06654079123308912,0.01581341220257669,43,4,2014-03,williams
button,0.504351002594081,0.0012230101087183226,0.08381059860135152,0.016461908851472355,40,3,2014-03,mclaren
chilton,-1.4045433000803706,0.02590627458424656,0.074382689994716,0.018610882035751567,43,4,2014-03,banbury
ericsson,-1.8286532277658574,-0.09776793994867762,0.1241978989947459,0.027450672036167082,24,3,2014-03,leafield
grosjean,-0.07800315127293253,0.012077179566093596,0.064278739036907,0.014178208320955546,42,4,2014-03,enstone
gutierrez,-0.6871377139726691,-0.04660833807327609,0.06980061849590997,0.014270210032257572,30,3,2014-03,hinwil
hamilton,2.055416845018597,0.0638413998199812,0.07157364191351939,0.010569506471125433,46,3,2014-03,brackley
hulkenberg,0.8446934431890907,0.024060681764847255,0.09298339402539618,0.014748458783409623,44,3,2014-03,silverstone
jules_bianchi,-3.1600015162931334,-0.1210932090397653,0.11425985338265823,0.019585724927780053,37,6,2014-03,banbury
kevin_magnussen,-0.3149445700525755,-0.06658969542591793,0.12046441472924663,0.025232638491821828,32,3,2014-03,mclaren
kobayashi,-1.3591066746484284,-0.09972963895045457,0.09219083583644222,0.01724651839948671,43,3,2014-03,leafield
kvyat,-0.23824352712909264,0.009273197493397431,0.07285575471946182,0.016217696875819466,42,4,2014-03,faenza
maldonado,-0.13965410284266194,0.040495605849061686,0.03982159045680027,0.00822376644428693,43,3,2014-03,enstone
massa,0.5653462670979099,-0.010198262448987097,0.0520723000258653,0.01107531902312684,42,4,2014-03,williams
perez,0.9210728274509323,0.04473955488863883,0.12319399453628375,0.019301202924629765,44,3,2014-03,silverstone
raikkonen,0.24476370581636203,0.025189301743251638,0.06284759246778165,0.012473828905911019,44,4,2014-03,ferrari
ricciardo,0.651380451521772,0.06811965032823873,0.12490336655819544,0.018215853774495864,44,3,2014-03,red_bull
rosberg,1.8979106327468056,0.06910554800083095,0.06644726856170513,0.011071120667817888,46,3,2014-03,brackley
vettel,0.5922049862943957,0.050143342905369634,0.06393606484857453,0.012339774569893948,44,3,2014-03,red_bull
alonso,1.243068499289186,0.023857236618478335,0.07851095535838531,0.011447951676568185,50,3,2014-04,ferrari
bottas,0.8043251310892668,0.05359619801410844,0.062495512937248025,0.010280069028333338,50,3,2014-04,williams
button,-0.2064811608712583,0.016439148683850942,0.07008818254359217,0.009356032893886713,49,3,2014-04,mclaren
chilton,-1.82787062617261,0.011736358102658558,0.06713846684291509,0.01403231735260702,46,4,2014-04,banbury
ericsson,-2.394078214794319,-0.09774785555263016,0.10356825912621015,0.022020284751023324,46,4,2014-04,leafield
grosjean,-0.21082929529689406,-0.028618342435992254,0.18168660658177926,0.03809130614333892,22,2,2014-04,enstone
gutierrez,-0.8289211053347145,-0.04246862942612827,0.05758669249713313,0.015111650226672326,47,4,2014-04,hinwil
hamilton,1.63978286155643,0.021074854807258077,0.07933647995842132,0.013412459767571841,50,3,2014-04,brackley
hulkenberg,0.7643796312756995,0.02954503319751195,0.054078113373953324,0.008885924220765604,50,3,2014-04,silverstone
jules_bianchi,-1.4086526957784324,0.022353295008888892,0.04618555966731327,0.010130445958813423,49,3,2014-04,banbury
kevin_magnussen,-0.3433852019621757,-0.028049463774176824,0.08122949286857226,0.012618020322627344,49,3,2014-04,mclaren
kobayashi,-1.2054456227481232,-0.023260439247201607,0.08439155519933687,0.015463517073962992,47,4,2014-04,leafield
kvyat,-0.08522936603183925,0.021646779963278524,0.07206733463718641,0.011988884867160128,49,3,2014-04,faenza
maldonado,-0.47632419886328303,0.0365235665187772,0.08145445711466773,0.01295559695609251,49,3,2014-04,enstone
massa,0.3545473088006502,-0.008752475934415353,0.05945762952948973,0.011592528090999202,49,3,2014-04,williams
perez,0.5304195290650511,0.006542387160402098,0.0610003754008307,0.010365500121556771,50,3,2014-04,silverstone
raikkonen,0.4897279729274844,0.0035605502438162476,0.05075140513155684,0.008128229467605132,50,3,2014-04,ferrari
ricciardo,1.187111622605538,0.015153132538568488,0.06820369330540198,0.01163271347257774,50,3,2014-04,red_bull
rosberg,1.5764995472493917,-0.0014516638747504237,0.07101697784911887,0.010588326244268483,50,3,2014-04,brackley
vergne,-0.37387219822490536,-0.00996836885533852,0.07479382994174599,0.011938357506470517,49,3,2014-04,faenza
vettel,0.7712275822198569,-0.02171130175696439,0.07548613483392881,0.012638575282160584,50,3,2014-04,red_bull
alonso,0.8724987707641558,0.052661949875791265,0.05329079957526436,0.011935292147293818,58,4,2014-05,ferrari
bottas,0.4290454626732601,0.018154602849595643,0.04515491204018382,0.006745228070655652,60,3,2014-05,williams
button,0.08531815461052922,-0.03359045593124476,0.05541633445265344,0.008193498862183754,59,3,2014-05,mclaren
chilton,-1.284103449063167,0.0008197783801465255,0.0854095777375917,0.015308759953229941,56,4,2014-05,banbury
ericsson,-2.2915516502383824,-0.01127776384813877,0.07919032474240831,0.015126052195664189,58,3,2014-05,leafield
grosjean,0.16433363953299734,0.01750852122658287,0.06170723534147016,0.008039336970517338,59,3,2014-05,enstone
gutierrez,-0.5660054177735365,-0.01951057793046116,0.06403847861090244,0.012983222128192902,57,4,2014-05,hinwil
hamilton,1.6592973781472926,0.032316733979055,0.051318321582529774,0.007673716350700854,60,3,2014-05,brackley
hulkenberg,0.07854155913491376,-0.020121243646863456,0.04278603538951783,0.006887073894473972,59,3,2014-05,silverstone
jules_bianchi,-1.32602112297735,0.01667070608265881,0.05309742647524948,0.009113201362503194,58,3,2014-05,banbury
kevin_magnussen,0.07173870637909283,-0.03927165052539384,0.10392942365482903,0.016502198479171386,59,3,2014-05,mclaren
kobayashi,-1.5384423929173283,0.03576094918389001,0.06628405055829331,0.009816128358497855,27,2,2014-05,leafield
kvyat,-0.10550384510885984,-0.010445842123185493,0.045543512487147386,0.009019527612754222,57,4,2014-05,faenza
maldonado,-0.06494531024489228,0.011389165087539795,0.08645928306313533,0.00978009390185319,59,3,2014-05,enstone
massa,0.11839755347467201,-0.04640930501326728,0.07715071867085307,0.01604313280164416,57,4,2014-05,williams
perez,0.4867075090749609,0.004242270461789439,0.04837598891046244,0.005916677870939981,59,3,2014-05,silverstone
raikkonen,0.47069851752802544,0.002814854792970785,0.04370920725532903,0.006843710773559148,59,3,2014-05,ferrari
ricciardo,1.029644244092079,0.03519932646610042,0.04811893543619356,0.005416857448389105,60,3,2014-05,red_bull
rosberg,1.7644218243786696,0.05439382675505628,0.04775418766150558,0.008685593330833085,60,3,2014-05,brackley
sutil,-0.3564109216551323,-0.03394261298834871,0.0993013869455633,0.013605132470265202,59,3,2014-05,hinwil
vergne,-0.6962902389650829,-0.0863957590335091,0.09080756730315116,0.019933521899485867,18,2,2014-05,faenza
vettel,0.9986310291530822,0.01903252589923577,0.08602098935727634,0.014617463129178247,58,4,2014-05,red_bull
alonso,1.1191022329549296,-0.01096494017701464,0.13275004925455192,0.008349923783370483,67,2,2014-06,ferrari
bottas,-0.4000583909506678,0.06667229775455465,0.15445860883286167,0.0175199635661864,42,2,2014-06,williams
button,0.4621522538980196,-0.026352411638938845,0.15733875837016922,0.009116974276553738,65,2,2014-06,mclaren
chilton,-2.155768876206544,-0.07990958845445893,0.1827973901183416,0.017393213085510145,58,3,2014-06,banbury
ericsson,-1.560348301027037,0.0320593619712586,0.11254260318572466,0.013366714283527766,63,3,2014-06,leafield
grosjean,-0.8118039035819818,0.01302771216498371,0.3239100658510707,0.015133701296659011,63,2,2014-06,enstone
gutierrez,0.29481680187855375,-0.0011042920639698726,0.16526325133216588,0.015605642791443363,45,2,2014-06,hinwil
hamilton,3.2264740866070927,-0.07012260912660277,0.14072837276100728,0.008064783368668083,67,2,2014-06,brackley
hulkenberg,0.5296130634337763,-0.06852415922133782,0.19168399253070062,0.0086515370273429,66,2,2014-06,silverstone
jules_bianchi,-0.5928575485717122,-0.01842701744632206,0.19742531117587667,0.009118816025882551,65,2,2014-06,banbury
kevin_magnussen,0.19848313367736714,-0.00500298091240701,0.13360205467585684,0.009373831219613177,65,2,2014-06,mclaren
kobayashi,-2.854581576342864,-0.04408161123176208,0.15325168295177216,0.012963609182392689,59,3,2014-06,leafield
massa,-0.31061665786595694,0.031456120143066334,0.18020787895774523,0.010125925505242902,64,2,2014-06,williams
raikkonen,0.8143006328878006,-0.02274596209560873,0.1570405939588586,0.012706063311825638,64,3,2014-06,ferrari
ricciardo,1.0734064240909875,0.030778437425066495,0.09030525146240477,0.006469568491910317,67,2,2014-06,red_bull
rosberg,1.9327242651722436,-0.01903593299477741,0.1496473032736435,0.00813855484226463,67,2,2014-06,brackley
sutil,-1.0494215557313038,0.18049041114628736,0.26038838921323354,0.05632950642012251,16,1,2014-06,hinwil
vergne,0.08438391567729453,0.011787164757983045,0.08471179663939594,0.013021352833177867,35,3,2014-06,faenza
alonso,0.14586239946363455,0.024090378861481875,0.1510069328263831,0.021578022861587335,57,3,2014-07,ferrari
bottas,0.24607953292573492,-0.025505344816494864,0.14829761249223905,0.01853529505095054,57,3,2014-07,williams
button,0.19110932518535306,0.04326532768010712,0.10528929892245147,0.010578097296275001,57,3,2014-07,mclaren
grosjean,-0.9348088939978657,0.039567932604118596,0.07601409267173198,0.008476480859743127,44,3,2014-07,enstone
gutierrez,-1.4236378037181543,0.023595398614526836,0.12715515394289578,0.012659863925423055,51,2,2014-07,hinwil
hamilton,1.8216556588152846,-0.14592489645069628,0.29711617098258036,0.04869899608996828,34,2,2014-07,brackley
hulkenberg,-0.36701827414858673,0.04644355855420967,0.1125278842876574,0.00869680060871201,59,2,2014-07,silverstone
kevin_magnussen,-0.03652886226845986,0.0047111984033903626,0.10226752463756898,0.012358601541514665,57,3,2014-07,mclaren
kvyat,-0.256726829419181,-0.006971978284597759,0.08960046526412965,0.01576025627193412,33,2,2014-07,faenza
massa,0.4921387635388679,0.022732624502863917,0.13785913316773707,0.0120687838148074,54,3,2014-07,williams
perez,0.2499510441074978,0.0031828547871561516,0.09591127964440364,0.009090699464147707,56,2,2014-07,silverstone
raikkonen,-0.18820379896519887,0.02374965164030326,0.09194985550059066,0.01035034498523573,57,3,2014-07,ferrari
ricciardo,0.4118392122285105,0.01118766050112193,0.11153686706513652,0.010349423504299812,57,3,2014-07,red_bull
rosberg,0.3552253885904382,-0.05018390667313654,0.39069212478972337,0.05488478525153956,57,3,2014-07,brackley
sutil,-1.0387978267474383,-0.011531232088142253,0.09882271601451934,0.012316541693910391,55,3,2014-07,hinwil
vergne,-0.17260219086736117,0.01581940887102825,0.09155471063447591,0.011074343881206995,57,3,2014-07,faenza
vettel,0.5044631552769236,-0.018228636707240224,0.07283181162092935,0.006876194861862042,57,3,2014-07,red_bull
alonso,0.7628538253612498,-0.0010007338371637487,0.060256744455154755,0.007995856047485629,46,2,2014-09,ferrari
bottas,1.0710814229332566,0.03177892383522638,0.134696399172477,0.01253299197638572,46,2,2014-09,williams
button,0.4898225067615353,0.011048965380855643,0.05246889078715464,0.006054412763804944,46,2,2014-09,mclaren
chilton,-1.6274285542581346,-0.018099598507001036,0.08535096326984896,0.010853017995202786,44,2,2014-09,banbury
grosjean,-0.38545264209536334,-0.0013235478546287272,0.07672758313171346,0.00841683792691018,45,2,2014-09,enstone
hamilton,1.8411169541730414,0.060590097245357195,0.13527334420092943,0.019667588522389593,44,3,2014-09,brackley
hulkenberg,-0.08265817561763528,-0.011229525849459288,0.06905750187563361,0.00954310345462476,46,2,2014-09,silverstone
jules_bianchi,-1.5474327838902626,0.01092939229650906,0.1983653842189348,0.024591039168665122,45,2,2014-09,banbury
kevin_magnussen,0.535515439983008,-0.022521793563307458,0.06949553443573055,0.008801636390426845,46,2,2014-09,mclaren
kobayashi,-3.1439197058474386,-0.06842617695121637,0.10452246227232656,0.018306009030206828,42,3,2014-09,leafield
kvyat,0.1933363928644582,-0.003656153275012609,0.04276822528062564,0.009585043328453838,44,3,2014-09,faenza
maldonado,-1.0653300445604972,0.004747475469760575,0.07895216387148009,0.010403938557975508,43,2,2014-09,enstone
perez,-0.17647448584192515,-0.016609153281094514,0.11873979510807577,0.015293921887837767,45,2,2014-09,silverstone
ricciardo,0.8430232821033912,0.00029302199427545415,0.10404230412826368,0.009266056514864772,46,2,2014-09,red_bull
rosberg,2.330756011770485,-0.0013893056191011566,0.11199283731258938,0.02287621232941639,21,2,2014-09,brackley
sutil,-0.8432945431971295,0.007197119385928218,0.08854280458286858,0.011014004476846166,45,2,2014-09,hinwil
vergne,-0.20569250091883834,0.027701154718054854,0.09814788822961135,0.012123192219397002,45,2,2014-09,faenza
vettel,1.0101776002767995,-0.010030161587982468,0.03329188290494152,0.005322297772192909,44,3,2014-09,red_bull
alonso,0.9208032592498523,-0.01867455382936446,0.12300662485737851,0.022042773325324148,57,4,2014-10,ferrari
bottas,1.0932734036944116,0.049200348923432516,0.08442739611599268,0.012815521049686448,59,3,2014-10,williams
button,0.5535461605266639,0.001716287354997171,0.05649434198401812,0.007185942917434672,57,4,2014-10,mclaren
chilton,-1.7889871228503909,-0.040203422682338924,0.06915487836990869,0.01715623081727851,55,4,2014-10,banbury
ericsson,-1.9165523968430538,-0.012314713793278653,0.1328080282242131,0.02035042125434233,56,3,2014-10,leafield
grosjean,-0.9253095602326386,0.06805825435552458,0.14816068279746236,0.023701388929719704,20,1,2014-10,enstone
gutierrez,-0.3240026256497346,0.024393237797342194,0.06732001925662963,0.016817540526301463,56,4,2014-10,hinwil
hamilton,1.6436037806813382,0.005626689660533136,0.12376469405220927,0.02301840501241414,57,4,2014-10,brackley
hulkenberg,0.4469718378179788,0.023988833890651085,0.07468730842277059,0.010762235894245796,59,3,2014-10,silverstone
jules_bianchi,-1.047714104785015,0.037210311360738366,0.06644843630288501,0.011056585836028301,58,3,2014-10,banbury
kevin_magnussen,0.4712688663165824,-0.018576915687149597,0.06842139774194664,0.009170838101678437,58,3,2014-10,mclaren
kobayashi,-1.8296545969342966,0.013583695052554124,0.06656315018650459,0.015548275199079436,55,4,2014-10,leafield
kvyat,-0.18975878981369798,-0.03735645491226448,0.11344971980887057,0.022022437835095013,34,3,2014-10,faenza
maldonado,-0.18980689998694084,-0.00568634499078231,0.07576997419896117,0.010800918164920022,58,3,2014-10,enstone
perez,0.013523291066451879,-0.05107610644485684,0.1139544214032481,0.021746692178751983,56,4,2014-10,silverstone
raikkonen,-0.13030912848264414,-0.007270342008207208,0.10760220467957678,0.02217510529135899,56,4,2014-10,ferrari
ricciardo,0.9621612754151673,-0.029377910781851712,0.10890918296126328,0.02062917422554015,57,4,2014-10,red_bull
rosberg,1.6889252421485497,0.019924685186544434,0.08472948758001411,0.010083369879200327,59,3,2014-10,brackley
sutil,-0.26613357183244435,-0.0017375066431704715,0.08469775137377862,0.021142476553038966,37,3,2014-10,hinwil
vergne,-0.09055224881091449,-0.015196948206226201,0.07824940194529505,0.010537119301746105,56,4,2014-10,faenza
vettel,0.9047039293047745,-0.0062311236028267485,0.08126732651519813,0.01684394427591664,57,4,2014-10,red_bull
alonso,0.4906237722815644,0.022824917299637457,0.08804182497018724,0.012330082225990744,22,2,2014-13,ferrari
bottas,0.6795984782141535,0.03348294765338582,0.08444186617367055,0.00906952735749155,49,2,2014-13,williams
button,0.4802819350575923,-0.017439935368239932,0.07953926901202843,0.010478811464422859,49,2,2014-13,mclaren
ericsson,-2.131740601915836,-0.05855612975006494,0.14136518967112832,0.015129330304580229,47,2,2014-13,leafield
grosjean,-1.0317692608922535,0.02491847806079975,0.0762374697189685,0.00783662923485932,48,2,2014-13,enstone
gutierrez,-0.5276439884877043,0.007955448425421206,0.06567020276541248,0.008941757953707257,43,3,2014-13,hinwil
hamilton,1.5123761291147555,-0.008372713721779949,0.09441203826230045,0.010831425545503788,49,2,2014-13,brackley
hulkenberg,0.04487366407722718,0.009849055288660178,0.07955469310295218,0.008075941809207536,49,2,2014-13,silverstone
jules_bianchi,-1.858801012717019,0.020686334840162333,0.09177597072269786,0.011309826640506431,48,2,2014-13,banbury
kevin_magnussen,0.35132012492343156,-0.024938613223561775,0.0471062904537204,0.005557233165023462,49,2,2014-13,mclaren
kobayashi,-1.3819301653742395,-0.030508879058572493,0.0923598138818248,0.012141537325000106,48,2,2014-13,leafield
kvyat,0.3482690350813532,0.01081640673204801,0.059161183660465355,0.006730599475202091,49,2,2014-13,faenza
maldonado,-0.3153438778622669,-0.0029763355391868827,0.06115920991439889,0.007061520267757178,48,2,2014-13,enstone
massa,0.8963874290371461,-0.009987152489238007,0.08008986577652374,0.00907666740626495,49,2,2014-13,williams
perez,0.4860713777282384,-0.0168923948707452,0.0631483865208635,0.00891051644083557,49,2,2014-13,silverstone
raikkonen,0.22248236770407118,0.0062107324938069815,0.05696462036258624,0.007151054656062982,49,2,2014-13,ferrari
ricciardo,0.502868432018677,0.011620888344178657,0.07863500706819047,0.008749929242338623,49,2,2014-13,red_bull
rosberg,1.2947474230973257,0.02212877058003485,0.06210529040821924,0.006484119541643455,49,2,2014-13,brackley
sutil,-0.6217468979401485,0.01784019512959226,0.06473101883220274,0.00741951033440481,48,2,2014-13,hinwil
vergne,0.13369441735750506,0.0009262667928463843,0.06015635776699361,0.006661165803713269,49,2,2014-13,faenza
vettel,0.42538121949642593,-0.019588287619184765,0.0816787196842483,0.008751736524550007,49,2,2014-13,red_bull
alonso,1.2309397109323723,0.01121070559420876,0.07567925197539943,0.011768859213063644,46,4,2014-14,ferrari
bottas,0.6699777029252261,-0.026844295916850024,0.06130265272728662,0.006583972273320943,46,3,2014-14,williams
button,0.2926698466234364,0.01598099408822671,0.045483687841522825,0.01017397176639583,38,3,2014-14,mclaren
chilton,-2.8786613886251895,-0.0008324678143335137,0.09558349641704203,0.0171793593341331,42,3,2014-14,banbury
ericsson,-2.108717536890585,0.054834470936633996,0.06416933697145853,0.010080927077586196,47,3,2014-14,leafield
grosjean,-0.053074253564061924,-0.022847600256862464,0.1079842567522856,0.01756574320511558,45,4,2014-14,enstone
hamilton,1.8068586341887705,0.12007631641953573,0.09767357681627112,0.016292981143968224,44,4,2014-14,brackley
hulkenberg,0.060936073411211544,-0.024870641481766036,0.06618447322210051,0.010997714630229296,46,4,2014-14,silverstone
jules_bianchi,-1.7687875721065969,-0.017889617974189663,0.07256579915215304,0.018723093702887057,45,4,2014-14,banbury
kevin_magnussen,0.19577951744072342,0.02642488151766257,0.09404491323141789,0.017782197752129768,44,4,2014-14,mclaren
kvyat,-0.37907322398696874,-0.06603037118414107,0.17025310563665955,0.040054370256240965,44,4,2014-14,faenza
maldonado,-0.3507454653046508,-0.04531859793549017,0.10175991582477474,0.018019472300216593,45,4,2014-14,enstone
massa,0.7870658536472717,0.008803056417898976,0.07541505216733087,0.007156476128738781,46,3,2014-14,williams
perez,-0.4129915235413704,-0.03897783100131804,0.09708988979176507,0.027536485794025137,44,4,2014-14,silverstone
raikkonen,0.5929921399081761,-0.05734466556540976,0.09181581679001348,0.010832830719345845,46,4,2014-14,ferrari
ricciardo,1.1440955597096003,0.029519621013494236,0.05788783413327787,0.00809373758294829,46,3,2014-14,red_bull
sutil,-0.5503114419723971,0.06518502262307765,0.16738380588965088,0.027777835368220094,24,3,2014-14,hinwil
vergne,0.38441012382178874,-0.039775681478651646,0.08598203341022564,0.015511333364227088,44,4,2014-14,faenza
vettel,1.3366372433832434,0.008696701998273736,0.07165040369579025,0.010625398470925303,46,3,2014-14,red_bull
alonso,0.42667605610234016,-0.007541969767197343,0.05169988660344872,0.006192846716324108,49,2,2014-16,ferrari
bottas,1.2284885602065254,-0.010081124613056852,0.14594197945236456,0.016761343020579078,49,2,2014-16,williams
button,0.7869096161184683,0.0038631778167591557,0.039107905867189006,0.004424826191643439,49,2,2014-16,mclaren
ericsson,-1.54158941424534,0.024690666951406093,0.08943283660496189,0.010243909847470459,45,3,2014-16,leafield
grosjean,-1.0810622730393311,-0.013860069010963705,0.0785902894748443,0.00942112482443311,48,2,2014-16,enstone
gutierrez,-0.547970130719743,-0.019335687748749053,0.0940018206407589,0.007454898630218938,48,2,2014-16,hinwil
hamilton,1.4627530945580085,-0.019342699384408468,0.0687683647437521,0.008541000094722159,49,2,2014-16,brackley
hulkenberg,0.09530434286926004,0.018990783217499946,0.0733806850037231,0.008788495143025451,49,2,2014-16,silverstone
kevin_magnussen,0.5066680157848614,-0.009848744578755286,0.08668121659596965,0.009569958739179488,49,2,2014-16,mclaren
kobayashi,-2.5844919740610273,0.08609034293218862,0.08478241398422935,0.01691456571505924,17,1,2014-16,leafield
kvyat,0.45818581179367324,-0.02737884698343368,0.10282733458438031,0.022242721180315846,46,3,2014-16,faenza
maldonado,-1.8715618157590836,0.05037593035871446,0.13343100525986032,0.017787839693445707,48,2,2014-16,enstone
massa,0.9451421239972597,-0.025529493966082395,0.1016482564279716,0.012142435519102945,48,2,2014-16,williams
perez,0.18781164270621176,0.0001200746583060186,0.06364116288527297,0.007849888997753863,49,2,2014-16,silverstone
raikkonen,0.1571330861965883,0.01506496067237234,0.09387841840488019,0.01319622654144698,49,2,2014-16,ferrari
ricciardo,0.672244150720683,-0.014621892663388647,0.06876370373022571,0.00559295163026484,49,2,2014-16,red_bull
rosberg,1.0741540916132561,-0.0019398784051225526,0.08077380125755862,0.004381413797093733,50,1,2014-16,brackley
sutil,-0.563636711300408,-0.018492910692050557,0.18914739341397713,0.011261527071973402,48,2,2014-16,hinwil
vergne,-0.1412530375737753,-0.022918041298134573,0.1022711823144936,0.01142749984310108,49,2,2014-16,faenza
vettel,0.3300947640315721,-0.00830457749590352,0.0638851890815633,0.00787954261056611,49,2,2014-16,red_bull
alonso,-0.3672647358900303,0.040347539238103795,0.12367191978576593,0.01783159991440656,46,3,2014-17,ferrari
bottas,0.5833735511076474,0.05078800663450999,0.07609010596568958,0.010349348784147063,46,3,2014-17,williams
button,-0.517719302293408,-0.03502627371122447,0.056649323273093306,0.006719320803673145,47,2,2014-17,mclaren
grosjean,-0.4696675643896932,-0.006536273225888574,0.0733317807788518,0.011927420254908842,45,3,2014-17,enstone
gutierrez,-0.7589287765300281,-0.027207911456842974,0.09149203444497178,0.01291526149665603,45,3,2014-17,hinwil
hamilton,1.2028669836397556,0.011357949995024146,0.08455741511909007,0.012842726225825347,46,3,2014-17,brackley
kevin_magnussen,-0.4839785459314894,-0.015749091205303045,0.04935297124868758,0.0063058087689774455,48,2,2014-17,mclaren
kvyat,-0.4499999259631542,-0.030265201008646193,0.054743325391026415,0.010239276629707873,43,4,2014-17,faenza
maldonado,-0.38052816244043886,0.004203863750204144,0.06556008479123653,0.014018690280198363,46,3,2014-17,enstone
massa,0.7758155920605785,0.01302401688453974,0.05959151075853338,0.011567866950002633,46,3,2014-17,williams
raikkonen,-0.5027848408004091,0.027349930597590486,0.0947128772770405,0.01649669641039878,43,4,2014-17,ferrari
ricciardo,0.8043972731184106,0.004232006294246325,0.043341401531915805,0.006372761784971111,46,3,2014-17,red_bull
rosberg,1.1532786611404287,0.0010138344555401177,0.05179003322359121,0.010983672483366125,46,3,2014-17,brackley
vergne,-0.3132571172661256,-0.006028090282437885,0.0729671074334275,0.00886030036873508,46,3,2014-17,faenza
vettel,-0.27560308956204416,-0.0315043069594157,0.08845508648776187,0.01424920165155371,46,3,2014-17,red_bull
alonso,0.007898090819996068,0.009890187472525548,0.06450416986411286,0.008580540528456934,49,3,2014-19,ferrari
bottas,0.8477969864075676,0.024193031841174474,0.05348418580063273,0.009515476232997878,49,3,2014-19,williams
button,0.3308792047247259,0.018763356286297085,0.040950602434422494,0.005702530209493372,49,3,2014-19,mclaren
grosjean,-0.2027193890790186,0.0022233467602019233,0.05151073616707139,0.0070317543146203405,47,3,2014-19,enstone
gutierrez,-0.585472766474745,-0.01636851107154149,0.05344859320022161,0.008909866403275988,48,3,2014-19,hinwil
hamilton,1.3328982575509358,-0.03029265691797927,0.14885639548839055,0.021965966446920563,49,3,2014-19,brackley
hulkenberg,0.28024879173718525,0.02381186193324359,0.04451434212310963,0.007450710489705085,49,3,2014-19,silverstone
kevin_magnussen,-0.1777311806503361,0.055518417299694624,0.07131277626351956,0.010963208817613737,49,3,2014-19,mclaren
kobayashi,-1.578346599150294,-0.02267544828666148,0.09913719643347828,0.016343877869894025,33,3,2014-19,leafield
maldonado,-0.16760866312214784,0.021756535927314975,0.046330348689574766,0.009334204986271423,20,2,2014-19,enstone
massa,1.1852980685676782,0.016378847377687945,0.09915125349975931,0.013272922322122146,49,3,2014-19,williams
perez,0.12457997501895052,0.013208247814180486,0.04566129398613504,0.006050503541498583,49,3,2014-19,silverstone
raikkonen,-0.017813289145476197,0.01849875325920012,0.06556904475660576,0.0065385711714328575,49,3,2014-19,ferrari
ricciardo,0.8450572527319247,0.03417577543045031,0.04837856053483688,0.009175537142317988,49,3,2014-19,red_bull
rosberg,0.11132451235322066,-0.2349585866572034,0.3206459944680624,0.05157084586999718,47,3,2014-19,brackley
stevens,-1.9476473200218045,0.02748627120228373,0.12167801772956917,0.01719758707202757,48,3,2014-19,leafield
sutil,-0.6823525392227227,0.009677540060415608,0.052451311975050964,0.010083140780100357,46,4,2014-19,hinwil
vergne,-0.07173667557401409,-0.03386537374890795,0.06650256208010029,0.01217369235194296,47,4,2014-19,faenza
vettel,0.3654472825283749,0.06257840401762313,0.06053923155497929,0.009772855045133602,49,3,2014-19,red_bull
button,-2.447843256910486,0.022645631925579453,0.13682779976512782,0.013925452145472769,49,2,2015-01,mclaren
ericsson,-0.5306621987498927,-0.06077451635146957,0.09777071788767948,0.016287449226440015,48,3,2015-01,hinwil
hamilton,1.4848943892812438,0.020784756237304018,0.07298947193326735,0.007468357328414093,51,2,2015-01,brackley
hulkenberg,-0.6538099588349431,-0.025332385716514354,0.08815851128826403,0.012779923382473869,48,3,2015-01,silverstone
massa,0.7134659122492996,0.026222861701832197,0.06288012060424997,0.005825747857903672,51,2,2015-01,williams
max_verstappen,-0.7929791731577684,0.019207872554960537,0.08496005802566635,0.008066217383444214,25,1,2015-01,faenza
nasr,-0.039579944147410145,-0.006891084764080107,0.09839274765006054,0.01018854080862509,51,2,2015-01,hinwil
perez,-0.7095618487299239,-0.05458160690950551,0.1576342323286528,0.013096415530746652,49,2,2015-01,silverstone
raikkonen,0.9879638727987149,0.05942697251102546,0.1081105259137052,0.018606986087753657,31,2,2015-01,ferrari
ricciardo,0.048301411598224944,-0.024797337781436515,0.10254338368028552,0.00884982447089349,50,2,2015-01,red_bull
rosberg,1.5926825178991195,0.0051355610540558955,0.07041019383204337,0.006860057561775676,51,2,2015-01,brackley
sainz,-0.5183698434615139,-0.003782840288177578,0.14545084387075702,0.019817742560546633,50,2,2015-01,faenza
vettel,0.8654981201653358,0.022736115826426068,0.08022879176664659,0.007958533662467154,51,2,2015-01,ferrari
bottas,0.7816849277630639,0.0020160538465404405,0.08856585639209884,0.017120245481806483,46,4,2015-02,williams
button,-0.6216196650268416,0.059433230725169345,0.08484011115026163,0.014570072969593199,29,4,2015-02,mclaren
grosjean,-0.1407756073477942,-0.04728576219711825,0.06766640586898277,0.016009468882416097,43,4,2015-02,enstone
hamilton,1.4884962645000437,0.006715561735602478,0.048935827613426804,0.008998896880637665,46,4,2015-02,brackley
hulkenberg,-0.7495937388452136,-0.0024425709432865077,0.07141178271588647,0.01716478651512689,43,4,2015-02,silverstone
kvyat,0.007052050845131552,-0.008385509702993314,0.05804535384884656,0.013202979100487648,45,4,2015-02,red_bull
maldonado,-0.04977730323464291,0.0047306992706284984,0.07044696425273429,0.015618068355415887,32,3,2015-02,enstone
massa,0.49880938889621884,0.02493431424938794,0.08599069070327955,0.016045420478979965,46,4,2015-02,williams
max_verstappen,0.03249777825041322,-0.007536953513161996,0.07974697439735375,0.016984345647192936,46,4,2015-02,faenza
merhi,-4.605995111748082,-0.08184648966507616,0.11067908412256448,0.021772886888703193,41,4,2015-02,banbury
nasr,0.014085304847655078,0.018264353417810714,0.09033888458237577,0.019840253487333336,41,4,2015-02,hinwil
perez,-0.7855407375617617,0.016924641502021304,0.0901941675198435,0.020781187425155445,45,3,2015-02,silverstone
raikkonen,1.1074007162650616,-0.008018442189421741,0.0639790001315781,0.012466286398881124,44,3,2015-02,ferrari
ricciardo,-0.1392024082312704,-0.01985401399046008,0.10523004208539917,0.01927775795090805,45,4,2015-02,red_bull
rosberg,1.524546584063013,0.007804615636212405,0.10922938926772262,0.02305792585301619,46,4,2015-02,brackley
sainz,0.015021460953292154,0.009325238498675588,0.06085147726446278,0.013183345489159995,45,3,2015-02,faenza
vettel,1.6229100956117133,0.025221033319469316,0.038298778891509955,0.006622124863856941,46,3,2015-02,ferrari
alonso,-0.7000869805438605,0.021101617843214196,0.11157886827051038,0.019959398069447774,47,3,2015-03,mclaren
bottas,0.567861439546258,-0.0006719551598991375,0.06741536431941164,0.010340862804935815,47,3,2015-03,williams
button,-0.7055341326271113,-0.00696916740730584,0.09059027328940493,0.01662542893023338,47,3,2015-03,mclaren
ericsson,-0.12227217361519227,-0.011129381523043283,0.05595607493651645,0.012025736575620739,47,3,2015-03,hinwil
grosjean,0.18452209927988272,-0.01717060175183731,0.040689639735908965,0.0078108982862084035,47,3,2015-03,enstone
hamilton,1.6293839417376832,0.07908783896075067,0.04307863854350145,0.008874350624626815,47,3,2015-03,brackley
maldonado,0.24014847841374876,-0.010767425133952,0.05521638535152278,0.010216443880355688,39,3,2015-03,enstone
massa,0.7133758137575941,0.0002692945244773398,0.05179373961157221,0.009410478026304164,47,3,2015-03,williams
max_verstappen,0.2650769674269051,-0.0003526312880670346,0.06113163417087768,0.012821188403923227,44,3,2015-03,faenza
merhi,-3.338388768751997,-0.05778522114610672,0.08159396324058457,0.014442954832488846,45,3,2015-03,banbury
nasr,0.12992150738305142,0.03238637115018374,0.057132171901321534,0.008714384583510568,47,3,2015-03,hinwil
perez,0.011661609477918167,0.017946311947076424,0.09814685227645095,0.025633662927723486,45,4,2015-03,silverstone
raikkonen,1.3047546320229246,0.024263603462604935,0.05708107470487676,0.011665357654772146,47,3,2015-03,ferrari
ricciardo,0.20904269466717296,0.01660050852388252,0.11381959216016839,0.020566103703446893,47,3,2015-03,red_bull
rosberg,1.5294529159257353,0.02306884191305915,0.05691502694392052,0.01156065708559525,47,3,2015-03,brackley
sainz,-0.1161565819435545,-0.07051378260541523,0.08961874807734917,0.017251056021866672,46,3,2015-03,faenza
stevens,-3.1296445476830663,-0.06356563324908814,0.14625332179701075,0.022456855927629554,45,3,2015-03,banbury
vettel,1.3268810855259088,0.02420141093946572,0.05075659804809163,0.009615006768759182,47,3,2015-03,ferrari
alonso,-0.3003156660081948,0.03664079316856264,0.06307220934623688,0.01070515778189716,50,3,2015-04,mclaren
bottas,0.8885997513498848,0.016979079561921868,0.07427858189771246,0.012951568009496936,51,3,2015-04,williams
ericsson,-0.09387179969636597,-0.0429847291070343,0.11095308203482189,0.024184584715417356,48,4,2015-04,hinwil
grosjean,0.27299846765015234,0.013265883654091343,0.07350101020116818,0.011439977052467716,51,3,2015-04,enstone
hamilton,1.576983184962359,0.045458184755976655,0.07247629130830802,0.01407502490946758,51,3,2015-04,brackley
hulkenberg,-0.4904215281306027,-0.04818543707535625,0.09145906168966567,0.021435868961675812,48,4,2015-04,silverstone
kvyat,-0.016670253700409338,0.004626576947553113,0.05083941659985642,0.010780515365937866,50,3,2015-04,red_bull
maldonado,0.5543839063591285,0.017220881605281096,0.050369327520560135,0.011189788163904984,48,4,2015-04,enstone
massa,0.2788800099133223,0.01352505730673817,0.07840560141369002,0.01011790567292619,50,3,2015-04,williams
max_verstappen,-0.28805441728319314,0.07453583290310964,0.11707237288598835,0.016383196783409024,26,2,2015-04,faenza
merhi,-3.9723290413804047,-0.10168282917919094,0.08171917723909322,0.01735174340154783,48,3,2015-04,banbury
nasr,-0.107418079992782,-0.03673531962340612,0.07634535793626308,0.014552136241045122,48,4,2015-04,hinwil
perez,-0.04511775372594809,-0.04407319190921741,0.037520591161132544,0.008837016557717027,50,3,2015-04,silverstone
raikkonen,1.6069000842745151,0.014610954858149255,0.05472518967255567,0.010987417099093948,51,3,2015-04,ferrari
ricciardo,0.5185153928724868,0.05192099059186342,0.054642849297111926,0.010848070207529831,51,3,2015-04,red_bull
rosberg,1.5392788066382268,0.011850216740890446,0.08015243671539139,0.014522429193078225,51,3,2015-04,brackley
sainz,-0.2977832103903041,0.020567683850615276,0.0613706354031418,0.013755779524672423,23,2,2015-04,faenza
stevens,-3.061018158019913,-0.034572538944516604,0.09250813609346188,0.017514261840334208,49,3,2015-04,banbury
vettel,1.4364603043080413,-0.012968090106031366,0.05132489215203006,0.00900524402127703,49,4,2015-04,ferrari
alonso,-0.409132473709992,0.05203576937797212,0.05863606498123216,0.010218248896008903,20,2,2015-05,mclaren
bottas,1.2534894934059575,-0.04746195006109406,0.05300983262110871,0.007466161198675751,60,3,2015-05,williams
button,-0.4188231964246373,0.05577962822231648,0.07836162162783498,0.019489602693043125,57,4,2015-05,mclaren
ericsson,-0.397764647829581,0.020188240325209453,0.05538301994185451,0.008660677835175308,59,3,2015-05,hinwil
grosjean,0.04298916846427642,0.002308330477831813,0.05977843179345475,0.007830390583833724,59,3,2015-05,enstone
hamilton,2.2356781520358395,-0.055103385975688465,0.11653599980498378,0.021444696067258486,58,4,2015-05,brackley
hulkenberg,-0.14105077840142408,-0.037474049101827236,0.056123595962124,0.00985199064121412,57,4,2015-05,silverstone
kvyat,-0.025435456701820874,0.01918772205162024,0.07776712769479746,0.00842681937858926,59,3,2015-05,red_bull
maldonado,0.2664864630215184,0.0049923303918483625,0.0734258015998015,0.009685831186632127,37,2,2015-05,enstone
massa,1.046000746980933,-0.032435982194101085,0.05179889392870398,0.010836932884935584,58,4,2015-05,williams
max_verstappen,-0.351486534679208,0.033570654556971016,0.05302255164169486,0.00849461608660365,59,3,2015-05,faenza
merhi,-4.115219513017007,-0.04167623990111073,0.13377342106005685,0.025833302694633145,54,4,2015-05,banbury
nasr,-0.23963094763346382,-0.013610603750349323,0.07215145808451123,0.009147332915162806,59,3,2015-05,hinwil
perez,-0.44023370467796186,-0.010602757526792558,0.09456248691387159,0.011290329455333386,59,3,2015-05,silverstone
raikkonen,1.2286530748521378,-0.0025041972843774934,0.06178935714590294,0.00953826378367019,60,3,2015-05,ferrari
ricciardo,0.37764438358687513,0.0317967094994457,0.0769402214236275,0.011168757668896651,59,3,2015-05,red_bull
rosberg,2.167914496131568,0.0027851465687094984,0.08433971515845765,0.009335609666292578,60,3,2015-05,brackley
sainz,-0.3538894389331847,0.05772703112613893,0.08273365120423813,0.011811970018448342,59,3,2015-05,faenza
stevens,-3.140222841593148,-0.0261701742804875,0.09056623366990815,0.019503372364184184,55,4,2015-05,banbury
vettel,1.4140335551223244,-0.013332222522235246,0.10079087896072751,0.013090178288964202,60,3,2015-05,ferrari
alonso,-0.1314124002999703,0.05294862954101385,0.190682016471223,0.019845800829353295,35,2,2015-06,mclaren
bottas,0.2787949461705086,-0.025257898272442063,0.15743269774891155,0.010660100907244417,63,3,2015-06,williams
button,0.26926217483560666,0.022326798136733085,0.13367626833480553,0.011970814396783363,65,3,2015-06,mclaren
ericsson,-0.1763379492173704,-0.0009758545861830795,0.11619701289456116,0.018714136957712246,63,4,2015-06,hinwil
grosjean,-0.1606590305969975,-0.005740002223453798,0.25171264265948307,0.009369880621562651,65,2,2015-06,enstone
hamilton,1.1905444098324733,-0.0017641361915949547,0.10211603637832894,0.008885537576468856,65,3,2015-06,brackley
hulkenberg,0.5470727260257661,-0.017488140793793495,0.11205070901647908,0.007794295494143653,64,2,2015-06,silverstone
kvyat,0.8423723179011656,-0.0059363030973157635,0.07816040978772314,0.006385829049872531,65,2,2015-06,red_bull
massa,-0.5483188707345756,-0.014447632601655068,0.24027037453798067,0.026911217980346566,62,3,2015-06,williams
max_verstappen,0.6918800280003913,0.03440114428322936,0.1417351024576584,0.016843687441917835,53,3,2015-06,faenza
merhi,-2.790150138528152,-0.05167597894463168,0.21670490320324384,0.016053739684286725,60,2,2015-06,banbury
nasr,-0.14119279839933468,-0.00645134645441605,0.1762225611402315,0.010820789934896562,65,3,2015-06,hinwil
perez,0.49975326838748674,-0.01405232349741805,0.09802345750154638,0.008601102941208725,65,3,2015-06,silverstone
raikkonen,0.8238995341921321,0.02041830909368412,0.12224323588336874,0.008153257760894738,65,2,2015-06,ferrari
ricciardo,0.744488948063711,0.005369350527668994,0.131717720699608,0.01038977676282685,65,3,2015-06,red_bull
rosberg,0.9249708469965026,0.014040497311993395,0.15279654853829297,0.011212909215237776,65,2,2015-06,brackley
sainz,0.017005091013752208,0.008485457578149093,0.21602608673048485,0.008770673931142533,65,2,2015-06,faenza
stevens,-4.10013596391703,-0.023744584832183578,0.41787857601208767,0.031716901604879,58,2,2015-06,banbury
vettel,1.218162860273934,0.009544015022615461,0.13063429016413103,0.007929829273326037,65,2,2015-06,ferrari
alonso,-0.9410663142237145,0.031573758930573105,0.09102345916298087,0.010111703635978013,37,2,2015-07,mclaren
bottas,1.179975387028346,-0.014405933831331173,0.06434841172994947,0.004748838936834826,66,2,2015-07,williams
button,-1.0569206035275132,0.0060477868861619,0.1946907101749749,0.012240959122349371,46,2,2015-07,mclaren
ericsson,-0.5392062370956422,0.00627921206243285,0.11245333818034353,0.008786057651397972,65,2,2015-07,hinwil
grosjean,0.6356823505994107,0.0162142943717287,0.08654118139509183,0.006655111776051376,64,2,2015-07,enstone
hamilton,1.5970237126079836,0.0015043118209670317,0.07602486048192773,0.006432536867171943,66,2,2015-07,brackley
hulkenberg,0.2859688303946162,0.011829323144348515,0.0757585800458691,0.00544223101848527,64,2,2015-07,silverstone
kvyat,-0.16005755863044466,0.02745191023551271,0.08460297715007745,0.005680829678505464,65,2,2015-07,red_bull
maldonado,0.7818575895227917,-0.0027498411394861963,0.07050286729064066,0.0037872579648527967,66,2,2015-07,enstone
massa,0.98354141846987,-0.004514950861268983,0.12845271824013593,0.01086160406754305,66,2,2015-07,williams
max_verstappen,-0.18060921080738856,-0.002229852715686563,0.14346729024576826,0.009692472310423375,65,2,2015-07,faenza
merhi,-3.1257573901044267,0.009124794874256083,0.17612376466098217,0.01714950508891601,49,2,2015-07,banbury
nasr,-0.9009311679698228,-0.0073186669873593,0.09680988703860689,0.006156879787858883,64,2,2015-07,hinwil
perez,0.1861398306835145,-0.02867220481643542,0.10777024327817576,0.005818749032564178,65,2,2015-07,silverstone
raikkonen,1.366225861355323,-0.014838081089854314,0.058034379362826814,0.0065508860787477545,64,3,2015-07,ferrari
ricciardo,-0.11420757412694921,-0.016657679206392183,0.06507408363568672,0.00476068502163805,65,2,2015-07,red_bull
rosberg,1.6123421220489098,-0.0016558965188589111,0.08120112056653074,0.006757726145686564,66,2,2015-07,brackley
sainz,-0.15795919342163897,8.482419769784838e-05,0.08860616186759729,0.007251445010363104,65,2,2015-07,faenza
stevens,-3.0077093833603588,-0.022095471945900412,0.15308157220230753,0.012600830013009915,61,2,2015-07,banbury
vettel,1.5556675305571341,0.005028362588894698,0.09978374438505355,0.008674463119737835,64,3,2015-07,ferrari
alonso,-1.1121639186372119,0.11263980047178748,0.1410537952443707,0.024216998459210437,28,3,2015-09,mclaren
bottas,1.4183971954092134,-0.07500289945773939,0.4145295735455202,0.05963948661912438,35,2,2015-09,williams
ericsson,-0.300014719743965,0.02353780662522241,0.12274149018548032,0.021125371558851504,27,2,2015-09,hinwil
hamilton,1.4668020400438344,-0.07386397837288855,0.25995618382684715,0.04854695578090226,34,2,2015-09,brackley
hulkenberg,0.08679786569561529,-0.05556905658106637,0.25196973683489315,0.0425635419674253,34,2,2015-09,silverstone
kvyat,0.720941703570313,-0.07347115648349414,0.2939515924707629,0.05472980800610854,34,2,2015-09,red_bull
massa,1.0040645878214474,-0.09704428022804601,0.4021808400969558,0.06526558416903218,35,2,2015-09,williams
merhi,-3.5537981596717105,0.06710040671073501,0.2406206300962814,0.020762856933774363,27,1,2015-09,banbury
perez,0.011676162853263533,-0.0894630467698603,0.3673898146127897,0.06562979206890635,33,2,2015-09,silverstone
raikkonen,0.8110459054584802,0.14205541338242422,0.13174136003931985,0.023033392602136906,31,3,2015-09,ferrari
rosberg,1.4216852027753006,-0.06198766540153042,0.28679470917406386,0.04776190579751354,35,2,2015-09,brackley
sainz,0.3591296715065452,0.1684942382265266,0.08851195758535166,0.016944270109339674,22,2,2015-09,faenza
stevens,-3.105353549185125,0.08693213595355143,0.17988190668590168,0.019151858442501512,28,1,2015-09,banbury
vettel,0.7707900121039997,-0.07435771807562172,0.4130017568215823,0.06561612304781773,34,2,2015-09,ferrari
alonso,-0.06618079925067179,0.06346594437800328,0.07195358576972413,0.014295392956841242,57,4,2015-10,mclaren
bottas,0.3454953244093195,-0.0035114379559599423,0.05596221866876645,0.008306672743750165,54,4,2015-10,williams
button,-0.48154343370566866,0.02434606470857463,0.0591649425040472,0.009263603915157553,57,4,2015-10,mclaren
ericsson,-0.341972451482633,0.024634470561591612,0.07260797066615655,0.01523992469670532,56,4,2015-10,hinwil
grosjean,-0.14284857792665598,0.040262529043086845,0.08560689302872528,0.01426740992401545,57,4,2015-10,enstone
hamilton,1.5229654641344008,0.03204215327378983,0.23121461777571148,0.035202225212413,54,5,2015-10,brackley
hulkenberg,0.2933577187482995,-0.009644128284398715,0.04706353082825423,0.009170280915531813,33,3,2015-10,silverstone
kvyat,0.6398690817586319,0.009413187681399468,0.09872705588910471,0.019105375196482643,56,4,2015-10,red_bull
maldonado,-0.18730906456760668,-0.132711678318509,0.12451337992527106,0.02514130217993248,55,4,2015-10,enstone
massa,-0.4983934743742511,-0.06003351835289564,0.10927730448362427,0.024573285044109106,54,5,2015-10,williams
max_verstappen,0.22907298262081296,-0.0009883689734881546,0.061738190111889905,0.010579192998282715,54,5,2015-10,faenza
merhi,-2.9076041978709632,0.0468079109093245,0.10621203407312706,0.016699964969939873,52,4,2015-10,banbury
nasr,-0.39974884621618323,-0.0005996448079303301,0.08139380377333756,0.013557193551875485,56,4,2015-10,hinwil
perez,-0.5036494305581819,0.002101660937015068,0.09018158182284347,0.02070548879407041,37,4,2015-10,silverstone
raikkonen,1.6426064209214406,-0.011940821546160565,0.06535503032413197,0.009698447753616526,41,3,2015-10,ferrari
ricciardo,1.252105941515394,0.01212958771712018,0.07588180736541447,0.015517185473252414,56,4,2015-10,red_bull
rosberg,1.382021659160656,-0.006567478291157072,0.05118472865470291,0.010644705645318728,56,4,2015-10,brackley
sainz,-0.19669240154658715,0.011198956912009048,0.08740940672462826,0.018192158656921375,46,4,2015-10,faenza
stevens,-3.338712834376434,-0.022630763055704953,0.1419900005086973,0.020872643865286877,52,4,2015-10,banbury
vettel,1.757160918606882,-0.01777462653571034,0.050746799789459576,0.007565522447476171,58,3,2015-10,ferrari
alonso,-1.4466681956184222,-0.0006996258414277302,0.0613078965574507,0.007925855641153992,42,2,2015-12,mclaren
bottas,1.054444854972,0.0026464713796576344,0.105348407001917,0.010039394842009636,49,2,2015-12,williams
button,-1.4655888241597506,0.005871886646741388,0.06837582166991447,0.009070354141526455,48,2,2015-12,mclaren
ericsson,0.3756315870187554,-0.009781960998406098,0.049612326759856724,0.00589584728733798,48,2,2015-12,hinwil
hamilton,1.8274882133361747,0.0024270545183800573,0.07857613903672915,0.009877330837287524,49,2,2015-12,brackley
hulkenberg,0.06317702419170093,-0.0077030499503919925,0.05771085367088637,0.006757806173740841,48,2,2015-12,silverstone
kvyat,0.07100612751076882,-0.005749257628860237,0.07864684414144486,0.010323269190924269,48,2,2015-12,red_bull
massa,1.0155035001926438,-0.01584525614924963,0.08955007129618067,0.0076569216814231685,49,2,2015-12,williams
max_verstappen,0.41289434533044334,-0.009896945944034717,0.06454671247925194,0.015025369469345655,45,3,2015-12,faenza
merhi,-3.2543988665463095,-0.006945079752746318,0.0709293889017338,0.009635332658669175,47,2,2015-12,banbury
nasr,-0.23828017334972298,-0.00047158907935867557,0.05844635489744695,0.007983528255445068,47,2,2015-12,hinwil
perez,0.47597418112881457,-0.011539830460540456,0.06745674228049718,0.008022889033185276,49,2,2015-12,silverstone
raikkonen,0.6859281831705925,0.01575514953299713,0.0705902169361222,0.008990354524459758,49,2,2015-12,ferrari
ricciardo,0.05367627077555487,0.02060864259164495,0.047526086460949454,0.006549805958591034,48,2,2015-12,red_bull
rosberg,1.3865415301095974,0.0335845986164643,0.06652960244337988,0.006444164132924195,46,2,2015-12,brackley
sainz,0.4771869446536913,0.0066006944768363576,0.09399941908734107,0.016020526212993436,46,3,2015-12,faenza
stevens,-2.8810188136945367,-0.005327775980297366,0.07030600750250912,0.009954560993977839,47,2,2015-12,banbury
vettel,1.386502110978004,-0.013534125977408594,0.07198577370887183,0.008199326598266566,49,2,2015-12,ferrari
alonso,0.00820461156749086,0.050196263664121304,0.06594431839107659,0.011685005081585317,20,2,2015-13,mclaren
bottas,0.5721798092656034,0.004735163477940216,0.034390537314805174,0.0061078655585124235,47,3,2015-13,williams
button,-0.07456549063331086,0.03874039151322343,0.043214396999522744,0.008111978200277623,35,3,2015-13,mclaren
ericsson,-0.5914466467990079,-0.0588459008968069,0.06563253802528876,0.010260289757808563,42,4,2015-13,hinwil
grosjean,-0.11241343424837105,-0.038579041922561924,0.08949314299311123,0.011431862450565385,39,3,2015-13,enstone
hamilton,0.7015338651215508,-0.005583365443073779,0.08583599213430941,0.025472332634763967,20,2,2015-13,brackley
kvyat,0.9877498494015766,-0.009035652537329894,0.038888461561432934,0.005505906197308055,44,3,2015-13,red_bull
maldonado,-0.34092503965328863,-0.022405108877747965,0.08989441526919419,0.01366365462625806,41,4,2015-13,enstone
massa,-0.11874211274648874,-0.029949031358516925,0.041409118693938714,0.013500247209487464,18,2,2015-13,williams
max_verstappen,0.7635300593653942,-0.012476023127295593,0.09606976684907288,0.014471513295225962,45,3,2015-13,faenza
nasr,-0.3946658771783193,-0.0012130127145452974,0.05276454967122734,0.008450821724102222,45,3,2015-13,hinwil
perez,0.2748530626145815,-0.026183513053758795,0.05639166649235822,0.01006684070286136,45,3,2015-13,silverstone
raikkonen,1.370332156312958,0.011476742154356318,0.05628805338055168,0.010508452723494934,47,3,2015-13,ferrari
ricciardo,1.4984059899018787,0.06945787015768887,0.0803720850526762,0.012176336207686591,47,3,2015-13,red_bull
rosberg,0.7617228317728169,0.02793714590957383,0.061697639280209604,0.01094748970619319,47,3,2015-13,brackley
rossi,-3.386103636413227,-0.00718114759001201,0.058796487533998645,0.010680324580768496,44,3,2015-13,banbury
sainz,0.33513956386708904,0.0006233226891727284,0.12429734384776991,0.021469133231141482,43,4,2015-13,faenza
stevens,-3.7278705563690973,-0.05607150414741249,0.07110512191536197,0.014207029918104018,44,3,2015-13,banbury
vettel,1.473080994850171,0.06435640210298482,0.13174127286786688,0.022733876035402827,47,3,2015-13,ferrari
alonso,-0.5047545605698943,0.06472596099096863,0.05313074082606643,0.009356677924263241,46,3,2015-14,mclaren
bottas,0.980920904911658,0.01975934212866294,0.05250937567068129,0.008711118368029935,47,3,2015-14,williams
button,-0.9547051369007488,-0.016465786217758502,0.0937411716179056,0.016687968744677182,46,3,2015-14,mclaren
ericsson,-0.5350180902566971,-0.052665985318995676,0.06290160603675429,0.012633688898963595,46,3,2015-14,hinwil
grosjean,0.5060085718972333,-0.001428141926277146,0.04773733424058462,0.008349455265449984,47,3,2015-14,enstone
hamilton,1.6196690503996292,-0.0051955656833179015,0.06354619222674784,0.011945993092881496,47,3,2015-14,brackley
hulkenberg,0.6158720198925457,0.0003410589216402832,0.05854085099039551,0.011979240152027863,45,4,2015-14,silverstone
kvyat,-0.05331662206717845,0.011814015066348937,0.137141674264575,0.027520560234520094,44,4,2015-14,red_bull
maldonado,0.569069743009475,-0.0027701563709000426,0.04920165853756184,0.007312499294559453,47,3,2015-14,enstone
massa,-0.4500736983215527,-0.05368284421198562,0.17140760693019344,0.036119797612400535,44,3,2015-14,williams
max_verstappen,0.4386385138104236,0.028746170464236484,0.11070316672155904,0.017602590533350265,47,3,2015-14,faenza
nasr,-0.915795139458501,0.0393924374005024,0.07190675593295139,0.013244933185048824,40,3,2015-14,hinwil
perez,0.02504086275826125,0.0011893227037135384,0.09155768849945695,0.020322753298052953,45,3,2015-14,silverstone
raikkonen,1.2548146461916192,0.007090046859073676,0.04647228508890657,0.008131758014625167,47,3,2015-14,ferrari
ricciardo,0.6679501924895147,-0.011590012633347788,0.08342157851956711,0.012339637275040536,47,2,2015-14,red_bull
rosberg,1.4000719195096827,-0.019345149716066698,0.08828379702104411,0.016037758184332573,47,3,2015-14,brackley
rossi,-2.924395708739674,-0.002933578438924042,0.06870630516205722,0.012796197497918858,45,3,2015-14,banbury
sainz,0.25803034928491103,-0.06580578968736615,0.1203299478254001,0.01883899379221509,46,3,2015-14,faenza
stevens,-3.2535737286239197,0.04810200882353012,0.10101366073225693,0.018076496416209942,42,4,2015-14,banbury
vettel,1.2555459107832128,0.010722646846262576,0.0670360965758715,0.012194014702983882,47,3,2015-14,ferrari
alonso,-0.657027485629467,-0.0034348580494436114,0.13553093529666638,0.010620797819062184,42,2,2015-15,mclaren
bottas,1.3522984982588013,0.0021251375569338767,0.08714842945107758,0.011276763529730649,37,2,2015-15,williams
button,-0.6849154642464608,-0.02065075881142304,0.06793247519013593,0.004983524217566605,42,2,2015-15,mclaren
hamilton,1.71904636296375,0.02448018803123402,0.18651115280334524,0.015964459393660486,40,2,2015-15,brackley
kvyat,0.33973920567656496,0.013850669707433972,0.08282241549588397,0.0063494656993593745,40,2,2015-15,red_bull
maldonado,0.013655550984824807,0.019855320783030584,0.07960796424283059,0.0083589427867732,40,2,2015-15,enstone
massa,0.8329605474930663,-0.013246859914369535,0.07360698335006396,0.008535728016589746,40,2,2015-15,williams
max_verstappen,-0.116106827270567,-0.09017130328697619,0.12108463339698489,0.013281147962689133,40,2,2015-15,faenza
merhi,-3.111993558310239,-0.007661987415788118,0.09852534222751784,0.007153217944358094,41,2,2015-15,banbury
nasr,0.02636810353227821,0.02403987534280713,0.17079216126013955,0.012618516615677755,40,2,2015-15,hinwil
perez,0.42522741800143,0.008814873074294783,0.0874272233564688,0.007026597207155396,42,2,2015-15,silverstone
raikkonen,1.2333460565081225,0.009303188505561045,0.10174468855366169,0.009182299919487704,40,2,2015-15,ferrari
ricciardo,0.43685986226231294,0.022949508524056573,0.07567079199434724,0.006611505674990962,34,2,2015-15,red_bull
sainz,-0.02441125905502002,0.024956812917401112,0.07106580013948258,0.008556038324836271,32,2,2015-15,faenza
stevens,-3.3868060953116244,-0.003932879675490091,0.14191701907357948,0.021083498377079606,39,2,2015-15,banbury
vettel,1.6017590841422273,-0.011276927289262505,0.10839514847808028,0.009847819405382657,40,2,2015-15,ferrari
bottas,0.9332342553719164,0.010455536801942484,0.06604224125903836,0.005422813588517675,60,3,2015-17,williams
button,-1.1929234082415743,0.007251257129169226,0.10775263269744027,0.011399038954954987,57,3,2015-17,mclaren
ericsson,-0.26936069206519125,0.014791887559897061,0.056443143518187425,0.007426313940671299,57,4,2015-17,hinwil
grosjean,-0.04598087336503026,0.021568504164686295,0.09891022457077568,0.007467388764404795,60,3,2015-17,enstone
hamilton,1.8749298159985235,0.005765585670403568,0.059255757800819875,0.007631186517838918,58,3,2015-17,brackley
hulkenberg,0.5962410173021682,0.007851472657089893,0.08661786584458799,0.006324041063350937,60,3,2015-17,silverstone
kvyat,0.7625620643409914,0.009664706301180033,0.047273780102638205,0.00619028165545591,60,3,2015-17,red_bull
maldonado,0.15921049660613923,0.011010501764246046,0.07942762650193234,0.0057554154633720775,60,3,2015-17,enstone
massa,0.8667424536333652,-0.01225762080126304,0.0952591978307678,0.007129119836085723,60,3,2015-17,williams
max_verstappen,0.13225143239611348,-0.03211204194937685,0.05449180193619203,0.007820582645486416,60,3,2015-17,faenza
nasr,-0.5191002739192088,-0.0017556921909952106,0.1532596297196085,0.016649598596528686,45,3,2015-17,hinwil
perez,0.6463490671311555,-0.028628968279081082,0.13789411015309505,0.0068835832305844885,60,2,2015-17,silverstone
raikkonen,-0.12070533701001124,0.05147956302019212,0.06832359456683026,0.01858940235514924,17,1,2015-17,ferrari
ricciardo,0.6838458404314977,-0.003218324142825595,0.14023415126028452,0.019867958537028076,60,3,2015-17,red_bull
rosberg,1.5843420604799316,0.02221787131423418,0.06743790710094319,0.008750905914447618,58,3,2015-17,brackley
rossi,-3.8063432564990918,-0.05679263295029478,0.1067967591645409,0.016994641582451963,56,3,2015-17,banbury
sainz,0.3443883091161005,-0.015647779913583418,0.07038393612365478,0.008895366723738965,57,4,2015-17,faenza
stevens,-3.8972372078443542,-0.016724165058325927,0.11040724115626552,0.015861032105622834,56,3,2015-17,banbury
vettel,1.2675542361365593,0.005080338902705024,0.07838997197548023,0.008272719043100975,42,2,2015-17,ferrari
alonso,-0.4426154104878759,0.011286745471733625,0.09033611392416001,0.008798670218076647,42,4,2015-19,mclaren
bottas,0.25789239027584715,-0.03830630641550216,0.07434861146710126,0.014477962024942566,47,3,2015-19,williams
button,-0.34727113101479307,-0.03933054562014045,0.059732318218168594,0.009829040734651821,48,3,2015-19,mclaren
ericsson,-0.4539066651650429,0.051552141389769976,0.07506523542892796,0.014473129835974485,48,3,2015-19,hinwil
grosjean,0.0808681148122023,0.05746954615314186,0.05783435094202662,0.008524701056295136,49,3,2015-19,enstone
hamilton,1.6103583365004017,0.03603692644563376,0.075084625329412,0.008291039205034151,49,3,2015-19,brackley
hulkenberg,0.2546867791985929,0.01501192047899673,0.03647049181082013,0.004806894843868359,49,3,2015-19,silverstone
kvyat,0.453336165758455,-0.023987602492525253,0.061253539171413705,0.007430233053601985,49,3,2015-19,red_bull
massa,0.29814214314343573,-0.006204591097252868,0.04631156921671636,0.0056926233274575974,49,3,2015-19,williams
max_verstappen,-0.16751618449888822,-0.044882790452960744,0.12467258307065936,0.026890534531008543,46,4,2015-19,faenza
merhi,-3.9035570313267254,-0.0925613702870411,0.13843237569262956,0.018657817454427704,48,2,2015-19,banbury
nasr,-0.07095911970384003,-0.0030966522029122895,0.05965728255695249,0.009489411556421539,46,4,2015-19,hinwil
perez,0.7485761175110301,-0.025271943165847646,0.05185140734350602,0.00769254066083445,49,3,2015-19,silverstone
raikkonen,1.4170607835261555,0.01427615414383811,0.0486379155379028,0.007793727148946521,49,3,2015-19,ferrari
ricciardo,0.6773842132328902,0.02395016265063997,0.046844635201327464,0.007209842897412955,49,3,2015-19,red_bull
rosberg,1.564591475612259,0.01635395472837918,0.04102412281213985,0.006657414999021578,49,3,2015-19,brackley
sainz,0.10991558515922911,0.003885414966749698,0.04738350744208679,0.006270167567893069,49,3,2015-19,faenza
stevens,-3.11508817655294,0.03695175989105813,0.08311503126653974,0.01244688630824026,47,3,2015-19,banbury
vettel,1.028101614019606,0.006867075414241461,0.09900785665517488,0.01946019849146904,49,3,2015-19,ferrari
bottas,-0.15146798235697007,0.04104830359947584,0.10131130348157011,0.006999352109283924,51,2,2016-01,williams
button,-0.376549630264467,0.022245733344673696,0.09165977876062045,0.015292323750457217,46,3,2016-01,mclaren
ericsson,-1.864921935380949,-0.07751486762188095,0.20274736073557964,0.035049252114839564,26,4,2016-01,hinwil
grosjean,-0.4949124253388836,0.04944996302023555,0.07580150763436463,0.006440452093040729,51,2,2016-01,haas
hamilton,1.433146038840048,0.05881296200981921,0.21254911917408048,0.0134474014730252,50,2,2016-01,brackley
hulkenberg,-0.12740318248162133,0.029316188862440327,0.07762040004353717,0.0067172705402719695,50,2,2016-01,silverstone
jolyon_palmer,-0.4001572281154057,0.03484547528393066,0.07249960322766028,0.006937949439490098,49,3,2016-01,enstone
kevin_magnussen,-1.0447244646493292,0.09445038798795555,0.16332775985508088,0.013334134717107924,48,2,2016-01,enstone
massa,0.48462365964805487,0.002922432973001071,0.0960970195153025,0.0080214557063911,49,3,2016-01,williams
max_verstappen,0.5770729179958807,-0.0639418748551869,0.1485386918468419,0.031131761235406927,47,4,2016-01,faenza
nasr,-0.8928444109007145,0.07477402310604195,0.11542758006373398,0.010221973291249757,48,3,2016-01,hinwil
perez,-0.42258662825746,0.032894808415963345,0.09179490875654918,0.009112370302985456,50,2,2016-01,silverstone
ricciardo,1.344938588858655,-0.012695523821196458,0.08568606977494532,0.012242481984618208,47,4,2016-01,red_bull
rosberg,1.8941254961990581,0.017727386519781674,0.14071406049849497,0.012528639067657105,49,3,2016-01,brackley
sainz,0.4401467161643683,-0.050427723552988246,0.15416263228315527,0.028242464850324212,47,4,2016-01,faenza
vettel,1.7436750968880088,-0.04078968843924938,0.13741084926397665,0.028104061735561608,47,4,2016-01,ferrari
wehrlein,-2.1421606268482734,-0.21311798683281694,0.1531389985888979,0.024080704582022674,45,4,2016-01,banbury
bottas,0.22601916611385398,0.05058928795870663,0.0721861579851691,0.011696335505196925,49,3,2016-02,williams
ericsson,-0.5466061621922559,0.06348329700746944,0.08332778693593114,0.016956264580553226,50,3,2016-02,hinwil
grosjean,0.3066056863415202,0.006576307717004827,0.048815571383216044,0.010883509183338932,49,4,2016-02,haas
hamilton,0.9323639714050516,-0.07108418797400898,0.13220962925222887,0.02985680203842847,49,4,2016-02,brackley
haryanto,-1.1526825175655344,-0.01254701377360947,0.058391659531149324,0.013996582267217422,48,4,2016-02,banbury
hulkenberg,-0.21207043712391804,-0.009327307691835672,0.1153341322180605,0.021464355876384265,47,4,2016-02,silverstone
kevin_magnussen,-0.5026962197974524,0.043500658157217965,0.08427150744285539,0.01970255342284911,48,4,2016-02,enstone
kvyat,0.08512134761159887,0.011684850476915122,0.052672354850619045,0.011316827008785856,48,4,2016-02,red_bull
massa,0.007256131509279298,0.05130367972976705,0.05189024778843327,0.00877696318034056,50,3,2016-02,williams
max_verstappen,0.3497620521693662,0.024039299012622826,0.08330532652624739,0.017786379042521675,49,4,2016-02,faenza
nasr,-0.6444380510324851,0.010551762176814687,0.05332931402680563,0.009848931858832803,48,4,2016-02,hinwil
perez,-0.2729542452519597,-0.15783751773326513,0.08973532294067084,0.014676252090444607,48,3,2016-02,silverstone
raikkonen,1.5211114676313968,0.017088861371122234,0.04174249742877655,0.007606542203451363,49,4,2016-02,ferrari
ricciardo,0.6068687934068534,0.02616306253865184,0.04464316654202515,0.009600436378905983,49,4,2016-02,red_bull
rosberg,1.6290381175412525,0.0232270419101128,0.05484817186178893,0.011026456780099348,49,4,2016-02,brackley
sainz,-1.2383996869195093,-0.031194231765568924,0.08525288631820387,0.01654099905685528,20,2,2016-02,faenza
vandoorne,-0.3965162278286637,0.02742145888247114,0.0693208704811066,0.016789991092180677,48,4,2016-02,mclaren
wehrlein,-0.6977831860183944,-0.0736393080005884,0.08184283701938373,0.016630535482100296,48,4,2016-02,banbury
alonso,-0.1875680507895614,0.06676689550074204,0.04714761340558105,0.007594190266421609,44,3,2016-03,mclaren
bottas,0.19779583727577213,-0.0007985985902321663,0.09908390558557693,0.013644950502528399,44,4,2016-03,williams
button,-0.08285231550602551,0.00015221230582426748,0.1180690238998752,0.01926969323988608,44,4,2016-03,mclaren
ericsson,-0.7297801912616757,0.06421934941077843,0.04698982921973257,0.006092026380394107,45,3,2016-03,hinwil
grosjean,-0.6224438595319364,-0.12612103236695293,0.11629363808342925,0.025402309908114463,40,4,2016-03,haas
gutierrez,-0.2735237921379437,-0.059761500121103275,0.09643569316859363,0.021874699134874616,41,4,2016-03,haas
hamilton,0.724389080400287,-0.01893714306993928,0.06029764476190162,0.00852796916374983,43,4,2016-03,brackley
haryanto,-1.2929138613100475,-0.06870276449401565,0.08210799269497034,0.01570491730902457,41,4,2016-03,banbury
hulkenberg,0.07380248165224332,0.006077227915016067,0.08156424115948453,0.015821196402731264,41,5,2016-03,silverstone
jolyon_palmer,-1.4532470108399236,-0.04817671995032409,0.12775767114313427,0.02565292108074778,41,4,2016-03,enstone
kevin_magnussen,-0.770085690766978,0.026937565891203705,0.10734117512070691,0.02154859304083528,43,4,2016-03,enstone
kvyat,0.6203497809353257,0.0052473440304140265,0.05611291689977705,0.010790106631924826,44,4,2016-03,red_bull
massa,0.3065789831047648,0.01652199318583218,0.07038034352800433,0.011755694358083433,44,3,2016-03,williams
max_verstappen,0.38879611295925703,0.014361117702591228,0.08745754388118851,0.01583625065974893,44,4,2016-03,faenza
nasr,-0.8240870501331481,-0.00196775227887154,0.11929402105222564,0.02252824689178671,42,3,2016-03,hinwil
perez,0.14517473193437055,-0.017462609284455352,0.09374055051657426,0.01379491494079406,44,4,2016-03,silverstone
raikkonen,0.8198967853855911,0.030576039059545188,0.10686634583884394,0.02113018066127933,43,3,2016-03,ferrari
ricciardo,0.7893642279788218,0.05006722795141584,0.04668666545730036,0.011940285951540864,43,4,2016-03,red_bull
rosberg,1.5587913670433275,0.039656557808569956,0.11080974335712318,0.018350223102795778,44,3,2016-03,brackley
sainz,0.2901103055002841,0.03732488130762772,0.06933087636044447,0.012278252277331385,44,4,2016-03,faenza
vettel,0.9632624474205144,0.008582920452482143,0.07054531842473036,0.011409426359589376,44,4,2016-03,ferrari
wehrlein,-0.6418103193133197,-0.02456321236614846,0.05219692921934835,0.015835726405123714,41,4,2016-03,banbury
alonso,-0.1971003133440961,-0.014655349001970788,0.07171545912992752,0.009223756083426533,45,2,2016-04,mclaren
bottas,1.1085549428717858,-0.028885435194215707,0.0974992545593754,0.008645248329239042,46,2,2016-04,williams
button,-0.24478432091987526,0.009467845515504116,0.11416885327778369,0.011098821279716453,45,2,2016-04,mclaren
ericsson,-0.875044342188472,0.03841311149250288,0.084183008899664,0.011177379067028636,45,2,2016-04,hinwil
grosjean,-0.2573038681690313,0.012302844307594938,0.05877435142548068,0.006533924427003413,45,2,2016-04,haas
gutierrez,-1.5330812214945984,0.03574034845723335,0.1115543841221559,0.007761764273719672,45,2,2016-04,haas
hamilton,1.8041837508944563,-0.046311689116664494,0.08489646283419247,0.00875795759820366,46,2,2016-04,brackley
jolyon_palmer,-0.5000914380582201,-0.01480531203780099,0.09114390301930328,0.007302396073423283,45,2,2016-04,enstone
kevin_magnussen,-0.2693284051594588,0.008659265199594294,0.06038734552646743,0.005895519267826608,45,2,2016-04,enstone
kvyat,-0.5846525956606253,0.010202242449205376,0.14272078243706568,0.008228906041969089,45,2,2016-04,red_bull
massa,0.9764394722156796,-0.036376608772762935,0.08690872070499389,0.011611217209315247,44,3,2016-04,williams
max_verstappen,0.47588443940995273,-0.011302600957910016,0.04623494036561826,0.006698394566624758,24,2,2016-04,faenza
nasr,-1.1410083258054076,0.027217195244715837,0.15328104682108867,0.01013525510274821,45,2,2016-04,hinwil
perez,-0.19179701769822702,0.035844794086209615,0.06417825474918404,0.008011390434340796,45,2,2016-04,silverstone
raikkonen,1.3838841478112163,-0.014142368274086927,0.10412012118869998,0.012398929209611519,46,2,2016-04,ferrari
ricciardo,-0.5438545506803603,0.030072521958322322,0.09071888791987515,0.010654720019915381,45,2,2016-04,red_bull
rosberg,1.8051217034777955,-0.012111721110395537,0.1512670672262177,0.01706144285362545,46,2,2016-04,brackley
sainz,-0.06231292537069977,-0.004434242623697229,0.17811298280815427,0.009289645492549242,45,2,2016-04,faenza
wehrlein,-1.1537091321318154,-0.024894841621378165,0.10427329257228439,0.013865475199217256,42,3,2016-04,banbury
alonso,-0.2980341593595577,0.035550251206686784,0.111940034384495,0.014634115172686132,34,3,2016-05,mclaren
bottas,0.3719277925020653,0.03365489427618687,0.1088999744765704,0.013039787995499905,57,3,2016-05,williams
button,-0.3804765036050215,0.039622911228180596,0.05511426060188787,0.0069762421109305995,56,3,2016-05,mclaren
ericsson,-0.6562128327566475,-0.028033394032662112,0.05528528198436483,0.009926535020850332,54,4,2016-05,hinwil
grosjean,-0.0033135206009489715,-0.002703539561261764,0.11544645787602989,0.024892116369317,42,4,2016-05,haas
gutierrez,-0.019067170315612336,-0.011563502883662757,0.12916713288039824,0.014840492369138878,56,3,2016-05,haas
haryanto,-1.2972706351160295,-0.022975643294614045,0.10459525039283893,0.015874034025459758,56,3,2016-05,banbury
jolyon_palmer,-0.5441647619579746,-0.02438167172531032,0.10474555970354743,0.011801973822419822,56,3,2016-05,enstone
kevin_magnussen,-0.7312191336305928,-0.05328343476712863,0.08281612292057038,0.01370098682613893,54,4,2016-05,enstone
kvyat,-0.043811337929450356,0.05415395104120593,0.08093965972786275,0.013213315054817919,54,4,2016-05,faenza
massa,0.2267166219618525,-0.01429453370961313,0.07860273190924905,0.013397364862232785,55,4,2016-05,williams
max_verstappen,1.4449371990883164,-0.01659876731329138,0.050983264224961446,0.005871141874600862,57,3,2016-05,red_bull
nasr,-0.9746136414498744,0.009554659905125856,0.06014139708937502,0.008370815692255127,56,3,2016-05,hinwil
perez,-0.033351385660217,0.008150845208205998,0.07353071136225585,0.00935673948219433,57,3,2016-05,silverstone
raikkonen,1.5710077645483769,0.0003824975703774769,0.06458722597984802,0.007429307452001779,57,3,2016-05,ferrari
ricciardo,1.2160752166766402,-0.029413855550334017,0.06808677672941706,0.013682716754223534,54,4,2016-05,red_bull
sainz,0.03287680298638507,0.043907851328307795,0.04034113189248044,0.005145791149933687,57,3,2016-05,faenza
vettel,1.4025156027479957,-0.026842163731644914,0.09364127114087303,0.01511183075500894,55,4,2016-05,ferrari
wehrlein,-1.2845219181297047,0.005112644805245634,0.05992321065755732,0.007048252682519713,56,3,2016-05,banbury
alonso,-0.597130539415331,0.029836765743002515,0.07849067550248594,0.005381782680191936,63,2,2016-07,mclaren
bottas,0.8801921852388781,0.020180697511401037,0.04862969047763665,0.004040172837207362,64,2,2016-07,williams
ericsson,-0.9340968071684919,0.006396850148541945,0.060629386910940324,0.0083112968821729,59,3,2016-07,hinwil
grosjean,-0.34789765519010923,-0.04013967054841278,0.05509980815072411,0.0070979748263376614,58,4,2016-07,haas
gutierrez,-0.687412290379408,-0.018850187246469717,0.09106257559789792,0.012719566680547446,60,3,2016-07,haas
hamilton,1.5456604720549232,0.0276734289761311,0.1171545128015553,0.005392841577756756,64,2,2016-07,brackley
haryanto,-1.661626215772112,-0.042101052282499295,0.080190035480978,0.011327143394544251,59,3,2016-07,banbury
hulkenberg,0.1039277954039119,-0.0006394930325260215,0.07199038159941219,0.010640966927849816,61,3,2016-07,silverstone
kevin_magnussen,-1.3001549251415487,0.008615890182874487,0.14792054654974224,0.010067443608135452,61,2,2016-07,enstone
kvyat,-0.33324466133935243,-0.002265667745689613,0.07621894742742498,0.011286256379909602,61,3,2016-07,faenza
massa,0.44519770859435087,7.277590582453058e-05,0.0995018283956052,0.01657582318688593,27,2,2016-07,williams
max_verstappen,0.8367373092505477,-0.019531380684264875,0.07132242038689736,0.008226042499967232,62,3,2016-07,red_bull
nasr,-1.4938632558209324,0.03661388955070186,0.10624330188049463,0.012361289616726645,60,3,2016-07,hinwil
perez,-0.015948443655245226,0.03205659840847417,0.06919635390094302,0.008141073548097757,61,3,2016-07,silverstone
raikkonen,0.7755789305339547,0.0005459465181074444,0.061064713784070114,0.007420477615419735,64,3,2016-07,ferrari
ricciardo,0.8692813633909564,-0.02666376083684554,0.08047033017961433,0.007804560249838978,62,3,2016-07,red_bull
rosberg,1.0803902606043745,0.008543865851540634,0.1348445887487747,0.0166788521248234,62,3,2016-07,brackley
sainz,0.32230001351622234,-0.0014449533881276885,0.0706052347059765,0.00642556105273478,61,3,2016-07,faenza
vettel,1.6180687003314183,-0.004156765662591509,0.0565538653591377,0.005018780905799684,64,3,2016-07,ferrari
wehrlein,-1.1059599450370066,-0.014743777369172699,0.08770461398775808,0.010971046718211612,61,3,2016-07,banbury
alonso,-0.397073884285401,-0.02792412554188673,0.0652112251118076,0.014871335757471358,34,3,2016-08,mclaren
bottas,0.17556317919559056,0.020300275107592573,0.07305789531082252,0.0066174644223621765,47,2,2016-08,williams
button,-0.18487066829520177,0.0025199086252625236,0.09504760748062517,0.009587132157542345,45,3,2016-08,mclaren
ericsson,-1.063597158902631,-0.010634095544535878,0.08749749051311957,0.012856562653226149,44,3,2016-08,hinwil
grosjean,-0.2335675497299677,-0.004922420171454174,0.085532979301577,0.012637891905151957,44,3,2016-08,haas
gutierrez,-0.5880390375647129,0.02164290499902638,0.1501886687755012,0.023483170452594338,44,3,2016-08,haas
hamilton,0.5608791645858948,-0.02515496623990488,0.09278509447470881,0.008547385967287938,47,2,2016-08,brackley
haryanto,-0.8441061415801705,-0.058486181116491516,0.18623657803133403,0.009161397872929692,46,1,2016-08,banbury
hulkenberg,0.1430495102137656,0.004206970094454025,0.11749706545707408,0.012118390687182418,47,2,2016-08,silverstone
jolyon_palmer,-0.6358987009593857,-0.019829446546267317,0.0679821616741619,0.015470223508431143,44,3,2016-08,enstone
kevin_magnussen,-0.24009222368385819,0.007992875105961465,0.15764773485056194,0.009333255830258775,46,2,2016-08,enstone
massa,-0.03744401689115495,-0.05609911645005094,0.14859458005570406,0.02145226147588733,45,3,2016-08,williams
max_verstappen,0.42357737911621723,0.04953627561473372,0.07446498849279869,0.0060539488246215715,45,3,2016-08,red_bull
nasr,-0.27329884176461783,0.004074329657497648,0.09235460085532697,0.013108367749346733,44,3,2016-08,hinwil
perez,0.799943604749187,0.03872829016129024,0.15545914220982254,0.012407040322989497,47,2,2016-08,silverstone
raikkonen,0.9803595076215985,0.032369858231562625,0.09920946599054606,0.005685309969812308,47,2,2016-08,ferrari
ricciardo,0.45192427863065926,-0.010723954273474577,0.10889931832780665,0.011369302560307099,45,3,2016-08,red_bull
rosberg,1.2215195422887937,0.004134119873103699,0.09292255211315086,0.01101138473164964,47,2,2016-08,brackley
sainz,0.1831522936217832,-0.030980904731807486,0.1419425122101168,0.026117886679646703,23,2,2016-08,faenza
vettel,0.9508971757858509,0.006155075047945539,0.08636646659319101,0.010108141451277688,47,2,2016-08,ferrari
wehrlein,-1.3928774121522403,0.05309432809744307,0.16011217791300814,0.022914514336892768,32,2,2016-08,banbury
alonso,-0.2567343498890474,-0.028833059424872295,0.059877228612520976,0.0063899539214776055,51,3,2016-09,mclaren
bottas,-0.4210673346508651,-0.008520174895776281,0.09694035860873206,0.017057276318291282,57,4,2016-09,williams
button,0.023768333704724864,0.021603635580513442,0.07208904001118445,0.0058264555703294515,60,3,2016-09,mclaren
ericsson,-0.96226031862807,-0.017221330528289055,0.13201794018888535,0.02478642643505419,57,4,2016-09,hinwil
grosjean,-0.5133023114510469,0.039326510375310486,0.1686320162470688,0.009574406420914785,62,2,2016-09,haas
gutierrez,-0.46714718240697384,-0.027759544174053127,0.12538647488602042,0.017288343146732325,57,4,2016-09,haas
hamilton,1.719665370968301,0.018435379014861534,0.0945794116122956,0.014717685169980763,58,4,2016-09,brackley
haryanto,-1.1884528369460012,0.03945475410289517,0.15628797250492152,0.027789258000422055,59,3,2016-09,banbury
hulkenberg,-0.6277910483570621,-0.05754833752834248,0.1007450023502249,0.018373494493824596,46,4,2016-09,silverstone
jolyon_palmer,-0.6598130031248367,-0.04810387171737614,0.11395535834435423,0.022133699131317634,57,4,2016-09,enstone
kevin_magnussen,-0.7174511509872382,-0.022160718062655373,0.11139347373725624,0.01872610249508032,57,4,2016-09,enstone
massa,-0.14667410442491957,0.022506410694524363,0.07814703945945903,0.009261347372272017,48,4,2016-09,williams
max_verstappen,1.28541974425672,-0.014916697050037783,0.06223035849174827,0.006105473262437773,60,3,2016-09,red_bull
nasr,-0.8428195978139854,-0.04406546706598974,0.12526654757785477,0.017224992029118813,59,3,2016-09,hinwil
perez,-0.1424494317216603,0.02476109636921459,0.09681227996251486,0.0070953013593196375,56,3,2016-09,silverstone
raikkonen,0.9212023383326344,0.03085540059893305,0.09303938921491618,0.0070797619682640605,60,3,2016-09,ferrari
ricciardo,0.9889968843886485,0.0025714681069568014,0.052053092321322596,0.006800515884724052,58,4,2016-09,red_bull
rosberg,1.9264243145508733,0.04608326317235106,0.09448364235081132,0.016555190829311325,58,4,2016-09,brackley
sainz,-0.1521212187905992,0.031263028039565544,0.10258166004287174,0.0081072842855906,60,3,2016-09,faenza
vettel,0.7005023734172554,-0.011846179085267357,0.09548397597225414,0.013426998651927143,23,1,2016-09,ferrari
wehrlein,-0.46789547042685026,0.004114433477533545,0.08243506482369022,0.005741493448458203,57,4,2016-09,banbury
alonso,-0.23648379736396627,0.055514655578406555,0.12310670561996907,0.019873591695140764,28,2,2016-10,mclaren
bottas,-1.1168319184367903,0.02598820704881931,0.3370278678798975,0.024538832384618615,31,1,2016-10,williams
button,-0.19713682720849557,-0.008610991967013495,0.2555775063668486,0.020279703220579887,31,1,2016-10,mclaren
gutierrez,-1.253219465206647,0.02681594226665503,0.24293277403515015,0.02174417021470699,31,1,2016-10,haas
hamilton,0.9040262898109592,0.0072894246829006,0.20416007998349814,0.017135847174573438,32,1,2016-10,brackley
hulkenberg,0.15491320066799924,-0.014416647296729604,0.17855720029788485,0.014390751043383122,32,1,2016-10,silverstone
kevin_magnussen,-1.4281202227823775,-0.0006209914693689617,0.20646656946342143,0.03529988423189095,24,2,2016-10,enstone
kvyat,-0.2770103951004464,0.013962508099962509,0.20712973965995432,0.013494838337431375,32,1,2016-10,faenza
massa,-0.09776297104446834,0.04438869799462887,0.15945110036732751,0.027439635477008055,29,2,2016-10,williams
max_verstappen,0.9965512161874066,-0.003039470450664286,0.13932353377853757,0.012802273123298855,32,1,2016-10,red_bull
nasr,-0.9970085916625262,-0.02126470260594622,0.20985187168900218,0.017990292385405223,31,1,2016-10,hinwil
perez,-0.0031069208767352946,-0.050669160818228726,0.27965487072708795,0.02381714931617823,32,1,2016-10,silverstone
raikkonen,0.48150958343041544,-0.01429246101842313,0.3743426827177577,0.026537760890615093,32,1,2016-10,ferrari
ricciardo,0.846618152928881,-0.015927349598857624,0.19527582606536226,0.013531314610671592,32,1,2016-10,red_bull
rosberg,1.6245685642224683,-0.014916064719725577,0.2607752979763828,0.01973578474190269,32,1,2016-10,brackley
sainz,0.1872306591151887,-0.026963020594076986,0.2607754270611797,0.019264954568270064,31,1,2016-10,faenza
vettel,0.4112634433191345,-0.003238575132338231,0.2760879107800977,0.018840185840074436,32,1,2016-10,ferrari
alonso,-0.061160861025203794,0.03189792267900868,0.06365832086167449,0.009055386986252132,63,3,2016-11,mclaren
bottas,-0.08045601130967078,0.0010953809103576295,0.06988777039408357,0.011095292629374755,63,3,2016-11,williams
button,-0.4997856499690707,0.013872717903929438,0.08429998874324537,0.01214868692350408,48,4,2016-11,mclaren
ericsson,-1.1007648511136854,-0.06392794841736674,0.10396141214436258,0.016333720787166616,60,4,2016-11,hinwil
grosjean,-0.22890091549513594,-0.01571048924870691,0.07545077744524104,0.010490596963815742,63,3,2016-11,haas
gutierrez,-0.31391344140929067,-0.005296917035045173,0.08499332146644108,0.009181694893755424,63,3,2016-11,haas
hamilton,1.148178038619716,0.07832639305608655,0.08116298201114844,0.010798337811087518,64,3,2016-11,brackley
haryanto,-2.215832208065718,0.0017974850069176485,0.10140070083456718,0.009065419663779774,64,2,2016-11,banbury
hulkenberg,0.03999677764048559,0.020780702368957876,0.0790627124291655,0.010054788377051498,63,3,2016-11,silverstone
jolyon_palmer,-0.27386957701831327,0.013316371626568596,0.08907779651802615,0.011921872498263082,62,3,2016-11,enstone
kevin_magnussen,-0.24325519200861534,0.0049328490461184316,0.12851517426492218,0.01321606078604237,63,3,2016-11,enstone
kvyat,-0.03544572797996237,-0.03379506107620514,0.12243066841459736,0.018435667404777194,63,3,2016-11,faenza
massa,-1.1405520056231646,0.0027047102890714603,0.1302511087866092,0.01205245133402837,62,3,2016-11,williams
max_verstappen,1.2132598965888421,-0.06549078917177922,0.0775815320675584,0.008299044614472837,64,3,2016-11,red_bull
nasr,-0.5888013459722727,0.03190113380060974,0.08499793688758843,0.01078438787250592,63,3,2016-11,hinwil
perez,0.07228908628752362,0.03261009098507148,0.06514756698440195,0.008702525868823785,63,3,2016-11,silverstone
raikkonen,1.2833421833368113,-0.019454004562844546,0.10688254783668968,0.015077442482763301,64,3,2016-11,ferrari
ricciardo,1.2353005071209404,-0.020844758561454096,0.05022356559958653,0.006315087725889099,64,3,2016-11,red_bull
rosberg,1.5523422393851125,0.06009288232001417,0.06912176881477643,0.009745592837208784,64,3,2016-11,brackley
sainz,0.17690866918390025,-0.009871630979874896,0.046824944516153565,0.006529700866720618,63,3,2016-11,faenza
vettel,1.1283649199491292,0.019406082036490163,0.0629440494230776,0.0070354052895698765,64,3,2016-11,ferrari
wehrlein,-1.0672445311223573,-0.07834312297592519,0.16578722704860077,0.021017529346831463,62,3,2016-11,banbury
alonso,-0.03319816621772191,-0.027801476381350197,0.0953797806000535,0.02171819611579034,58,4,2016-12,mclaren
bottas,0.3835272645564429,-0.036130892467161696,0.08946292922392328,0.013331298248172566,60,3,2016-12,williams
button,-0.015988951115018996,-0.02290746764993565,0.03903367522421092,0.00853891244036762,58,4,2016-12,mclaren
ericsson,-1.2270526785605638,-0.009411018000376279,0.07914930322189721,0.0113928446541632,59,3,2016-12,hinwil
grosjean,-0.0938651895417601,0.02929159832920866,0.08853915629121917,0.012567161532582248,60,3,2016-12,haas
gutierrez,0.10513439636428562,0.017814375864656475,0.061588527846525465,0.011060718093398684,60,3,2016-12,haas
hamilton,1.4877985523043713,0.038539851173285664,0.06981343921632513,0.012531216985314165,59,4,2016-12,brackley
haryanto,-1.8422836357704981,-0.03333588368508669,0.14920927406282405,0.033353194794048205,57,4,2016-12,banbury
hulkenberg,0.3537854868553773,0.04102078030033021,0.04659150869914546,0.00897003788488806,59,4,2016-12,silverstone
jolyon_palmer,-1.4025922637151105,0.032280086549922204,0.11037508936464287,0.018574643278314686,57,3,2016-12,enstone
kevin_magnussen,-0.48946670147148635,0.02871020219875844,0.05006099168897694,0.007444484257562653,60,3,2016-12,enstone
kvyat,-0.14679365473340783,0.03235780641503008,0.08938202992067719,0.014917470989413142,58,4,2016-12,faenza
massa,-0.912553648117545,-0.03651542939597638,0.11004331628700759,0.02210231564522948,27,3,2016-12,williams
max_verstappen,1.3617844755748156,0.010382948081033485,0.06255435902685626,0.013951958621136884,59,4,2016-12,red_bull
nasr,-1.44837905958746,0.0002857179400265718,0.09004344764680121,0.019147201866043566,45,4,2016-12,hinwil
perez,0.09961326426768247,-0.02546358110735539,0.055966516286305806,0.014043098819699446,58,4,2016-12,silverstone
raikkonen,0.9791532524808501,-0.0059669452446301265,0.03970937542958667,0.008938859835927434,59,4,2016-12,ferrari
ricciardo,1.5263515429972738,-0.018183338783709712,0.04399801972713079,0.008843398659259398,59,4,2016-12,red_bull
rosberg,1.5677038932392922,0.02771816803345353,0.05010003622809105,0.009118069228697777,59,4,2016-12,brackley
sainz,-0.09148354518896402,0.027045667990793023,0.05879276763192781,0.010362587497109601,58,4,2016-12,faenza
vettel,1.0689402865634037,-0.0001919634646983838,0.051970776818276034,0.009785831353051961,59,4,2016-12,ferrari
wehrlein,-1.2301349211842583,-0.0695392066962178,0.08061567327717063,0.0176333879657994,57,4,2016-12,banbury
alonso,-0.20802552138182645,0.016836638332990782,0.053244388264512936,0.011630244980805528,33,3,2016-13,mclaren
bottas,0.1883804447076073,0.04376141135217667,0.04431396914210607,0.008418537240579851,34,3,2016-13,williams
grosjean,-0.15372452418917182,0.04894252525986311,0.0782946866873497,0.014981187291945877,34,3,2016-13,haas
gutierrez,-0.17941828618196398,0.012727925800792546,0.05431184491747205,0.010758790815751762,33,3,2016-13,haas
hamilton,1.1738506665719237,0.001010934053861691,0.1274989851628244,0.032466791690418356,31,4,2016-13,brackley
hulkenberg,0.4938303226279513,0.042666811572890984,0.08465208443529895,0.013754273947545363,33,3,2016-13,silverstone
jolyon_palmer,-0.8585577728431235,-0.010092224159533078,0.10050749713863161,0.02328122279992286,32,4,2016-13,enstone
kvyat,-0.675945806745333,0.00568172373271849,0.1252227284891692,0.028351301730107997,31,4,2016-13,faenza
massa,0.051249106468045924,-0.05543302522105684,0.06156974035701895,0.012367223600153044,32,3,2016-13,williams
max_verstappen,0.020279910795506215,-0.06380802508148722,0.069900809999524,0.01353431888581202,31,4,2016-13,red_bull
nasr,-1.530190165036127,-0.022151188254184363,0.05120274397455176,0.01012677168195377,32,3,2016-13,hinwil
ocon,-1.6987346615957961,-0.06955470751963791,0.050316490748957374,0.009190777887193212,32,3,2016-13,banbury
perez,0.5861411009909561,0.02348829190970477,0.04914844559994138,0.009160712763529151,34,3,2016-13,silverstone
raikkonen,0.3552562530648045,-0.011344785992788188,0.06810447157444459,0.011673836722611184,32,3,2016-13,ferrari
ricciardo,0.8036282954137954,-0.03134493800980435,0.06619249604466543,0.012026608219303587,33,3,2016-13,red_bull
rosberg,1.1592609112528198,0.017045391634176975,0.05997836838541636,0.012413600312459009,33,3,2016-13,brackley
vettel,0.4727197260799309,0.051567240589315964,0.05819057912523562,0.013406431547456582,33,3,2016-13,ferrari
alonso,-0.12127514454203939,0.014436034381113455,0.06615885911740427,0.013106931606174693,44,4,2016-14,mclaren
bottas,0.7010202472367082,-0.013779446530110434,0.05759602743575505,0.011116652711035856,47,3,2016-14,williams
button,0.17712148782403597,0.006144254687122036,0.0533738094983146,0.006888440932093867,46,3,2016-14,mclaren
ericsson,-1.4132691560949502,0.02182239473245428,0.06501989604214413,0.009929501249704889,48,2,2016-14,hinwil
grosjean,-0.25417381478426115,-0.016807690671587695,0.09330353679748797,0.012037738443489578,48,2,2016-14,haas
gutierrez,-0.2537903286411669,0.010457348880101825,0.06518672410424171,0.012237212531964813,46,3,2016-14,haas
hamilton,1.262582657077617,0.013448969135252835,0.08055246512551287,0.01007292664412444,49,2,2016-14,brackley
hulkenberg,0.17993286649238957,0.030452202146120898,0.05984895574584112,0.011376055554376143,47,3,2016-14,silverstone
kevin_magnussen,-1.857105586805212,0.011431430868489226,0.09809198838434158,0.02288147375046225,46,3,2016-14,enstone
kvyat,-1.359905630966582,-0.01050428283944122,0.10641119518797704,0.022998358036259346,29,2,2016-14,faenza
massa,0.3909216688110283,-0.005135767841637889,0.053880275281789715,0.009329776207529837,47,3,2016-14,williams
max_verstappen,0.7716950477043376,0.02031353004758129,0.04690308352537599,0.009574372478962116,47,3,2016-14,red_bull
ocon,-2.1270343712408373,-0.038471609629114396,0.12748780014899883,0.018040035976921606,47,2,2016-14,banbury
perez,0.5092430250882896,-0.02659785648268071,0.06773076736833838,0.01388864516093166,47,3,2016-14,silverstone
raikkonen,1.1964410247892256,0.011240676643600006,0.04621693995760235,0.009132120225722774,47,3,2016-14,ferrari
ricciardo,0.870273917203194,0.014238589443057942,0.04764622591552626,0.010587233762587267,47,3,2016-14,red_bull
rosberg,1.477703044879491,-0.003091829420063091,0.12426592701520878,0.011494825318902663,49,2,2016-14,brackley
sainz,-0.7212914866378093,-0.05719284308918505,0.09954737239862062,0.01653369926431014,46,3,2016-14,faenza
vettel,1.2837115499662184,-0.006230665195412882,0.043264824502972324,0.007447978311575819,47,3,2016-14,ferrari
wehrlein,-0.7128010173596783,0.02382656073433958,0.09871216723089711,0.019612540175379292,20,2,2016-14,banbury
alonso,-0.025047176596732112,0.05328048512831092,0.1171082077647753,0.016296308210393472,53,3,2016-15,mclaren
bottas,-0.6050909758199379,-0.04687359315344898,0.11264187891945161,0.032146371186010596,24,2,2016-15,williams
button,-0.9875455967763882,-0.0418801593368263,0.11012498043582522,0.03002492033797571,32,3,2016-15,mclaren
ericsson,-0.889305553531528,-0.03538892223474514,0.11663825940654685,0.01897904190899914,50,4,2016-15,hinwil
gutierrez,-0.18101214104020208,-0.004034859514875741,0.07534087250906867,0.016454443867678643,52,3,2016-15,haas
hamilton,1.4124247859560444,0.02988314617488276,0.06529275067961426,0.01735724286059219,51,4,2016-15,brackley
jolyon_palmer,-0.8780255702093385,0.020024939719244475,0.0696285618417351,0.011636946755545203,52,3,2016-15,enstone
kevin_magnussen,-0.20235150617013845,-0.04446979067596578,0.07239451396179415,0.012089805875230486,53,3,2016-15,enstone
kvyat,0.25577091051471296,-0.006246598782715537,0.07850530769849884,0.012277582236994863,53,3,2016-15,faenza
massa,-0.06112266503863306,-0.0030457107291808477,0.10310199288260999,0.024114722464798812,50,4,2016-15,williams
max_verstappen,0.6057557601814367,-0.029039925307906486,0.04848384985164496,0.01447590337174221,51,4,2016-15,red_bull
nasr,-0.7156360973946435,-0.034985647155230934,0.047758441557408535,0.010997770784371062,52,3,2016-15,hinwil
ocon,-1.6926730999720203,0.04604896865507353,0.09143824736677356,0.02209703291993279,49,4,2016-15,banbury
perez,0.17818597700390348,0.014179387848140504,0.07420951722273744,0.008020142597287125,55,2,2016-15,silverstone
raikkonen,1.4786977617855055,0.017873072225253875,0.04230635847087746,0.010021030634190492,51,4,2016-15,ferrari
ricciardo,1.4231932876586901,0.031855892233116315,0.08395292662898594,0.019564576047637096,51,4,2016-15,red_bull
rosberg,1.2383361549663883,0.04439690244253665,0.06287388868750196,0.00846859397579506,53,3,2016-15,brackley
sainz,-0.3896367557565511,0.05405523837571642,0.14124572083947032,0.02120503178101211,50,4,2016-15,faenza
vettel,1.3412386001012306,-0.059793621215390266,0.06525759399064715,0.013823174303970773,53,3,2016-15,ferrari
wehrlein,-1.3061560998617983,-0.005839204695989406,0.06964785303275899,0.014332495974057115,52,3,2016-15,banbury
alonso,0.4892496800034609,-0.0028264461927411185,0.037526338980824095,0.009457193042641969,43,4,2016-16,mclaren
bottas,-0.032165200439730424,0.03250536299448218,0.06932176541545328,0.006910259570402028,43,2,2016-16,williams
button,0.05796205385099906,-0.021698866758975123,0.06322958783676545,0.007617304589016942,43,3,2016-16,mclaren
ericsson,-0.43858562408188106,0.011279739208851135,0.054848204905331606,0.009794528662501875,40,3,2016-16,hinwil
gutierrez,-1.3217040054049736,0.02159802923355835,0.08214567028047365,0.017067844989377752,26,2,2016-16,haas
hamilton,1.857074422331549,0.022910202658328514,0.09274147543131381,0.01634012308253629,30,2,2016-16,brackley
hulkenberg,0.35488378427782696,0.017102092315706217,0.03843575661161437,0.008610991378519103,43,4,2016-16,silverstone
jolyon_palmer,-0.46369180156293444,0.021945210088686627,0.08091490065113438,0.007577161882164105,43,2,2016-16,enstone
kvyat,-0.9077560688587623,0.005507546700088094,0.05687543474058609,0.007225341160303616,42,3,2016-16,faenza
massa,-0.5922774150682935,-0.004452745013028357,0.06444982191130133,0.008235495077479331,39,3,2016-16,williams
max_verstappen,1.5481997810504737,-0.046302913065173014,0.050485470481638234,0.010500565978872457,43,4,2016-16,red_bull
nasr,-1.2117848565891152,0.02425242835264315,0.0500988983657422,0.0054022799908090575,31,2,2016-16,hinwil
ocon,-1.7584509093709042,-0.043865924687009096,0.07830496637288269,0.014071976342390586,39,3,2016-16,banbury
perez,0.15472820174516222,0.019717179943279893,0.03658087921557412,0.005155013984739624,43,3,2016-16,silverstone
raikkonen,1.180197110153667,0.009860680351733007,0.06497625532102903,0.010747753683465436,41,4,2016-16,ferrari
ricciardo,1.3161589359079138,-0.017957329491113873,0.04538272217397541,0.009341311112743706,43,3,2016-16,red_bull
rosberg,1.4047960550475025,-0.010706989867940366,0.06509273816568742,0.011629604985693074,43,4,2016-16,brackley
sainz,-0.3091015012995859,-0.01156483108743548,0.051094159012364575,0.010099576625794492,41,3,2016-16,faenza
wehrlein,-1.3277326416923758,-0.027302425683940736,0.03800635095836614,0.0070774472059034355,42,4,2016-16,banbury
alonso,-0.4393451899587649,-0.008672949639276097,0.09239424906363114,0.016963667229452247,46,3,2016-17,mclaren
bottas,0.03185276443213736,0.016306945250237813,0.07694970449467982,0.009603847847788696,49,2,2016-17,williams
button,-0.7686852183270734,0.005255483809171645,0.11413705986074656,0.025260200993324752,46,3,2016-17,mclaren
ericsson,-0.6823553544698245,0.01817064299698625,0.06819841117059008,0.010167191445652268,48,2,2016-17,hinwil
grosjean,0.07527249411666381,-0.009351024761447717,0.07661477235402628,0.010826094604259201,47,3,2016-17,haas
gutierrez,-0.8344598801992984,-0.03461141174662028,0.10461527837327715,0.022895059982584228,46,3,2016-17,haas
hamilton,1.5303322666998027,0.02831201551759107,0.046750620645911796,0.00905092164188298,47,3,2016-17,brackley
hulkenberg,0.44582677441578955,0.032198421819734334,0.0926202877925215,0.011518973738674505,47,3,2016-17,silverstone
jolyon_palmer,-0.49181613648664463,0.020527627487249893,0.1050442059889376,0.015173069514435485,48,2,2016-17,enstone
kevin_magnussen,-0.7911846783066454,0.026411237411862472,0.10125508985779239,0.013285750979829723,48,2,2016-17,enstone
kvyat,-0.46968085294137163,0.02517245367358397,0.07775660880909106,0.012357939019830606,46,3,2016-17,faenza
massa,-0.11439175328498138,0.0024381301143470355,0.07410872252966645,0.00826278377070178,49,2,2016-17,williams
max_verstappen,1.3902401128220885,0.013488382193172478,0.06639082479193481,0.010923234681418297,47,3,2016-17,red_bull
nasr,-1.0411648510610427,0.03470778953253586,0.07594132324069144,0.009911928381142245,48,2,2016-17,hinwil
ocon,-1.2698992821176416,0.01887974917186993,0.10266341979503962,0.01794111316569863,46,3,2016-17,banbury
perez,0.4479430816527591,0.020819721133422918,0.04521257788503431,0.007451392810165919,47,3,2016-17,silverstone
raikkonen,1.2829008542883371,-0.044976430064553076,0.090226633145503,0.013333602377732083,47,3,2016-17,ferrari
ricciardo,1.0851925520646972,-0.035929481693053746,0.09565787903381638,0.018995891763506335,47,3,2016-17,red_bull
rosberg,1.3440049925741913,-0.017470773662154417,0.10053983943487196,0.017759594340254155,47,3,2016-17,brackley
sainz,-0.5363927200355748,0.044650849160823756,0.12401615344107311,0.01962878891795473,46,3,2016-17,faenza
vettel,1.0952183241665079,-0.08945146971462511,0.09599421163665393,0.018289062553676187,47,3,2016-17,ferrari
wehrlein,-1.289408300044112,-0.06687590799085893,0.12006052499646497,0.022641316888311384,46,3,2016-17,banbury
alonso,0.16494286778726475,0.015352488075491355,0.052349463176866444,0.008322136740722644,48,3,2016-18,mclaren
bottas,-0.3340703801953788,-0.01846757884401829,0.1110394591145232,0.011761967194082274,46,2,2016-18,williams
button,-0.33781661350978764,0.020598188450483355,0.037264606033653155,0.005924634305070133,45,3,2016-18,mclaren
ericsson,-0.8990355364329972,0.00703449826425191,0.07987175134899033,0.009778174550016063,47,2,2016-18,hinwil
grosjean,-0.2445418836963207,0.007616253890228861,0.047615474499418046,0.00854829311292964,45,3,2016-18,haas
hamilton,1.4545293940743584,0.013684976229606025,0.06644675036437578,0.012292429231213963,48,3,2016-18,brackley
jolyon_palmer,-0.7927972586963442,0.017742010032694565,0.06709150294151026,0.010526474580349846,45,3,2016-18,enstone
kevin_magnussen,-0.7719541568624189,0.012321629597659556,0.06089044624305926,0.016498029371185222,43,4,2016-18,enstone
kvyat,-0.737427909896776,0.04333849098347949,0.08348387794055533,0.010012585550820012,47,2,2016-18,faenza
massa,0.29720003277302537,-0.03257371943389512,0.042451159307157885,0.007432317250037291,45,3,2016-18,williams
max_verstappen,1.4928272363006139,-0.05220150431243457,0.18843153895972684,0.03660237139067082,22,2,2016-18,red_bull
nasr,-1.7286081696968552,0.06893374125729732,0.17062354038053917,0.01898805949426301,48,2,2016-18,hinwil
ocon,-1.9445323760980198,-0.024232551906778345,0.16936735132113517,0.039740721750057134,42,4,2016-18,banbury
perez,-0.05641860445551117,-0.01499828884896529,0.058131234970937806,0.007356419446937526,45,3,2016-18,silverstone
raikkonen,1.4185406454552656,-0.030848433841329216,0.0890106890415639,0.01718884765891191,26,3,2016-18,ferrari
ricciardo,1.5152917552360832,0.01206375990465527,0.05180305032291426,0.00845245658991076,46,3,2016-18,red_bull
rosberg,1.5696105333753556,0.01313484679406426,0.05933083949042944,0.01125847004887612,48,3,2016-18,brackley
sainz,0.06661764091915207,-0.03738075535550959,0.043206327133457956,0.007143111553897268,48,3,2016-18,faenza
vettel,1.250663998475562,-0.003977114954028893,0.06294485359444056,0.013313053342144962,45,4,2016-18,ferrari
wehrlein,-1.383021214856272,-0.017140935982952667,0.06514886128302419,0.014085708475000968,47,3,2016-18,banbury
alonso,-0.4895531773857556,-0.011672944896445558,0.0892464801316046,0.008938949125051195,61,3,2016-19,mclaren
bottas,0.3017107361875993,-0.0020830554982281917,0.09469036939319847,0.004385414710520734,64,2,2016-19,williams
button,-0.582266955012333,0.010112017731034217,0.09586387813285599,0.005685199185281652,63,2,2016-19,mclaren
ericsson,-0.7645483028356739,0.012457442247638634,0.13542254740800758,0.00461794549982555,65,1,2016-19,hinwil
grosjean,-0.9499635694072761,-0.00548322431490984,0.09404285148756852,0.009117287850347915,61,3,2016-19,haas
gutierrez,-0.6670461556754896,-0.008849648368921003,0.07944701670791762,0.007981030450228865,61,3,2016-19,haas
hamilton,1.3549312255126065,-0.00011297423232465784,0.07836229915276587,0.004770027097635796,64,2,2016-19,brackley
hulkenberg,0.5719030601853852,-0.001710340525424136,0.10533953189492529,0.004641765445340295,64,2,2016-19,silverstone
jolyon_palmer,-0.8402526813493152,0.006561593569337821,0.12410045283528244,0.004293428271174331,65,1,2016-19,enstone
kevin_magnussen,-0.7162124688289326,-0.03338585407105889,0.08263723673972129,0.009006997796786051,61,3,2016-19,enstone
kvyat,-0.5936549650015399,0.017543176268246658,0.13582643470474837,0.011430094032320991,61,3,2016-19,faenza
massa,-0.017091013356404672,0.013339535940968362,0.09286287961765803,0.0041516756048897265,64,2,2016-19,williams
max_verstappen,1.471336275819956,-0.005517437225166854,0.0703199317929306,0.003166793124459695,64,2,2016-19,red_bull
nasr,-1.0021917465745829,0.014580493326080125,0.1649205653211727,0.00728188203219869,63,2,2016-19,hinwil
ocon,-1.5146162364206364,-0.0039016298266341225,0.10273450375492132,0.009768706596928101,62,2,2016-19,banbury
perez,0.38793452549066126,0.00358402302213855,0.1153851466665416,0.005268106077169375,64,2,2016-19,silverstone
raikkonen,0.811212490087954,0.004308367831451488,0.08878905567972523,0.012743730440122636,62,3,2016-19,ferrari
ricciardo,1.3131764588302173,0.005492299548118463,0.08318941275682183,0.0049839140778273625,64,2,2016-19,red_bull
rosberg,1.2178012174659956,-0.001045904663575136,0.07387582254260856,0.004315364670210624,64,2,2016-19,brackley
sainz,-0.4970830897185649,-0.01692028083814735,0.11028753002995284,0.004539143607850363,63,2,2016-19,faenza
vettel,1.2044743719861304,0.002704344975821421,0.12716230885509985,0.009086453962922411,64,2,2016-19,ferrari
alonso,0.008010919055441941,0.04905515708379368,0.08545886603943673,0.008883001018106254,49,3,2016-21,mclaren
ericsson,-1.0024931756828515,-1.7930903868368375e-06,0.04124505914876091,0.0045817929783101815,50,2,2016-21,hinwil
grosjean,-0.3755908579597888,-0.0010040967468841477,0.09929401694707303,0.018251640800832452,49,3,2016-21,haas
gutierrez,-0.5262619285332394,0.03393894072809567,0.042354223468817294,0.0062002527665012954,49,3,2016-21,haas
hamilton,0.9185146144054624,-0.0007657593383741113,0.05778036881263005,0.006623390552300498,49,3,2016-21,brackley
hulkenberg,0.25990513156307504,-0.034201592999838853,0.05749348403270942,0.007633101273757453,49,3,2016-21,silverstone
jolyon_palmer,-1.1615768109295084,-0.06520563411534527,0.09887864219791075,0.019207389374023196,46,4,2016-21,enstone
massa,-0.12201586468062242,0.009665005267265409,0.04698000141766574,0.006325842870048633,49,3,2016-21,williams
max_verstappen,1.0429241912842278,0.04565311491014998,0.1163400181202393,0.010053649811285452,51,2,2016-21,red_bull
nasr,-1.123727293629035,0.02122011260402154,0.05485438966606424,0.006818795942933479,48,3,2016-21,hinwil
ocon,-1.1241245180701356,0.0023985908246623444,0.0718396125755241,0.0133750189086436,48,3,2016-21,banbury
perez,0.15363952351969515,-0.07012058117173217,0.04728303904016227,0.006623288065615563,49,3,2016-21,silverstone
raikkonen,0.8061834222870244,-0.022212402174350526,0.0791538986572683,0.010874358425588194,49,3,2016-21,ferrari
ricciardo,1.2751292957921885,-0.0005179342966809275,0.07459983382404328,0.008355733121173402,49,3,2016-21,red_bull
rosberg,1.2374874651904983,0.003963013615889771,0.060535504247609534,0.007492335650208464,49,3,2016-21,brackley
sainz,-0.8489515773006776,0.03396116653207562,0.0767262417086415,0.011654365202845062,33,3,2016-21,faenza
vettel,1.2372973230698068,0.004662456444900348,0.08752632789186025,0.009595648916302667,49,3,2016-21,ferrari
wehrlein,-0.6543498593815625,-0.010487764077261513,0.10339718188728522,0.01624184171096612,48,3,2016-21,banbury
alonso,-0.8790445716797,-0.04158723510138175,0.10333791885515231,0.012571231254573592,43,2,2017-01,mclaren
bottas,1.8144287940767163,-0.032833743542848806,0.07282961590985629,0.007620761517308694,53,2,2017-01,brackley
ericsson,-2.31051025897804,-0.009523697209417273,0.11529028250116313,0.022956733029742476,16,1,2017-01,hinwil
giovinazzi,-1.9978288111912819,0.05041087382059255,0.11117552963429382,0.00889126910648772,51,2,2017-01,hinwil
hamilton,2.0467222262143276,-0.02204677339162561,0.09298344982290861,0.009696234272702199,53,2,2017-01,brackley
hulkenberg,-0.4327078514156427,0.02406419036945738,0.10835379423490292,0.018823103836142385,50,3,2017-01,enstone
kevin_magnussen,-0.4621859030016931,-0.06960051473576102,0.22063877281691466,0.014984514496132221,39,1,2017-01,haas
kvyat,0.36699169044624697,-0.013812373035126349,0.07345498229609845,0.008679693551625064,50,3,2017-01,faenza
massa,0.3947305217594577,-0.009620799560321039,0.08237172561635864,0.006034896221549206,53,2,2017-01,williams
max_verstappen,1.550597539473346,-0.008921196243256171,0.05875034699924315,0.007055349643546295,53,2,2017-01,red_bull
ocon,-0.7548410356873079,0.004075928162145623,0.09897881297550142,0.00852989924047687,52,2,2017-01,silverstone
perez,0.040252779396384164,-0.0015730198421526481,0.0678434619089887,0.006462807179489722,52,2,2017-01,silverstone
raikkonen,1.4332028144574513,0.005927512643695496,0.056676650526610174,0.006607814587293194,53,2,2017-01,ferrari
ricciardo,-0.23962857739172644,0.14547766215012642,0.23727496974783263,0.040604412226536296,19,1,2017-01,red_bull
sainz,-0.049498682081411116,0.02070391122279934,0.05067508629818436,0.0058435261519213175,52,2,2017-01,faenza
stroll,-0.7401250009643392,-0.03517714521463368,0.10111737316189957,0.017839604156472032,31,3,2017-01,williams
vandoorne,-1.838918860272873,0.025931196310678292,0.15439024808975257,0.009402004109556116,51,2,2017-01,mclaren
vettel,2.0583631868400856,-0.03189477680297072,0.08232528584976538,0.008203878500221591,53,2,2017-01,ferrari
alonso,-0.9102146057924378,0.08636308224755045,0.12353003603104287,0.013843884826673748,21,1,2017-02,mclaren
bottas,1.2433168659545493,0.008752671595077657,0.10948720499884611,0.014073613590938606,44,2,2017-02,brackley
ericsson,-1.3631045621412352,0.010986741963243493,0.22651526281310783,0.011783796799941121,45,1,2017-02,hinwil
grosjean,-0.5818945080036788,0.01926181511228385,0.09516423488854113,0.012441068152514593,43,2,2017-02,haas
hamilton,1.2739287763961304,0.038894522373097026,0.11345325852882453,0.011618914945349054,44,2,2017-02,brackley
hulkenberg,-0.617075295234863,-0.00354767418496256,0.1636089369882083,0.02040154676704704,43,2,2017-02,enstone
jolyon_palmer,-0.992186385790462,-0.01712037757988681,0.18087972592246743,0.024378623145594643,43,2,2017-02,enstone
kevin_magnussen,-0.23916764225530646,-0.017146525539747895,0.1265973305191158,0.01750148230452954,43,2,2017-02,haas
massa,-0.8637978222262523,-0.05707781424595555,0.14113769961811012,0.018065906464772997,41,3,2017-02,williams
max_verstappen,0.8142630228348637,-0.04710453014865752,0.09427876711623284,0.008876684443152963,44,2,2017-02,red_bull
ocon,-0.3596408222557266,0.00012102640067983284,0.12421077956713801,0.012878512546442298,43,2,2017-02,silverstone
perez,-0.330223367612552,-0.04677444703428042,0.07016770215036644,0.007269785720806113,41,3,2017-02,silverstone
raikkonen,0.7365606673099943,0.01426250475863687,0.12993392593866726,0.013888963411860761,44,2,2017-02,ferrari
ricciardo,0.6302916869822139,0.013663536806346951,0.11784953028080553,0.014235403778790836,44,2,2017-02,red_bull
sainz,0.13530976733273398,-0.03200635786244778,0.09221836687077917,0.009301606893158593,44,2,2017-02,faenza
vettel,1.4236342245020281,0.028471825339022414,0.12257125033465141,0.017893782028748858,44,2,2017-02,ferrari
alonso,-0.86697789196864,0.043967823601685684,0.057131472284569496,0.01404828813575003,43,3,2017-03,mclaren
bottas,0.8755225917056387,-0.021478468850821754,0.06967310642238495,0.008430381976197944,48,3,2017-03,brackley
ericsson,-0.8656761599868312,0.006510607786805421,0.11227186051043926,0.01129855991758,39,2,2017-03,hinwil
grosjean,-0.1335951681147156,-0.014220318989481597,0.041836315167004895,0.007128750650512871,47,3,2017-03,haas
hamilton,1.5572756254934825,0.0113772583440482,0.057596491883570494,0.007717041531065795,48,3,2017-03,brackley
hulkenberg,-0.5230240078961443,-0.010588886711191771,0.035576501927205614,0.005149798745319674,48,3,2017-03,enstone
jolyon_palmer,-1.1136186162124644,-0.0030330131204035285,0.06734088803496288,0.012947597956265107,47,3,2017-03,enstone
kvyat,-0.8199895220154424,0.02994844728227105,0.08497379394978499,0.011962505605564487,47,3,2017-03,faenza
massa,0.10185199074719331,-0.04055302506664261,0.05754966967314918,0.00943253423008635,48,3,2017-03,williams
ocon,-0.3041853131013467,-0.010134422802973754,0.05303575955279242,0.006866330093207748,46,3,2017-03,silverstone
perez,-0.11614738315766981,-0.020083726073586834,0.04706140312588549,0.00902652187448148,48,3,2017-03,silverstone
raikkonen,1.0449683375657877,-0.0058849821179928,0.034566549393288695,0.005364039045544541,47,3,2017-03,ferrari
ricciardo,0.7773377420426165,-0.030140381900559156,0.05003488687712658,0.006931429848904651,48,3,2017-03,red_bull
vettel,1.4604883404253441,0.018673922039335565,0.0417706190668865,0.006695953420408262,46,3,2017-03,ferrari
wehrlein,-1.074230565526809,0.045639166579507805,0.08013940729173459,0.005379645330468717,47,2,2017-03,hinwil
bottas,1.8633037675351107,-0.03641529189277096,0.09142288151767997,0.011494167728886381,45,2,2017-04,brackley
ericsson,-1.7367862967047687,0.044244161674479504,0.05223018219371221,0.0055316432954662705,44,2,2017-04,hinwil
hamilton,1.2449840300712676,-0.0043958705986844315,0.10126258927283657,0.009926457545864003,45,2,2017-04,brackley
hulkenberg,-0.062070777073466615,-0.005931664828317303,0.09024014059771795,0.00697973331924306,45,2,2017-04,enstone
kevin_magnussen,-0.9171906285445891,0.008006265802473322,0.11238237634981994,0.018937843019242156,44,2,2017-04,haas
kvyat,-1.0471131876899447,0.09029797813859744,0.06929991721978163,0.011336825585937607,44,2,2017-04,faenza
massa,0.3559444467407793,-0.05408419167208858,0.03980071806572375,0.006518111232951474,42,3,2017-04,williams
max_verstappen,0.7168478024279468,-0.007922276481726859,0.08504845493777982,0.008526794447591197,45,2,2017-04,red_bull
ocon,-0.07160934194670707,-0.011793883517387443,0.05370574853918724,0.006772637418888446,45,2,2017-04,silverstone
perez,0.032942707864851734,-0.00036342843522901846,0.042243567949177545,0.004884036962376486,45,2,2017-04,silverstone
raikkonen,1.6828057335344702,-0.011271281182329979,0.0721215862173517,0.007358077979292381,45,2,2017-04,ferrari
sainz,-0.3267881427959807,0.0020183724240152856,0.09930171279988352,0.012195995847704602,44,2,2017-04,faenza
stroll,-0.4223316767191009,0.01718263797581751,0.10522541486027066,0.013333066997413174,44,2,2017-04,williams
vandoorne,-1.5046867094329095,0.01679069674632161,0.10250374617572082,0.013850414518302797,44,2,2017-04,mclaren
vettel,1.8932231167209712,-0.009177834833240334,0.10465444629788775,0.008931916804561173,45,2,2017-04,ferrari
wehrlein,-1.7014748439879304,-0.03718438931992976,0.06851428793300707,0.00720325526772742,43,2,2017-04,hinwil
alonso,-0.2957941180705128,0.01356955795697832,0.10925161563465795,0.022280289553053438,52,4,2017-05,mclaren
bottas,1.4838210136060779,-0.03640687359855543,0.15996895554535243,0.020182095469415195,30,2,2017-05,brackley
ericsson,-0.41105178022156824,0.004719397589796727,0.09154956160547931,0.0092097827604098,55,3,2017-05,hinwil
grosjean,-0.40433401294431753,-0.0031373857325519196,0.09073016508518165,0.01473122393378629,57,3,2017-05,haas
hamilton,2.1717641520311473,0.021086150186877962,0.07015734158822397,0.009205591047415196,58,3,2017-05,brackley
hulkenberg,-0.42175976228500195,-0.0013627480869659227,0.051981615799283294,0.008225895299203001,57,3,2017-05,enstone
jolyon_palmer,-0.7854046796610155,-0.030562947333184244,0.06303849251311637,0.013206187199275252,52,3,2017-05,enstone
kevin_magnussen,-0.5372368485184341,-8.43108006675277e-05,0.05238693168289738,0.008463845074940411,55,3,2017-05,haas
kvyat,-0.3559767732146891,0.005852995588056352,0.10664527231999388,0.010082490041906006,58,2,2017-05,faenza
massa,-0.08135203397404683,-0.05762118206128932,0.07942412944943944,0.012144605067335234,55,3,2017-05,williams
ocon,-0.035963120757698974,-0.006092457964701167,0.04085887892351039,0.007265411221324439,58,3,2017-05,silverstone
perez,0.09946242384387433,-0.015229489255780734,0.06515120502100244,0.01003437350918137,58,3,2017-05,silverstone
ricciardo,0.8642473480130837,-0.016397039802875123,0.07903501123092214,0.012347434972594764,57,3,2017-05,red_bull
sainz,-0.18253322450780687,0.0282357121962614,0.07474159709461758,0.009502744127402898,57,3,2017-05,faenza
stroll,-1.1045460408262304,-0.04972237371471779,0.09374224879921458,0.014429013202162111,56,3,2017-05,williams
vandoorne,-1.4322490731711728,0.0699193937084811,0.17888215391471413,0.042599558168815076,25,2,2017-05,mclaren
vettel,2.2954862441022206,0.015117811873479806,0.06280609199658223,0.008727791349167137,57,3,2017-05,ferrari
wehrlein,-0.8665797134439084,0.0581157892513575,0.08234122531301888,0.00723815628996441,59,2,2017-05,hinwil
bottas,0.2767823994304189,0.006396504767878112,0.15766665807588504,0.010121227088478624,66,2,2017-06,brackley
button,-0.3892576547373197,-0.04083920651817182,0.1494178584934777,0.0156850089060551,49,2,2017-06,mclaren
ericsson,-1.307423566503802,0.04063764093701834,0.14907658958880077,0.012454748900131452,55,2,2017-06,hinwil
grosjean,-0.2983233544643579,-0.010938471060387374,0.12744464485343435,0.008867753924838493,66,2,2017-06,haas
hamilton,0.4228036165844285,0.010744693818261312,0.30356266573136476,0.015018410677314391,66,2,2017-06,brackley
jolyon_palmer,-0.8234656243596489,0.0028648365796115132,0.25693531677027837,0.01550908305386157,65,2,2017-06,enstone
kevin_magnussen,0.1325990068868403,-0.02972829775842712,0.22820327721408262,0.016381446271257885,64,3,2017-06,haas
kvyat,0.12166021482062173,0.0250932773908109,0.11975368419277028,0.010732822805308991,57,2,2017-06,faenza
massa,-0.2558984856443968,-0.01201944901961672,0.1154289695584691,0.010479894929970502,66,3,2017-06,williams
max_verstappen,0.7590638775411558,0.03174398353106144,0.09933555915091331,0.008850333377659194,66,3,2017-06,red_bull
ocon,-0.002960068178670505,0.019319247951582158,0.1345030025502078,0.010316521833336527,63,4,2017-06,silverstone
perez,0.49305240682290224,0.009604676428926588,0.1048969835022103,0.007822564645638916,64,4,2017-06,silverstone
raikkonen,0.7824799671131875,-0.03518213995994302,0.15098468648359264,0.011375883566569486,66,2,2017-06,ferrari
ricciardo,0.7382215484070391,0.018666322946930707,0.1800561532966204,0.014067745801316301,66,2,2017-06,red_bull
sainz,0.17837573012996427,-0.020749058672419947,0.17083993271673875,0.012029313783833002,66,2,2017-06,faenza
stroll,-0.6007540960597006,0.0019780742780932383,0.15907548344521932,0.011258315361659227,55,2,2017-06,williams
vandoorne,-0.15103278164161124,0.005929591090992662,0.08564838160465317,0.006320154844229435,56,2,2017-06,mclaren
vettel,1.1513228940797564,-0.008499405805433187,0.15220516262893594,0.009020734541886361,66,2,2017-06,ferrari
wehrlein,-1.2272460302268076,-0.015022820926767773,0.15035982449064272,0.007289827281505295,51,1,2017-06,hinwil
alonso,-0.7633208589158955,0.01203434294446385,0.19013366457357794,0.02741399051929696,36,2,2017-08,mclaren
bottas,1.1585329463793903,0.022492771317800066,0.09319907039369049,0.012279501826788431,34,2,2017-08,brackley
ericsson,-2.2308297672441224,0.015303036381452202,0.23150871640581147,0.02986224952076292,36,2,2017-08,hinwil
grosjean,-1.2086119107709865,-0.03244709337195623,0.20126438270554403,0.04197391062756254,31,4,2017-08,haas
hamilton,1.9842867663544947,0.05736170907358854,0.06908367745998953,0.01373138859289273,34,3,2017-08,brackley
kevin_magnussen,-0.44986799323810267,-0.02015329109986471,0.09859062730506019,0.014159196598416654,36,2,2017-08,haas
ocon,0.6452343318082367,-0.059332875919895854,0.08637320598027738,0.01318545311023886,36,2,2017-08,silverstone
perez,0.6015869430407526,-0.08702492174173382,0.11682027824207018,0.03031441438286413,19,3,2017-08,silverstone
raikkonen,0.4889509702870235,-0.014190636717022607,0.08800563313767028,0.019132713354153792,26,3,2017-08,ferrari
ricciardo,0.64815296738552,-0.001139868528285036,0.07127862621834419,0.010159007661970356,34,3,2017-08,red_bull
sainz,-0.8164350045152589,0.037063210737467135,0.1746900688519349,0.02165441348352958,36,2,2017-08,faenza
stroll,0.8413894761234574,-0.030143211943465018,0.08838356715433603,0.011208285465748563,36,2,2017-08,williams
vandoorne,-0.7827982927324998,0.028236764442254682,0.08379992633989136,0.017816737549898265,32,4,2017-08,mclaren
vettel,1.8242333557540567,0.04241400368493823,0.06965319009943308,0.013980754296384826,34,3,2017-08,ferrari
wehrlein,-1.940503929716065,0.029526060740258576,0.17785669838947607,0.020385850212465088,36,2,2017-08,hinwil
alonso,-0.28425869404493154,0.04780196543419548,0.1563043576138111,0.010669336943118423,61,2,2017-11,mclaren
bottas,1.2908489849035623,-0.014975628414243623,0.1038450208010066,0.007381264377873246,61,2,2017-11,brackley
ericsson,-1.389356393223352,-0.012114110207751307,0.12334163656953047,0.00515087289418445,59,2,2017-11,hinwil
hamilton,1.4678104989428418,0.009581706757501827,0.12296743150433934,0.009717525042523273,61,2,2017-11,brackley
hulkenberg,0.13232139124258546,0.01705903597746746,0.1671127144635811,0.010579720225257647,55,2,2017-11,enstone
jolyon_palmer,-0.2442655618006342,-0.01269751738930023,0.0879456250451035,0.005709397963980111,60,2,2017-11,enstone
kevin_magnussen,-0.29324043725302373,-0.02137248455564402,0.22313234049506264,0.015185536035425724,60,2,2017-11,haas
kvyat,-0.13498724368064347,-0.00269528785553505,0.13952837927631265,0.01061603177212005,60,2,2017-11,faenza
max_verstappen,1.491366616248654,-0.01761157964297789,0.08598472583884,0.005722901696147657,61,2,2017-11,red_bull
ocon,-0.2921707104485287,-0.003792278113981841,0.13969053368918444,0.01038836755211879,60,2,2017-11,silverstone
perez,-0.11596811112600258,0.015021640273232849,0.12174289151916737,0.008506044754750237,60,2,2017-11,silverstone
raikkonen,1.4508899637662456,0.008192530296487609,0.08334723451249205,0.0064041451045093725,61,2,2017-11,ferrari
resta,-1.4367021072678092,-0.019241828625664238,0.10223603370420212,0.010083646499331682,48,2,2017-11,williams
sainz,-0.19526143952132846,0.008422800165418319,0.07588529272678998,0.006544521918236827,60,2,2017-11,faenza
stroll,-0.850346601763141,-0.00897184325537758,0.13346295396465466,0.009602424524159952,60,2,2017-11,williams
vandoorne,-0.06935746334539347,0.010213725581737602,0.09783359118226392,0.006452246707789805,60,2,2017-11,mclaren
vettel,1.1957904160350492,-0.00044818782850212374,0.11617817513586473,0.008489436502517139,61,2,2017-11,ferrari
wehrlein,-1.7231131076641502,-0.0023726585970632874,0.14742916554395216,0.012581339915612317,59,2,2017-11,hinwil
alonso,-0.92570772881222,0.02498422959667297,0.11822598137475149,0.026836320276313597,19,2,2017-12,mclaren
bottas,1.4090825973434686,-0.03874263883743627,0.04208384432547538,0.010476816630074758,34,3,2017-12,brackley
ericsson,-2.3966068381836085,-0.10543109040910052,0.08287326743291572,0.015855439674285123,32,4,2017-12,hinwil
grosjean,-0.05893351297151428,0.02871217402328853,0.055511390319981986,0.012117985336860567,34,3,2017-12,haas
hamilton,2.0011604354357213,0.0021120957988498695,0.03376561971011927,0.007898555819645556,34,3,2017-12,brackley
hulkenberg,0.1759978887670023,-0.0013197200884052934,0.03308103671677717,0.007429975477467739,34,3,2017-12,enstone
jolyon_palmer,-0.894555998984125,0.014856711677281823,0.12428217069258454,0.02364344905697284,34,3,2017-12,enstone
kevin_magnussen,-0.43001707153641555,0.08654319778926876,0.07539219723000146,0.014023035262150683,33,3,2017-12,haas
kvyat,-0.771926607199252,0.03808986060120553,0.08176484680767981,0.020742661791663456,34,3,2017-12,faenza
massa,-0.3200129058995229,0.013013862866099693,0.05418530101110724,0.014696421732322397,34,3,2017-12,williams
ocon,-0.06090619315206758,-0.02645108956386115,0.04248932705132599,0.00938345973408463,32,3,2017-12,silverstone
perez,-0.15625708274069222,-0.05754441337190801,0.13030940100216504,0.026306429843295263,28,4,2017-12,silverstone
raikkonen,1.2215586502676175,0.00701262531458359,0.04726670092763234,0.01148961519497991,32,3,2017-12,ferrari
ricciardo,1.217780175994383,0.0037892785384327637,0.03646784477999105,0.009279280381379465,34,3,2017-12,red_bull
sainz,-0.24869882821053518,0.020798711365889747,0.07642979083841284,0.01764628158898251,34,3,2017-12,faenza
stroll,-0.7362935485513332,0.00961514408508636,0.10287154957436666,0.02464507786151161,34,3,2017-12,williams
vandoorne,-1.0287333516420336,-0.0002736762953961386,0.0628013394717749,0.014667276468035867,34,3,2017-12,mclaren
vettel,2.0030699200751267,-0.019765263090552196,0.04557245851663022,0.008795540899883986,34,3,2017-12,ferrari
alonso,-0.9240773748934799,0.013994000076972046,0.07355131868633892,0.012134761201496163,43,2,2017-13,mclaren
bottas,1.5494640670777087,0.00804815062896469,0.0751536713260369,0.009258180243106305,49,2,2017-13,brackley
ericsson,-2.2533702731970413,-0.02914616289070765,0.09642359475483757,0.013333844133741895,41,2,2017-13,hinwil
grosjean,-0.36178188530123717,0.000693431843344583,0.060682938100047365,0.006005755787549209,46,3,2017-13,haas
hamilton,1.5938762461464095,0.010856042640053298,0.13359335682070142,0.014756736738394581,49,2,2017-13,brackley
hulkenberg,-0.29737848657226656,-0.00016822575739285084,0.11559303620911085,0.006856231529078482,48,2,2017-13,enstone
jolyon_palmer,-0.7421768045199206,0.03322944835443015,0.13377337439020837,0.019928506047766453,23,1,2017-13,enstone
kevin_magnussen,-0.6124707721715823,0.00753221693752372,0.07006208468824879,0.004830524468219354,48,2,2017-13,haas
kvyat,-0.468646487725719,0.001384750213447583,0.05399239910130975,0.006618117178377428,48,2,2017-13,faenza
massa,0.3334973269005021,-0.0038838347504379644,0.0519033657023197,0.005573590489478327,49,2,2017-13,williams
max_verstappen,1.101753980290282,-0.03909669439577501,0.058047283073546056,0.007398997952737102,46,3,2017-13,red_bull
ocon,0.1862697203150852,-0.008770258374760698,0.05943161196198552,0.004366276668953132,49,2,2017-13,silverstone
perez,0.276253334946633,0.00861706144713592,0.06268929969108682,0.0077951160572021765,49,2,2017-13,silverstone
raikkonen,0.6800959985028205,-0.0017777848733491544,0.05941758909686398,0.004424541297453145,49,2,2017-13,ferrari
ricciardo,1.166406047280619,0.0016365130537345784,0.07179180012778431,0.009155850563992152,49,2,2017-13,red_bull
sainz,-0.689442870324622,0.018129480899854222,0.06946246930798437,0.0060250971350153575,48,2,2017-13,faenza
stroll,0.5909955571595873,-0.01548914959917913,0.0684274643123206,0.005156464395519898,49,2,2017-13,williams
vandoorne,-0.3939405721684155,-0.003593495435571345,0.13675048571406256,0.013434515236201735,29,1,2017-13,mclaren
vettel,0.917966686115546,0.01688427817975957,0.084126336717249,0.009281030788170426,49,2,2017-13,ferrari
wehrlein,-1.653293437860908,-0.019079768198046576,0.09902562609907808,0.011511053104017606,47,2,2017-13,hinwil
alonso,-0.6731545408153838,-0.001405828548422244,0.0972437007846181,0.011246188182669467,51,2,2017-15,mclaren
bottas,0.6532639702153457,-0.011098391074001285,0.11881614535074768,0.012833789615795236,52,2,2017-15,brackley
ericsson,-1.698445543326701,0.0020861708417024344,0.0981161700503857,0.007552129843304745,50,2,2017-15,hinwil
gasly,-0.5821018909190633,0.006274861037994856,0.07265202577007332,0.004816712793459465,51,2,2017-15,faenza
grosjean,-0.5624133127691366,0.0009115097342065673,0.06955417668314931,0.012865679914326621,49,3,2017-15,haas
hamilton,1.226242141884768,0.008069415539118946,0.08731640522475595,0.010060052028133206,52,2,2017-15,brackley
hulkenberg,-0.04664558695882526,-0.028089374165494112,0.11458494438409939,0.008176819533153804,49,3,2017-15,enstone
jolyon_palmer,-0.4245601854861989,-0.012762784238525776,0.11333295949008279,0.010585557565129211,51,2,2017-15,enstone
kevin_magnussen,-0.5608697472812646,0.0003394065742967137,0.11462547866560353,0.008347664131949943,51,2,2017-15,haas
massa,-0.31674282314529256,0.00426850109182137,0.09944645053307913,0.007114570874776116,51,2,2017-15,williams
max_verstappen,1.6052103000871378,-0.01677390476686063,0.07749687961165189,0.00924356635612577,52,2,2017-15,red_bull
ocon,0.5545659240241955,-0.023616259513592856,0.20226894949139365,0.009858735445632892,50,1,2017-15,silverstone
perez,0.23058707190501238,-0.003324747131875188,0.06783582104600659,0.007651673857008638,52,2,2017-15,silverstone
ricciardo,1.2432298662103056,0.006464403302666794,0.08679450592354554,0.008737579484571538,52,2,2017-15,red_bull
sainz,-0.3169630659857111,0.0121252029215056,0.06509863606484458,0.007046349002480761,25,1,2017-15,faenza
stroll,-0.44198236925725326,0.02777154117345499,0.08772103312383925,0.007028449462957821,51,2,2017-15,williams
vandoorne,-0.4424256262597335,0.0341826159257927,0.08674212730634648,0.006217622917483238,51,2,2017-15,mclaren
vettel,1.7845378682114226,-0.029604617838203666,0.2266531224951903,0.025810036137405623,52,2,2017-15,ferrari
wehrlein,-1.2313324503336227,0.024182279134414793,0.07835435123416679,0.008240035323513065,51,2,2017-15,hinwil
alonso,-0.5508301996343845,0.01921414474337336,0.08110195602319878,0.00958906040335095,39,2,2017-16,mclaren
bottas,1.1104470799819235,0.014870944948502642,0.06474679090082446,0.007722682745412972,40,2,2017-16,brackley
gasly,-0.39509120335017134,-0.02089430335880626,0.04896123313841369,0.008297829701572236,37,3,2017-16,faenza
grosjean,-0.43396881807547816,0.027370898903644143,0.09229239034666842,0.013476208652293585,40,2,2017-16,haas
hamilton,1.365314444727692,-0.012807804234247162,0.11132949838942506,0.012648961430801003,40,2,2017-16,brackley
hulkenberg,0.1357128767825121,0.001121942092328694,0.12823943112530709,0.008293671882162583,30,1,2017-16,enstone
jolyon_palmer,-0.464653617022358,0.013835686055316494,0.06834939836986904,0.00531134893006943,39,2,2017-16,enstone
kevin_magnussen,-0.42318980508353643,0.013038304664257934,0.059680465081209035,0.006354238358080934,40,2,2017-16,haas
massa,-0.664296553386365,-0.020897036495927827,0.10116360304691166,0.008372567762385926,39,2,2017-16,williams
max_verstappen,1.4727495026426585,-0.01704704099767195,0.0768918692481281,0.008595257517866352,40,2,2017-16,red_bull
ocon,-0.06670012348372073,-0.00024911869436205353,0.07383098392637705,0.007625280770196471,40,2,2017-16,silverstone
perez,0.24274352265204158,-0.032225982023900916,0.0680816507229513,0.0088122539524705,40,2,2017-16,silverstone
raikkonen,0.7775619381908658,0.023555929615875736,0.06941115670768076,0.008469279072760409,40,2,2017-16,ferrari
ricciardo,1.1805578165004138,-0.002984078860799759,0.07298923954361158,0.008330021259185182,40,2,2017-16,red_bull
stroll,-0.6331099991742496,0.01936782609367533,0.09330842280559316,0.00854564196181152,31,2,2017-16,williams
vandoorne,-0.6424061664000389,-0.00683919639767782,0.09043271252905855,0.012526969399354129,39,3,2017-16,mclaren
wehrlein,-2.010840695867806,-0.018431116053580603,0.09873150106874247,0.014209441763794657,36,2,2017-16,hinwil
alonso,-0.19434701676591803,0.046183007088644264,0.10054773229370449,0.020698596959293554,18,2,2017-17,mclaren
bottas,0.9141669405239881,0.009790637349803628,0.08303169015853404,0.00837350517910207,50,3,2017-17,brackley
brendon_hartley,-0.6044438692390062,0.014948657850960174,0.045176667852898644,0.005266094831554073,49,3,2017-17,faenza
ericsson,-0.8948206378426324,-0.014887825959362382,0.09518832200758827,0.010668401140201608,51,2,2017-17,hinwil
grosjean,-0.5889865159124088,-0.03211020084389415,0.06334089204613928,0.0062754088543068645,51,2,2017-17,haas
hamilton,1.2235920313969124,-0.00647897985682893,0.11477830467370807,0.011247745305790282,52,2,2017-17,brackley
kevin_magnussen,-0.5314993882298593,0.010411034454829278,0.15277547633564675,0.008072811647244781,49,2,2017-17,haas
kvyat,-0.14221895144673907,0.000678025561048852,0.046598037270977985,0.004973554492603193,51,2,2017-17,faenza
massa,-0.46095113444644153,-0.0048888275060565076,0.06073949927468581,0.007008949314782392,51,2,2017-17,williams
max_verstappen,1.2144392560351809,0.005934685002979619,0.05202205704432475,0.008994347317447415,50,3,2017-17,red_bull
ocon,-0.38645871688933314,0.02732950800949014,0.0874082594218974,0.00609242188025069,52,2,2017-17,silverstone
perez,-0.062413865489678366,-0.0016398392617923904,0.05605253471517874,0.004796336840878382,51,2,2017-17,silverstone
raikkonen,1.20246638705042,0.0016820268729641,0.1166844535407115,0.011269871903170341,52,2,2017-17,ferrari
sainz,-0.27219236055560164,0.03372918134623993,0.06626289939664083,0.006367256242704176,52,2,2017-17,enstone
stroll,-0.8572387747195485,-0.00816009659702558,0.04717284203343244,0.008255047075801,49,3,2017-17,williams
vandoorne,-0.5722677742821369,-0.05359510075543721,0.0789600738082959,0.01108272275638866,51,2,2017-17,mclaren
vettel,1.013174390812802,-0.028925892756562925,0.072907392470098,0.015334367620663614,50,3,2017-17,ferrari
alonso,-0.2675530960855847,0.01699704783980278,0.10601769681152722,0.007894103843385155,66,2,2017-18,mclaren
bottas,1.0796101954950363,-0.0005672557035689037,0.10844686472760248,0.007218865552281935,67,2,2017-18,brackley
brendon_hartley,-1.054668325772742,0.03590974440095268,0.1118257137212617,0.01289488592554018,26,1,2017-18,faenza
ericsson,-0.9022663196278133,-0.004456887038651009,0.049223021380104724,0.006287087223273245,45,2,2017-18,hinwil
gasly,-0.7130436993605538,0.0075676319392708295,0.10385120466064762,0.007555002483114461,65,2,2017-18,faenza
grosjean,-1.0692735365461927,-0.0004539960908926839,0.07980297498606796,0.0077202351745070796,62,3,2017-18,haas
hamilton,0.9100679595492258,-0.021315895339933073,0.14891773419859486,0.011581883046220801,64,2,2017-18,brackley
hulkenberg,0.396664518769032,0.019053572112474226,0.08666408377423158,0.014983957477311672,18,2,2017-18,enstone
kevin_magnussen,-0.6083292887024654,0.0025973789037358024,0.09992100996357633,0.006441742214581571,65,2,2017-18,haas
massa,-0.44824117320845325,0.015703123793949957,0.11246836664776581,0.004272059147779175,63,2,2017-18,williams
max_verstappen,1.5169058777384958,-0.010964154639839286,0.08240226952608166,0.005261648920897693,67,2,2017-18,red_bull
ocon,0.24236557577957335,-0.016848024741695212,0.06536228205572407,0.0036693466893380784,64,2,2017-18,silverstone
perez,0.4103599037630354,-0.013422488392224975,0.05700165094439718,0.008021600606345408,62,3,2017-18,silverstone
raikkonen,0.8725206255547893,-0.003713864523122546,0.11024409008869232,0.008103723179416707,67,2,2017-18,ferrari
sainz,-0.4011658886345098,-0.038556416694402504,0.10473912304890712,0.013390449656279559,49,2,2017-18,enstone
stroll,0.025995825058242328,0.00159228896138126,0.07553219202930377,0.0054533670661576356,66,2,2017-18,williams
vandoorne,-0.3205537816003085,0.010256303885061668,0.09784369536133573,0.006350190293837217,65,2,2017-18,mclaren
vettel,1.3072860534008386,-0.010706314499716391,0.09680849847247042,0.006196387378434968,66,2,2017-18,ferrari
wehrlein,-0.9766814255696459,0.011328205827417403,0.16645549230609,0.005609710557608988,62,2,2017-18,hinwil
alonso,0.2641077958859207,-0.007743438215547203,0.12382135816716562,0.009255857086304184,62,2,2017-19,mclaren
bottas,1.290083070371017,0.003227967454884885,0.07378955958350317,0.005558571497490717,62,2,2017-19,brackley
brendon_hartley,-0.9093404385151685,0.024725315962491758,0.051243912612082575,0.007812173700379936,29,2,2017-19,faenza
ericsson,-1.056501984055151,0.001468481274748773,0.11994617100693908,0.007794708828604335,61,2,2017-19,hinwil
gasly,-0.8047226043640483,-0.008143603172487045,0.11058468396653506,0.0071742371977523145,61,2,2017-19,faenza
grosjean,-1.5148674631507886,-0.005060168947825815,0.2088420854479605,0.013330429562149849,60,2,2017-19,haas
hamilton,1.3732279788575021,0.01509497856984391,0.1343513858254187,0.010514687603035344,62,2,2017-19,brackley
hulkenberg,-0.32080765786568716,-0.009264151393078533,0.0995740808923126,0.00743185754296999,61,2,2017-19,enstone
massa,0.17663779402746332,-0.01996790138475598,0.10307482655003174,0.007803224659292305,62,2,2017-19,williams
max_verstappen,1.2127001207947212,-0.025337964331196693,0.06674777117539805,0.005871839556087823,60,3,2017-19,red_bull
perez,0.17976624609382508,-0.0106601867114808,0.1427565501563089,0.011483471122219568,62,2,2017-19,silverstone
raikkonen,1.214436573205698,0.005362410472343572,0.07604377255943284,0.005644570326152536,62,2,2017-19,ferrari
ricciardo,0.2062214587901115,0.04195857707601012,0.11926061099705382,0.007981425976904204,62,2,2017-19,red_bull
sainz,-0.5832191006615679,0.0046691495689006116,0.11036530545345509,0.008659510960687641,61,2,2017-19,enstone
stroll,-0.9432429600648243,-0.0068382169361287035,0.1358821497535236,0.01266925068283202,58,2,2017-19,williams
vettel,1.2465798525489689,0.00170748482061759,0.08403830269505642,0.005748952591275359,62,2,2017-19,ferrari
wehrlein,-1.0310586818979928,-0.005198734107340447,0.18326185212706222,0.0059620928326372365,63,1,2017-19,hinwil
alonso,-0.14445888955949482,-0.012565180256379838,0.0723709769266484,0.00882408448893237,50,2,2017-20,mclaren
bottas,1.678262424424017,-0.006621550472214766,0.05353017403854393,0.005657050303618378,51,2,2017-20,brackley
brendon_hartley,-1.3050126484048339,0.0027196072662786838,0.06857524474484346,0.009246685754600107,50,2,2017-20,faenza
ericsson,-1.3546352442239347,0.004956654269431792,0.09588326279582128,0.008931182242790364,50,2,2017-20,hinwil
gasly,-1.0997447919144614,-0.0002632093854356369,0.06356720339835997,0.007485875667207352,49,2,2017-20,faenza
grosjean,-0.3198978313845802,0.006341500495115787,0.059173243379873196,0.0070881835938890626,50,2,2017-20,haas
hamilton,1.7912758702987666,-0.02373261947840318,0.04749951407487669,0.00654915471266816,51,2,2017-20,brackley
hulkenberg,0.3063839629187008,-0.003755288036914906,0.06756543653975264,0.006123146714150241,51,2,2017-20,enstone
kevin_magnussen,-1.116635234519875,0.013742843433252416,0.05954658997090494,0.004619444242151114,50,2,2017-20,haas
massa,-0.3466518669424798,0.004970578274883486,0.05023556564220994,0.005494449389450081,50,2,2017-20,williams
max_verstappen,1.1920423502192448,-0.015884786157911078,0.051884839433766795,0.004046843314711958,51,2,2017-20,red_bull
ocon,0.10139270573446646,-0.018838871329484773,0.04008572494663342,0.004031231657823255,51,2,2017-20,silverstone
perez,0.00041171818207691446,0.0145254454667892,0.06686647477513799,0.004750506585744044,51,2,2017-20,silverstone
raikkonen,1.016401205249652,-0.019155614607550296,0.04807653189271931,0.0037339320617936923,51,2,2017-20,ferrari
ricciardo,1.610834485338204,0.004494223004429176,0.03579021378186651,0.00787978309773343,16,1,2017-20,red_bull
sainz,-0.14564395224365484,0.04055463271791724,0.09150522114869757,0.009278155994041812,27,1,2017-20,enstone
stroll,-0.7986538213726422,-0.008837935363498051,0.05669801354487782,0.011677427605450331,46,4,2017-20,williams
vandoorne,-1.2697487156931007,0.010708184500628415,0.0626851199712959,0.005247994909016386,50,2,2017-20,mclaren
vettel,1.2672613243311799,-0.0010687798234328642,0.09937992470546966,0.01008561082481193,51,2,2017-20,ferrari
wehrlein,-1.0631830504372506,0.007710165482499176,0.044635203483134794,0.00525315418270669,50,2,2017-20,hinwil
