event_id,team,a,b,pace_gap,deg_gap,pace_gap_se,deg_gap_se,pace_deg_cov,n_laps_a,n_laps_b
2018-02,Ferrari,raikkonen,vettel,-0.09863025276321324,-0.014892556390716183,0.09668817463940452,0.011683764688177448,-0.0003536075512819055,22,44
2018-02,Force India,ocon,perez,-0.20382588883464925,0.03486233329329315,0.09741003120441878,0.01723566892801335,-0.00044913661500694553,39,39
2018-02,Haas F1 Team,grosjean,kevin_magnussen,-1.020641045631198,-0.015022454648073336,0.11180577257113411,0.022270249142275707,0.00015637957791376616,35,39
2018-02,McLaren,alonso,vandoorne,0.2923051880743275,0.026578983948582602,0.09907066170077138,0.012413539178495029,-0.0005482955555635561,40,41
2018-02,Mercedes,bottas,hamilton,0.0968794642359454,-0.006564878075030034,0.1605926078821209,0.014137111165082913,-0.0015578448949169522,44,43
2018-02,Renault,hulkenberg,sainz,0.01186915137815675,-0.03430201185849946,0.15465062873225735,0.01785781863562785,-0.0012075580478851794,38,40
2018-02,Sauber,ericsson,leclerc,0.24708938720088025,0.007338445864288223,0.15071978137675102,0.020234210975965623,-0.0010611272061650458,40,42
2018-02,Toro Rosso,brendon_hartley,gasly,-0.6906594461757896,-0.03078864221720734,0.03887854951867073,0.010064629939998834,-0.0001194754324355369,37,41
2018-02,Williams,sirotkin,stroll,-0.468324099878744,-0.09554021882535496,0.13258159748549445,0.026861461311096853,0.00020024343061301984,40,42
2018-04,Ferrari,raikkonen,vettel,-1.1005918920743643,0.047050140440301945,0.359144675529437,0.028401640251509905,-0.002924665654083262,26,27
2018-04,Haas F1 Team,grosjean,kevin_magnussen,2.7608844354301265,-0.1063821265231667,0.30795282293480714,0.029527820982603557,-0.005255032086641146,27,22
2018-04,McLaren,alonso,vandoorne,-0.46605709202575674,0.02726111247597407,0.2577101501607862,0.051702233044679975,0.007534425344464753,27,24
2018-04,Mercedes,bottas,hamilton,-0.1487058213371839,-0.05880698389138661,0.22312148516189997,0.02157262241942289,-0.003269024363014101,29,28
2018-04,Red Bull Racing,max_verstappen,ricciardo,-0.13032566243927357,-0.024450755086537268,0.695782262739614,0.04022021969013681,-0.02422281750146285,25,26
2018-04,Sauber,ericsson,leclerc,-0.9139851983662654,-0.07612699376913576,0.1888159935338382,0.0485082954494317,-0.0012202003703546355,24,27
2018-04,Toro Rosso,brendon_hartley,gasly,0.8775643069339135,-0.0987972471870106,0.26223741880552637,0.03676250189070191,-0.00426175641610682,25,26
2018-07,Ferrari,raikkonen,vettel,-0.7350459188700798,0.03793297399388795,0.15267900821249247,0.010346621052557617,-0.0010871741153126685,63,62
2018-07,Force India,ocon,perez,0.15904132484417627,-0.009174932786616657,0.15274408784998705,0.013193698987017168,-0.001011442138201411,59,56
2018-07,Haas F1 Team,grosjean,kevin_magnussen,0.40705868739014817,-0.05612726441857355,0.15226502964004393,0.013274407151441172,-0.001187864085244221,60,62
2018-07,McLaren,alonso,vandoorne,1.1950725946015475,0.005920658245519558,0.15771292137130793,0.013292607812704365,-0.001116909326819878,31,61
2018-07,Mercedes,bottas,hamilton,0.42276991044782064,-0.052498969219314004,0.14010180432580843,0.009999351089074817,-0.0009714954131637589,63,63
2018-07,Red Bull Racing,max_verstappen,ricciardo,0.11012706776292869,0.00932592473429568,0.10253335950320736,0.005408356231539338,-0.00035789436428922984,63,63
2018-07,Renault,hulkenberg,sainz,-0.005052809048948004,-0.002669027064294796,0.11375273142017599,0.005044852645543028,-0.0004207296534433026,62,57
2018-07,Sauber,ericsson,leclerc,-1.2986708028191303,0.017475739514517644,0.22275116335274445,0.007836893838227239,-0.0014144517032747463,63,62
2018-09,Ferrari,raikkonen,vettel,-0.024467500225075156,-0.00691781786302903,0.16435147233720943,0.008340938677748991,-0.0006767921135403457,50,56
2018-09,Force India,ocon,perez,-0.08891899952291826,-0.007459692798258449,0.15469327009217199,0.01060246257852407,-0.0006103030731876642,50,54
2018-09,Haas F1 Team,grosjean,kevin_magnussen,0.28314771759688667,-0.00999505970093617,0.16339117098927639,0.011336148373680539,-0.0008852220791250004,54,54
2018-09,McLaren,alonso,vandoorne,0.31730389285175364,0.019963125487283406,0.14716211548540617,0.023273243047379252,0.0005632514815425075,57,43
2018-09,Red Bull Racing,max_verstappen,ricciardo,0.01945753277138218,0.06787444199807446,0.10996189612287885,0.00981895761997565,-0.0003460615504098574,49,41
2018-09,Sauber,ericsson,leclerc,-0.6278318711412191,0.050387953926409546,0.2566762448566827,0.012540038869834381,-0.002309790115222784,55,56
2018-09,Toro Rosso,brendon_hartley,gasly,-0.6283325868146297,0.0015538371626963032,0.17732773281366934,0.014515936870614983,-0.0006293003878286911,45,52
2018-09,Williams,sirotkin,stroll,0.18431797206941836,-0.038348409515358506,0.12947022083863416,0.011710332522292111,-0.0003015189663255198,52,54
2018-10,Ferrari,raikkonen,vettel,0.37745804357504653,-0.03573471908283449,0.10649257680593799,0.02547349298748937,0.0008355311197431444,30,32
2018-10,Force India,ocon,perez,-0.16482396027798862,0.03388949446467365,0.07345660064817293,0.010614634206785002,-0.0002711334789371315,33,29
2018-10,Haas F1 Team,grosjean,kevin_magnussen,0.1879699398985556,-0.018545940095646477,0.12717863825894926,0.015100659438605958,-5.0644520283185565e-05,18,25
2018-10,McLaren,alonso,vandoorne,0.5598470634966894,0.008929764490102743,0.06063912343982623,0.013612217801304382,0.00010555653396415232,31,31
2018-10,Mercedes,bottas,hamilton,-0.3431595425733378,-0.014617951356244718,0.1203545272345543,0.014191200739606957,-0.0006320526346696516,30,30
2018-10,Red Bull Racing,max_verstappen,ricciardo,-0.2611608184897043,0.026100031992843248,0.0928473465816978,0.023134985568087265,-0.0004161112717796134,25,29
2018-10,Renault,hulkenberg,sainz,-0.18503505603303771,0.02918928988118004,0.07979969237638397,0.01787856538997274,0.00036535025065627917,32,24
2018-10,Williams,sirotkin,stroll,-0.3306009375758405,0.0028499407705947777,0.1702704794323466,0.025603815471473054,-0.0009208571940189621,31,31
2018-12,Ferrari,raikkonen,vettel,0.37764981621211113,-0.01760885241805185,0.22462919042647103,0.02177475529165363,-0.0027213261748076103,56,55
2018-12,Force India,ocon,perez,-0.1606874263846536,0.006307652053946566,0.13636026240492682,0.009637502084524125,-0.0009255948890364513,57,57
2018-12,Haas F1 Team,grosjean,kevin_magnussen,-0.5089592807011605,0.013942456900421119,0.1994043462914647,0.01677723790357625,-0.0021852254286937557,57,56
2018-12,McLaren,alonso,vandoorne,0.04088119934589429,0.0012324750778571758,0.1761211345787762,0.011596992209490847,-0.0017122326181829518,57,37
2018-12,Mercedes,bottas,hamilton,-0.04779527140966411,-0.01431114593695007,0.2040345086939874,0.01201773047686811,-0.0015446715716869268,54,56
2018-12,Renault,hulkenberg,sainz,0.1875361979566958,-0.03636387258286661,0.16815705109555068,0.017085243063545242,-0.0014918403810041672,57,57
2018-12,Toro Rosso,brendon_hartley,gasly,-0.8484073339190726,0.040885107334922025,0.17425628416191777,0.016692149697550687,-0.0019497274809744836,57,57
2018-12,Williams,sirotkin,stroll,-0.26966755777617,-0.0021875947408560026,0.16787197149711455,0.013571539375876709,-0.0014970591622036498,55,56
2018-13,Haas F1 Team,grosjean,kevin_magnussen,-0.2812853787486978,0.02458106738266741,0.08987707805355503,0.015361184442902753,-0.0007407734496250129,37,37
2018-13,Mercedes,bottas,hamilton,-1.3545875187416168,0.09038747875668647,0.1481097226745381,0.019803136564082235,-0.0017429284104393292,37,37
2018-13,Racing Point,ocon,perez,-0.2318295133674173,0.007314941953406429,0.08638272589533973,0.009433754443095847,-0.0005742776098022539,37,37
2018-13,Red Bull Racing,max_verstappen,ricciardo,1.2152118578182665,-0.09899739899057214,0.13043117009800168,0.01598592010805431,-0.0012973200811831924,37,20
2018-13,Toro Rosso,brendon_hartley,gasly,-0.6981452263603798,0.07410158513981024,0.13302294533905445,0.016350635459095497,-0.001013088979795091,36,37
2018-13,Williams,sirotkin,stroll,-0.1571263440306775,0.002109718114586656,0.15205718123923212,0.02476620402643229,-0.002229241010766121,36,36
2018-15,Ferrari,raikkonen,vettel,-0.2099037757929516,0.03997964600425785,0.17996860295932832,0.01818780931638113,-0.0010875697319312069,54,54
2018-15,Haas F1 Team,grosjean,kevin_magnussen,0.05395173820431853,0.08266835798889371,0.284885753949959,0.027622322835203304,-0.0030137796991071193,51,44
2018-15,McLaren,alonso,vandoorne,1.0708210980587785,0.004040817727836543,0.24335507254389635,0.015803975013715322,-0.0024030559410584754,54,53
2018-15,Mercedes,bottas,hamilton,-0.027521707547097485,-0.07365994813616322,0.1615646689564735,0.010524758429208983,-0.0011196478517018712,54,53
2018-15,Red Bull Racing,max_verstappen,ricciardo,0.5317611932048953,0.05202419535367753,0.3051717359534535,0.027468685832101353,-0.004666746048994361,54,54
2018-15,Renault,hulkenberg,sainz,-0.23055773901728616,-0.03714235512690067,0.21455481423837774,0.0174434850337391,-0.0026353125411700037,53,53
2018-15,Sauber,ericsson,leclerc,-0.5836556875122909,-0.006160844886728412,0.2876868836888525,0.016224867322294067,-0.0033823734122377003,53,53
2018-15,Toro Rosso,brendon_hartley,gasly,-0.012549840402536039,-0.08129638219010459,0.24828301705851197,0.03322485058584354,-0.0029494983526388444,44,53
2018-15,Williams,sirotkin,stroll,0.0456825422413103,-0.01934346132749435,0.3846629938469049,0.018501551024006208,-0.005162472222659757,45,53
2018-17,Ferrari,raikkonen,vettel,0.7841347549914808,-0.05016913494682046,0.22458243963878438,0.02430305637866103,-0.002916890149597422,39,36
2018-17,McLaren,alonso,vandoorne,0.4434347810441013,-0.03491325461647782,0.14283831502425445,0.01672711501282847,-0.001309210854986382,40,40
2018-17,Mercedes,bottas,hamilton,-0.018647346285080246,-0.03789947171056185,0.19708951928137486,0.022779648958661934,-0.0027982621729453045,41,39
2018-17,Racing Point,ocon,perez,-0.30430555266423065,0.04833895587617028,0.14665939809834402,0.01565662767560176,-0.0015951178135928182,40,40
2018-17,Red Bull Racing,max_verstappen,ricciardo,0.1118011580802194,-0.03028722469787526,0.13874288088169562,0.014943456595021281,-0.0011106850849518818,37,41
2018-17,Renault,hulkenberg,sainz,-0.3424791664459269,0.001145772370785933,0.111005390592466,0.013110149106655172,-0.0005802983666821227,26,39
2018-17,Sauber,ericsson,leclerc,-0.5414561519760818,-0.007943110642682633,0.2813709186634435,0.025158610272797286,-0.00543932228979688,42,26
2018-17,Toro Rosso,brendon_hartley,gasly,-0.7054259571958346,0.038592617559365924,0.2703853977713867,0.027009719078962883,-0.005461246968019103,40,39
2018-17,Williams,sirotkin,stroll,-0.15175060640670868,0.07901943983549164,0.09550374672756885,0.015263544897146781,-8.366689418453219e-05,41,40
2018-18,Ferrari,raikkonen,vettel,-0.15899781418846115,0.01982964671462068,0.15874554675395738,0.013067896789297588,-0.001236841010172473,46,45
2018-18,Mercedes,bottas,hamilton,-0.6310322826999846,0.08919537955433347,0.17308877187382937,0.02601149349754674,-0.0017323275816466407,47,47
2018-18,Racing Point,ocon,perez,-0.28513093168873554,0.009533351807682333,0.1658076685220387,0.016417194607003336,-0.0017220197566280625,47,46
2018-18,Renault,hulkenberg,sainz,-0.1253311430936026,0.037682380036311025,0.12039454153881214,0.012741352990085494,-0.0009017405611610868,47,47
2018-18,Sauber,ericsson,leclerc,0.5358094008271694,0.0019105845688543238,0.21361889075832238,0.019319264787512377,-0.002013702159482229,46,18
2018-18,Toro Rosso,brendon_hartley,gasly,0.07097808448406928,0.0838072286516192,0.15990892097115164,0.01997894862819905,-0.0010341046934969362,46,46
2018-18,Williams,sirotkin,stroll,0.05562019676170382,-0.13253739539797993,0.23199346285389,0.04185877065854551,0.0026916383989913275,46,15
2018-19,Ferrari,raikkonen,vettel,-0.4715503723381511,-0.06369668478081836,0.2842165569312538,0.01933641913170666,-0.002897229436350204,59,57
2018-19,Haas F1 Team,grosjean,kevin_magnussen,0.004281733470363314,-0.00955313910767508,0.367623657882796,0.023916984722912177,-0.004986697858486624,55,56
2018-19,Mercedes,bottas,hamilton,-0.3767695507571349,0.01987266583043157,0.155337174872541,0.010313459273300449,-0.0009395007286576302,56,56
2018-19,Racing Point,ocon,perez,0.0591365802306153,0.046776382175870046,0.5105265012458635,0.04214065265212102,-0.01218178752832623,49,29
2018-19,Red Bull Racing,max_verstappen,ricciardo,0.66861885572543,-0.025304947384270055,0.26583490221141315,0.019271694763839536,-0.002953189395515601,55,50
2018-19,Renault,hulkenberg,sainz,-0.1914057642390843,-0.003785301756848547,0.22212002256827876,0.0444257156353222,0.0012757122291246136,57,20
2018-19,Sauber,ericsson,leclerc,0.13395400957244896,-0.022062641502684388,0.42843089223909847,0.02043310812509939,-0.0061590520844399905,57,57
2018-19,Toro Rosso,brendon_hartley,gasly,0.5297875101147521,-0.05469203541534995,0.36834000407402956,0.02193204254824186,-0.005649896250213479,53,51
2018-19,Williams,sirotkin,stroll,-0.44235927972294997,0.024184466922751502,0.32639690451134373,0.01970238895115845,-0.0030950235306107876,56,54
2018-20,Ferrari,raikkonen,vettel,0.11375704745074433,0.013296863950130744,0.1503786626351512,0.014319628162499341,-0.0014164982250905833,65,63
2018-20,Haas F1 Team,grosjean,kevin_magnussen,0.21594203031539028,-0.0346875590331319,0.14797977112542451,0.01063963668116968,-0.0010513605283119106,65,65
2018-20,McLaren,alonso,vandoorne,0.05328620448326982,-0.028553291791166946,0.21687736294422646,0.017513854064368884,-0.0018410831646984527,60,63
2018-20,Mercedes,bottas,hamilton,0.05866628439585475,-0.0034200028083354594,0.15866824597085075,0.011998117579198988,-0.0008244431337899156,63,65
2018-20,Racing Point,ocon,perez,-0.0682561216963321,0.010632365525484022,0.18940604128077335,0.014866053313150142,-0.0019138528417672,59,64
2018-20,Red Bull Racing,max_verstappen,ricciardo,0.08495596597729183,-0.014180262963176093,0.17708725591042523,0.011765638386280421,-0.0014446892726581915,64,65
2018-20,Renault,hulkenberg,sainz,-0.011889371488816192,0.11818814746963706,0.21069502416034488,0.02478567174461341,-0.002673355372774072,24,61
2018-20,Sauber,ericsson,leclerc,-0.6050263966401564,-0.19052395159235475,0.21730959141294304,0.030803634724335074,-0.004525128787819037,16,64
2018-20,Toro Rosso,brendon_hartley,gasly,-0.4220624352697424,0.06954643017262685,0.24373487844335023,0.012399889759229066,-0.0021263376648730605,64,63
2018-20,Williams,sirotkin,stroll,-0.05305698412431514,0.001008962858156659,0.15928454071583134,0.010436500797859632,-0.0007732885034492114,63,61
2019-01,Alfa Romeo Racing,giovinazzi,raikkonen,-1.2501916202107952,-0.015983426422565825,0.1435750259413633,0.014275090866523737,-0.0008131958129471345,52,52
2019-01,Ferrari,leclerc,vettel,-0.8026792273223539,0.07614466539579538,0.18524866030224627,0.0186317506680567,-0.002293957892966245,52,53
2019-01,Haas F1 Team,grosjean,kevin_magnussen,-0.2481441361898742,-0.038623397274994864,0.15679282617619894,0.031898297345874446,-0.002723172565477812,23,53
2019-01,Mercedes,bottas,hamilton,0.3960889812533792,-0.027019307294242904,0.12130566686453231,0.00984503383742557,-0.0006331007393196551,53,53
2019-01,Racing Point,perez,stroll,-0.4996398668333463,-0.008299399260942308,0.173947965807344,0.014074455023244514,-0.0010480677001492708,52,52
2019-01,Red Bull Racing,gasly,max_verstappen,-1.1336698924945412,0.03734806833496862,0.20683565593769782,0.018737415388490865,-0.0020322591716864934,52,53
2019-01,Renault,hulkenberg,ricciardo,0.8022205535610303,-0.003587654378924221,0.1416820048241838,0.00927519963383609,-0.0005885675793461446,52,23
2019-01,Toro Rosso,albon,kvyat,-1.0708577345167913,-0.05904495932104259,0.19063175813429423,0.016721634099568887,-0.0013385937757094807,52,50
2019-01,Williams,kubica,russell,-0.6309194595491587,-0.016849673343997618,0.2019978807812137,0.0351036897910137,0.0002663365432143423,48,49
2019-02,Alfa Romeo Racing,giovinazzi,raikkonen,-0.7836453052584768,-0.013815547374905923,0.15665930539290393,0.023209767962280702,-0.0014192951386858006,35,40
2019-02,Ferrari,leclerc,vettel,0.1593259961402882,0.002132873704152785,0.09196737803632273,0.0159208910787012,-0.0002800038765375471,42,37
2019-02,McLaren,norris,sainz,0.17020386898276868,0.10586905148110515,0.1550085201049791,0.018302501415173363,-0.0012797800746097907,40,33
2019-02,Mercedes,bottas,hamilton,-0.2575119426856525,0.10593177519934166,0.10924700022416094,0.020064658628562243,-0.0004913060781545546,43,41
2019-02,Racing Point,perez,stroll,0.3832001846438606,-0.03832031784486656,0.17163906167558493,0.019753114167797972,-0.0014160037136707363,40,38
2019-02,Red Bull Racing,gasly,max_verstappen,-0.41950635558248167,-0.04256696547826681,0.14760156234354702,0.02254141169142281,-0.0008107321815948572,42,38
2019-02,Renault,hulkenberg,ricciardo,0.5964151144181127,-0.05279534598027946,0.22270375537693202,0.04162105463915338,-0.0012426441154827707,38,39
2019-02,Toro Rosso,albon,kvyat,0.06860265122836645,0.03907256289067923,0.19160527447780365,0.021491557870719172,-0.002490991262122213,40,36
2019-02,Williams,kubica,russell,-0.5668325694361924,-0.030426239641238584,0.16221428383781406,0.030453947773724482,0.00042185723352032096,40,41
2019-03,Alfa Romeo Racing,giovinazzi,raikkonen,-0.5764818275751193,0.020792040947707383,0.17569239939078365,0.02075085581171047,-0.0016614881915091567,48,50
2019-03,Ferrari,leclerc,vettel,-0.24264296228071114,-0.018067683109907653,0.0871422330568271,0.016897111830045053,-0.00035479291487238156,49,43
2019-03,Haas F1 Team,grosjean,kevin_magnussen,0.23969667750408463,0.025091242193992044,0.08743991265903019,0.013719854359866545,-0.0003472909433571327,48,48
2019-03,McLaren,norris,sainz,-0.4979150891833676,-0.03403830134262614,0.09371437823774509,0.01813058886756827,-0.00030443881837193394,39,47
2019-03,Mercedes,bottas,hamilton,-0.23837054334130636,-0.0023566389909980834,0.08713391663779717,0.014148342378787671,-0.0006410066270482266,49,48
2019-03,Racing Point,perez,stroll,0.36543379658125297,-0.005899986677411664,0.13488158410002019,0.015939103772008256,-0.000785929452762436,50,48
2019-03,Red Bull Racing,gasly,max_verstappen,-0.7441707832820845,0.024442263222667293,0.08561593949817488,0.0177583397790038,-0.00018781065449378188,47,43
2019-03,Toro Rosso,albon,kvyat,-0.26435703492454393,0.030829502644964424,0.10540805075758576,0.013686646846141478,-0.0004269258567854681,50,27
2019-03,Williams,kubica,russell,-0.4007504436593696,0.057291997475474817,0.1326700078455398,0.01916592900933854,-0.0008354352601969001,49,47
2019-04,Alfa Romeo Racing,giovinazzi,raikkonen,0.15566805446585524,0.015434878178984174,0.12439911138424416,0.009120950244030337,-0.0006558713725242734,41,41
2019-04,Ferrari,leclerc,vettel,-0.7381010539304653,0.03352031015030321,0.11007543235593181,0.008583292324434897,-0.0005035986145418694,39,41
2019-04,Haas F1 Team,grosjean,kevin_magnussen,-0.6698451928388012,0.03873362836237902,0.21142963193406902,0.019919553995339328,-0.001737437457572708,29,41
2019-04,McLaren,norris,sainz,0.1452178258154363,0.01562617221317404,0.12069110912326934,0.009894677326944793,-0.0006379066009686924,42,42
2019-04,Mercedes,bottas,hamilton,-0.1770938243378386,-0.003216619426115286,0.12209322214720027,0.00858976009787216,-0.0005657602069633279,40,41
2019-04,Racing Point,perez,stroll,0.4128120754551875,-0.0057133052592587275,0.1621147941254347,0.011070956416367987,-0.0010126145103848568,42,42
2019-04,Red Bull Racing,gasly,max_verstappen,-1.455923161406928,0.09496847624220522,0.17088809593422322,0.01733914367832774,-0.0017399906362630744,31,41
2019-04,Renault,hulkenberg,ricciardo,-0.7058014188605717,-0.10249665265336194,0.1821670764838386,0.02998370951614963,0.0014881298702707246,38,26
2019-04,Toro Rosso,albon,kvyat,-0.3287614255337377,0.011419626126982108,0.18468974652950867,0.015330684209912168,-0.001277373456991584,40,27
2019-04,Williams,kubica,russell,-0.2313688430410159,0.03952458930608306,0.16180130137799673,0.020631666210532824,-0.0012978572174419587,36,39
2019-05,Alfa Romeo Racing,giovinazzi,raikkonen,-0.29736675067017115,0.009575036065294307,0.15193814450695378,0.01765676966771454,-0.001315336485884039,51,53
2019-05,Ferrari,leclerc,vettel,-0.13193363575419514,-0.015159869084903077,0.16034185678438975,0.021187603808073423,-0.00221765256360968,54,52
2019-05,Haas F1 Team,grosjean,kevin_magnussen,0.488038971976829,-0.026373859097819294,0.07046191814944315,0.009505972761231734,-0.0004394713989534814,51,54
2019-05,McLaren,norris,sainz,-0.02441614492089872,-0.002464956323560974,0.10001161551151444,0.014689106034793861,-0.000323796223109458,38,51
2019-05,Mercedes,bottas,hamilton,-0.09385331564272814,-0.02646794720669434,0.1634057594556734,0.020647154379129652,-0.0019029650387404084,54,54
2019-05,Racing Point,perez,stroll,-0.06880760265142505,-0.011863912981976199,0.10819365706809363,0.01846771598376837,-0.0007594486573853464,54,38
2019-05,Red Bull Racing,gasly,max_verstappen,-0.7246153061462938,0.005331861713557873,0.09692995921547858,0.013575719567159028,-0.0006994373182475413,54,52
2019-05,Renault,hulkenberg,ricciardo,-0.45198276551161054,-0.0013911227291754091,0.19030354178931835,0.02014949447214862,-0.001758939901471998,54,54
2019-05,Toro Rosso,albon,kvyat,-0.11955147921132137,-0.01823624546134437,0.10085747012594404,0.013873151773791495,-0.0007054131411198571,54,54
2019-05,Williams,kubica,russell,-0.5277557182126267,-0.005835776240043777,0.3280449454629067,0.03771932005064596,-0.008305473565136544,52,53
2019-07,Alfa Romeo Racing,giovinazzi,raikkonen,-0.21777178752292625,0.025059705547649677,0.13639001417995492,0.00914324080048377,-0.0008643273823382027,53,56
2019-07,Ferrari,leclerc,vettel,-0.17038571951471848,0.016836528118996386,0.14367460664551446,0.009269358396207059,-0.0008927106306072271,57,54
2019-07,Haas F1 Team,grosjean,kevin_magnussen,1.2476509030086178,0.0023155335875227057,0.21142195571105107,0.01821387327242036,-0.002493595781016276,56,57
2019-07,Mercedes,bottas,hamilton,-1.047080532693256,0.043560403719280216,0.1665656539952885,0.011711851247244342,-0.0014920242807766235,59,54
2019-07,Racing Point,perez,stroll,0.0020810555855320656,-0.022937572239907,0.15458835577732896,0.008417115154435344,-0.0008571831007898599,57,58
2019-07,Red Bull Racing,gasly,max_verstappen,-0.47815569970007343,-0.002537760297924019,0.22729034250021685,0.00910152773983945,-0.0015573860208770627,57,59
2019-07,Renault,hulkenberg,ricciardo,-0.23554236861718647,0.007965088093897453,0.22525027554047,0.011087948208149378,-0.0015731207636467625,57,58
2019-07,Toro Rosso,albon,kvyat,-0.3696205960890907,-0.014458688005312692,0.44408219413464245,0.016978043651618452,-0.006088620123808904,43,60
2019-07,Williams,kubica,russell,-1.1759407927878878,0.025533330107746777,0.2052164003729908,0.014731371248438986,-0.0012685758141700145,55,57
2019-08,Alfa Romeo Racing,giovinazzi,raikkonen,-0.4624019652266438,-0.016060482497373796,0.07836621806224495,0.009589105663726881,-0.0003369114799501443,43,43
2019-08,Ferrari,leclerc,vettel,0.21979486695156658,-0.009919982306716937,0.10669149824591176,0.013195820996776015,-0.0006277380110119475,46,42
2019-08,Haas F1 Team,grosjean,kevin_magnussen,0.2507499810961936,0.030274241277476913,0.14925110330082403,0.011769534996685718,-0.0008416911389401686,31,44
2019-08,McLaren,norris,sainz,0.14892173237169565,-0.01665226862306224,0.0760955451750319,0.007422722249614207,-0.0003505265484410178,43,44
2019-08,Mercedes,bottas,hamilton,-0.07783190926126737,-0.023893640196972262,0.1308918396795865,0.014680119896106854,-0.001222264985598929,46,44
2019-08,Racing Point,perez,stroll,0.01827417950605753,0.00021716268233140656,0.19022713036829275,0.015273291065754003,-0.001742944233851282,44,44
2019-08,Red Bull Racing,gasly,max_verstappen,-1.4185481020414143,0.028701415363288182,0.14779295744215395,0.013876568630971378,-0.0011716308738366505,43,45
2019-08,Renault,hulkenberg,ricciardo,0.1774215457195087,0.02098257403808135,0.10196408558978214,0.010416419217671885,-0.0005950321167399231,44,38
2019-08,Toro Rosso,albon,kvyat,-0.2974416500375314,-0.01436883779853565,0.1336131005367148,0.014762922731741924,-0.0008236237691000522,44,44
2019-08,Williams,kubica,russell,-0.40315507438525056,-0.012987548651907651,0.2002003406908239,0.024980280858910672,-0.0012734187412698677,43,42
2019-09,Alfa Romeo Racing,giovinazzi,raikkonen,0.09727987516813769,-0.0019088034313193558,0.11437681670994441,0.007118973948349136,-0.0005884259070005421,66,63
2019-09,Ferrari,leclerc,vettel,-0.16086423843819864,0.012217457999862291,0.13470477242786383,0.009748923849296013,-0.0008227761261696757,65,64
2019-09,Haas F1 Team,grosjean,kevin_magnussen,0.795086144246682,-0.024350165978572317,0.21641745606427545,0.01331663217895872,-0.0019625003033177063,66,61
2019-09,McLaren,norris,sainz,-0.01568186905769131,0.0050143301927704775,0.2586450321998032,0.017150875128354448,-0.003155048162026265,63,66
2019-09,Mercedes,bottas,hamilton,0.24427767776306775,-0.03215453770140392,0.1468699132229508,0.008286645450920616,-0.000844749723597649,67,67
2019-09,Racing Point,perez,stroll,0.058977851571799356,0.006876535902427983,0.10218947318198376,0.008452417330615636,-0.00046133953354507667,66,66
2019-09,Red Bull Racing,gasly,max_verstappen,-0.9682587555752756,-0.04280634343886937,0.13938226627468533,0.009121370673697188,-0.0007830362435536744,66,64
2019-09,Renault,hulkenberg,ricciardo,-0.22302396583908485,0.01886941425680716,0.12409499512755176,0.008241604597064358,-0.0005831154835785802,66,66
2019-09,Toro Rosso,albon,kvyat,0.5669715371232639,0.02426163155085953,0.15953918251438134,0.012429008843245418,-0.001298908694412019,66,66
2019-09,Williams,kubica,russell,-1.1286811290313707,-0.008885927273974636,0.15252251609289055,0.013756806301378521,-0.0008278039183835887,64,65
2019-10,Ferrari,leclerc,vettel,0.03296182258324776,-0.03279627376054857,0.11098860303192677,0.020220820274571057,-0.00061857046634833,40,39
2019-10,McLaren,norris,sainz,0.10653802316705757,-0.017385952242862712,0.05902109117723718,0.009014691061651328,-0.00019865773686730925,34,43
2019-10,Mercedes,bottas,hamilton,-0.28628287125153395,0.013462596537723331,0.08706424877571296,0.01173145380719604,-0.0005804354556236304,39,43
2019-10,Racing Point,perez,stroll,-0.1733160936273262,-0.000994800319356226,0.0864189285283261,0.018089694591063552,0.00013907295205143035,36,38
2019-10,Red Bull Racing,gasly,max_verstappen,-0.34872749898889177,0.011938981600628548,0.133726970394497,0.012220074405700887,-0.0007396123469414113,40,39
2019-10,Renault,hulkenberg,ricciardo,-0.1646370907812798,-0.026999908306591047,0.08452997382495984,0.008188721991193136,-0.00016236540735951158,39,40
2019-10,Toro Rosso,albon,kvyat,0.5739064499040967,-0.09634788531239366,0.09779261709642036,0.009828336511900574,-0.00034216830745460204,36,40
2019-10,Williams,kubica,russell,-0.26943663837797205,-0.02022321558652196,0.13158012376733977,0.014123614738002478,-0.0010965242010963195,41,41
2019-12,Alfa Romeo Racing,giovinazzi,raikkonen,-1.000453827520619,-0.04205686358934588,0.17456463226949256,0.011971151650835062,-0.00103641769578717,63,64
2019-12,Ferrari,leclerc,vettel,-0.37208729881122604,0.034384211584819455,0.2174292414013352,0.014898124415332403,-0.0023349915792518407,62,65
2019-12,Haas F1 Team,grosjean,kevin_magnussen,-0.18035917628130516,-0.03413278475699644,0.11871610588820165,0.012352592059090863,-0.0007678307770548542,42,64
2019-12,McLaren,norris,sainz,0.12742160241394684,-0.0058495163962907215,0.14123613235802282,0.011157560984611637,-0.0011469605565741852,64,64
2019-12,Mercedes,bottas,hamilton,-1.6281302193970992,0.04192983049200373,0.2456233001638382,0.01958178651505322,-0.003128175668566347,58,62
2019-12,Racing Point,perez,stroll,1.0392486129184808,0.005973059879120557,0.1596911351916512,0.01485278915167361,-0.0013063123370785903,59,61
2019-12,Red Bull Racing,gasly,max_verstappen,-1.71321601990357,0.00918939476661268,0.252496320939538,0.020002567897294786,-0.003321451194433771,64,63
2019-12,Renault,hulkenberg,ricciardo,-0.5001192777307547,0.005481623931516799,0.171290712515844,0.012127018028573721,-0.0012457612135173771,64,64
2019-12,Toro Rosso,albon,kvyat,-0.29198850145785904,0.04094209048286784,0.17366203410564882,0.013081994942241307,-0.0014301256263134787,59,63
2019-12,Williams,kubica,russell,-0.27995997493269953,-0.018940783193044375,0.19342493746822725,0.012664253441627658,-0.0013167286773334602,62,63
2019-13,Alfa Romeo Racing,giovinazzi,raikkonen,1.0918612787447755,0.05791362828387045,0.16576808233576965,0.019116010554778476,-0.0020227388011514334,30,34
2019-13,Ferrari,leclerc,vettel,0.3376461872697534,0.006689147923373426,0.11486528297193814,0.017259962386953237,-0.000574389992708119,36,35
2019-13,Haas F1 Team,grosjean,kevin_magnussen,0.44059016554861474,-0.006640918988223471,0.12603830572357785,0.018636965939834237,-0.0005981068073555473,34,33
2019-13,Mercedes,bottas,hamilton,-0.27288152582359304,-0.014112805679936224,0.11058715442558631,0.012579302305961949,-0.0008548418778862452,37,37
2019-13,Racing Point,perez,stroll,0.3643075562937371,0.0561197504850513,0.10013359816661611,0.025654758777864432,0.0004239979052379332,35,29
2019-13,Renault,hulkenberg,ricciardo,-0.5744914240305494,0.08367650009448796,0.25458870251317983,0.020850397306090843,-0.002747413115596628,34,36
2019-13,Toro Rosso,gasly,kvyat,0.05342684510566065,0.0012515977529318767,0.1419702728946349,0.021778957103284216,-0.001645044168503703,30,36
2019-13,Williams,kubica,russell,-1.010806352325694,0.05082082826245658,0.1716954911733752,0.017727448117173448,-0.00208509515529173,36,35
2019-14,Alfa Romeo Racing,giovinazzi,raikkonen,0.9615488311889275,-0.03999919786284417,0.2034725293604995,0.01894221755040538,-0.0031347619302083333,42,40
2019-14,Ferrari,leclerc,vettel,0.3858670983921665,0.02946319211311489,0.0941522933072119,0.00865572564633437,-0.00034938438862791056,41,36
2019-14,Haas F1 Team,grosjean,kevin_magnussen,-0.765126928523265,-0.00820945814139995,0.13788338215149037,0.024673169987710644,0.0010152179073798923,41,26
2019-14,McLaren,norris,sainz,-0.6998040716226746,0.06660001845291541,0.11954920531929292,0.015041761499027922,-0.0010304653931445668,42,18
2019-14,Mercedes,bottas,hamilton,-0.17090068024490934,0.027619483982001036,0.14140665808555367,0.016559932444010262,-0.0011940709259309382,43,40
2019-14,Racing Point,perez,stroll,-0.13208600651138663,0.015920079193086266,0.1466598483717313,0.01761568073879904,-0.0015478121165930967,44,36
2019-14,Red Bull Racing,albon,max_verstappen,-0.3662296393252541,0.01606504877372414,0.15214105100273315,0.017226580934959938,-0.00169217612331477,37,43
2019-14,Renault,hulkenberg,ricciardo,0.07239208744067496,-0.013332735974588783,0.11386677762901669,0.013898821667674996,-0.0009397951182440822,45,45
2019-14,Toro Rosso,gasly,kvyat,-0.5349508962937992,0.03708940899403218,0.11549313970591614,0.013949894475894618,-0.0009036046276398212,44,23
2019-14,Williams,kubica,russell,-1.1104204118373748,-0.009523291936350597,0.15639060943957273,0.020649130678608126,-0.001598890850479633,41,41
2019-15,Alfa Romeo Racing,giovinazzi,raikkonen,-0.08129385200914396,0.011898242051127064,0.1782181179074047,0.020555181213829665,-0.0003888879726748053,41,34
2019-15,Ferrari,leclerc,vettel,-0.2526550136680086,0.018076611915957108,0.12341449681463779,0.009316575617666509,-0.0006443180254908585,45,38
2019-15,Haas F1 Team,grosjean,kevin_magnussen,-0.2161318658147922,0.0775429274204139,0.19176251129320007,0.03072595080824377,-0.00013586144002420038,43,43
2019-15,McLaren,norris,sainz,1.2889210329395522,0.008608125864641616,0.3859418274746762,0.030780510200918768,-0.006702783017695012,45,41
2019-15,Mercedes,bottas,hamilton,-0.1180356035184651,-0.015764851506603006,0.2581600524946216,0.02550493432016642,-0.004247440707275204,45,45
2019-15,Racing Point,perez,stroll,-0.24291925247223045,0.0261982368816982,0.2687057271866807,0.02519087100267718,-0.002814341431487448,31,42
2019-15,Red Bull Racing,albon,max_verstappen,-0.39007717526250985,-0.01537319857011099,0.22397030203624566,0.021346005769823317,-0.0022218528289423656,45,45
2019-15,Renault,hulkenberg,ricciardo,-0.4782424445151776,0.050540747099126426,0.24741080815951072,0.02224882727633774,-0.0031684508329174335,42,41
2019-15,Toro Rosso,gasly,kvyat,-0.24817256070320903,0.03203966593603927,0.20396519978856023,0.03854334879171962,0.0025626774125949263,41,43
2019-15,Williams,kubica,russell,-1.2328361133805363,-0.04490579179235335,0.23545815656198799,0.0299158873718912,-0.0015603468428248611,44,29
2019-17,Alfa Romeo Racing,giovinazzi,raikkonen,-0.19631998355398195,0.0055399197818050685,0.12466166610818191,0.021363092843824743,-0.00022017461669431948,44,44
2019-17,Ferrari,leclerc,vettel,-0.9956028062983318,0.048082404420662,0.15588826055629018,0.029347406618103762,-0.001249234345605856,37,46
2019-17,Haas F1 Team,grosjean,kevin_magnussen,0.37832177576040926,-0.008818822683931249,0.1270138439714629,0.015412104258080745,-0.0008411439107396599,46,44
2019-17,McLaren,norris,sainz,-0.4998189565947895,-0.013782173037305459,0.14542809389340905,0.018219439387648154,-0.0006823615219070061,42,47
2019-17,Mercedes,bottas,hamilton,-0.2253109786177876,-0.0021033097658042232,0.09296697598968386,0.017542128784141783,-0.0006083003671713687,46,46
2019-17,Racing Point,perez,stroll,0.040886443810285944,0.05168595409078383,0.12297767355240644,0.01888516255438021,-0.00024531758818276556,43,47
2019-17,Renault,hulkenberg,ricciardo,-0.24225251155739236,0.03704956394354059,0.1603685595773834,0.018094841510238647,-0.0013965260461195554,47,47
2019-17,Toro Rosso,gasly,kvyat,0.18349769591340603,-0.07098884398235822,0.21417887654409246,0.026951901801593278,-0.0034139215750552056,45,47
2019-17,Williams,kubica,russell,-1.6063330266100806,0.05427559573579241,0.20837207549561348,0.027830759145796437,-0.002205865994540092,43,46
2019-18,Alfa Romeo Racing,giovinazzi,raikkonen,-0.19450410332229684,0.0073312345629723275,0.14309487794625203,0.012128848795053729,-0.0008833384656078715,63,47
2019-18,Ferrari,leclerc,vettel,0.005808915741575271,-0.02272434788901223,0.16118112569561419,0.01306356850751938,-0.001331835890275677,61,61
2019-18,Haas F1 Team,grosjean,kevin_magnussen,-0.31261758343195045,-0.04217285846414714,0.2074047445846308,0.017242398090469145,-0.0022685391365937905,62,58
2019-18,McLaren,norris,sainz,-0.339932883852749,-0.021314124068487206,0.1798443940496139,0.016353561038841714,-0.0015164330568572834,39,61
2019-18,Mercedes,bottas,hamilton,0.2894581356435082,-0.012557640825554054,0.1355497231653017,0.009465160750231412,-0.0008123718020956435,64,60
2019-18,Racing Point,perez,stroll,0.5264719301398975,0.01346092745898253,0.16001494050767545,0.011354134742459356,-0.0012002780512021664,61,63
2019-18,Red Bull Racing,albon,max_verstappen,-0.3136845043461831,-0.007327206152618837,0.19203828744808668,0.01156908323838025,-0.0009465325823429345,62,57
2019-18,Renault,hulkenberg,ricciardo,-0.13356333452957547,-0.006518962883660443,0.14064777489009023,0.007445722829607592,-0.0007595824602043494,61,61
2019-18,Toro Rosso,gasly,kvyat,-0.309751267694112,0.033664439823902916,0.1711161443038818,0.015482589784071538,-0.001605239750467625,61,59
2019-18,Williams,kubica,russell,-0.08372207389884645,-0.015420025918572444,0.20421030793320405,0.015702948971309937,-0.0016911699107454384,60,62
2019-19,Alfa Romeo Racing,giovinazzi,raikkonen,-0.505095765532269,-0.08339521236855213,0.0917239402335238,0.018653257079939364,0.00031084979319969763,45,43
2019-19,Haas F1 Team,grosjean,kevin_magnussen,-0.057105366293394244,0.023965642934599518,0.1409556426725402,0.017486988051688388,-0.0009237940865534884,47,42
2019-19,McLaren,norris,sainz,0.282470151658277,-0.04988543803344256,0.08909845675891391,0.011317591631541786,-0.0003948323806162623,46,45
2019-19,Mercedes,bottas,hamilton,-0.11737721883642105,-0.044866292102365236,0.1469329655373101,0.018982533197274182,-0.001196123242851524,47,49
2019-19,Racing Point,perez,stroll,0.4916788023496284,-0.02449193282824269,0.14968240585680642,0.0169604052273262,-0.0010255499679217355,47,46
2019-19,Red Bull Racing,albon,max_verstappen,-0.48128270961648156,-0.04280289973149992,0.12562971184261695,0.023337197425648687,-0.0003189658001450513,43,47
2019-19,Renault,hulkenberg,ricciardo,-0.03948158772176824,-0.05108719151735938,0.14479872726397353,0.01784992138595829,-0.0007931428520191868,43,48
2019-19,Toro Rosso,gasly,kvyat,-0.05487478348143332,0.009469750910551633,0.11756204527940384,0.016870172579460663,-0.00033627871050012534,46,45
2019-19,Williams,kubica,russell,-0.9961517808380176,0.07115213467892167,0.2313740653738686,0.045725331917255405,0.005709446184895155,23,45
2019-20,Alfa Romeo Racing,giovinazzi,raikkonen,-0.294013293070547,0.0222620547390584,0.05621220649305207,0.009247789900500158,-0.00014316940444070975,50,50
2019-20,Ferrari,leclerc,vettel,-0.4039293472162546,-0.012566314784305192,0.11046419932130516,0.01119054552218447,-0.0005265836834952711,50,48
2019-20,Haas F1 Team,grosjean,kevin_magnussen,0.01834597193792964,0.005662084038555865,0.08662599879979445,0.008075220768785004,-0.0003648204713203252,50,45
2019-20,McLaren,norris,sainz,0.17423930794901316,-0.04005863822162641,0.10333933878439819,0.012369213803104302,-0.0006356815940154278,50,51
2019-20,Mercedes,bottas,hamilton,-0.43646250827010347,-0.035427955952813596,0.09582096803006306,0.012474500137084552,-0.0006982097975585936,42,52
2019-20,Racing Point,perez,stroll,0.4111996315568714,0.01536126680044203,0.10493319829694422,0.013790059462044191,-0.0007769414591131765,50,49
2019-20,Red Bull Racing,albon,max_verstappen,-0.5130035638391224,-0.028376448901349716,0.09828322870380282,0.01303303974315832,-0.0006618287771075271,51,49
2019-20,Renault,hulkenberg,ricciardo,-0.8290552291575196,-0.02243461919041012,0.1379720152164978,0.014907229927515706,-0.0008700019302404423,47,50
2019-20,Toro Rosso,gasly,kvyat,0.3964728094372571,0.03844087495798709,0.14988403712212353,0.02056828282955676,-0.0015091851180722938,51,50
2019-20,Williams,kubica,russell,-1.0904413085727453,0.00019172574693449018,0.11603157100609511,0.02588828408756282,-0.0002971159798183489,47,52
2019-21,Alfa Romeo Racing,giovinazzi,raikkonen,-0.7100754471625264,-0.04444554934656075,0.10607459474418118,0.015819580798262515,0.0002718207691436305,44,50
2019-21,Ferrari,leclerc,vettel,0.14338871830827626,-0.03730401652811513,0.1077942541018357,0.01462886076288104,-0.00026718616824634084,49,49
2019-21,Haas F1 Team,grosjean,kevin_magnussen,-0.19155462555300906,0.03652370427403359,0.1609111751559033,0.014584870589437192,-0.0012442845955300747,50,50
2019-21,McLaren,norris,sainz,-0.22755807641871584,0.009729296972859333,0.09028219003202007,0.008767890994852213,-0.0002948200952075064,49,45
2019-21,Mercedes,bottas,hamilton,-0.4680894846072827,0.05206650110811861,0.1565249247058828,0.015042155712069238,-0.0013397615301467757,51,51
2019-21,Racing Point,perez,stroll,0.7484985112777092,0.10391056686987687,0.1215444551138548,0.022749370600379747,-0.00014803213829115563,48,35
2019-21,Red Bull Racing,albon,max_verstappen,-0.7619824876438865,0.03135323403942736,0.09188514204212479,0.008289033768998137,-0.00040086992754759124,51,51
2019-21,Renault,hulkenberg,ricciardo,-0.33059882506953003,-0.01631910713734297,0.11313744855487085,0.014272304429441869,-0.0005497867043643043,50,45
2019-21,Toro Rosso,gasly,kvyat,-0.2778865641371622,-0.024075237653921805,0.2119332818258638,0.011208644100774401,-0.0019842751529533477,49,50
2019-21,Williams,kubica,russell,-0.7808609836604385,0.003244908908550115,0.12327058887305446,0.014673547472941827,-0.0005840968121433481,46,50
2020-01,Alfa Romeo Racing,giovinazzi,raikkonen,0.14466858775753,-0.0027049682305743117,0.11471016625865359,0.01692389666023551,-0.0009950435683867048,38,34
2020-01,AlphaTauri,gasly,kvyat,0.16418807218911052,-0.04725157614132311,0.08382389988384606,0.012017363062708775,-0.0004705871000203849,37,35
2020-01,Ferrari,leclerc,vettel,0.8307237339300403,0.06475422715606449,0.10655159947746333,0.0185363585194663,-0.0007381773644452323,37,35
2020-01,Haas F1 Team,grosjean,kevin_magnussen,-0.41920168299608485,-0.05403142987794508,0.09549378495256489,0.017528867614415616,-0.00045677030057814067,26,17
2020-01,McLaren,norris,sainz,0.2624708763344219,0.012240146073206448,0.07252624168737874,0.013714754061101633,-0.0006523462811671438,35,35
2020-01,Mercedes,bottas,hamilton,0.036552402674976836,-0.005422242791711718,0.12010654986839112,0.006866945382919099,-0.0005876941908773738,40,34
2020-01,Williams,latifi,russell,-0.4169286997771433,-0.10057180262501392,0.07858353739966757,0.016734479817635605,-0.00023408617495292278,39,34
2020-04,Alfa Romeo Racing,giovinazzi,raikkonen,0.4158786800939599,0.00428795808981694,0.09466735502076548,0.00712245091208844,-0.0004374987775370035,38,36
2020-04,Ferrari,leclerc,vettel,0.4693555144780477,0.00895279978771052,0.13315010129850552,0.009644492980293207,-0.0009037967292277036,38,34
2020-04,McLaren,norris,sainz,-0.232740340405021,0.017655616296479604,0.1140439754971463,0.008661332601932414,-0.000690949110665476,38,34
2020-04,Mercedes,bottas,hamilton,0.10929889075242594,-0.013669421118748505,0.15961314909068242,0.012507554485862733,-0.0015131297927390842,36,36
2020-04,Red Bull Racing,albon,max_verstappen,-0.7724771018554848,-0.0801234357856131,0.18962310307204766,0.024713849964675284,-0.002017140967248708,33,36
2020-04,Renault,ocon,ricciardo,-0.25857172829308306,0.0016425095419773106,0.08663408402134622,0.0068708837642203445,-0.00040097476524373596,38,35
2020-04,Williams,latifi,russell,-0.19723200185573053,0.0021298249187307466,0.14715981278218762,0.011241596994334505,-0.0010360544944351992,38,38
2020-05,Alfa Romeo Racing,giovinazzi,raikkonen,0.046894063239820816,-0.00888707116906956,0.16624284114237595,0.020968363527706983,-0.001594301024197979,43,46
2020-05,AlphaTauri,gasly,kvyat,-0.21480140023950445,0.04232990419881888,0.12945025054366702,0.022263229992174116,0.00043255641947839235,45,45
2020-05,Ferrari,leclerc,vettel,0.6791852131010394,-0.06729890686237816,0.17412865651818324,0.022847938116639915,-0.0018090307379693062,47,45
2020-05,Haas F1 Team,grosjean,kevin_magnussen,0.3285620074493938,0.024378966931504903,0.23645004217246787,0.04372506977576714,0.005477175545599466,41,32
2020-05,McLaren,norris,sainz,0.011800510011074905,-0.023195608341057605,0.07833962441923267,0.014451552851523969,-7.975475478652099e-05,45,45
2020-05,Mercedes,bottas,hamilton,-0.26343614495731604,-0.018897307662515905,0.18606848667216253,0.03878133516967764,-0.0007554709318463343,45,45
2020-05,Racing Point,hulkenberg,stroll,0.1385445418629464,-0.014804520311073793,0.08941390781914749,0.019894266112132387,-1.2012230849333601e-05,44,46
2020-05,Red Bull Racing,albon,max_verstappen,-0.5474059462068799,0.0337896908806265,0.12628440158712093,0.020503643513248734,-0.0004593424439400753,46,45
2020-05,Renault,ocon,ricciardo,-0.4742771124573432,0.04472204274553404,0.11078222362855444,0.02011003567051079,-4.163509763118718e-06,47,41
2020-05,Williams,latifi,russell,0.08386330577322054,-0.057424339293545665,0.09805189511012448,0.02295003653142364,0.0004898111710109994,39,42
2020-06,Alfa Romeo Racing,giovinazzi,raikkonen,-0.5421445693583424,0.00042695060010355945,0.12947577315092507,0.01816364915330337,-0.0004265555205973072,54,57
2020-06,AlphaTauri,gasly,kvyat,-0.10173644216439981,0.03706118832804395,0.14112285082248638,0.021722763580305785,-0.0008995543847161007,57,57
2020-06,Ferrari,leclerc,vettel,0.14328197875939264,0.014330099109976235,0.1574846185211358,0.013010834976842283,-0.001047038319653338,32,59
2020-06,Haas F1 Team,grosjean,kevin_magnussen,0.06368962079461227,-0.039469083320731874,0.15949267088619115,0.013217580155065242,-0.0016092154020777058,53,56
2020-06,McLaren,norris,sainz,-0.2150398029077294,0.028798365929175854,0.14649321833083462,0.020688633134406297,-0.0014095076333998245,57,58
2020-06,Mercedes,bottas,hamilton,-0.2853550481726659,-0.04470898321009964,0.1181671243398518,0.013860120592172426,-0.0004991270592035992,56,58
2020-06,Racing Point,perez,stroll,-0.1985134000110902,0.01795348669659219,0.23644999580395895,0.022582658539508083,-0.002995033453467669,60,58
2020-06,Red Bull Racing,albon,max_verstappen,-1.0775562912435026,-0.07498199192618338,0.14166624523466034,0.020434055084981296,-0.0007148757940291416,57,58
2020-06,Renault,ocon,ricciardo,-0.2678387761480337,0.017345927188871776,0.1992368145009858,0.016043584724954003,-0.0020854293868371523,59,60
2020-06,Williams,latifi,russell,-0.05841944331980098,9.904296414176006e-06,0.1447669500462707,0.025672423105258572,-0.0002668220022176205,57,58
2020-07,AlphaTauri,gasly,kvyat,0.49834629456704516,0.03362699005407821,0.12735119342013373,0.013740873178357668,-0.0005147972051863932,35,37
2020-07,Ferrari,leclerc,vettel,-0.17844533455053146,0.0055576410482092165,0.12526599880808736,0.021042455942732578,0.00012633488090126917,35,37
2020-07,Haas F1 Team,grosjean,kevin_magnussen,0.5080354824899393,-0.053199746429012984,0.0873880921680041,0.01012674933513545,-0.00034417663936048824,37,35
2020-07,Mercedes,bottas,hamilton,0.02035711475245039,-0.019409726537265526,0.14750548307492123,0.013883340026637228,-0.0009667122655003295,38,37
2020-07,Racing Point,perez,stroll,0.22537318733451628,-0.019977486609151773,0.11777323824912123,0.013274914742792788,-0.0007428850127900411,35,37
2020-07,Red Bull Racing,albon,max_verstappen,-0.822109310595995,0.006227969271545453,0.16446002879914148,0.014737926022220352,-0.0014259758478899012,37,37
2020-07,Renault,ocon,ricciardo,-0.311089086144996,-0.023195942205771508,0.09819430364656079,0.01240714382151829,-0.00045509692625856984,37,37
2020-08,Alfa Romeo Racing,giovinazzi,raikkonen,-0.4134335221396299,0.0599993519505283,0.09638793609901516,0.016311012327915025,-0.00011955916306116946,38,39
2020-08,AlphaTauri,gasly,kvyat,0.023498034069028395,-0.009148110631121753,0.10792788067723162,0.011370232606169076,-0.0007740299167556403,38,40
2020-08,McLaren,norris,sainz,-0.281922282085485,0.005592887494062282,0.05242838696886958,0.0077909593105465295,-0.0002884387636133792,39,39
2020-08,Mercedes,bottas,hamilton,-0.5869273687419528,0.009356340301613086,0.1528346782865878,0.018672802458776953,-0.0011159740100443911,40,39
2020-08,Racing Point,perez,stroll,0.2156808218324846,-0.03216606642560649,0.10041451796719371,0.01269200829016346,-0.0008655175453904145,37,41
2020-08,Red Bull Racing,albon,max_verstappen,-1.055808822414285,-0.004800404151131588,0.12189409885406502,0.019290048926280015,-0.0013307833388490444,37,16
2020-08,Renault,ocon,ricciardo,-0.33558873364963016,-0.004442529649796134,0.08543438060013042,0.01160706677342255,-0.0004909959268492895,40,39
2020-08,Williams,latifi,russell,-0.17136445892526986,-0.008100168228962892,0.14084433543166067,0.02109654163112129,-0.0009650438418841589,38,40
2020-09,Ferrari,leclerc,vettel,0.5605069532564365,0.05543338849795959,0.13841610023882203,0.02137330955812089,-0.0002949174296005716,40,41
2020-09,Mercedes,bottas,hamilton,-0.04118656029374135,-0.03846828729776844,0.08554587908433095,0.015330259333278114,0.00033102446427369476,43,41
2020-09,Racing Point,perez,stroll,-0.38969569088407874,-0.04730037343119647,0.11777426280197448,0.022293329877982847,0.0005608530930578551,43,28
2020-10,Alfa Romeo Racing,giovinazzi,raikkonen,0.39896620157822693,-0.02204424648658887,0.16264670477797163,0.012758057660451653,-0.0013724379032853504,42,42
2020-10,AlphaTauri,gasly,kvyat,-0.31746382382737004,-0.0066038511491332,0.08648663329441672,0.011765215332261556,-0.0003511768923985901,43,43
2020-10,Ferrari,leclerc,vettel,0.5089954299522567,0.02400524462300202,0.1207254344366079,0.014888039626653625,-0.0007218445627357209,39,40
2020-10,Haas F1 Team,grosjean,kevin_magnussen,-0.21827563984780407,0.0038931381685564093,0.10258295023236341,0.011678493842908732,-0.00046929813303681967,37,42
2020-10,Mercedes,bottas,hamilton,0.2722650295016198,-0.015118578528887261,0.19719044344071493,0.019096312544304325,-0.0025561261853835424,43,42
2020-10,Red Bull Racing,albon,max_verstappen,-1.2567275161539628,0.051983394234553115,0.28773896611098876,0.035744330849127204,-0.005699475385534677,41,43
2020-10,Renault,ocon,ricciardo,-0.6316096660927181,0.0011793896548732558,0.11277289330655124,0.010774619901206865,-0.0007027347137602153,43,41
2020-10,Williams,latifi,russell,0.05655586171541449,0.016407461591087913,0.2557428788462799,0.018676545391590152,-0.0036890444581272543,42,40
2020-12,Alfa Romeo Racing,giovinazzi,raikkonen,-0.649727255899057,-0.00291336553989599,0.14038208279253278,0.01013273460755337,-0.0007895908062556688,60,61
2020-12,AlphaTauri,gasly,kvyat,0.4202807176948116,0.021151176115157114,0.15622115949100568,0.015858620473554425,-0.001167499558859997,58,57
2020-12,Ferrari,leclerc,vettel,0.6295421502733398,-0.021712071385414644,0.17114537121344017,0.012220215269780978,-0.0013962910743793406,62,60
2020-12,Haas F1 Team,grosjean,kevin_magnussen,0.20631296365921903,-0.0024484116522553445,0.15068482722998963,0.013560857135535896,-0.0012451539065985978,61,60
2020-12,McLaren,norris,sainz,0.042341624616727025,0.012611594101691631,0.1072702971201583,0.012137168658953871,-0.0006301726727904778,58,61
2020-12,Mercedes,bottas,hamilton,-0.448821564990072,-0.004690876885977746,0.20709510958179822,0.013952414639242417,-0.0020329595856597616,62,62
2020-12,Racing Point,perez,stroll,0.6203623652950201,-0.011007987605996306,0.23589128724622582,0.027935425511800744,-0.001132931684463557,53,42
2020-12,Red Bull Racing,albon,max_verstappen,-0.6743795165889296,-0.02490208614909331,0.17954911310914412,0.016906140818368418,-0.0020154805229660676,58,57
2020-12,Renault,ocon,ricciardo,-0.01772540839221659,0.012676455033504515,0.1281921153355523,0.008231018355038802,-0.0006655411582831702,61,61
2020-12,Williams,latifi,russell,-0.5192667215675304,0.0017163433058587363,0.1573151724870252,0.013915993777301846,-0.0012859252938995233,59,61
2020-13,Alfa Romeo Racing,giovinazzi,raikkonen,0.2083323327862549,-0.019721595555628232,0.1354503519877474,0.0072257411938035695,-0.0006821451302504848,46,47
2020-13,Ferrari,leclerc,vettel,0.316699912001337,0.0499094942344209,0.10833573081869288,0.00935691909996125,-0.0003645461979973499,46,39
2020-13,Haas F1 Team,grosjean,kevin_magnussen,0.38887571152071976,0.02859465406786111,0.10902223435960019,0.012950717507283395,-0.0005450702242064666,42,33
2020-13,McLaren,norris,sainz,-0.39872872076165455,0.015191062292758961,0.09837196906863636,0.010498982812852888,-0.0005238652526049604,46,46
2020-13,Mercedes,bottas,hamilton,-0.26881949792369797,-0.03250103052567209,0.08025550418618632,0.009767214913873223,-0.00035905771990641386,48,49
2020-13,Racing Point,perez,stroll,0.13796644301292216,0.02464605042386414,0.14021056096456463,0.018666914670938024,-0.00099704103490958,47,48
2020-13,Red Bull Racing,albon,max_verstappen,-1.0415591221471145,0.028572348106812417,0.07419447308416226,0.007149155313026906,-0.0002836512876515402,44,41
2020-13,Renault,ocon,ricciardo,-0.5242417605738336,-0.029641389157766505,0.1749531455686967,0.03947024392495269,0.0035362065057631545,21,46
2020-13,Williams,latifi,russell,-0.18761849316455076,-0.05935149823052466,0.07993920560772137,0.009334824722354728,-0.00014303888076057136,43,41
2020-15,Alfa Romeo Racing,giovinazzi,raikkonen,0.14187432248512422,0.07887080572228489,0.12862114942839387,0.022287745325243108,-0.0007695984285909262,41,39
2020-15,AlphaTauri,gasly,kvyat,0.44932562055082836,0.059181489370028775,0.15896589197926023,0.02953358767442311,-0.0008940844450337731,42,37
2020-15,Ferrari,leclerc,vettel,0.34380982652919945,0.035274736794351925,0.09964786326114328,0.017614910106696195,-0.00023510224859066086,38,39
2020-15,McLaren,norris,sainz,0.12130304762738964,0.036234658657706253,0.09155768098825316,0.018585854727898213,-0.00018992861896217818,40,39
2020-15,Mercedes,bottas,hamilton,-0.8052427400612617,0.021850286039595768,0.13255372434177307,0.01969054851401856,-0.0011106518053759543,40,39
2020-15,Red Bull Racing,albon,max_verstappen,-0.7081307748790404,0.01658811922605924,0.09858350814714012,0.022408813620913882,0.00120711665480258,40,37
2020-15,Renault,ocon,ricciardo,-0.37735786488169176,0.04431832350203155,0.07140918082181655,0.0168243036268946,-0.00010579757805957531,40,40
2020-15,Williams,latifi,russell,-0.17899310530182855,-0.0906811615594953,0.08246860926010273,0.021274463570199274,0.00021425426073261067,39,39
2020-16,Alfa Romeo Racing,giovinazzi,raikkonen,0.5252642150794689,0.00831809568809358,0.08689175575736716,0.010047812346750772,-0.0005452266226669851,61,65
2020-16,AlphaTauri,gasly,kvyat,-0.15700883471793814,-0.002103595530155933,0.17501506258724425,0.01675412981957148,-0.002245306922287905,60,65
2020-16,Haas F1 Team,kevin_magnussen,pietro_fittipaldi,0.46733710797549954,0.018629701456978787,0.1430283277778803,0.015552200244350708,-0.001312242050602065,66,66
2020-16,McLaren,norris,sainz,-0.3562999464509241,-0.00987269772450769,0.10801028178922802,0.011864560225637763,-0.0006966679824929138,67,63
2020-16,Mercedes,bottas,russell,-0.045450481325033376,-0.005719826203515854,0.10120181873804134,0.005209767671591334,-0.00032418266213879345,67,63
2020-16,Racing Point,perez,stroll,0.03803176498403249,0.01500542852105946,0.12148040248105708,0.0069383568074140554,-0.0006505729172633415,66,67
2020-16,Renault,ocon,ricciardo,-0.31012171198419436,0.025417445184097102,0.09576645680008392,0.008008036732693862,-0.00048730071266419336,67,66
2020-16,Williams,aitken,latifi,-0.4357361014961135,0.020507466030742605,0.11667684890597214,0.015438544251293762,-0.0010211986819104234,65,42
2020-17,Alfa Romeo Racing,giovinazzi,raikkonen,0.5206927281239035,-0.061404901951924384,0.2058347582520335,0.021521429911586423,-0.00242785638324929,45,47
2020-17,AlphaTauri,gasly,kvyat,0.3183942209857195,-0.019861584087854545,0.1259585198762332,0.007740337498531039,-0.0004683667275345925,48,47
2020-17,Ferrari,leclerc,vettel,0.6339889363624596,-0.02761506616410292,0.23882254899577715,0.018618720473398763,-0.0029387176736902984,45,45
2020-17,Haas F1 Team,kevin_magnussen,pietro_fittipaldi,0.47444514028435125,-0.02326985745000909,0.20201266300416312,0.021254325063949517,-0.0017379080755291012,43,42
2020-17,McLaren,norris,sainz,0.12918800753730564,-0.005579310561487756,0.08737125410798188,0.004993828882360706,-0.00029759132629264486,49,49
2020-17,Mercedes,bottas,hamilton,0.1973466668957724,-0.006022383465992126,0.10946178874062519,0.007636279586112336,-0.0005323076266008383,49,49
2020-17,Red Bull Racing,albon,max_verstappen,-0.986739881958917,0.039109694277109974,0.08162634497283387,0.004592717504718646,-0.0002693062138761988,49,48
2020-17,Renault,ocon,ricciardo,-0.5647404136463617,-0.016716338314324064,0.07061722101142774,0.005167852527855913,-0.00022724945761123586,48,46
2020-17,Williams,latifi,russell,-0.029205942395836404,0.022663690095496056,0.12242180788995896,0.01457965476317577,-0.000181053907437927,45,47
2021-01,Alfa Romeo Racing,giovinazzi,raikkonen,-0.0513314808184282,-0.01618588985707531,0.08097450101992408,0.017782009291102095,0.0002433728097630786,44,45
2021-01,AlphaTauri,gasly,tsunoda,-0.060485729782418396,0.0021204433632097675,0.09778115692444556,0.019614993984720393,-0.00034614049627224513,39,45
2021-01,Alpine,alonso,ocon,-0.14249651986830592,-0.027561789513689816,0.08937750813893147,0.024025044065897363,-0.00040906616191428144,21,41
2021-01,Aston Martin,stroll,vettel,0.4411235751670437,0.0013065969050213289,0.10253309365900073,0.012129017256490094,-0.0005614068125280274,45,43
2021-01,Ferrari,leclerc,sainz,0.05556945489773307,-0.014901118633601051,0.0788868745039555,0.014776337094925217,-0.00030253550470403604,42,45
2021-01,McLaren,norris,ricciardo,0.43425556816524336,-0.027725332688912585,0.05307562901181898,0.008884055547215164,-7.100814438465702e-05,42,45
2021-01,Mercedes,bottas,hamilton,-0.09322662801818393,-0.008201819467497387,0.09700242054626065,0.016065391303935018,-0.0003397131559763871,43,44
2021-01,Red Bull Racing,max_verstappen,perez,0.5894439867516887,-0.04052267141793131,0.06872764621765817,0.012503410471541953,-0.00025240449094637396,44,45
2021-01,Williams,latifi,russell,-0.9736402894389884,-0.06373056999449792,0.09472261266075363,0.021268266019696544,-8.312465380363214e-05,38,43
2021-03,AlphaTauri,gasly,tsunoda,0.9827735426253857,-0.03915497669650131,0.14201710312703203,0.008816002092917174,-0.0007787482378106596,57,56
2021-03,Alpine,alonso,ocon,-0.12505641042879873,0.010178442038576874,0.0830253671582223,0.006429994939543721,-0.0003617521133950403,57,57
2021-03,Aston Martin,stroll,vettel,-0.04307608205529201,0.011978243848627732,0.0934671903190875,0.008063771899891745,-0.0005008012144510794,56,56
2021-03,Ferrari,leclerc,sainz,-0.11283704241790904,0.04204881607601196,0.0987044512155065,0.007318862653929095,-0.00040347218545114206,57,57
2021-03,Haas F1 Team,mazepin,mick_schumacher,-0.3528421219303568,-0.010393023385491973,0.14748940121989862,0.012840213720864548,-0.0009996995064721452,50,55
2021-03,McLaren,norris,ricciardo,0.6015833983851622,-0.02021532906005699,0.09652723493711317,0.005741161590317293,-0.00033627279311832485,57,57
2021-03,Mercedes,bottas,hamilton,-0.08623929713712952,-0.0027288296077458973,0.09428840466721362,0.006456007492338456,-0.0003773916973301111,54,57
2021-03,Red Bull Racing,max_verstappen,perez,0.515807733675573,0.0050845249418611585,0.11900123246419304,0.00632410873850448,-0.0004692369687157132,55,54
2021-03,Williams,latifi,russell,-0.17861365349443137,-0.035433774525920086,0.1804461271509154,0.014424560868636591,-0.0016617659895871092,55,56
2021-04,Alfa Romeo Racing,giovinazzi,raikkonen,0.22750833880247323,-0.058488287419351775,0.19401591862612458,0.01738789788133408,-0.001465518576639381,57,57
2021-04,Alpine,alonso,ocon,-0.2676501570408014,0.013358556656952956,0.22466772373025104,0.017721689492340962,-0.00250291868414026,53,58
2021-04,Aston Martin,stroll,vettel,-0.27989704340610383,0.035831231316991174,0.13673863525935212,0.02282606975548097,-0.0007077377321506595,52,55
2021-04,Ferrari,leclerc,sainz,0.10035191209147887,-0.0055766141552189286,0.12186570472667828,0.013853592895454046,-0.0008453514513841662,57,57
2021-04,Haas F1 Team,mazepin,mick_schumacher,-0.9165303333968899,-0.028406235887851405,0.1939682188640891,0.02707856385217896,-0.0019401438490747524,54,54
2021-04,McLaren,norris,ricciardo,-0.6652927413917928,0.04939642930568833,0.17363887445829101,0.02159160139880036,-0.0018926383835381434,55,57
2021-04,Mercedes,bottas,hamilton,-0.9655691978593228,0.030192614220203196,0.11686731263353506,0.01242284913147876,-0.0007567906023557349,57,57
2021-04,Red Bull Racing,max_verstappen,perez,0.7424374815354169,-0.0017287305163868893,0.14716563687440254,0.013629978990843691,-0.000945697543667095,56,57
2021-04,Williams,latifi,russell,-0.2799924970665375,0.026970818912291646,0.1224895561139936,0.01990832314311385,-0.0003098202583993007,55,57
2021-05,Alfa Romeo Racing,giovinazzi,raikkonen,0.6431869501174264,-0.048072703608480594,0.45370407177022776,0.025691435291128547,-0.009199075474897738,73,73
2021-05,AlphaTauri,gasly,tsunoda,1.033455138858184,-0.038309208227369385,0.19677295162065297,0.008328100843495941,-0.0010378622435978562,74,73
2021-05,Alpine,alonso,ocon,-0.6206779478754854,0.07042354464879802,0.28283454835096977,0.017890523379936338,-0.0028688251362813492,73,73
2021-05,Aston Martin,stroll,vettel,-0.38161239044798423,0.03506368233091062,0.2302460969512809,0.011760400055205065,-0.0019030170040515053,73,74
2021-05,Haas F1 Team,mazepin,mick_schumacher,-0.4359338979018168,-0.0027667245259441887,0.4652566192708971,0.03495266846910454,-0.009781341020384412,70,66
2021-05,McLaren,norris,ricciardo,0.7291008201622617,0.012055454605862215,0.2650174088729357,0.017875519426003825,-0.003043839149805367,74,73
2021-05,Mercedes,bottas,hamilton,1.0532550450159346,-0.05504069882597379,0.35459187342119475,0.030920931348624257,-0.007796149584885215,25,72
2021-05,Red Bull Racing,max_verstappen,perez,0.38108691723643995,-0.03522014761993994,0.21683961886050937,0.013921860563904704,-0.002109016842612373,74,74
2021-05,Williams,latifi,russell,0.07674236604092238,0.001456630658897784,0.20970371312887745,0.01437961773559441,-0.0020049924670481633,73,73
2021-06,Alfa Romeo Racing,giovinazzi,raikkonen,-0.0562189782900378,-0.01051527435064896,0.1450504964958218,0.015259614003579046,-0.0007120386470863846,32,32
2021-06,AlphaTauri,gasly,tsunoda,0.0477117640634529,0.002170702701178917,0.11626454163827882,0.009443863303796367,-0.0005977937407267005,33,32
2021-06,Aston Martin,stroll,vettel,-0.6318305739782664,0.07410671257361377,0.10737381098075811,0.015007736044617331,-0.0005702347060848983,21,32
2021-06,Ferrari,leclerc,sainz,-0.07965142291053567,0.012401207703758355,0.13576157371643532,0.01246372475411483,-0.0008902732081786642,32,32
2021-06,Haas F1 Team,mazepin,mick_schumacher,-0.7052066015869529,-0.004985415293861872,0.10854991146094957,0.018234670232267103,0.0010523225277616862,29,30
2021-06,McLaren,norris,ricciardo,0.2424865091630684,-0.00405428595995061,0.15360228411025365,0.01284554061805346,-0.0010847029138958315,32,33
2021-06,Mercedes,bottas,hamilton,-0.7419980606697423,-0.018451947453786074,0.2630227429638395,0.024726166124840125,-0.002832204596270644,33,35
2021-06,Red Bull Racing,max_verstappen,perez,0.2394827060493352,-0.00565895224133087,0.11889331644017506,0.011658906967205888,-0.0005296420230640132,30,33
2021-06,Williams,latifi,russell,0.3705158570458209,-0.07458959195437204,0.2280816738349645,0.019043502445663458,-0.002599893104902645,32,33
2021-07,Alfa Romeo Racing,giovinazzi,raikkonen,-0.030849527047827063,-0.0003974710467580522,0.13185303423931233,0.013483817033326208,-0.0008159528995538636,48,48
2021-07,AlphaTauri,gasly,tsunoda,0.43204321471720203,0.04063895467282979,0.1650300361300342,0.01301338538064686,-0.0013914439552491888,45,48
2021-07,Alpine,alonso,ocon,0.21995589990447656,0.07824582923587897,0.1862404839356161,0.014814604845509671,-0.0017984204641256544,49,48
2021-07,Aston Martin,stroll,vettel,-0.363924217447901,0.0006953690101646481,0.14129848600082665,0.012587839995212055,-0.000997181010167538,49,49
2021-07,Ferrari,leclerc,sainz,0.0684380969042998,-0.06949641919567726,0.21233769496850102,0.03169791409924522,-0.002013176153620234,46,49
2021-07,Haas F1 Team,mazepin,mick_schumacher,-0.11703766656213244,-0.04965975244666865,0.16361479571709148,0.015295595562556793,-0.001301606113124918,48,48
2021-07,McLaren,norris,ricciardo,0.3231488163694558,-0.010265522407344622,0.1366968056958026,0.013544925212634649,-0.00121854256885038,45,49
2021-07,Mercedes,bottas,hamilton,0.08045227964478086,-0.032799416361529304,0.1662726749290194,0.020214767067661895,-0.0018389738074154319,44,49
2021-07,Red Bull Racing,max_verstappen,perez,0.43764443304940936,-0.0450500106085609,0.10956542652278724,0.014130012484195167,-0.0006317665405570356,47,44
2021-07,Williams,latifi,russell,-0.5509667576881683,0.043747838830396936,0.19993786370339714,0.0196171711356383,-0.0020677530985809037,48,48
2021-08,Alfa Romeo Racing,giovinazzi,raikkonen,0.07667092715700047,-0.02075426269792091,0.10869994471254152,0.009166680994109652,-0.00046929888153018006,66,66
2021-08,Alpine,alonso,ocon,-0.014663785502133542,0.03359424784601661,0.13809901591720708,0.009080326076712362,-0.0008594874287106793,66,66
2021-08,Aston Martin,stroll,vettel,-0.27434324503765184,0.013145756164864353,0.1011228013871994,0.006406792198158049,-0.00047433994091530666,60,66
2021-08,Ferrari,leclerc,sainz,0.6527862667640673,-0.04569401999053191,0.13952248491890895,0.010995810164675258,-0.0008728267620081143,65,66
2021-08,Haas F1 Team,mazepin,mick_schumacher,-0.482260719073329,-0.03559024246960682,0.230822433331814,0.020597912942612682,-0.002513823432738396,64,65
2021-08,McLaren,norris,ricciardo,0.3893465482384153,0.03010918358071854,0.13891194728009396,0.008991268201169078,-0.0007229131034234544,66,66
2021-08,Mercedes,bottas,hamilton,-0.7365023764542067,0.01414591542353157,0.13363753437708642,0.008593234737396186,-0.0008148081116657349,67,65
2021-08,Red Bull Racing,max_verstappen,perez,0.8083252894870006,-0.032651846198903545,0.11147188656622325,0.01217657251843521,-0.0008084539653814457,67,65
2021-08,Williams,latifi,russell,-0.2204496267103183,-0.03505804538213107,0.18717960646507822,0.017317207844743315,-0.0007535688710329885,63,29
2021-10,Alfa Romeo Racing,giovinazzi,raikkonen,0.004781328702490428,-0.01148580745863017,0.0779548386371402,0.009881384052474471,-0.0002638462754916142,42,41
2021-10,AlphaTauri,gasly,tsunoda,0.2717057640140524,-0.015701122297830883,0.08903706629235676,0.01081755823202149,-0.0005033835387841585,43,43
2021-10,Alpine,alonso,ocon,-0.2291453437790704,0.020817524855072808,0.09859378830329432,0.011047265321891831,-0.0004518972662268623,44,44
2021-10,Aston Martin,stroll,vettel,-0.03489552999189968,0.040575544820197054,0.06455703100662911,0.010436621838410006,-0.0003544797773350777,44,31
2021-10,Ferrari,leclerc,sainz,0.5290651883889137,-0.030636250954746258,0.12986465527986246,0.015676437527251168,-0.0010983877033868444,44,44
2021-10,Haas F1 Team,mazepin,mick_schumacher,0.026080585754044705,-0.03419683888602815,0.1776524015141919,0.02440827080609011,-0.0020397768175608594,43,43
2021-10,McLaren,norris,ricciardo,0.5063330275590447,-0.011252919340653977,0.10589809862062347,0.014158317655891626,-0.0006329372352663702,44,44
2021-10,Mercedes,bottas,hamilton,-0.4539071431999053,0.013318918341448556,0.13095967006442205,0.02065542302166169,-0.0011467876258971618,44,44
2021-10,Williams,latifi,russell,-0.12318368969977972,-0.008306775390277452,0.09848949325770741,0.011353629047515827,-0.00040128660790665356,43,42
2021-13,Alfa Romeo Racing,giovinazzi,kubica,0.46012113435976776,0.06534921554093337,0.19359807748690977,0.016546334728764676,-0.0018926266785753679,63,65
2021-13,AlphaTauri,gasly,tsunoda,1.44632431828015,-0.04904324980425795,0.16205559243133458,0.015238927653840799,-0.0011303967724988666,66,41
2021-13,Alpine,alonso,ocon,-0.359976832117072,0.02540829489137375,0.3100669431807144,0.020920679965304247,-0.004587471068650043,66,66
2021-13,Aston Martin,stroll,vettel,-0.010091507562883573,-0.00998053413380251,0.21673205290948352,0.02177714468804703,-0.0019965923640962676,65,62
2021-13,Ferrari,leclerc,sainz,0.4840505958342489,0.00011128130136443815,0.1622634089762759,0.011831865092553654,-0.0013007114681662672,66,66
2021-13,Haas F1 Team,mazepin,mick_schumacher,0.1738639053559896,0.002614895001722184,0.28023208020443696,0.020374498486809518,-0.0039060092970834267,34,61
2021-13,McLaren,norris,ricciardo,0.8022154834320735,-0.04400245395961533,0.27140040866328136,0.02038977771490699,-0.003851605319007753,63,66
2021-13,Mercedes,bottas,hamilton,-0.948556183336493,0.01724001360691718,0.11963562043767983,0.011403503619424306,-0.0006908315140319571,65,63
2021-13,Red Bull Racing,max_verstappen,perez,1.2141621386800567,0.02399381654817656,0.155435831190754,0.015162418489352432,-0.0008272592109301022,65,61
2021-13,Williams,latifi,russell,0.27572840357397366,-0.06859151788324679,0.18091819167165815,0.015388955296636687,-0.0015814075432410543,65,62
2021-14,Alfa Romeo Racing,giovinazzi,kubica,0.3415106891895016,0.01801001274236841,0.146132695524134,0.016694558957132965,-0.0017208114130638488,37,41
2021-14,Alpine,alonso,ocon,0.11296635442428882,-0.0005189506797778076,0.12939456663235108,0.015137784361562531,-0.0012055369383554278,38,38
2021-14,Aston Martin,stroll,vettel,0.1283033629029492,-0.02670555732240376,0.11812020310806824,0.014226187780098938,-0.0010524969328311673,40,32
2021-14,Ferrari,leclerc,sainz,0.38506941268814376,-0.0026914755961072387,0.10420199462770854,0.0122935121324636,-0.0008202575152029442,41,38
2021-14,Haas F1 Team,mazepin,mick_schumacher,-0.20014252878390182,-0.0056528596107552065,0.06443170969372511,0.01213650229183163,-0.0002945637880045383,26,34
2021-14,McLaren,norris,ricciardo,-0.13472870769419498,0.014826184025325012,0.08422061512037958,0.010760370507512306,-0.0005365910059833397,39,36
2021-14,Mercedes,bottas,hamilton,-0.42707518185724314,0.07533212773279208,0.1764985073679757,0.028284463546365234,-0.0024459046025567884,41,17
2021-14,Red Bull Racing,max_verstappen,perez,0.50015311144203,-0.05087380935363994,0.12091222005816059,0.017633576563499672,-0.0013582513710531045,17,41
2021-14,Williams,latifi,russell,0.014451205890372687,-0.011651400632892994,0.09981306484999418,0.012489841965424195,-0.0007029360378308952,36,41
2021-17,Alfa Romeo Racing,giovinazzi,raikkonen,-0.06949482099937454,0.0076589815838936925,0.09481802047289337,0.01588674173313899,-0.0003577601650965476,45,42
2021-17,Alpine,alonso,ocon,0.6076128552734104,-0.013524663118496094,0.13004432968468937,0.02260489609409657,8.55995457119717e-05,32,31
2021-17,Aston Martin,stroll,vettel,-0.45107473250754493,0.0030020139268936985,0.09376120765142035,0.017579832412733427,0.00023225867933855747,46,46
2021-17,Ferrari,leclerc,sainz,0.21158109951209303,-0.001667963746412704,0.1300297018421332,0.02023287001290747,-0.0002617382517546131,47,47
2021-17,Haas F1 Team,mazepin,mick_schumacher,-0.937131476614145,-0.02414488557986278,0.12256575325184312,0.021827219029747845,-0.0001537637343016225,44,45
2021-17,McLaren,norris,ricciardo,0.012779067970636215,0.0015753684845881688,0.10520303637362986,0.019349684619875133,-0.00031806125855142107,47,47
2021-17,Mercedes,bottas,hamilton,-1.1737283307329067,8.052765638366655e-06,0.14964372649012742,0.025920102348795108,-0.0004312744976296378,47,47
2021-17,Red Bull Racing,max_verstappen,perez,0.44331286376443124,0.07854017564012078,0.14464619128308295,0.02312761410689042,-0.0008433955676171878,48,47
2021-17,Williams,latifi,russell,-0.20372696878077545,0.015032225727627524,0.1401789764163483,0.022344107333618326,-0.0009551781820291436,47,46
2021-18,Alfa Romeo Racing,giovinazzi,raikkonen,-0.6000492366143994,0.007671347345556634,0.10517479318832242,0.006424443868935491,-0.0004293278293693025,63,63
2021-18,Alpine,alonso,ocon,0.15984472495608232,-0.002661569235868355,0.15443040147085318,0.009512306143621802,-0.001006675337720219,63,63
2021-18,Aston Martin,stroll,vettel,-0.5283053242832372,-0.02378136188363661,0.13205495651789198,0.012021882672920576,-0.0008194283346432961,57,61
2021-18,Ferrari,leclerc,sainz,0.0723617479259493,-0.018881917863802,0.16363497971166863,0.009902182327053205,-0.00127776831101292,64,63
2021-18,McLaren,norris,ricciardo,0.334592876143606,0.00027474504968416635,0.17930064067145726,0.01279811724788403,-0.0016905815144351755,63,60
2021-18,Mercedes,bottas,hamilton,-1.2697261118232184,0.02450257946421919,0.29301472989360766,0.021238443015691923,-0.003868353098453345,58,62
2021-18,Red Bull Racing,max_verstappen,perez,0.16865473497450467,-0.00818630167346962,0.12074141833159932,0.008688934628771924,-0.0006840796679726005,63,64
2021-18,Williams,latifi,russell,-0.33706962280288044,0.008094717146818017,0.23661746887274604,0.014026364653140524,-0.0016440002826763086,60,62
2021-19,Alfa Romeo Racing,giovinazzi,raikkonen,-0.6646259620866628,0.01756162469078415,0.1776880109429306,0.02196594998436022,-0.001686370102046387,56,53
2021-19,AlphaTauri,gasly,tsunoda,1.0117983699693442,-0.003690108174905893,0.19670424568385286,0.020250926030366337,-0.0027958008841315017,55,54
2021-19,Alpine,alonso,ocon,0.1612905727037361,-0.0006670235681701456,0.18418795348457387,0.014512104235137551,-0.0015597731054832003,57,59
2021-19,Aston Martin,stroll,vettel,-0.6965605103548795,0.014176328365391844,0.16852486777793285,0.017515456698137137,-0.0018284689082571296,31,55
2021-19,Ferrari,leclerc,sainz,0.0389262046808847,-0.012515908384777508,0.08185794963376844,0.011417712535412466,-7.74739947737427e-05,56,56
2021-19,Haas F1 Team,mazepin,mick_schumacher,-0.26799743556178357,0.021142334341739732,0.24751008051234105,0.029724316485025073,-0.0023886232942741973,56,53
2021-19,McLaren,norris,ricciardo,-0.6491286011038162,0.04174544356652666,0.23879479724230512,0.013546493446300087,-0.0015234522944950666,55,36
2021-19,Mercedes,bottas,hamilton,-0.6961704124562345,0.0357784844557863,0.08162869665236955,0.010445771487451285,-0.0003156854936529979,58,53
2021-19,Red Bull Racing,max_verstappen,perez,0.24936829136248706,-0.016509475368841398,0.13216774336877424,0.015844556745607963,-0.0007171259832666141,50,54
2021-19,Williams,latifi,russell,0.1937160867272909,0.0033502325335191263,0.16823329867839984,0.01782189579195173,-0.001237113193834664,57,57
2021-21,Alfa Romeo Racing,giovinazzi,raikkonen,0.5039456014225812,-0.03484278431725229,0.10543199163065067,0.023073039369223156,0.0007687932916724139,28,27
2021-21,AlphaTauri,gasly,tsunoda,-0.28347746994156975,0.013258976329673329,0.11877932399547002,0.012915426354056745,-0.0007290165020622941,28,23
2021-21,Alpine,alonso,ocon,-1.2110330367245303,-0.008993582906428377,0.12256905359491611,0.00978917411227881,-0.000657289981644815,24,25
2021-21,Aston Martin,stroll,vettel,-0.24725312537231103,0.06831278869342503,0.12617464289764113,0.012692388348846935,-0.0005099244666892625,27,19
2021-21,Ferrari,leclerc,sainz,0.19264237450181332,-0.050036014194192235,0.16855009757669825,0.018209141638623434,-0.0008045934215462932,29,28
2021-21,McLaren,norris,ricciardo,-1.4460862335341078,0.029530984611210898,0.20373179307727027,0.01679611752193329,-0.0006521747785071516,28,28
2021-21,Mercedes,bottas,hamilton,-0.675715271383025,0.08426779031100566,0.20593924363482455,0.028187166088239745,-0.003847229041478131,29,24
2021-22,Alfa Romeo Racing,giovinazzi,raikkonen,0.04448819822175276,-0.0015588972764303127,0.08321125002414548,0.017544129130102587,0.00024153601663022805,25,20
2021-22,AlphaTauri,gasly,tsunoda,-0.26185616256635824,0.013379778639943371,0.09811191234694153,0.009890387728269553,-0.0005569654316442164,45,41
2021-22,Alpine,alonso,ocon,-0.43854232706159263,0.05075860898695675,0.09071224442360129,0.00801608451706189,-0.0004385492479612091,43,43
2021-22,Aston Martin,stroll,vettel,-0.14358901902084092,-0.0021011236572364284,0.076567155277597,0.008987534773819153,-0.00038095153589372754,43,43
2021-22,Ferrari,leclerc,sainz,0.021229580974976958,-0.07668167340874868,0.07532381668181005,0.009120176818545747,-0.00019123620969694827,41,43
2021-22,McLaren,norris,ricciardo,0.1994112586739468,0.02290295701790976,0.06251646920612655,0.006752616392662534,-0.00022992776965476163,41,43
2021-22,Mercedes,bottas,hamilton,-1.3711741668157487,0.014379620373209188,0.10371772096129427,0.010368298047166873,-0.0005562741052286368,44,43
2021-22,Red Bull Racing,max_verstappen,perez,0.24495988991391293,0.016215322761226947,0.10917824051248623,0.019165414647089752,-7.407265309152185e-05,45,45
2021-22,Williams,latifi,russell,0.1732132219058855,-0.027564586581939332,0.19405917766644554,0.027781494325524993,-0.0022031778624115534,40,23
2022-01,Alfa Romeo,bottas,zhou,0.18212621100531046,0.015424241837536327,0.09123508181223072,0.02100600335239038,-0.00021381120350296608,45,44
2022-01,AlphaTauri,gasly,tsunoda,0.5343873133054842,-0.048921992418467695,0.06882923910743823,0.016647325353681457,0.00025791169051703064,36,43
2022-01,Alpine,alonso,ocon,-0.2183119154194183,-0.06433806142337764,0.06844451849698728,0.018271698480392496,0.00043329133914671986,41,42
2022-01,Aston Martin,hulkenberg,stroll,-0.42539897567829965,-0.06696857002903145,0.07351320600257356,0.015396512504440489,0.0002726630849545384,40,40
2022-01,Ferrari,leclerc,sainz,0.2886060820103744,-0.017608560374449106,0.04168617490984383,0.010591467392059534,0.00021981522490659364,45,44
2022-01,Haas F1 Team,kevin_magnussen,mick_schumacher,0.622951973519547,0.0009513565264919199,0.10046793376077211,0.019672155197455007,-0.0004195569376640748,45,41
2022-01,McLaren,norris,ricciardo,0.4673334145771524,0.009801244995163189,0.1178219850409954,0.022479430455309042,8.060263658029036e-05,40,42
2022-01,Mercedes,hamilton,russell,0.424510823058337,-0.03364310446535716,0.06969649892407309,0.01745223538594847,8.384892868838703e-05,43,44
2022-01,Red Bull Racing,max_verstappen,perez,0.030627610595790777,0.03768860160037969,0.05356263215777584,0.015358584623483686,0.00013877261464864386,38,39
2022-01,Williams,albon,latifi,0.7746264166426553,0.04188800110595306,0.07556518248866609,0.018775162683810923,0.00024854659255611576,41,43
2022-02,Alfa Romeo,bottas,zhou,0.6300859733951836,0.011269680186193391,0.15872009916629928,0.04375250160006641,0.0013350820420119152,26,30
2022-02,Alpine,alonso,ocon,0.15509441565060328,0.0501816138719301,0.10367746315794767,0.02555209588907043,-0.0003736871603754408,22,32
2022-02,Aston Martin,hulkenberg,stroll,0.14909667965975393,0.00794154273398931,0.1124875158175225,0.010067228218716794,-0.0007152431360942772,34,32
2022-02,Ferrari,leclerc,sainz,0.3037207758208669,-0.01840320661669971,0.05996485224831804,0.00781022791545993,-0.00013403198111983704,35,35
2022-02,McLaren,norris,ricciardo,-0.3351700126217852,0.09235586073875413,0.15295321090293518,0.021390085493211107,-0.0004171968080241627,33,23
2022-02,Mercedes,hamilton,russell,-0.654047694226345,0.035617800842464575,0.09956358202589262,0.008913891106850574,-0.00038766025797771814,35,35
2022-02,Red Bull Racing,max_verstappen,perez,0.06522109946340326,0.016454318133168055,0.08726761844082584,0.008951460862519071,-0.0003737996345739264,34,35
2022-03,Alfa Romeo,bottas,zhou,0.16004874472816832,0.01610097007789299,0.29868286846567016,0.025630349204813965,-0.005428061514119956,39,43
2022-03,AlphaTauri,gasly,tsunoda,0.348704140288105,0.021153062351878277,0.1540865167627766,0.011655521589797338,-0.0011980632787513567,39,40
2022-03,Alpine,alonso,ocon,-0.2100626993162248,-0.022464817198566363,0.19496662074873333,0.015401093546044716,-0.001905670852106721,41,43
2022-03,Haas F1 Team,kevin_magnussen,mick_schumacher,-0.17196273770633697,-0.014482285361527743,0.18523391625237548,0.01317094161521496,-0.0017514983754820738,38,38
2022-03,McLaren,norris,ricciardo,-0.09079464069610776,0.011365691605953604,0.13226397515920527,0.013304426602478159,-0.0011481818565776067,43,43
2022-03,Mercedes,hamilton,russell,-0.03734322711132099,0.011356985449267193,0.18569897053017403,0.017407376647907997,-0.0022152645841256404,44,45
2022-03,Red Bull Racing,max_verstappen,perez,0.37703588597640114,-0.06319080112741904,0.21406437116986532,0.042150802693617095,-0.004010889548915702,23,41
2022-03,Williams,albon,latifi,-0.3150841952236214,0.04089534290746222,0.2382407903035173,0.01228052511903904,-0.0017518699387144361,44,40
2022-06,Alfa Romeo,bottas,zhou,0.9751926739580228,-0.018045627793442542,0.13570719675025797,0.026874938423155206,0.0015594071973138292,58,19
2022-06,AlphaTauri,gasly,tsunoda,-0.2219805594714268,-0.05021844569006623,0.08949854141851903,0.017410437648446714,-0.00022009966720812536,52,55
2022-06,Alpine,alonso,ocon,-0.2906554738093944,0.08452549865774778,0.09212239455350832,0.01738924693736845,0.00011621202455006209,55,56
2022-06,Aston Martin,stroll,vettel,-0.21753095817238377,-0.03183239638256796,0.13062930800461875,0.023143822920816758,-0.0006503580209406148,53,57
2022-06,Ferrari,leclerc,sainz,0.4136304280134466,0.04225833454512348,0.132132764492697,0.019175691597632327,0.00030494381392299276,20,55
2022-06,Haas F1 Team,kevin_magnussen,mick_schumacher,1.0592410380174733,-0.05766028959110214,0.1805164686083282,0.02113786833113181,-0.0019495613979412193,57,57
2022-06,McLaren,norris,ricciardo,0.4800588771698402,0.06393346143196339,0.11152393027242102,0.01754385198688006,0.00017251676732408453,56,55
2022-06,Mercedes,hamilton,russell,0.8294499566065205,0.036355185547297345,0.13164842711673486,0.020557845654199776,-0.0009597040091588762,57,53
2022-06,Red Bull Racing,max_verstappen,perez,0.40522537722620156,-0.022162309737239816,0.09993601896245491,0.020669936288310847,2.9426489641077418e-05,52,56
2022-06,Williams,albon,latifi,-0.8509837285431454,-0.07256136165612237,0.1327305855431798,0.027256988763978706,0.0014637547402913064,51,53
2022-08,Alfa Romeo,bottas,zhou,-0.9675597387776846,-0.06324107850552052,0.2029288057945054,0.042983376975336135,0.005331300659382725,41,16
2022-08,AlphaTauri,gasly,tsunoda,0.2065963111090003,-0.011090538674891803,0.11888678682847274,0.01048670908843905,-0.0004102818539551775,43,40
2022-08,Alpine,alonso,ocon,0.35963090120551056,0.03453342087304909,0.06796600429261769,0.007161320912656417,-0.00018566793966996704,40,42
2022-08,Aston Martin,stroll,vettel,-0.7999158179988791,0.0015814560697742785,0.15614380621332596,0.011733520847714278,-0.0011843933984744077,33,41
2022-08,Haas F1 Team,kevin_magnussen,mick_schumacher,0.48439390098306234,-0.05964604264422657,0.10909957538597848,0.022376452229436034,0.00030412422197754346,24,40
2022-08,McLaren,norris,ricciardo,0.07647871595915051,0.041029144230492864,0.13367139023908556,0.013531671821896046,-0.0008658472393647901,40,43
2022-08,Mercedes,hamilton,russell,-0.37190677948617545,0.023159733892804568,0.13342606215348424,0.017417694910858345,-0.00016855005997108946,43,43
2022-08,Red Bull Racing,max_verstappen,perez,0.431595789910173,0.03808453517241693,0.06417693672392283,0.013986043111717878,0.0002052702981594162,40,40
2022-08,Williams,albon,latifi,1.1094564049059847,0.030150901288946153,0.24510628691207118,0.025944984422465085,-0.0016114675946415778,39,37
2022-09,Alfa Romeo,bottas,zhou,0.07993315102085063,0.03650614023430376,0.14266131033876175,0.013071615655281523,-0.0011343112996735172,55,56
2022-09,AlphaTauri,gasly,tsunoda,-0.32153959083024114,0.020857928753043486,0.21991658842476533,0.01782821584933593,-0.002299935098824774,52,39
2022-09,Alpine,alonso,ocon,0.14068003870009782,-0.06608250238884306,0.12556616453467392,0.0224748632252286,-0.0009124282487829422,54,56
2022-09,Aston Martin,stroll,vettel,-0.6063147923853356,0.030680781886886596,0.16838759173308657,0.008890541393821408,-0.0008500129289938346,55,54
2022-09,Ferrari,leclerc,sainz,-1.5286846936390375,0.047880410318528924,0.14563495468816884,0.012582023994164146,-0.0009504985858821715,54,55
2022-09,McLaren,norris,ricciardo,0.21493399148343695,-0.05048244509815586,0.10200114093559796,0.016885587924356186,-0.0003065279776304117,53,56
2022-09,Mercedes,hamilton,russell,0.3540937375942833,-0.027796992708918583,0.07371159103358779,0.008135308657363564,-0.00030036397545746805,54,54
2022-09,Williams,albon,latifi,0.5898972958140141,0.002893067430477181,0.12137788089872133,0.011836499278442597,-0.0003828413991035161,55,53
2022-11,Alfa Romeo,bottas,zhou,0.38994372056933824,0.012427357865307853,0.14476267159411088,0.02037261817994859,-0.0008979269495928247,35,41
2022-11,AlphaTauri,gasly,tsunoda,0.48319217337723636,-0.02928312771093211,0.14381015328370295,0.01943448899285447,-0.001036305773822968,35,38
2022-11,Alpine,alonso,ocon,-0.07178523569511797,0.035686160574054715,0.14384881761793739,0.01966071301293858,-0.00037545236816036447,58,38
2022-11,Aston Martin,stroll,vettel,-0.16063988860400913,0.0015409563283323435,0.11391614130204808,0.014083944293637903,-0.0007027443230494656,60,37
2022-11,Ferrari,leclerc,sainz,0.2579912882598525,-0.021689397261250437,0.1048389105164643,0.014307829222678127,-0.0006921379868766198,54,45
2022-11,Haas F1 Team,kevin_magnussen,mick_schumacher,-0.15475696647791914,-0.017728059746681027,0.13513066564358656,0.025254228114815508,0.00019106778921965982,35,37
2022-11,McLaren,norris,ricciardo,0.227797406276518,-0.0009750351981200195,0.14694664218451736,0.021674271304436766,-0.0003827544208956091,37,39
2022-11,Mercedes,hamilton,russell,-0.05034400906937753,0.018076889271412044,0.16566268271547746,0.0190423434793971,-0.0009505282981878453,46,33
2022-11,Red Bull Racing,max_verstappen,perez,2.4940266637829533,-0.023691296270431803,0.1625173995774108,0.02970837125805947,-0.00074878973033514,50,18
2022-11,Williams,albon,latifi,0.6774251819822852,0.08691735544934723,0.14939312878890715,0.019658437033884577,0.0006196870944361751,36,31
2022-12,Alfa Romeo,bottas,zhou,0.3059032613844357,0.0543885528733119,0.11001429336990048,0.018903573058399972,0.000608236123759048,42,36
2022-12,Alpine,alonso,ocon,0.24269709536135736,0.013316827468371761,0.07381436299180467,0.009056155872533748,-0.00017323306680115867,44,43
2022-12,Aston Martin,stroll,vettel,0.03982463299903022,-0.010102249217915651,0.09688129035164292,0.008752843356926856,-0.00046342429439118573,44,44
2022-12,Haas F1 Team,kevin_magnussen,mick_schumacher,0.12004277040359335,-0.07232312282234804,0.07981186708114049,0.012448841378066716,0.00011418188988432763,27,37
2022-12,McLaren,norris,ricciardo,0.2551769177824493,-0.0005043861350547685,0.08113801270718685,0.010546950416118406,-0.0002819697941937096,44,44
2022-12,Mercedes,hamilton,russell,0.21602703391528677,-0.032162941972478154,0.07934264627805707,0.008531470198264127,-0.00026604037767926313,41,40
2022-12,Red Bull Racing,max_verstappen,perez,0.6217818347246311,-0.019259746317728078,0.0962727532557409,0.011461874267282518,-0.000489614085071922,39,40
2022-12,Williams,albon,latifi,0.11886706702349858,-0.01744505425845499,0.08666589653085695,0.015139877318227501,-0.00010416108978595037,44,31
2022-14,AlphaTauri,gasly,tsunoda,0.08694909979461674,-0.0028040330842746403,0.11551966328165893,0.02683333722712002,0.0016364916476693976,35,35
2022-14,Alpine,alonso,ocon,-0.07379231742420511,0.052560777485295716,0.0691777901960027,0.018166904537024315,0.00045699205705835005,35,35
2022-14,Aston Martin,stroll,vettel,-0.10968077729204881,-0.0294809503876704,0.08751090580602909,0.018776851988020257,5.421040005510164e-05,35,35
2022-14,Ferrari,leclerc,sainz,-0.29012859150183945,0.010878487613505565,0.13701793464663173,0.025406170721657198,-0.0001772913932310497,35,34
2022-14,Haas F1 Team,kevin_magnussen,mick_schumacher,0.17163038370846895,0.06903114130045007,0.12866418256372497,0.03428808085394694,0.0019581495306486662,34,34
2022-14,McLaren,norris,ricciardo,0.0870461490568859,-0.10744738887683958,0.11307588156186311,0.030563070279017578,0.0019304873494489481,35,35
2022-14,Red Bull Racing,max_verstappen,perez,0.3748327183133686,0.06518320620727291,0.091334827524078,0.02220131204911794,0.0011135872782042295,35,35
2022-14,Williams,albon,latifi,0.5865686326272528,0.0575888474717178,0.12539175144162254,0.027182732837898575,0.0004809771371336008,35,34
2022-15,Alfa Romeo,bottas,zhou,-0.23926419141465016,0.02811720894025266,0.07628014241558904,0.015869409045556792,5.5325240357676636e-05,34,51
2022-15,AlphaTauri,gasly,tsunoda,0.0433787172665028,-0.040552160411770566,0.07122525455283822,0.01237156522914416,-0.0002776805582104214,50,36
2022-15,Alpine,alonso,ocon,0.6139445395156162,-0.013113515375213831,0.10120206903818893,0.009750848612539696,-0.0006019171170311286,54,55
2022-15,Aston Martin,stroll,vettel,0.6472578283177229,-0.017858817594793075,0.07774937839228009,0.01385636488138209,-5.325294199960022e-05,51,48
2022-15,Ferrari,leclerc,sainz,0.4140417597513877,0.0031355912692869747,0.06444299501268397,0.008217083141521335,-0.00029839281164454717,53,51
2022-15,Haas F1 Team,kevin_magnussen,mick_schumacher,-0.13646038741665445,-0.013694526444397559,0.11214175291666957,0.02241897720860528,0.00040267095870878683,51,51
2022-15,McLaren,norris,ricciardo,1.2212132936742868,0.02785903809944638,0.11532205566517582,0.024511785835514895,0.0007777346574679909,54,51
2022-15,Mercedes,hamilton,russell,-0.040141805687531784,0.005084474378261927,0.08067151280436455,0.010320120034278048,-0.0002925930905839809,54,54
2022-15,Red Bull Racing,max_verstappen,perez,0.4321419991837825,0.04551371228580514,0.0745483417873404,0.011356059498724954,-0.000255762306859649,52,50
2022-15,Williams,albon,latifi,1.0737577798263052,0.02248768477041241,0.11980830755112727,0.034424953620950174,0.002316701291246034,52,51
2022-16,Alfa Romeo,bottas,zhou,-0.6468743343492592,0.035434668202804165,0.10246162842647423,0.013100738355488629,-0.0003326493226934801,40,40
2022-16,AlphaTauri,gasly,tsunoda,0.42019192065363287,-0.011908398842371687,0.08301280879379763,0.008082127794627962,-0.0003276943291921874,40,40
2022-16,Alpine,alonso,ocon,0.5019222757882652,-0.05707801608887225,0.08603535423080676,0.01161336898772264,-0.00045121076011682675,25,40
2022-16,Ferrari,leclerc,sainz,0.27529473382050307,0.012167778311337862,0.10023544549497396,0.013556393869671281,-0.00042784473474998387,41,41
2022-16,Haas F1 Team,kevin_magnussen,mick_schumacher,-0.42744580642376273,-0.03595510255383119,0.10037277707443795,0.012386962072243397,-0.00048167317273390515,40,40
2022-16,McLaren,norris,ricciardo,0.6635943175350991,-0.019454430275027912,0.07656565476572315,0.011634758721729949,-0.0001954539373279933,40,37
2022-16,Mercedes,hamilton,russell,-0.37173487468482036,0.02017527788321409,0.12852439812532038,0.015616127596962117,-0.0006427334955675764,40,40
2022-16,Red Bull Racing,max_verstappen,perez,0.5536847882602095,-0.05521879499958526,0.09621268831926161,0.011609329283083003,3.853937124782383e-05,40,38
2022-16,Williams,de_vries,latifi,0.0327119171831588,-0.0007862656717072258,0.0895916124697166,0.012832712109009154,-0.0001589838930759896,40,40
2022-19,AlphaTauri,gasly,tsunoda,-0.12213980916328993,-0.04731073317670235,0.112860445512531,0.017983444868576032,-8.758749816729321e-05,38,36
2022-19,Alpine,alonso,ocon,0.09499302077485106,0.03505311334069425,0.0793883983182965,0.010308378694534168,-0.0002099940498685764,46,44
2022-19,Haas F1 Team,kevin_magnussen,mick_schumacher,-0.13353843835028556,0.09491670590712013,0.09788021691704359,0.012881973146142565,-0.00026344109418438387,45,38
2022-19,McLaren,norris,ricciardo,0.880543046629046,0.04995078031088621,0.06744677260166146,0.010759551595069748,-0.00018026468459870365,41,41
2022-19,Mercedes,hamilton,russell,0.4712341188519886,0.0010520579824111614,0.10408536101269886,0.015471301381563048,-0.0002431819374557104,42,39
2022-19,Red Bull Racing,max_verstappen,perez,0.36206271627456665,0.01609158439337413,0.0750841992088757,0.012035332570927615,-0.00028153169441600995,41,42
2022-19,Williams,albon,latifi,0.4321752978491882,0.03128818875737194,0.09748019475693277,0.008501784286779605,-0.0002961823464068036,35,40
2022-20,Alfa Romeo,bottas,zhou,0.6665489199185634,-0.0023465668867735383,0.14258298736038924,0.008339235319829172,-0.0008322316773937574,64,63
2022-20,AlphaTauri,gasly,tsunoda,0.4470049550477586,-0.034871031715657974,0.09249998884881246,0.007825903795906322,-0.00039711809031585507,61,44
2022-20,Alpine,alonso,ocon,-0.01405083305762489,0.009885282538317872,0.16170113462769187,0.009462500192098315,-0.0012198737647985821,57,64
2022-20,Aston Martin,stroll,vettel,-0.30659033390123,-0.006405492581992134,0.14260645932546726,0.010971433328757024,-0.0007551184495842766,58,63
2022-20,Ferrari,leclerc,sainz,-0.10332953398297207,-0.007756344486556099,0.10755231372930699,0.008328620145302067,-0.0006139818018768569,64,64
2022-20,Haas F1 Team,kevin_magnussen,mick_schumacher,-0.4063866088150542,0.032419743579997884,0.1590458903923417,0.011371185438747811,-0.001326520066558434,63,63
2022-20,McLaren,norris,ricciardo,-0.050401900904843866,0.01745121236799424,0.10737745011870603,0.008533155706696311,-0.0005288539848218907,64,61
2022-20,Mercedes,hamilton,russell,0.25061815916163055,-0.0053933216781038296,0.09868424108025417,0.00809621621152114,-0.0005029797262088627,65,63
2022-20,Red Bull Racing,max_verstappen,perez,0.027646012035745127,0.003671753399115187,0.09296966634865027,0.00652455361947211,-0.000361509443854183,64,65
2022-20,Williams,albon,latifi,1.1405111441472282,-0.0365264932577507,0.11009842040442588,0.012675434914132139,-0.0006430200292853101,64,61
2022-21,Alfa Romeo,bottas,zhou,0.5056661171817635,0.0010203165876164766,0.1519921813139199,0.017996691852458054,-0.00092180493666075,50,50
2022-21,AlphaTauri,gasly,tsunoda,0.45460583072379535,0.007565083662593379,0.10774085983459906,0.025297471255162796,-0.0011447649359964188,50,48
2022-21,Alpine,alonso,ocon,0.445515776188173,0.025038667298659417,0.08136289615183073,0.015159164471371028,-0.00033318375681921057,51,50
2022-21,Aston Martin,stroll,vettel,-0.05817375166298533,-0.011117756675302487,0.11997933315598093,0.016913205309092755,-0.0006750010787174752,47,50
2022-21,Ferrari,leclerc,sainz,-0.35095138282996874,-0.001791424454208962,0.13547623062232153,0.02374261504666221,-0.0003103256714899889,49,49
2022-21,Mercedes,hamilton,russell,0.05155945098859349,-0.03903884752360154,0.0926257368684483,0.013181795578633254,-0.00036471217037126424,51,50
2022-21,Red Bull Racing,max_verstappen,perez,0.1267263016933452,-0.03270832494488762,0.14789983615382554,0.016026520925932288,-0.001214891002155775,49,51
2022-21,Williams,albon,latifi,0.4204964796615047,-0.01524739307232259,0.1052321058802601,0.01921992938085527,-0.0005459450144531721,50,50
2022-22,Alfa Romeo,bottas,zhou,-0.5127129444184579,-0.019149001388638953,0.17373446891232644,0.015519445224755896,-0.0014174910118729177,52,49
2022-22,AlphaTauri,gasly,tsunoda,-0.2453354338153952,0.0020877731944420608,0.12834516446620278,0.015391117486987002,-0.0003534148728254362,52,52
2022-22,Alpine,alonso,ocon,0.11773896100073533,0.022381267984988254,0.10250714306539069,0.015737161866649023,0.0002611150101345427,21,51
2022-22,Aston Martin,stroll,vettel,0.14457731702913634,0.01774214627298333,0.08743342032824197,0.010876862707449692,-0.00035919460805125314,48,53
2022-22,Ferrari,leclerc,sainz,0.1477922574150614,-0.0029642627710706124,0.07935218566751479,0.008974920429097045,-0.00028190222660500516,53,51
2022-22,Haas F1 Team,kevin_magnussen,mick_schumacher,-0.5538485237167011,0.06269404162605768,0.21798814830157462,0.025231434086128244,-0.002438851056342787,52,49
2022-22,McLaren,norris,ricciardo,0.36670470057660703,-0.03773548797905346,0.09080519940090633,0.010503210392164486,-0.00030291793331710653,51,53
2022-22,Mercedes,hamilton,russell,-0.09914533870168296,0.011592787878719035,0.11324090608192511,0.011742852396942704,-0.00047901948546106465,47,52
2022-22,Red Bull Racing,max_verstappen,perez,-0.025248749000567727,-0.0028367786962015806,0.07555327855138624,0.008519616366475422,-0.00018931441306532917,53,50
2022-22,Williams,albon,latifi,0.8683784925741886,-0.0028037646568782604,0.12138213020344608,0.019270437120346325,-0.00033312257001515854,50,47
2023-01,Alfa Romeo,bottas,zhou,0.16480601719888824,0.040423940818278284,0.0724796011355576,0.010942629243399947,-0.0002481391120254878,47,44
2023-01,AlphaTauri,de_vries,tsunoda,-0.5035898398630124,-0.03362905865256993,0.06222676059528468,0.009713039311026947,5.356232063204797e-05,46,47
2023-01,Alpine,gasly,ocon,0.36134535687182967,0.07651900098468317,0.06631588816487406,0.01301279282258472,0.00037903337262393857,47,30
2023-01,Aston Martin,alonso,stroll,0.1922446595290126,0.01526219924769541,0.10161260190218734,0.016063862385336237,-0.00041180402563881485,46,44
2023-01,Ferrari,leclerc,sainz,0.3599679098050781,-0.01041818903746955,0.09008788231516032,0.017160945280506133,0.00040362128505402585,30,47
2023-01,Haas F1 Team,hulkenberg,kevin_magnussen,0.5556806803634342,0.03394166350856513,0.07331909313715991,0.016200238737335056,0.00047660662782805254,47,47
2023-01,Mercedes,hamilton,russell,-0.037365076171462286,0.008146989190294829,0.0979444404359441,0.014592084450811782,-0.0005023278090331119,47,45
2023-01,Red Bull Racing,max_verstappen,perez,0.07366697484292173,0.02876165561175598,0.06591531446928733,0.011012032158734747,-0.00018754590060553433,47,48
2023-01,Williams,albon,sargeant,-0.06664561263141056,-0.0061404166160941576,0.05746597596689228,0.01156368162287715,0.0002638780890508727,47,46
2023-02,Alfa Romeo,bottas,zhou,-1.2070398783735878,-0.07515464907888164,0.14218877440936603,0.024445814492304964,0.0022527081183173763,39,42
2023-02,AlphaTauri,de_vries,tsunoda,-0.13168161927841437,0.007245967115675267,0.10751940716485955,0.011027440882760402,-0.0005007789110587185,44,44
2023-02,Alpine,gasly,ocon,0.008607330339121033,0.00025656615171104624,0.1252299855606621,0.01018553995010935,-0.0010485823382855662,42,43
2023-02,Ferrari,leclerc,sainz,0.15914716721545408,-0.009887322910322405,0.17257092309088232,0.012354375165487439,-0.0018578893377606141,43,42
2023-02,Haas F1 Team,hulkenberg,kevin_magnussen,-0.3882366830532858,-0.007512075501926285,0.1266072541749704,0.008172933157437003,-0.0003953099319471392,42,42
2023-02,McLaren,norris,piastri,-0.10176477873699236,0.005583208008954288,0.2265424988445858,0.015725502413959352,-0.0014033111103504354,42,43
2023-02,Mercedes,hamilton,russell,-0.3706017589473731,0.02878142475790647,0.09897220170729233,0.014254783303608859,-0.0002548832219266411,44,44
2023-02,Red Bull Racing,max_verstappen,perez,-0.33745675581471746,0.02283376630742237,0.19491783974677987,0.020727082651737318,-0.001262651639767438,44,43
2023-02,Williams,albon,sargeant,0.052110468765402485,0.03032631420235965,0.13079344412103225,0.021227674538889713,-0.0004832779470205045,19,44
2023-03,Alfa Romeo,bottas,zhou,-0.17124202927763332,-0.01928382775853993,0.1636767161782731,0.007573797744239734,-0.0009158888965423965,43,43
2023-03,AlphaTauri,de_vries,tsunoda,-0.5064220439443817,-0.14063755737351197,0.30626903346750217,0.045747320576919034,0.011263291240358294,38,41
2023-03,Alpine,gasly,ocon,0.2470246978809164,0.005071912738586867,0.23453985813115522,0.010530781508297888,-0.0018645539621527966,44,41
2023-03,Aston Martin,alonso,stroll,-0.1355243869114302,0.016922018821057344,0.13220174438274918,0.0074789167363381705,-0.0006977497650008229,44,44
2023-03,Haas F1 Team,hulkenberg,kevin_magnussen,0.713227298640438,-0.00036319785252289516,0.16821794552929026,0.009248181656559998,-0.0010779792755902895,42,40
2023-03,McLaren,norris,piastri,0.5844710612424031,0.0012702143665409005,0.14176509846849045,0.008172782571240302,-0.0008263655643984122,43,40
2023-03,Red Bull Racing,max_verstappen,perez,0.4801524922975098,-0.021809834675227346,0.14819789642895975,0.007758712158968455,-0.0006551949945040297,41,43
2023-04,Alfa Romeo,bottas,zhou,-0.14628029748738702,-0.019785247150368113,0.06423386720675113,0.010468243775355334,-5.4316868219591713e-05,38,27
2023-04,Alpine,gasly,ocon,0.39114739946366894,-0.011665865721246782,0.15840365037900558,0.017433634206608366,-0.0003284738184675396,39,42
2023-04,Aston Martin,alonso,stroll,0.26436457299019356,0.026437315425583793,0.07469740147679875,0.005490153182787102,-0.00021638458917375868,43,43
2023-04,Ferrari,leclerc,sainz,0.29516316036671575,0.018762639816022456,0.0602261133671298,0.004770538461203453,-0.00011829015260432683,43,43
2023-04,Haas F1 Team,hulkenberg,kevin_magnussen,0.11431029289872185,-0.0020581621785014936,0.18339477797160714,0.008069432024591018,-0.0008668662797610358,41,43
2023-04,McLaren,norris,piastri,0.2964947661710905,0.0007610479817745652,0.10756206139188318,0.007128158489381003,-0.00036725159135291745,42,41
2023-04,Mercedes,hamilton,russell,0.33977482904389567,-0.009074141405991915,0.06943115246884267,0.005897187632036183,-0.00017256218566324172,42,42
2023-04,Red Bull Racing,max_verstappen,perez,-0.11243171224504778,0.005556944180057476,0.09522762020595885,0.007395892443360337,-0.00041912368295902823,43,42
2023-04,Williams,albon,sargeant,0.2865158425663894,0.0001238449238789019,0.08309125901827691,0.005150367889881602,-0.000279995133997745,41,41
2023-05,Alfa Romeo,bottas,zhou,-0.02257801722294195,0.02316521772204229,0.09005532310262404,0.009188353951801558,-0.0003532019197605907,53,53
2023-05,AlphaTauri,de_vries,tsunoda,-0.4566955800165586,-0.005453811861831512,0.10192338761833379,0.00785519569556287,-0.0003460911750775641,51,53
2023-05,Alpine,gasly,ocon,0.1408592051056532,-0.010261244282144893,0.11271823468727929,0.00763872316542692,-0.0005665666101684977,53,53
2023-05,Aston Martin,alonso,stroll,0.3706362204849461,-0.01797565252786966,0.11500708115138983,0.011339434664051956,-0.0006915070941405048,53,50
2023-05,Ferrari,leclerc,sainz,-0.3268029204743681,0.012824142191745706,0.11128550198213767,0.007741018408519462,-0.0004901409081556463,53,53
2023-05,Haas F1 Team,hulkenberg,kevin_magnussen,-0.14973272480111638,-0.0009258608324974119,0.1184248834716352,0.008678563591509697,-0.0005549200238238999,53,53
2023-05,McLaren,norris,piastri,0.8969181742338224,-0.015559828382414521,0.2625487225007382,0.011729299024546695,-0.0021141156422538375,51,52
2023-05,Mercedes,hamilton,russell,-0.23845247023798222,-0.0014043110456058994,0.05032548268064508,0.004335829161623017,-0.00011763882858817576,53,50
2023-05,Red Bull Racing,max_verstappen,perez,0.21212895236927398,0.00994474077908325,0.10227733176916948,0.007883384386324866,-0.0005154112405887018,53,53
2023-05,Williams,albon,sargeant,0.3555798407701066,-0.011353376527041048,0.1290458289608986,0.0072461851155725164,-0.0004502321918622874,53,52
2023-07,Alfa Romeo,bottas,zhou,-0.8237313618919524,-0.0046671554080521815,0.14857891664601128,0.015255194471895855,-0.0009597391013932936,59,57
2023-07,AlphaTauri,de_vries,tsunoda,-0.26516698826964225,-0.002260668472740812,0.09265879414621105,0.010774315945101302,-0.00027057818188995427,59,57
2023-07,Alpine,gasly,ocon,0.26602168242268587,-0.027782158749989072,0.11772474047471926,0.014628225647180762,-0.0005660147940955869,60,60
2023-07,Aston Martin,alonso,stroll,0.032331534258240535,-0.012657501248753145,0.1447846196836679,0.016554554292110477,-0.001398014549826656,60,60
2023-07,Ferrari,leclerc,sainz,-0.48727405650276046,0.08829440774757663,0.14245671916552974,0.011513394236188239,-0.0006715179121296649,60,60
2023-07,Haas F1 Team,hulkenberg,kevin_magnussen,0.1741955690083999,0.03072449187261185,0.10891020308906084,0.02119683457782709,-2.35453666845246e-05,57,57
2023-07,McLaren,norris,piastri,0.1642274099018784,-0.02401875626073169,0.18391239872313211,0.021845110444502974,-0.0016327317571204652,58,59
2023-07,Mercedes,hamilton,russell,0.24317480539628367,0.018673797523249776,0.08672617304374312,0.012950223975148306,-0.0007087379057497955,60,60
2023-07,Red Bull Racing,max_verstappen,perez,0.38489674564077214,0.019727093187395545,0.10008012516314761,0.01357921799422629,-0.000586992512375796,60,60
2023-07,Williams,albon,sargeant,0.19244461072562524,0.06260974809949789,0.08145657764095708,0.011674499107956572,-0.00030094547870929323,59,59
2023-08,Alfa Romeo,bottas,zhou,0.4697441064262977,-0.0035898288714446697,0.11002533816898317,0.010072233684955873,-0.0005812303510053748,54,55
2023-08,AlphaTauri,de_vries,tsunoda,-0.8636024850793422,0.01329601969863338,0.11155528875782986,0.009095577041263292,-0.0005523844950719926,54,23
2023-08,Alpine,gasly,ocon,-0.030395700396629977,0.012621359074130988,0.06315262307450024,0.006529100769857172,-0.00024520295936809715,55,54
2023-08,Aston Martin,alonso,stroll,1.0961603302640894,-0.035323244621827246,0.08274323562246429,0.007252744637665102,-0.0002647069837772098,55,57
2023-08,Ferrari,leclerc,sainz,0.12776852525949683,-0.004123026278956166,0.2028465443614926,0.016329292450085475,-0.0018187766243696122,56,56
2023-08,Haas F1 Team,hulkenberg,kevin_magnussen,0.058729057651234706,-0.029076630255119473,0.08159504879121798,0.01019384461799219,-0.0002836881260751052,55,52
2023-08,McLaren,norris,piastri,0.30869034413754787,-0.008111356274868253,0.09011539760137917,0.007063553192792178,-0.0002918899940812863,57,56
2023-08,Mercedes,hamilton,russell,1.1277980134095822,-0.04844564048290895,0.15689485030641026,0.011671217124100033,-0.0011745882038080397,55,40
2023-08,Red Bull Racing,max_verstappen,perez,0.7629008552115912,-0.019495474300561352,0.11336177887806369,0.010203298001807134,-0.0006548134358612871,54,54
2023-10,Alfa Romeo,bottas,zhou,-0.10740987058037743,0.011387268506077755,0.08674188750144936,0.01287009738996011,-0.00033719432631339495,43,41
2023-10,AlphaTauri,de_vries,tsunoda,-0.029725127613497215,0.020193955891882498,0.07710785538221976,0.01497531421977961,-0.00018551819835675487,41,41
2023-10,Aston Martin,alonso,stroll,-0.027501936554223005,0.027373145299068813,0.11677163546826254,0.011122715672784991,-0.0009414258463670147,43,39
2023-10,Ferrari,leclerc,sainz,-0.1669489439285552,0.003933735114895864,0.07827686697016532,0.01464484464386853,-9.865469925624547e-05,41,41
2023-10,Haas F1 Team,hulkenberg,kevin_magnussen,0.20230646394538532,0.0041508445796458945,0.06703487469951923,0.008630362066509679,-0.00016648176639676344,41,27
2023-10,McLaren,norris,piastri,0.07346439678053396,-0.0036678478217001403,0.09899580842922605,0.010118974609284544,-0.0006177732231902667,43,41
2023-10,Mercedes,hamilton,russell,-0.213677597415883,0.023603725735111984,0.11609305397301597,0.011556676588815583,-0.0008555193111950221,43,41
2023-10,Red Bull Racing,max_verstappen,perez,0.8627343794991111,-0.04279291039595584,0.09373777532461519,0.00952654910856875,-0.0005638982488105479,43,41
2023-10,Williams,albon,sargeant,0.2661123403039904,0.00020031844098145069,0.07943070861803167,0.007941316529856735,-0.0003386774914967188,43,41
2023-11,Alfa Romeo,bottas,zhou,0.508687703915033,0.011708850101833063,0.1298398060548118,0.010821429898588116,-0.000961958844290238,62,62
2023-11,AlphaTauri,ricciardo,tsunoda,0.05639931360874123,0.009124899326261315,0.09914397409193079,0.00872299127665146,-0.000479441829261204,62,62
2023-11,Aston Martin,alonso,stroll,-0.15465568742448438,0.012580483750952477,0.11516643659139,0.011631856486978849,-0.0009283756934975861,63,61
2023-11,Ferrari,leclerc,sainz,0.10658101611366344,-0.005296152269488319,0.12474835423995849,0.015417274067674555,-0.0007936487337901791,63,63
2023-11,Haas F1 Team,hulkenberg,kevin_magnussen,0.25857767904346185,0.038055267024392214,0.11839604624862242,0.012367941095788114,-0.0008878729037628739,62,62
2023-11,McLaren,norris,piastri,0.2323536134057385,0.016697052471361523,0.07356063715058615,0.011762365188711174,-0.00030286177166507816,63,60
2023-11,Mercedes,hamilton,russell,0.3946151702832366,0.013869800312181317,0.12092782966907038,0.014942976398786034,-0.0007692512798809516,63,63
2023-11,Red Bull Racing,max_verstappen,perez,-0.06405467471103865,0.028695489829987042,0.14872623855805603,0.018249785933178105,-0.0015992844878004269,63,60
2023-11,Williams,albon,sargeant,0.022476278774839153,0.025620556740691608,0.11423562854330588,0.011770733709654382,-0.0004940176899381453,62,59
2023-14,Alfa Romeo,bottas,zhou,0.2352672659072596,-0.028854699433865594,0.09889217287267549,0.014117610574771717,-0.0005697092405032345,44,45
2023-14,Alpine,gasly,ocon,0.3482411452555204,0.08186081277478827,0.10251525007834637,0.01701061437391301,-0.0003356026821484777,45,31
2023-14,Aston Martin,alonso,stroll,0.3703495272261533,0.02921515899331542,0.10801217297358283,0.010896882880196926,-0.0006411495862818858,47,47
2023-14,Ferrari,leclerc,sainz,0.03010496873787516,0.0025096304212844367,0.11250713221805304,0.015466821272763042,-0.0006302132765596498,47,47
2023-14,Haas F1 Team,hulkenberg,kevin_magnussen,0.560073223043572,-0.07200366979796985,0.1119472954145647,0.017919773443973285,-0.0005798608139015344,45,45
2023-14,McLaren,norris,piastri,0.03292371258327409,0.0014085231007019694,0.08211358157269025,0.010815384661562396,-0.00045098435795498724,45,43
2023-14,Mercedes,hamilton,russell,-0.325466987912121,0.014037411904011032,0.13980702879759055,0.014511370958067423,-0.0008824474948514392,44,46
2023-14,Red Bull Racing,max_verstappen,perez,0.15211283840491663,-0.008420129811444299,0.10923064611243724,0.01349194236142833,-0.0006473091907271994,47,47
2023-14,Williams,albon,sargeant,0.39212095107664197,0.003821935324726522,0.12449805733898797,0.00919717839718404,-0.0007896307838936291,47,44
2023-15,Alfa Romeo,bottas,zhou,0.10074407245471773,0.034249754456012055,0.19792082745268247,0.01614845513709371,-0.0012062116606536483,35,47
2023-15,Alpine,gasly,ocon,-0.08339298917370253,0.017828746412056895,0.16370219417366688,0.025430142916433186,-0.0005751008852438359,45,33
2023-15,Ferrari,leclerc,sainz,0.7899118606387064,-0.07560687816691458,0.28428755780704523,0.021160832827955053,-0.003851125474008541,49,47
2023-15,Haas F1 Team,hulkenberg,kevin_magnussen,0.34795683474265027,0.025132299826721043,0.17730100538277882,0.024744457917028204,-0.0013085380843654135,47,45
2023-15,McLaren,norris,piastri,0.7738583117587976,0.024265925913138198,0.17439560737563328,0.014729057647129295,-0.0012387943760028023,49,48
2023-15,Mercedes,hamilton,russell,0.041920282901695805,-0.0018123323461893825,0.11244857694999245,0.02069282014724776,-0.0006674299104780897,49,47
2023-15,Red Bull Racing,max_verstappen,perez,0.31297440513510244,-0.006575422929842721,0.1643060190278501,0.011372029709562888,-0.001183474043018493,46,37
2023-15,Williams,albon,sargeant,0.31201659252831493,0.03045459456142767,0.133061877061015,0.01939393961792093,-0.0006312612582926933,41,47
2023-16,AlphaTauri,lawson,tsunoda,-0.08245729247079558,0.08294351781238848,0.10996335055008745,0.015644579589051362,-0.0004217023354470241,40,40
2023-16,Alpine,gasly,ocon,0.04443468458527583,-0.04554766250580561,0.07325460390254117,0.011897027110385481,-0.0002329387844985998,41,43
2023-16,Ferrari,leclerc,sainz,-0.0005438781027838901,-0.004806205841086014,0.06064800230802872,0.01520628052513976,-4.098069536783897e-06,38,41
2023-16,Haas F1 Team,hulkenberg,kevin_magnussen,0.2555239183899357,0.03570993599956772,0.07010245006308528,0.016081691786730627,0.0001822034848486555,38,41
2023-16,McLaren,norris,piastri,0.5216407809788689,-0.051780715801856295,0.08783857085244393,0.018742869608420483,0.00024642842783562314,41,43
2023-16,Mercedes,hamilton,russell,0.18246600949679695,-0.025939928657667116,0.08329666283197829,0.01731031828885628,-0.0001570468533135401,40,37
2023-17,Alfa Romeo,bottas,zhou,-0.42773208713402006,-0.028385130245946563,0.06295391386484084,0.01683125774424398,0.00019057153019967816,47,44
2023-17,AlphaTauri,lawson,tsunoda,-0.5985793170720888,0.11725955879819272,0.13820968012425947,0.032913169822903314,0.001387691825514256,46,44
2023-17,Alpine,gasly,ocon,0.2665767801366008,-0.03170529613054471,0.12950518010228518,0.02621352313443106,-0.0011275374930301836,41,44
2023-17,Aston Martin,alonso,stroll,0.7911268501682367,0.06165555604557493,0.07142065203802105,0.0165924080155498,0.00018662077160151938,43,44
2023-17,Haas F1 Team,hulkenberg,kevin_magnussen,0.6830285389374452,-0.008155120572012453,0.1335194082176538,0.02512013355784612,0.0003469344710156975,44,45
2023-17,McLaren,norris,piastri,0.18289320489190564,-0.0345624550846243,0.0901469529492463,0.016441912659716888,0.0006336474198952822,44,44
2023-17,Red Bull Racing,max_verstappen,perez,1.1357934318100225,-0.08372427101016677,0.14715719123746557,0.03516863718978671,-0.0019009206346845124,43,44
2023-17,Williams,albon,sargeant,0.663269502640304,0.16951521770935218,0.13180902950733947,0.034178726988744614,0.0029635851567687654,45,29
2023-18,Alfa Romeo,bottas,zhou,0.16218685167538682,-0.019383055472261823,0.1372908228945912,0.016232660128330998,-0.0005904249318994077,50,49
2023-18,AlphaTauri,ricciardo,tsunoda,-0.5020852758420788,-0.056154639408267745,0.12814704836629093,0.020642160534541067,-0.0007221521344593698,49,48
2023-18,Aston Martin,alonso,stroll,-0.04483782446352952,0.001728131632669827,0.059855452876432735,0.010577102881440842,-7.067562704028704e-05,41,47
2023-18,Ferrari,leclerc,sainz,-0.12627249620785813,0.013439202171933284,0.08731549095952812,0.012965258446851643,1.079767260386712e-05,49,50
2023-18,Haas F1 Team,hulkenberg,kevin_magnussen,0.579650756862603,-0.026189972805482742,0.15762001965106878,0.021892369525941275,-0.0011586145718372523,50,49
2023-18,Mercedes,hamilton,russell,0.4125389934979187,0.009500061576704827,0.05301412388834018,0.010301076366131421,4.9266014823091125e-05,50,50
2023-18,Red Bull Racing,max_verstappen,perez,0.3224345980392342,-0.026610943643694776,0.065687944699614,0.013777771235538664,9.486186454657514e-05,47,50
2023-18,Williams,albon,sargeant,0.24194350414424587,0.032100006795786784,0.08517882021934664,0.011951910641615528,-0.0002889483892928833,50,47
2023-19,Alfa Romeo,bottas,zhou,0.2659425235554384,-0.02386409730254843,0.19175041045734503,0.010572841734057467,-0.0013945512274472932,56,56
2023-19,AlphaTauri,ricciardo,tsunoda,-0.022273114917377823,0.061557310103221186,0.1143907718075578,0.01016777774997467,-0.0005303013529603966,58,54
2023-19,Alpine,gasly,ocon,0.29984326582600557,0.005320166775249824,0.14601957017150075,0.011439049904735123,-0.001060168030254279,56,58
2023-19,Aston Martin,alonso,stroll,-0.4155323135157145,0.005587945196136285,0.169898161496628,0.016015539828030653,-0.0016378183268187514,33,52
2023-19,Ferrari,leclerc,sainz,0.19676382988288554,-0.006946132522661713,0.1138867890071748,0.007863469433286448,-0.0006386462194895244,58,58
2023-19,Haas F1 Team,hulkenberg,kevin_magnussen,-0.1785931910030844,0.033534957496809244,0.1162750985354226,0.015807301147967332,-0.0004903959622986273,56,22
2023-19,McLaren,norris,piastri,0.12088055664008557,0.025064254132274644,0.1317067406587207,0.009263452271061533,-0.0007498028476028136,57,56
2023-19,Mercedes,hamilton,russell,0.27528160589264317,0.007497524874806649,0.11517008364195022,0.008894101849847205,-0.0005550836285778899,58,58
2023-19,Williams,albon,sargeant,0.10846577368929239,0.013153617453876054,0.1841118722771997,0.014835710763489296,-0.0016581037885943205,59,53
2023-21,Alfa Romeo,bottas,zhou,-2.1134482552929668,0.10852706595858339,0.30714523013298733,0.048314020209403195,-0.007340198833964037,32,35
2023-21,AlphaTauri,ricciardo,tsunoda,0.8764236805891752,-0.008134626126778177,0.3142196116630285,0.040483586196135964,-0.0018566349189434515,32,27
2023-21,Alpine,gasly,ocon,-0.19172140075749833,-0.030814047368419972,0.2781464086389088,0.03392486552593019,-0.004847204081191262,32,34
2023-21,Aston Martin,alonso,stroll,-0.2657987058324731,-0.014987100142336507,0.13968157306444365,0.02235804516062328,-0.0016468727512908023,35,35
2023-21,Ferrari,leclerc,sainz,0.8305400283354176,0.010366529569711597,0.14294668157882942,0.023292639711507745,-0.0009938982703221618,32,35
2023-21,Haas F1 Team,hulkenberg,kevin_magnussen,-0.10060769452111207,0.028974673971443154,0.17282352051003996,0.04870870705059278,0.0021611221451827787,28,34
2023-21,Mercedes,hamilton,russell,-0.02957833810241206,0.005780802687748665,0.1475182798446885,0.027672791437470767,-0.0004482473800823453,32,32
2023-21,Red Bull Racing,max_verstappen,perez,0.361398638856393,0.007976851147775965,0.1488189075411636,0.026930764651700464,-0.0007536967116030933,31,35
2023-21,Williams,albon,sargeant,0.10566609777229885,-0.0022733270782104853,0.2074668736784017,0.02054868350297891,-0.0024581792078681337,33,33
2023-22,Alfa Romeo,bottas,zhou,-0.21899673803954411,-0.017801368323294098,0.14869414197914418,0.01706710354599315,-0.001074903357765675,53,46
2023-22,AlphaTauri,ricciardo,tsunoda,-0.017079459347838943,0.015852035116028063,0.13032749367022423,0.016812996441902955,-0.000480609853629122,52,54
2023-22,Alpine,gasly,ocon,-0.2985952132727932,-0.0016053496220651475,0.08233545177588088,0.009647534771284065,-0.0001367127548229276,49,54
2023-22,Aston Martin,alonso,stroll,0.409700871972913,0.028880226159454042,0.05496196950078559,0.00957582337517239,-7.892403103948968e-05,50,52
2023-22,Ferrari,leclerc,sainz,0.7251873533466289,0.013070233708297407,0.07458734677393068,0.01024216222734752,-0.00014960473814930894,52,51
2023-22,Haas F1 Team,hulkenberg,kevin_magnussen,0.244527489888255,-0.03514514340887792,0.15489276459683252,0.01559010812891208,-0.0007313366211826271,52,49
2023-22,McLaren,norris,piastri,0.23862491420439602,0.0112029305303456,0.07365976415848613,0.01192815572746202,-0.0001037818197076316,49,52
2023-22,Mercedes,hamilton,russell,-0.25604227176974925,-0.0039192335135236345,0.07349773001971145,0.01413769648894949,4.274031257737432e-05,48,52
2023-22,Red Bull Racing,max_verstappen,perez,0.030319046142834427,0.020480842430869457,0.05637930607849332,0.008843092827388712,-0.0001799472515755274,49,49
2023-22,Williams,albon,sargeant,0.041653338501226655,0.0386850306892105,0.04680977466557773,0.008235643272355951,-1.151499620834953e-05,49,46
2024-01,Alpine,gasly,ocon,0.18865641786432108,0.010506108839384493,0.0559407224294807,0.009770361960758298,6.0178387307773044e-05,47,50
2024-01,Aston Martin,alonso,stroll,0.12968221067033772,0.0006941551765345388,0.06764140650132552,0.012184820878671315,-0.00014943329524418246,50,50
2024-01,Ferrari,leclerc,sainz,-0.11923923039186346,-0.003997269497131167,0.05295805848871116,0.00854500178921973,-9.213405200371887e-05,50,50
2024-01,Haas F1 Team,hulkenberg,kevin_magnussen,0.4464028976021885,0.03630987412883918,0.05108222252169977,0.008489666976953103,-9.38833607257382e-05,47,49
2024-01,Kick Sauber,bottas,zhou,-0.3635382443897551,0.008832227614576083,0.09454331539073393,0.016736698968215932,0.00035517135645474153,49,50
2024-01,McLaren,norris,piastri,0.03900872152695345,0.010521046846440063,0.041044752223326195,0.008321521264088652,-6.563779090240715e-05,50,50
2024-01,Mercedes,hamilton,russell,-0.02611473046126811,0.0176439883607587,0.09964056161191279,0.017147788462433044,-0.0003780715665993605,50,50
2024-01,RB,ricciardo,tsunoda,0.1210257980215726,-0.014897975131857533,0.05659681841860043,0.012113679697210698,-3.4315166637972524e-05,49,49
2024-01,Red Bull Racing,max_verstappen,perez,0.3725830555896046,-0.016789526721278897,0.06941431991966414,0.009660182001139925,-0.00011330180930708027,49,50
2024-01,Williams,albon,sargeant,0.10491376208091241,0.00591681863675142,0.11297231395901491,0.024878315717722317,0.0019964610775457694,49,47
2024-02,Ferrari,bearman,leclerc,-0.8216142646746146,0.0249118420934053,0.08856083725974442,0.005604936453318114,-0.0003102432138777685,44,45
2024-02,Haas F1 Team,hulkenberg,kevin_magnussen,0.5978548199476241,-0.07452748210415563,0.45791052861872295,0.028187513523850648,-0.006892076637482422,42,38
2024-02,Kick Sauber,bottas,zhou,0.27320674384739707,-0.024457256472673647,0.10608222539832224,0.019570660244773014,0.0003284774267219981,41,41
2024-02,McLaren,norris,piastri,-0.5225283932356306,-0.02696409507813069,0.10029460165207886,0.011324291559338853,0.00017838426623180794,41,45
2024-02,Mercedes,hamilton,russell,-0.2643217532829081,-0.030617358136243958,0.11503261580107292,0.011967283781442555,0.00012625499928807992,42,44
2024-02,RB,ricciardo,tsunoda,-0.45090609206740473,0.01994462817986098,0.3230491002773665,0.020706087905323144,-0.003446324272492439,42,40
2024-02,Red Bull Racing,max_verstappen,perez,0.1964305446423784,-0.00820284254326703,0.11413154153689416,0.007395299896481344,-0.0005530428213720066,45,43
2024-02,Williams,albon,sargeant,-0.15773325463835297,0.027651599187157982,0.45038976169819944,0.02628010441465597,-0.007745748237011073,41,43
2024-03,Alpine,gasly,ocon,-0.22030744909922956,0.025867210093964144,0.07531589810955495,0.01236780708734143,9.964220619772885e-05,50,47
2024-03,Aston Martin,alonso,stroll,0.12671687649292457,0.034811414762140475,0.14378878397355394,0.019529718093706717,-0.0005804558966183592,50,49
2024-03,Ferrari,leclerc,sainz,-0.022608149368139596,0.018748134861517052,0.11050030170947893,0.01622094917059566,-0.0005370899915183499,49,50
2024-03,Haas F1 Team,hulkenberg,kevin_magnussen,-0.1732934698263089,-0.02195580944563358,0.11247773977007655,0.01878486672764305,-0.00026927999954760417,51,49
2024-03,Kick Sauber,bottas,zhou,0.3183382261858312,-0.02646428768852599,0.10438620260170743,0.010930777843157484,-0.0005500833014443245,47,47
2024-03,McLaren,norris,piastri,0.07333013655382392,0.01575126809880889,0.07061657931928723,0.008919874249859398,-0.00017085694848257015,49,49
2024-03,RB,ricciardo,tsunoda,-0.14154655154991047,0.04177957759581796,0.17175399092450527,0.022241793639360855,-0.0010097846458778567,48,49
2024-04,Alpine,gasly,ocon,-0.24589252534465578,-0.032275247027797105,0.1827769822847059,0.04022564942770821,0.0017464328930224236,43,43
2024-04,Aston Martin,alonso,stroll,1.0058051028002342,0.03645484049626724,0.1658521484691031,0.031090826796981212,0.0038848096925319423,44,41
2024-04,Ferrari,leclerc,sainz,-0.21369983575006102,0.08859886396059866,0.10591733011004868,0.01703118880573999,-0.0003628426929788425,46,44
2024-04,Haas F1 Team,hulkenberg,kevin_magnussen,0.5902995589408621,-0.047805502028642595,0.13657528383438217,0.017949714582542242,-0.0008610330521227578,43,44
2024-04,McLaren,norris,piastri,0.19345463443305289,0.052240769186533476,0.11239641851523345,0.01899945835637822,0.00011046401175293333,44,41
2024-04,Mercedes,hamilton,russell,-0.11596678876346933,-0.022436051539604263,0.06692497875717747,0.016694709684907952,8.716206534583519e-05,43,40
2024-04,Red Bull Racing,max_verstappen,perez,0.18848353010477148,-0.00195682658056498,0.07197454952908332,0.015522627730672329,-0.0001147747778920138,44,44
2024-05,Alpine,gasly,ocon,-0.18042569277647402,-0.021072976648466912,0.07018092218660785,0.011835966110378054,0.0004074118280016775,32,40
2024-05,Aston Martin,alonso,stroll,0.1702089296955679,0.03469311062744607,0.13464925783422277,0.031461345220473495,0.002832903562864642,38,36
2024-05,Ferrari,leclerc,sainz,0.3974020436229957,-0.022529178301274325,0.1568084986632257,0.010928361150533566,-0.0013388373042452209,42,40
2024-05,Haas F1 Team,hulkenberg,kevin_magnussen,0.6029459637631471,-0.05519979058130409,0.10117470959616169,0.014169499614036202,-0.0003415152633738011,35,40
2024-05,McLaren,norris,piastri,1.1331021789009166,0.04376542684969936,0.12225709522824553,0.014504763542361925,-0.0008562885793750238,43,40
2024-05,Mercedes,hamilton,russell,-0.48853750089494397,0.009992947712567202,0.08172035010538829,0.008365754361287524,-0.000456303075022074,40,40
2024-05,RB,ricciardo,tsunoda,0.2255484313450648,0.029618211616247694,0.16758097004819503,0.033781706202262986,0.004706094344434065,16,16
2024-05,Red Bull Racing,max_verstappen,perez,0.5938669588983965,0.0002513433453642522,0.0523083144482124,0.004178188840045689,-6.029475838872611e-05,40,40
2024-05,Williams,albon,sargeant,0.33878585399040984,0.045270844345140865,0.07218199720187943,0.008850370333828165,2.6556672044413183e-05,37,37
2024-06,Alpine,gasly,ocon,0.13551544336312252,-0.004371722008518486,0.12016000841095963,0.011909270143221769,-0.0005411627749986102,46,48
2024-06,Aston Martin,alonso,stroll,-0.008314349878952687,0.0005620055247821942,0.17570437301474567,0.016946935002976043,-0.001841611977150728,48,41
2024-06,Ferrari,leclerc,sainz,0.06427910702260475,0.0103177812285212,0.06877953907756763,0.007507498806501125,-0.00028715392672619427,46,41
2024-06,Haas F1 Team,hulkenberg,kevin_magnussen,0.012392828655316934,0.012980168585712562,0.12738213861860734,0.014273773669807383,-0.001185010320766144,46,48
2024-06,Kick Sauber,bottas,zhou,-0.1010524294612265,-0.017215712969816315,0.07541533163875216,0.01144513241903483,-9.05902663351828e-05,46,48
2024-06,McLaren,norris,piastri,0.0972786835899111,0.05546860311491035,0.15108046990562435,0.021365977484747736,-0.001178539769363806,47,39
2024-06,Mercedes,hamilton,russell,-0.009654454303714255,0.05153477854594339,0.1511397086780625,0.013509434809007763,-0.001531736409019179,46,46
2024-06,RB,ricciardo,tsunoda,-0.5373099075006607,0.005270387305256863,0.1289528888691931,0.013020679772317684,-0.0011446872719927698,48,48
2024-06,Red Bull Racing,max_verstappen,perez,0.3287937311438239,-0.0046837633156829594,0.12527496569685534,0.010975973501754157,-0.0008545598608290438,48,46
2024-06,Williams,albon,sargeant,0.2168582841584418,0.03153961899242608,0.06607289402461529,0.01383256217772693,0.0005026836219297823,39,19
2024-07,Alpine,gasly,ocon,0.3756449952756993,-0.031446100030600804,0.12747953416524152,0.017477537427201904,-0.0004521542304611638,56,55
2024-07,Aston Martin,alonso,stroll,-0.39855970539929575,-0.047681834407539925,0.14674947746034983,0.01590031025554834,-0.0009610463870588557,54,59
2024-07,Ferrari,leclerc,sainz,0.30023534737366186,0.011335375905266863,0.08293356805350789,0.007043453925975167,-0.00031521632992634514,59,59
2024-07,Haas F1 Team,hulkenberg,kevin_magnussen,-0.014331944135222652,-0.019829842867711285,0.121200274922654,0.01069368627332549,-0.000626005926667632,58,58
2024-07,Kick Sauber,bottas,zhou,0.5326147342300863,-0.027055388887748846,0.13648445511317794,0.007660253874505735,-0.0006694426068595058,58,55
2024-07,McLaren,norris,piastri,-0.12464320718877109,0.032501516924065665,0.1396485261115157,0.00930504171930687,-0.0007959864375325188,59,59
2024-07,Mercedes,hamilton,russell,0.04338729099791916,0.007303771039640902,0.07616537062532475,0.00866691402112784,-0.000289992711158569,59,57
2024-07,RB,ricciardo,tsunoda,-0.11912070521039647,0.011421733836998627,0.1307146916133043,0.008338860400513941,-0.00048711463683547376,58,58
2024-07,Red Bull Racing,max_verstappen,perez,0.6976724889563516,0.01008715648154681,0.12198867811768789,0.009290105687060053,-0.0006904425110527599,59,59
2024-07,Williams,albon,sargeant,0.42813764289409795,0.07503157596390742,0.15857041521675164,0.014720034611225202,-0.0012142548769153625,40,58
2024-08,Aston Martin,alonso,stroll,-0.08674016081762781,-0.029418084187741264,0.32995842085155574,0.017501535284795422,-0.0037180869439003067,71,67
2024-08,Ferrari,leclerc,sainz,-0.2033758646283248,0.007645423131873275,0.36568424130017674,0.009377240232012998,-0.0027401634773883974,73,71
2024-08,Kick Sauber,bottas,zhou,-0.4167986396833705,0.018767501333777692,0.43746889908419384,0.014779472003080166,-0.004248373429060036,69,69
2024-08,McLaren,norris,piastri,-0.30209000284897725,0.010101518857657199,0.29733753172829763,0.008329801114158868,-0.0018564980624031272,74,71
2024-08,Mercedes,hamilton,russell,0.17885962481678175,-0.0019024056504938214,0.3381031203992966,0.01425646947510802,-0.0034246811687760263,73,73
2024-08,RB,ricciardo,tsunoda,-0.4682781393276162,0.0035796658947006,0.44445133707200224,0.01230829640781903,-0.004549190630900146,70,72
2024-08,Williams,albon,sargeant,0.09165398468621477,0.04010589863484704,0.3940980205091128,0.014383895389870113,-0.004579723404703863,72,69
2024-13,Alpine,gasly,ocon,-0.10151409923297772,0.02511175472632715,0.11561838645374789,0.012843462946270614,-0.0006527899559806311,27,59
2024-13,Aston Martin,alonso,stroll,-0.3728643646519987,0.03265409118468921,0.16843483778906362,0.01760808570710984,-0.0015263916351257523,63,63
2024-13,Ferrari,leclerc,sainz,0.14242293908085757,0.010261127929529587,0.11266543280022673,0.013879116364715291,-0.0005737899792021346,63,63
2024-13,Haas F1 Team,hulkenberg,kevin_magnussen,0.18913605330349703,0.001824921552786296,0.18800106535797084,0.016660160601451545,-0.0017217459460230936,62,62
2024-13,Kick Sauber,bottas,zhou,0.3423232829111553,0.024222457019540095,0.1523100359274605,0.017465496926993573,-0.0011476652846290926,61,62
2024-13,McLaren,norris,piastri,0.10521050768139617,0.013225327123411373,0.10002962216950051,0.015999076359069123,-0.0004212581016295104,63,63
2024-13,Mercedes,hamilton,russell,0.10837765811248956,0.02175877515145086,0.13701658577183426,0.018682231911449836,-0.0008398870993158963,61,63
2024-13,RB,ricciardo,tsunoda,0.4248054239637705,-0.03134281692779975,0.2268053825391891,0.01666154687996016,-0.0018167919220438225,62,65
2024-13,Red Bull Racing,max_verstappen,perez,0.16154870128813648,-0.007687843777399811,0.14024407823900942,0.020122752447223932,-0.001323780205274485,61,63
2024-13,Williams,albon,sargeant,0.06638085404908423,0.01097577696429941,0.13244751505748775,0.013292537958774572,-0.0005433996710351504,62,60
2024-14,Alpine,gasly,ocon,-0.36424823415898366,-0.03860449389802373,0.11448843040287277,0.025132822714785855,0.0007579347062383411,37,37
2024-14,Aston Martin,alonso,stroll,0.05199420211519093,0.01376668034318862,0.10343668954377704,0.011609485008737097,-0.0005893438408670575,39,39
2024-14,Ferrari,leclerc,sainz,0.08168288690275494,-0.044841385413523324,0.07894310382438521,0.01606617988229519,0.0005539276494426993,37,37
2024-14,Haas F1 Team,hulkenberg,kevin_magnussen,-0.016517967146446377,-0.011449487673563376,0.1279785018945405,0.018298794273763876,-0.0003238710249253687,37,39
2024-14,McLaren,norris,piastri,-0.11740783839705027,-0.030806664604350734,0.07941674655337409,0.01665609070146632,0.0005504596550654326,38,37
2024-14,Mercedes,hamilton,russell,-0.05794511119642021,-0.034096834985926125,0.06706166447517459,0.01045641824808739,0.00011501820313502404,37,39
2024-14,RB,ricciardo,tsunoda,0.6903396857237998,0.004601367694972075,0.08761670218861409,0.011135564559725388,-0.00019755019599883606,37,40
2024-14,Red Bull Racing,max_verstappen,perez,0.582024229377863,0.05168217668470877,0.0963544515482929,0.019344558281526113,0.001117619882232356,37,35
2024-14,Williams,albon,sargeant,0.3714889751264302,-0.014902794146339965,0.06670663767174426,0.013999169013120465,0.0001225601973269034,37,37
2024-15,Alpine,gasly,ocon,0.3829338883295881,0.020214095740230753,0.12076467371022498,0.010055274946509865,-0.0007242703194487291,67,67
2024-15,Aston Martin,alonso,stroll,-0.040920575114632984,0.012880918841376515,0.18888120443330764,0.014191970751933777,-0.0016924473114186653,67,67
2024-15,Ferrari,leclerc,sainz,0.0397365225737607,0.006984066118945531,0.08292785854677698,0.00685778619298877,-0.00034896391914297293,68,68
2024-15,Haas F1 Team,hulkenberg,kevin_magnussen,0.3805390978162928,0.017104244990799322,0.16416066960497835,0.009435826362420963,-0.0010512596658772968,67,67
2024-15,Kick Sauber,bottas,zhou,0.42730382487877727,0.006095782673522728,0.13779317634215776,0.019215512029903375,-0.00038775949387565305,64,64
2024-15,McLaren,norris,piastri,0.27169859270055197,-0.0014306513904496498,0.14033637519033496,0.008347635306836134,-0.0007304183355682411,68,68
2024-15,Mercedes,hamilton,russell,0.08316963926225407,0.012375578816778544,0.11132273768069431,0.01615713596496825,-0.0008376743000906951,66,66
2024-15,RB,ricciardo,tsunoda,0.04051061257692379,0.06014046029507847,0.14637718931175214,0.013832861185061404,-0.0009009911273423794,67,65
2024-15,Red Bull Racing,max_verstappen,perez,0.11229662486175984,-0.004263906205804288,0.09098677174469075,0.006216762827578031,-0.00040293005235350865,68,68
2024-15,Williams,albon,sargeant,0.5375611797763684,0.008052889252229314,0.10742379073136313,0.009207054340903596,-0.0004770235414334971,65,67
2024-16,Alpine,gasly,ocon,0.17929225790029757,-0.01173672077816551,0.188504008950908,0.03154818874870382,0.0016694189996056977,43,48
2024-16,Aston Martin,alonso,stroll,0.41540060366377535,0.0406232070033114,0.09317200710870234,0.02315259956985973,4.88580346905051e-05,47,44
2024-16,Ferrari,leclerc,sainz,0.3767885112653252,0.013530035971050403,0.12463302821925425,0.011596008820373553,-0.0007393763658790101,49,49
2024-16,Haas F1 Team,hulkenberg,kevin_magnussen,0.04095770156257422,-0.06110976245867061,0.11890683103432925,0.012469941704874234,-0.0006311623944579198,43,46
2024-16,Kick Sauber,bottas,zhou,-0.2257030244988676,0.04017211237355833,0.1951279747865155,0.016717061954449445,-0.0017972343633051904,48,48
2024-16,McLaren,norris,piastri,-0.008619155388552624,0.028404598627839863,0.08794241271237381,0.019678269714752703,0.00011889356604514367,47,47
2024-16,Mercedes,hamilton,russell,0.08373759298974637,-0.01985480042854265,0.12360067878922511,0.022448775526903445,0.0007845402385017581,47,47
2024-16,Red Bull Racing,max_verstappen,perez,0.2807036576209294,-0.0071063277359896294,0.10621104688920005,0.019826242723735496,0.0005915198895761405,47,47
2024-16,Williams,albon,colapinto,0.14883716952081205,0.012145877549976869,0.11318705581382578,0.011168536000825773,-0.00045276384115059315,49,49
2024-17,Alpine,gasly,ocon,0.6134735406244873,-0.008725214454244401,0.17207682680567313,0.007991589332167232,-0.0009601043523967115,46,46
2024-17,Aston Martin,alonso,stroll,0.416086023164194,0.04358196936429057,0.13804537770255346,0.016457769620591086,-0.0010350722216271402,44,37
2024-17,Ferrari,leclerc,sainz,0.3707886386351087,-0.04013417055409546,0.09484903442509385,0.009683684590885757,-0.0004009103579417517,45,42
2024-17,Haas F1 Team,bearman,hulkenberg,-0.22556097461695762,0.034513907001565786,0.17319226803417037,0.017982227665600696,-0.0010479795514247011,44,44
2024-17,Kick Sauber,bottas,zhou,-0.06442361487289805,0.0036721705190550513,0.0804751688633555,0.0069319753940350025,-0.00028082255111248005,44,45
2024-17,McLaren,norris,piastri,-0.2791878212763166,0.03147327045858306,0.09034078005525882,0.009296992754475309,-0.00040192675280029285,45,45
2024-17,Mercedes,hamilton,russell,-0.17256128831926415,-0.01667848551760709,0.16357689579103,0.013887255137838292,-0.0011252167409395585,44,45
2024-17,Red Bull Racing,max_verstappen,perez,-0.38097893814324246,0.01627260846754941,0.17229382737563384,0.01597345519205406,-0.0007185869836321338,44,42
2024-17,Williams,albon,colapinto,0.06401931935031513,-0.0024024672287430993,0.19824865821103585,0.019033760506022762,-0.0019149729044208353,44,44
2024-18,Alpine,gasly,ocon,-0.07370581829747791,-0.02620187187328793,0.17761821026862443,0.016046523844785183,-0.001602855544592401,54,57
2024-18,Aston Martin,alonso,stroll,0.6040932636590054,0.01644208678217607,0.11012629156767305,0.008908149975659805,-0.0005569172988074272,57,57
2024-18,Ferrari,leclerc,sainz,0.5477249794490908,-0.04096557624393021,0.17005542632406198,0.012566499506752305,-0.0013217347319401502,58,58
2024-18,Haas F1 Team,hulkenberg,kevin_magnussen,0.596656356004232,0.011008299494046685,0.09681321767619785,0.012515061200333829,-0.0005665022319242687,55,49
2024-18,Kick Sauber,bottas,zhou,-0.02505484666606983,0.01769943642303004,0.134931460180822,0.012756493387622534,-0.0008981857262472963,57,57
2024-18,McLaren,norris,piastri,0.5591797225237659,0.002044337222071202,0.17342573307660614,0.01535695114897075,-0.0015425019347008928,58,58
2024-18,Mercedes,hamilton,russell,-0.07031262328858989,-0.012442295847882423,0.1731077275965087,0.012006435962438363,-0.0010746709072879835,58,58
2024-18,RB,ricciardo,tsunoda,-0.19921297275530886,-0.00433670631334343,0.1357762561797474,0.013317128256132758,-0.0005421646202395033,53,57
2024-18,Red Bull Racing,max_verstappen,perez,0.823117573937204,0.0204031860729479,0.14297396149576444,0.013298048923265748,-0.0010385180517077442,58,57
2024-19,Alpine,gasly,ocon,0.2631574636922338,0.03104247155975598,0.0853704722643192,0.008396075466502706,-0.000436632817249536,43,42
2024-19,Aston Martin,alonso,stroll,0.3424887795457566,-0.008188716816037805,0.08640919561835557,0.009427251075225141,-0.000528008409073783,45,41
2024-19,Ferrari,leclerc,sainz,-0.024728853931153427,-0.003733531045994165,0.09506461354285137,0.009507495490041647,-0.00045982961727236173,46,47
2024-19,Haas F1 Team,hulkenberg,kevin_magnussen,0.20683434990057287,0.024140883956586548,0.07464015013550007,0.01191816966491227,-0.00023936838944704593,46,41
2024-19,Kick Sauber,bottas,zhou,0.7582843160058254,-0.03851788126187003,0.09920564043309285,0.010867495878827432,-0.0004799379883821387,42,43
2024-19,McLaren,norris,piastri,0.33995035409584695,-0.007101395695071956,0.13593669464389319,0.01563510470711014,-0.0013414285473470648,44,46
2024-19,RB,lawson,tsunoda,0.24143085894433908,0.000666094149148283,0.14961050404390108,0.012941607927339545,-0.001163494079910985,46,42
2024-19,Red Bull Racing,max_verstappen,perez,0.7897438323815393,-0.023149035394781282,0.08742701669676292,0.010331973373022144,-0.0004674953307999318,44,46
2024-19,Williams,albon,colapinto,-0.6531466943523163,-0.005401499024115631,0.09496978477424092,0.013600968030786554,-0.0003903096148792898,33,46
2024-20,Alpine,gasly,ocon,0.16860360580176081,0.008105800667775706,0.1446679961870765,0.009292386715007555,-0.0009892398119089086,61,61
2024-20,Ferrari,leclerc,sainz,0.21699297118074456,-0.03357443714887931,0.10517194381442799,0.0070659679294846674,-0.00038888524465089205,60,62
2024-20,Haas F1 Team,hulkenberg,kevin_magnussen,-0.2552900220180989,-0.01129337987269008,0.13766909986039214,0.00925473046194512,-0.0009586552511814749,61,62
2024-20,Kick Sauber,bottas,zhou,0.1548668437621017,0.008897726644878423,0.13345556489175903,0.008485926237821979,-0.0008327495495777719,61,61
2024-20,McLaren,norris,piastri,0.7969547131238295,-0.005918504746765696,0.1263509148195326,0.010565529995201934,-0.0007654807337134854,59,62
2024-20,Mercedes,hamilton,russell,0.0808003242491438,0.011456494992480998,0.14411495640432578,0.010039007949103028,-0.0010903179742286569,62,62
2024-20,Red Bull Racing,max_verstappen,perez,1.1810612591234115,0.040040735482591634,0.12707449492633074,0.013708125205630145,-0.000882600420448239,57,55
2024-22,Aston Martin,alonso,stroll,0.20159538389828555,-0.03843809851973029,0.15258942105516118,0.0213262769687958,-0.0010652018029023778,44,44
2024-22,Ferrari,leclerc,sainz,0.02758116674032729,-0.012106069519149443,0.13807359348501194,0.024332943263810875,0.00022036242086758272,42,43
2024-22,Haas F1 Team,hulkenberg,kevin_magnussen,0.3128110760034794,-0.07856885294768415,0.2344812015647564,0.02854297288090677,-0.0012844347253266621,44,44
2024-22,Kick Sauber,bottas,zhou,-0.49314114582913327,-0.003210234563908676,0.2501062928423373,0.04798238210662326,0.0027148006544786673,41,42
2024-22,McLaren,norris,piastri,0.3298906516656879,0.032113970417045834,0.14765871516136012,0.02949426989263403,0.0007899812104187323,42,43
2024-22,Mercedes,hamilton,russell,0.19652385893771263,0.007757759530243921,0.12408473486397346,0.02253120865399468,-0.0004595991980702538,43,42
2024-22,RB,lawson,tsunoda,-0.3349379477110873,-0.04231219752395199,0.09949856929320806,0.018357915528169094,0.00015430308994276068,37,44
2024-22,Red Bull Racing,max_verstappen,perez,0.493314967997149,0.005550056258782299,0.15897210510587337,0.03624631014628793,0.002457352214594454,43,44
2024-22,Williams,albon,colapinto,0.631817455543716,0.0746067190249948,0.22935138679767553,0.04524407999115913,0.0054897203823864975,19,44
2024-23,Ferrari,leclerc,sainz,0.03868940417514022,0.005279220470294277,0.11759648352059462,0.009865870381178794,-0.0008739863683195802,41,40
2024-23,Haas F1 Team,hulkenberg,kevin_magnussen,-0.674413532853253,0.03532060547125432,0.11865286523054722,0.01017572447211079,-0.00046377764317115513,25,32
2024-23,Kick Sauber,bottas,zhou,-0.23499631660079334,-0.09316140396305621,0.15417507102713993,0.015248603872696517,-0.0015079306834711234,38,42
2024-23,McLaren,norris,piastri,0.30810577009060314,0.005581108397550993,0.1485857430557572,0.012602888126984993,-0.001503815797417101,40,40
2024-23,Mercedes,hamilton,russell,-0.733274445448494,0.010101291709242427,0.10608206665043542,0.012198972685701543,-0.000891731170168356,39,40
2024-23,RB,lawson,tsunoda,0.1459797734461057,0.0013027277194938292,0.19428550485019294,0.013280779616394896,-0.0021497350873886938,41,39
2024-23,Red Bull Racing,max_verstappen,perez,1.0535919478932123,-0.000796785757385482,0.09543725245202012,0.007882440536602137,-0.0005739216489604094,41,28
2024-24,Alpine,doohan,gasly,-0.8314242960567066,0.0045500478733463195,0.09219208809391048,0.008889464047361533,-0.0004722601185640204,49,49
2024-24,Aston Martin,alonso,stroll,0.2779666492426319,0.02332640951012053,0.07031832470948102,0.011849729182567824,-0.0003056010541424582,48,48
2024-24,Ferrari,leclerc,sainz,-0.3095507936759321,0.011797731694002292,0.10080186266419583,0.008678356999610573,-0.000491418828624839,49,51
2024-24,Haas F1 Team,hulkenberg,kevin_magnussen,0.5077907700113464,0.06593154804583631,0.09541495608846896,0.010740795201149298,-0.0002884661306992837,49,46
2024-24,Kick Sauber,bottas,zhou,0.3399413912584115,-0.07124890508221964,0.12541414816666024,0.016574579379002946,-0.0004134526232697553,22,47
2024-24,McLaren,norris,piastri,0.3419039760827496,0.015387194102831403,0.09062571933377866,0.010892116965006202,-0.0005140918018169007,50,47
2024-24,Mercedes,hamilton,russell,-0.005106299987304164,0.02445354811674029,0.05978577192255059,0.005481647365186731,-0.00022512411558027674,50,49
2024-24,RB,lawson,tsunoda,0.13842752389175828,0.011153629088372474,0.11488402822637425,0.010394591661746036,-0.0006550883473883535,44,50
2024-24,Williams,albon,colapinto,-0.10093476685284786,0.010933946788302094,0.15526647040629538,0.023029055232269592,0.0003226309351176726,50,17
2025-02,Alpine,doohan,gasly,-0.06054145866443211,-0.010014851626900578,0.11138816396369043,0.007392664454550681,-0.00048376523395596716,46,49
2025-02,Ferrari,hamilton,leclerc,-0.14698172511938512,-0.003151562623970594,0.07470049593186877,0.007677934819001137,-0.00023306877630604504,48,50
2025-02,Haas F1 Team,bearman,ocon,-0.07327602075863862,0.02067767643520924,0.10094124759313655,0.009890236612652004,-0.0005275775220604338,49,49
2025-02,Kick Sauber,bortoleto,hulkenberg,0.6765644369746846,-0.046902580512526076,0.18454342938521903,0.018472631774526547,-0.0017468048899345054,49,48
2025-02,McLaren,norris,piastri,-0.06634680336405463,0.0009483996070605433,0.10321876331067371,0.008550444040135531,-0.0004780462163468788,50,50
2025-02,Mercedes,antonelli,russell,-0.8005835982893779,0.018525195339220868,0.08718039484839359,0.005964253079159821,-0.000316460810212923,50,50
2025-02,Racing Bulls,hadjar,tsunoda,0.027893044429475572,-0.007386817046260791,0.09795986456096525,0.018806080544941376,0.0002628038228328754,44,44
2025-02,Red Bull Racing,lawson,max_verstappen,-0.6296625196848268,-0.06202012939286315,0.07828159414687598,0.008706236849604568,-0.00019210383390231455,47,50
2025-02,Williams,albon,sainz,0.07615417404206809,0.02384160623721515,0.09432917865856884,0.0076235816861410744,-0.00034148966179792305,49,49
2025-03,Alpine,doohan,gasly,-0.3220327905696997,-0.00781598996217478,0.06486143905540363,0.005608174078068703,-0.00021396019124910837,49,49
2025-03,Aston Martin,alonso,stroll,0.5523479982614958,-0.0066302770444187364,0.08629068810188319,0.011230563437790718,-0.00013399072401160857,49,46
2025-03,Ferrari,hamilton,leclerc,-0.18888004425691496,0.0014358123039326653,0.0654243097748683,0.00808087201622219,-0.0002560127501996746,49,49
2025-03,Haas F1 Team,bearman,ocon,0.5167596770315175,-0.01052856233204294,0.07140789986945309,0.009073407219378804,-0.0003025166711400429,49,49
2025-03,Kick Sauber,bortoleto,hulkenberg,-0.09548085031851816,0.026017539793708938,0.1084974334008446,0.011183188149856351,-0.0006508211160431265,49,49
2025-03,McLaren,norris,piastri,-0.025320116641868173,-0.005664196931611798,0.05552626263539751,0.005666087777608388,-0.00013281870703458728,46,49
2025-03,Mercedes,antonelli,russell,-0.015617891041851961,0.013396264344727987,0.06494260240821861,0.007661317183131507,-0.00021911225899808734,49,49
2025-03,Racing Bulls,hadjar,lawson,0.6323440917767127,0.0064974091951357366,0.06498995376001364,0.007047465453914608,-0.00019564025392966632,49,49
2025-03,Red Bull Racing,max_verstappen,tsunoda,0.8779490861301278,-0.004592650040330402,0.04472652301301818,0.0044401592785590395,-7.324628134675291e-05,46,49
2025-03,Williams,albon,sainz,0.3130459896299039,0.03153782869382757,0.09837376502141376,0.010141814591158189,-0.00045278645241420137,49,49
2025-04,Alpine,doohan,gasly,-0.49555843549782286,0.0009901777248195985,0.09181734821723374,0.01354454365247444,-0.0002660102518153857,47,47
2025-04,Aston Martin,alonso,stroll,0.23159504548219756,-0.004705727058628359,0.07651321262966412,0.011886311620650153,-0.0003468121403089998,49,43
2025-04,Ferrari,hamilton,leclerc,-0.26466426109646646,-0.011662482811007513,0.08657097663947427,0.01384757936560319,-0.0004720695153009416,49,49
2025-04,Haas F1 Team,bearman,ocon,-0.6058237183624717,-0.010225849431755418,0.06841438476253789,0.012127015799605224,4.747479613113727e-05,49,47
2025-04,Kick Sauber,bortoleto,hulkenberg,-0.4742987486892915,-0.03588578019955753,0.07306813125638587,0.011489527374384235,-0.00015431632980346562,49,44
2025-04,McLaren,norris,piastri,0.15114755805535918,-0.02787063982700622,0.06781353501352913,0.011708605668561986,3.4008267017631656e-05,49,48
2025-04,Mercedes,antonelli,russell,-0.32408533504625225,-0.06334610435311983,0.10303059880007792,0.01800495277155004,-0.0001433452686010005,44,30
2025-04,Racing Bulls,hadjar,lawson,0.24480085539177632,0.01719570520616502,0.08095681063035674,0.010324823975917656,-0.0001017066775052048,47,40
2025-04,Red Bull Racing,max_verstappen,tsunoda,0.6690066872524885,0.018312060472679914,0.07431390165287757,0.011073939193107788,-0.0002606468129668817,46,49
2025-04,Williams,albon,sainz,-0.03452455420373579,0.0613088030937472,0.10440349271873754,0.021543859530253538,-1.0924250821992671e-05,49,29
2025-05,Aston Martin,alonso,stroll,0.2552919384466297,0.03778413499495928,0.1469775292264465,0.011150837962499978,-0.0010878633776283592,41,43
2025-05,Ferrari,hamilton,leclerc,-0.6087990644419182,-0.015875516972102217,0.15205170240817498,0.017244806605256385,-0.0016044045545722861,44,44
2025-05,Haas F1 Team,bearman,ocon,0.23466086681121667,0.03075827777338791,0.1566653904071936,0.011048780983289565,-0.0010641723346557018,44,46
2025-05,Kick Sauber,bortoleto,hulkenberg,-0.3759964802539266,0.019239930393892435,0.24042293929858993,0.014636322279758144,-0.0023366026257733937,42,43
2025-05,McLaren,norris,piastri,-0.2941424533744462,0.04398567091929001,0.057188435283740624,0.0070384652917472095,-0.00018599091225722603,44,44
2025-05,Mercedes,antonelli,russell,-0.3481063773340296,0.05430425624638924,0.1049333751737342,0.014105275451278041,-0.0005953433437271308,44,44
2025-05,Racing Bulls,hadjar,lawson,0.288877099992806,-0.0483829873012728,0.11435020971142161,0.012510806281733707,-0.000495321938903659,44,41
2025-05,Williams,albon,sainz,0.0571983185649427,0.011322705353004558,0.08125976193342849,0.009013446295751175,-0.00032232634987834364,44,44
2025-07,Alpine,colapinto,gasly,-0.20610754826501598,-0.08124549200520399,0.17280823575452833,0.023079834813191525,-0.0011144193445368688,46,46
2025-07,Aston Martin,alonso,stroll,0.21338156938601285,-0.0002568950515960261,0.16354703250168237,0.014949953332799162,-0.001353785762305146,46,46
2025-07,Ferrari,hamilton,leclerc,-0.4324248481019903,-0.0310135590875774,0.13308933249407728,0.016529117131924273,-0.0005151464684727601,49,44
2025-07,Haas F1 Team,bearman,ocon,0.173839039916231,0.04259802681277161,0.2645488091132225,0.034897353074409734,-0.0033672082346508144,47,22
2025-07,Kick Sauber,bortoleto,hulkenberg,-0.047545951733993785,-0.05858870013768852,0.18348491506306666,0.01890684115539955,-0.0015444134979289573,46,48
2025-07,McLaren,norris,piastri,-0.08541527416410322,-0.031988870469806946,0.1307024223098152,0.017673687014836254,-0.0004313289045992309,47,48
2025-07,Mercedes,antonelli,russell,-0.37652502720046765,-0.014581071804402781,0.14994812047891273,0.020672974105477297,-0.0005230855143302007,37,46
2025-07,Racing Bulls,hadjar,lawson,0.20326197970525262,-0.04211468757639176,0.13935466014735506,0.02181383684887565,4.744136706867806e-05,49,46
2025-07,Red Bull Racing,max_verstappen,tsunoda,1.2697444956165023,-0.029085345280817437,0.24301420710139401,0.017856831311380914,-0.0022349069463188163,48,45
2025-07,Williams,albon,sainz,-0.03559949666281448,-0.06346209618374207,0.16846324011796723,0.018471497851366002,-0.00028595395520616994,44,43
2025-08,Aston Martin,alonso,stroll,-0.14756743371932912,0.14313569142245924,0.30551979104718874,0.04767413057928227,-0.0026662488788205038,23,60
2025-08,Ferrari,hamilton,leclerc,-2.1584118549671896,0.03215049330611708,0.43431079178718746,0.03977962005319655,-0.010494866502676553,64,64
2025-08,Haas F1 Team,bearman,ocon,0.3625277950567961,-0.03261100900215813,0.48050584844974775,0.028609916858156732,-0.0069905271598650134,64,63
2025-08,Kick Sauber,bortoleto,hulkenberg,0.7949682560980347,-0.12954223837289328,0.40165048201701836,0.041325919156429795,-0.0032688873031525767,61,60
2025-08,McLaren,norris,piastri,-0.003842485470005208,-0.0663190343699645,0.3274884463735357,0.033258656915637216,-0.0053525811981250315,63,64
2025-08,Mercedes,antonelli,russell,0.03879516507344316,-0.033979141711686034,0.4600241520244214,0.0179120951061187,-0.005192170558233066,60,60
2025-08,Racing Bulls,hadjar,lawson,0.5254807556534657,-0.06063604138851761,0.5326251722046781,0.0401081979038183,-0.012623221088457025,63,63
2025-08,Red Bull Racing,max_verstappen,tsunoda,2.731871968158812,-0.09393483667184499,0.520005388050226,0.025828516727130456,-0.007022294558612223,65,63
2025-08,Williams,albon,sainz,-0.9835621936431367,0.12295067382549618,0.8904173627533525,0.05086519297030506,-0.034449610527766024,62,62
2025-09,Alpine,colapinto,gasly,-0.9067508599050926,-0.09720272862345701,0.15119778816573054,0.024364601245675112,-0.0012371975608055916,52,53
2025-09,Ferrari,hamilton,leclerc,-0.13464898971441186,0.005943932610045943,0.10842168414489939,0.017617132401387382,-0.0002549701835834033,54,52
2025-09,Haas F1 Team,bearman,ocon,0.11397840516143976,0.09993185711496859,0.10308644425448438,0.019408658186393837,-0.00025839275138330906,47,53
2025-09,Kick Sauber,bortoleto,hulkenberg,-0.273352371374142,-0.05370507967669021,0.11311291962282809,0.014436413286094409,-0.0009089017714857383,53,53
2025-09,McLaren,norris,piastri,-0.009574198158403657,-0.014559261220442158,0.09108750504916352,0.013717541387091947,-0.0003736917135193466,54,53
2025-09,Mercedes,antonelli,russell,-0.2585276907988355,0.01910538870982966,0.08700522757936732,0.012751367142837956,-0.0004061876967302681,45,49
2025-09,Racing Bulls,hadjar,lawson,0.523275617021363,-0.02139090863431226,0.08559832193325195,0.01016243409075498,-0.0003925168079721874,53,42
2025-09,Red Bull Racing,max_verstappen,tsunoda,1.8863861834066094,-0.044355149752625056,0.08974791210514312,0.024566964907251108,0.00034726369732155667,47,51
2025-09,Williams,albon,sainz,0.3835717631483961,-0.07520489548947229,0.09628598153262317,0.02054975054385177,0.00021082946756008093,20,53
2025-11,Alpine,colapinto,gasly,0.18185486447392724,-0.01894101396560438,0.10636736499787745,0.012285577355640764,-0.0005729883649258135,49,60
2025-11,Aston Martin,alonso,stroll,0.5462254654875673,0.04021948990509738,0.13186191101907768,0.01172497266525736,-0.0006852514616091462,62,57
2025-11,Ferrari,hamilton,leclerc,-0.17360478859158857,-0.021187623249873777,0.106208780936361,0.016641178080373433,-0.0006800800702683104,61,61
2025-11,Haas F1 Team,bearman,ocon,-0.2510513321472079,0.0024641615112574733,0.09251498028697513,0.009617915402870818,-0.00046439895591783575,57,57
2025-11,Kick Sauber,bortoleto,hulkenberg,0.19069175289427526,-0.03661990240016268,0.13678661183990617,0.016082288528673803,-0.0011284889881983192,60,60
2025-11,McLaren,norris,piastri,-0.1406780849263667,0.02729015624406525,0.13205376076371902,0.012722611910649715,-0.0008362586447891709,60,61
2025-11,Racing Bulls,hadjar,lawson,-0.2962544185149879,-0.04482569032325383,0.21374592650904112,0.015570611461500416,-0.0022223165504844326,62,63
2025-14,Alpine,colapinto,gasly,0.13776333159290238,-0.011247002848393972,0.15591285605924832,0.012647601112047366,-0.001028607921148666,63,62
2025-14,Aston Martin,alonso,stroll,-0.287410406874684,0.025849855825749113,0.19892162001995856,0.014752598629032903,-0.002030639468618899,66,66
2025-14,Ferrari,hamilton,leclerc,-0.3012250108792357,0.08132822853439911,0.19219163165920725,0.01699608186276648,-0.0020462635874944207,62,61
2025-14,Haas F1 Team,bearman,ocon,-0.6096946261468894,0.0009555079078141238,0.21835565614887642,0.01714760016483656,-0.0009196889677949366,43,65
2025-14,Kick Sauber,bortoleto,hulkenberg,-0.04262683230592923,0.011531641139235771,0.17180399916933292,0.01279266318238916,-0.0013887068318933985,66,60
2025-14,McLaren,norris,piastri,-0.05209210212280757,0.01173603389711625,0.12166108506612235,0.011525217032058825,-0.000754311744013722,66,64
2025-14,Mercedes,antonelli,russell,-0.8267979933230137,0.05374979201890148,0.17047144044236662,0.013498057659444167,-0.0010861819798295691,65,61
2025-14,Racing Bulls,hadjar,lawson,-0.02112357320403435,-0.009501011496154899,0.13411997410713358,0.010518189458953175,-0.0009147732596022311,65,66
2025-14,Red Bull Racing,max_verstappen,tsunoda,0.8724197236008051,0.006159095930215963,0.15361280976212094,0.018694292109351612,-0.0012190648650365235,61,60
2025-14,Williams,albon,sainz,-0.23780638312221924,-0.01185636154491354,0.14791281630933187,0.01593317148974483,-0.0008151912169760153,63,60
2025-15,Alpine,colapinto,gasly,-0.2520949425898027,0.01905069508381907,0.1457958799103172,0.012405075475480405,-0.0009027472154972337,49,50
2025-15,Aston Martin,alonso,stroll,0.3659084975209883,-0.04126504138262338,0.19022962902923915,0.019865540498634537,-0.0010017694184588895,48,47
2025-15,Ferrari,hamilton,leclerc,-0.06061714034308108,0.023169582335516803,0.1977165554110067,0.032916236749676836,-0.0024654802492966735,18,38
2025-15,Haas F1 Team,bearman,ocon,0.26114746993237137,0.002915167629792159,0.27858405462432617,0.013734849056742071,-0.0027298585307142906,52,52
2025-15,Kick Sauber,bortoleto,hulkenberg,0.09940616297720506,-0.036129115429194225,0.16775620833554902,0.024416889101455886,-0.0007339320416655768,45,49
2025-15,McLaren,norris,piastri,-0.19513149284089915,0.023505366528146943,0.19403897694536107,0.021870670848216405,-0.0021191053091563316,48,50
2025-15,Mercedes,antonelli,russell,-0.22752653014558843,0.059961212121182966,0.10286738541417931,0.01175896544773088,-0.0007773295464999482,52,52
2025-15,Racing Bulls,hadjar,lawson,0.6625068220044188,0.04884597558368263,0.11511414129577485,0.014442515153354329,-0.0008820107579752,54,51
2025-15,Red Bull Racing,max_verstappen,tsunoda,1.3233281194542699,0.027595166586521752,0.12116767504181036,0.01237116002823433,-0.0006711970939250418,54,47
2025-15,Williams,albon,sainz,0.035498461078538934,0.025935197834899643,0.07446971391705434,0.010781540071689468,-0.00044687597860600743,54,50
2025-16,Alpine,colapinto,gasly,-0.09667428069950745,-0.018616320596203592,0.08603958688484302,0.007730428879396131,-0.00033579028456096055,47,47
2025-16,Aston Martin,alonso,stroll,-0.16762241039982073,0.03869578773589971,0.09503873245095561,0.01160427304580866,-0.0003424430946593201,18,44
2025-16,Ferrari,hamilton,leclerc,0.04731012654727651,-0.021997563619604255,0.04916857479622006,0.005083296883293439,-9.86510303491163e-05,45,48
2025-16,Haas F1 Team,bearman,ocon,-0.16447000798679312,0.02437977502013764,0.09386259565716394,0.007098333102695766,-0.00038653166845455084,46,45
2025-16,McLaren,norris,piastri,0.31661100900300876,-0.019787633481345185,0.05988567350583109,0.0036538633581750194,-0.00014138095343927795,47,48
2025-16,Mercedes,antonelli,russell,-0.4350312054657144,0.01790389963554556,0.059776605983531454,0.007296012094535193,-0.00017282488243983618,45,48
2025-16,Racing Bulls,hadjar,lawson,-0.049523871697948,0.019403520660387197,0.10329058296072922,0.007860386595069489,-0.00044758995649025075,48,48
2025-16,Red Bull Racing,max_verstappen,tsunoda,1.6515454053683973,-0.009994163971608211,0.06673705810121439,0.008329737316432714,-0.00015539029496027906,47,45
2025-16,Williams,albon,sainz,-0.08564567647547489,0.03238171500557263,0.0717398496987175,0.006984248297372484,-0.00021689587447138112,45,46
2025-17,Alpine,colapinto,gasly,0.024669093546723087,-0.021163679524777324,0.13664496328654988,0.011311838966375679,-0.0010477520749754088,40,40
2025-17,Aston Martin,alonso,stroll,0.3561588299935489,0.009129959645693575,0.09066966670200133,0.009195964115837481,-0.00029218783670645945,41,41
2025-17,Ferrari,hamilton,leclerc,-0.10863247640316726,0.004755422195588166,0.09395879294462114,0.008527450201924622,-0.0004534616910297826,41,41
2025-17,Haas F1 Team,bearman,ocon,0.5889126421542115,-0.030041794408821258,0.12235650186718743,0.011037194281338984,-0.0006700207631194451,41,41
2025-17,Kick Sauber,bortoleto,hulkenberg,-0.023153041518680723,0.009319546809509853,0.07530682385055971,0.008788016987405849,-0.00033233395354481763,41,39
2025-17,Mercedes,antonelli,russell,-0.06972260298628208,0.004632248804145256,0.0832775700525966,0.00795041729842194,-0.0004455602392052102,42,40
2025-17,Racing Bulls,hadjar,lawson,0.023161435939138497,-0.009064242621075191,0.06277726599017203,0.007495651893956488,-0.0003085491600105568,41,40
2025-17,Red Bull Racing,max_verstappen,tsunoda,0.5264169542034387,-0.012254059135590134,0.08324073989550185,0.0054411330120926835,-0.0003183006073860885,40,40
2025-17,Williams,albon,sainz,-0.5674221380080319,0.01934159955233339,0.1312561954506559,0.01275222048986905,-0.0008842063103491104,40,40
2025-19,Alpine,colapinto,gasly,-0.2054307866277746,0.041549395814172316,0.11923421522773363,0.01210139327435463,-0.0009481376190987559,47,47
2025-19,Aston Martin,alonso,stroll,-0.1932045134630675,0.006944049599355406,0.10749447694291164,0.010246276157199592,-0.000696505014239206,48,48
2025-19,Ferrari,hamilton,leclerc,0.02912767736209254,-0.019706059813203343,0.1351137750964731,0.011950716262569088,-0.0010804959636635395,46,47
2025-19,Haas F1 Team,bearman,ocon,0.1837511976837921,0.00469497635485408,0.10129749427834542,0.008372008651826315,-0.0005886696148839664,48,48
2025-19,Kick Sauber,bortoleto,hulkenberg,-0.24319023885493285,-0.08570926291857395,0.12830334300272972,0.01811771473192937,-0.0004267840086996027,44,49
2025-19,McLaren,norris,piastri,0.5969632430862488,0.010066735619448028,0.12277931192531968,0.01013439337594345,-0.0008166777917152993,47,47
2025-19,Mercedes,antonelli,russell,-0.17752432853656652,0.0015318069643518728,0.14221413794499818,0.013903942570249279,-0.0013527183477536993,48,49
2025-19,Racing Bulls,hadjar,lawson,-0.021398012820615986,-0.011386066459013355,0.1117880748911234,0.014249372133504704,-0.0007730780674182879,48,48
2025-19,Red Bull Racing,max_verstappen,tsunoda,0.9400001168439929,0.004260436216598191,0.08484031911844707,0.007678611190619076,-0.0003204642210367027,47,48
2025-20,Alpine,colapinto,gasly,0.44646117232199345,-0.035684862671091847,0.10112444215999082,0.012440861470039201,-0.00045287401387305985,62,62
2025-20,Aston Martin,alonso,stroll,0.1727931298692415,-0.0905960209876607,0.11267283618356706,0.022197176520619536,0.0002723939568877892,24,61
2025-20,Ferrari,hamilton,leclerc,0.17109781540781555,-0.037147299786764565,0.12812531261522947,0.012762508541427579,-0.0010082822923552946,58,63
2025-20,Haas F1 Team,bearman,ocon,0.4899027868819415,-0.020924755647785287,0.09315915865306175,0.009063075996375193,-0.0004966499869789496,61,60
2025-20,Kick Sauber,bortoleto,hulkenberg,0.8283177254966713,0.0025844323253657597,0.19290696784553116,0.027859464392681086,-0.002428259678515039,63,19
2025-20,McLaren,norris,piastri,0.17815539685269566,0.005664375074275418,0.10967367162484203,0.011840363367756807,-0.0006760340673299464,64,59
2025-20,Mercedes,antonelli,russell,-0.09740399114276355,0.030977943972926823,0.07700265037901734,0.009064426083391159,-0.0003534645494174384,61,61
2025-20,Red Bull Racing,max_verstappen,tsunoda,0.9027100555586695,-0.005371946244116993,0.10569409602136894,0.007894129017553677,-0.0005214704234968018,60,63
2025-20,Williams,albon,sainz,-0.08147967310714954,-0.029310060311139238,0.1260251992522229,0.01563760743995304,-0.0011210682447287516,63,53
2025-21,Alpine,colapinto,gasly,-0.2896431611983782,0.0038121518759112734,0.12666532516650353,0.012602633075922142,-0.000878888559363561,55,58
2025-21,Aston Martin,alonso,stroll,-0.5335367034628451,0.007860878201263521,0.11484534829836145,0.011994749103457335,-0.000938269229793363,58,56
2025-21,Haas F1 Team,bearman,ocon,0.4041432376766342,-9.908572448467934e-05,0.11680486562698184,0.010065780596943602,-0.000723794651610301,58,59
2025-21,McLaren,norris,piastri,-0.4789827161587705,0.0410592991123776,0.09723662806577182,0.008353746714658033,-0.0005527269305617364,57,55
2025-21,Mercedes,antonelli,russell,-0.030363400937766682,0.014538723463491221,0.0917889776764983,0.009801793050804359,-0.0005866116496628423,55,58
2025-21,Racing Bulls,hadjar,lawson,0.0081001667684516,-0.013931922124147188,0.15853245293927118,0.013449837369523567,-0.0015131464829057568,56,58
2025-21,Red Bull Racing,max_verstappen,tsunoda,0.8564609387047795,0.00024340926912062855,0.08339690551511553,0.014647723191915915,-0.00027367770527952283,58,56
2025-21,Williams,albon,sainz,0.18697910966559483,0.025127238035929006,0.15996769949289327,0.013923350088192078,-0.0012086439956352822,58,55
2025-22,Alpine,colapinto,gasly,-0.6679867630913601,0.009668919489925536,0.1446029024303353,0.015738149297406214,-0.0008323074071637255,40,43
2025-22,Ferrari,hamilton,leclerc,-0.6743556643335499,0.0545932524491016,0.08672470184305608,0.010289041082166037,-0.0005135897431560534,39,41
2025-22,Haas F1 Team,bearman,ocon,-0.28193750809803936,-0.002186074363051578,0.10833235738480948,0.012105613860339474,-0.0006806808127700829,41,41
2025-22,McLaren,norris,piastri,0.2804764667922732,0.0077971994309929404,0.09731103125747013,0.014536606761925551,-0.0005137938469547947,41,41
2025-22,Mercedes,antonelli,russell,-0.11535243667807416,0.056483171944465865,0.10700161008731854,0.005837103091600522,-0.00043697262821488565,43,41
2025-22,Racing Bulls,hadjar,lawson,0.49098197186301823,0.008096601053506278,0.11712790843017089,0.012826451882659474,-0.000598130109712349,41,40
2025-22,Red Bull Racing,max_verstappen,tsunoda,1.0008429553591678,0.04807764436480533,0.11724445603094563,0.01712670086853218,-0.000721542798847769,40,41
2025-22,Williams,albon,sainz,-0.025933880912698104,-0.03350677221848411,0.19794189048804597,0.03468969112494341,-0.0005211217596803564,25,41
2025-23,Alpine,colapinto,gasly,-0.10468803795137249,0.010549521541786705,0.05202765642892986,0.007313523827814677,-9.009638815562955e-05,48,48
2025-23,Aston Martin,alonso,stroll,-0.019411769779780652,0.01933194085897407,0.10382609934296634,0.012908136119298355,-0.00047257634093975993,49,43
2025-23,Ferrari,hamilton,leclerc,-0.38855262758420056,0.0013695865620052573,0.07842700045081134,0.011076957849527625,-0.0003247429736496561,49,49
2025-23,Haas F1 Team,bearman,ocon,0.5928899493385467,0.009202690612068298,0.07428732024737868,0.010773042756840448,-1.9032782503143255e-05,32,48
2025-23,McLaren,norris,piastri,-0.33918633476607374,0.0018912693639279166,0.17247506522611183,0.025492483947988618,-0.0007324604164228865,47,46
2025-23,Mercedes,antonelli,russell,0.4679798482605271,-0.009582508868889186,0.06680066205091786,0.009020514539212312,-0.00012454903620635066,49,49
2025-23,Racing Bulls,hadjar,lawson,0.12766667242217067,0.00789404397464194,0.07011805973129041,0.010018154147622225,-0.00019571715829527843,46,49
2025-23,Red Bull Racing,max_verstappen,tsunoda,1.2577165340874505,0.016287538002523305,0.100325952612803,0.013310648620928903,-0.000185832668440331,49,49
2025-23,Williams,albon,sainz,-0.7916275348179336,0.022677896578916723,0.07874759540595438,0.00936627503560241,-0.0001968567015132986,49,49
2025-24,Alpine,colapinto,gasly,-0.2763189471951935,0.0014466712814914795,0.06563233056629246,0.010051207077819365,-9.276313554234527e-05,51,48
2025-24,Aston Martin,alonso,stroll,-0.4155409845549908,0.020931546584080862,0.15937256026740723,0.012186473832453297,-0.0010444852832013905,54,44
2025-24,Ferrari,hamilton,leclerc,-0.5962702196524672,-0.016451395486743986,0.13175461500060232,0.02085955881302684,-0.0002834920334304984,50,50
2025-24,Haas F1 Team,bearman,ocon,-0.19249759258101667,0.015212308985279525,0.12272722655808571,0.009867456890810877,-0.0006230754706851163,46,54
2025-24,Kick Sauber,bortoleto,hulkenberg,-0.42884057030834355,0.018769815230737397,0.15860169884492656,0.016463319554679987,-0.0009964600747833692,54,49
2025-24,McLaren,norris,piastri,0.08986022069561672,0.04703296701122367,0.08902727783824166,0.011416725995327955,-0.0002636535244820037,47,54
2025-24,Mercedes,antonelli,russell,-0.15722257525880523,-0.02547091934128845,0.13320934134189308,0.011799890462002534,-0.0007034682437547298,51,51
2025-24,Racing Bulls,hadjar,lawson,0.06969242519506291,-0.004125766654653945,0.14297147518118725,0.0104019762032198,-0.0009769255010164276,53,44
2025-24,Red Bull Racing,max_verstappen,tsunoda,1.0624285087089635,0.01886181393581088,0.1284383436660955,0.01485033922934775,-0.0009378132746901009,54,49
2025-24,Williams,albon,sainz,0.0954008443239095,-0.02811858042442078,0.12641469913491013,0.01286800264102827,-0.0006760541659330113,50,50
2026-01,Alpine,colapinto,gasly,-0.8841286038755448,0.03086942751021376,0.372751121214803,0.019129360130484784,-0.003277923609047184,40,43
2026-01,Ferrari,hamilton,leclerc,0.20243626017279936,-0.004666675978113766,0.11765627359870204,0.011808739196579848,-0.0007561909398111229,46,44
2026-01,Haas F1 Team,bearman,ocon,0.4818487406514542,-0.03099281884132826,0.19410747700682013,0.013266754780187798,-0.0011579731290763647,46,43
2026-01,Mercedes,antonelli,russell,-0.13681730863691977,0.013240777161198088,0.12799947295089778,0.007142806414312742,-0.0006521508249273424,47,48
2026-01,Racing Bulls,arvid_lindblad,lawson,0.5918979027963195,-0.01916148544947538,0.11284484941318733,0.01712844791579424,-0.0001297124638951548,46,45
2026-01,Williams,albon,sainz,-0.009887746496940242,0.041746561498379575,0.22028002934438928,0.03633085850992405,0.00021734374115210908,46,42
2026-02,Alpine,colapinto,gasly,-0.27245930087271525,-0.012686552750706591,0.10431506785975424,0.00871324798211553,-0.0004533542926154441,42,43
2026-02,Cadillac,bottas,perez,0.031049674805450955,0.002975111369996619,0.12072542925593567,0.009546132679954467,-0.0006121480789750106,42,41
2026-02,Ferrari,hamilton,leclerc,-0.0985737054494571,0.007662299721951427,0.14003729153389105,0.008163574548632787,-0.0007490169795265982,46,46
2026-02,Haas F1 Team,bearman,ocon,0.2938322458850816,-0.004872748386274606,0.13044828381177476,0.01645169491333079,-0.0006775727273788926,44,38
2026-02,Mercedes,antonelli,russell,-0.13573181536349743,0.008681348487519697,0.12244616057651038,0.006908601620003695,-0.0005543722485867421,45,46
2026-02,Racing Bulls,arvid_lindblad,lawson,0.15909421481317426,-0.018797489812269003,0.0923413519640781,0.0061694605676425795,-0.00027485212216202156,37,40
2026-02,Red Bull Racing,hadjar,max_verstappen,-0.09055054552684083,-0.026936723875347665,0.15427028189700903,0.011000160319555884,-0.001037055625291585,44,32
2026-03,Alpine,colapinto,gasly,-0.9599363811167403,0.017284013420334504,0.09010625750782571,0.008813006247183766,-0.00040069563883177666,39,45
2026-03,Aston Martin,alonso,stroll,-0.3200397235910182,0.033952999751730745,0.09045951854548133,0.015547059023730695,1.0218751985934957e-05,43,19
2026-03,Audi,bortoleto,hulkenberg,-0.0936178530368375,-0.04090028480823166,0.13163438671145267,0.014471218884705928,-0.001186237162843829,44,44
2026-03,Cadillac,bottas,perez,-0.5935767680614505,0.0025231372144641773,0.13346018675596513,0.014203642903210684,-0.0013980167973712374,40,44
2026-03,Ferrari,hamilton,leclerc,-0.11292323788508929,-0.041859039675802484,0.11660532841347974,0.011607354860556703,-0.0005808363166319072,45,43
2026-03,McLaren,norris,piastri,-0.07616625319383208,-0.0009846404390641411,0.09421356037269764,0.00722080267162479,-0.00038335784580403214,43,43
2026-03,Mercedes,antonelli,russell,0.138050634854463,0.024600558533707184,0.13326771209130434,0.013179264706967647,-0.0008665642666783885,44,44
2026-03,Racing Bulls,arvid_lindblad,lawson,-0.014003402827837907,0.006577909124976258,0.12640039852461077,0.01088620146765855,-0.0008171607319829104,42,43
2026-03,Red Bull Racing,hadjar,max_verstappen,-0.79010213830257,-0.00152662357873945,0.145872117135575,0.015124863806284984,-0.0010724471652868654,42,45
2026-03,Williams,albon,sainz,-0.09731979428768023,0.012651390568877985,0.09588415206166763,0.013146902713028798,-0.0005944984629933087,36,44
2026-06,Alpine,colapinto,gasly,-0.5663007080347588,-0.011140341494069173,0.26566256175295466,0.01863956367424621,-0.0035040443721674947,57,61
2026-06,Aston Martin,alonso,stroll,0.19245522069591825,-0.012204334045689547,0.39604802908968395,0.017880484111912082,-0.005542930269509189,60,50
2026-06,Audi,bortoleto,hulkenberg,-0.4874003448992251,0.05943547960479284,0.3770721625183012,0.03012093794689766,-0.003667952972125495,58,58
2026-06,Ferrari,hamilton,leclerc,-0.00953929965178757,-0.019771507481886164,0.1310794202858127,0.014645527362466687,-0.0010989267275563778,62,56
2026-06,Haas F1 Team,bearman,ocon,-1.1257827053980738,0.09038638550170885,0.5145106165354877,0.07800006042725664,-0.016553949245360196,22,60
2026-06,McLaren,norris,piastri,1.1687399720057892,0.05440574106500012,0.2543778674037332,0.013565414939132147,-0.0018861867427062864,39,61
2026-06,Mercedes,antonelli,russell,0.8094297754463557,-0.013017283592990092,0.2551316264344301,0.023397561148064686,-0.003041420726994905,62,59
2026-06,Racing Bulls,arvid_lindblad,lawson,1.0676071076021205,-0.04692954948578387,0.2355886584578321,0.010493759227051376,-0.0016879910313536942,62,60
2026-06,Williams,albon,sainz,-0.11646694852468986,0.0009952101539418834,0.6338733821604442,0.03233331709064594,-0.012354924193365795,60,54
2026-07,Alpine,colapinto,gasly,-0.05951325338371616,0.05161536234463368,0.12114185433735737,0.020709169183182833,-0.000654084128644482,52,54
2026-07,Audi,bortoleto,hulkenberg,-0.6694098164311507,-0.02210186450999646,0.21505564325308543,0.04645878864693331,0.00522366455170872,46,23
2026-07,Ferrari,hamilton,leclerc,0.5637356950779737,-0.004066771454030421,0.1023820422526303,0.016807913308078244,7.5850140475923e-06,53,52
2026-07,Haas F1 Team,bearman,ocon,0.1836423433494745,0.024757868796277237,0.23614654793762038,0.04273992050573135,-0.00037111934128723615,32,45
2026-07,McLaren,norris,piastri,0.5679722468004604,-0.0019114815795955864,0.09908291851359359,0.015445497570448679,-0.0001792614148310395,53,53
2026-07,Mercedes,antonelli,russell,-0.04956290339719294,0.018286318140825653,0.10182655591350724,0.01385921564068426,-0.0005605314180645213,50,53
2026-07,Racing Bulls,arvid_lindblad,lawson,-0.19719308568358646,0.009209308465154064,0.13169779942629226,0.021755067343528906,-0.000552997676990093,52,52
2026-07,Red Bull Racing,hadjar,max_verstappen,-1.002155684690533,-0.011867919856663273,0.08539600875983722,0.016175483566913444,0.00047332072267332656,46,53
2026-07,Williams,albon,sainz,-0.41318876989536935,-0.028464804518936845,0.11710847517842585,0.023838774703647446,0.0010678040584536606,42,49
2026-08,Alpine,colapinto,gasly,-0.3634031747567226,-0.02716120089896079,0.16185973956658994,0.02098474634693105,-0.0010906483846279214,58,56
2026-08,Aston Martin,alonso,stroll,-0.2493634377838343,0.020882199668749102,0.1576307114289406,0.023029473495071492,-0.0012435342613171423,60,39
2026-08,Audi,bortoleto,hulkenberg,0.23942146565067612,-0.02941067984522827,0.176904919531686,0.02382315588910425,-0.002441505744366207,56,59
2026-08,Ferrari,hamilton,leclerc,0.24788680098903093,-0.07035288414645596,0.11279576449432532,0.020698673880317545,-0.0003498796632591913,58,58
2026-08,Haas F1 Team,bearman,ocon,0.21919218728284307,0.011329915850767147,0.19001704753109955,0.020329452080038786,-0.001269701226153929,61,55
2026-08,McLaren,norris,piastri,-0.20590128900286464,0.02385283215700318,0.10691234409745468,0.012120174413821969,-0.0006963007247699283,60,60
2026-08,Mercedes,antonelli,russell,0.024697067122090077,0.02355569134656693,0.10249666289387041,0.012668736676000898,-0.0006746636993739728,63,58
2026-08,Racing Bulls,arvid_lindblad,lawson,-0.06269806430713393,-0.025502684171308493,0.10509350921658975,0.017103852800531887,-0.0005024722589262472,58,58
2026-08,Red Bull Racing,hadjar,max_verstappen,-0.5895622548204493,0.009451727885836814,0.13357194929391394,0.013484811061053302,-0.0012321461803370694,57,57
2026-08,Williams,albon,sainz,0.020562819808614963,0.02540047589243402,0.1994734550970826,0.03946293957821835,0.0041759447389079895,58,17
2026-09,Alpine,colapinto,gasly,-0.08413052940162132,-0.0038584304177187168,0.1290935230612904,0.021853217772228067,-0.0007763671942566168,38,37
2026-09,Aston Martin,alonso,stroll,0.2820596259034738,-0.0486145592365075,0.11513340818031019,0.020390813060337562,-0.0004447072539785546,37,36
2026-09,Audi,bortoleto,hulkenberg,0.21672067205051962,-0.07172635346383677,0.08874966352749426,0.020603750049118796,7.093128077582275e-05,38,27
2026-09,Cadillac,bottas,perez,-0.4854924965171963,-0.03689555936242629,0.11907727368366723,0.01914474310875264,-0.00098108796579128,37,39
2026-09,Ferrari,hamilton,leclerc,-0.14648510199917109,-0.013976267460773295,0.11140798699330651,0.01957238301879387,-0.0005833863398132032,38,38
2026-09,Haas F1 Team,bearman,ocon,-0.025258888260429213,-0.03541457677332971,0.09974067259231632,0.014347864980101821,-0.0004090502225433818,36,39
2026-09,McLaren,norris,piastri,0.056108361645171856,0.022796190789070914,0.11379805771082062,0.01572624321729613,-0.0006857617648905296,38,37
2026-09,Mercedes,antonelli,russell,0.3922486660379212,0.04761923459720374,0.09212861392539771,0.014558505584698794,-0.0008278850979758875,34,35
2026-09,Racing Bulls,arvid_lindblad,lawson,0.08801038999768263,-0.026175484861512277,0.07833589348034985,0.010353370951747994,-0.00016099233532948946,38,38
2026-09,Red Bull Racing,hadjar,max_verstappen,-0.5443511291682127,-0.016491686725975008,0.06655030079140077,0.012899234558221201,8.159576029654822e-05,38,32
2026-09,Williams,albon,sainz,-0.2816515459385378,-0.09760799591821445,0.127217810869659,0.03585611335027885,-0.0010147203535553794,26,38
2026-10,Alpine,colapinto,gasly,-0.17160325670342408,-0.004537624544255103,0.11585215778252769,0.014263295758713126,-0.0009853487818863459,32,32
2026-10,Audi,bortoleto,hulkenberg,0.5506344354235194,-0.0663269548277817,0.116487991526944,0.02151281027058017,-0.0008376925882151514,31,34
2026-10,Ferrari,hamilton,leclerc,0.04046010130642386,-0.023719439954139124,0.0910503088363618,0.01522037203856983,-0.000652159901516588,33,31
2026-10,Haas F1 Team,bearman,ocon,0.2381198523229584,-0.0013288343167096386,0.08089997394244361,0.014927414976059,-0.00035300298914682575,34,33
2026-10,McLaren,norris,piastri,0.16365360396111517,0.08021926603122942,0.08244617086106745,0.011479669244800738,-0.00036398326009623986,31,32
2026-10,Racing Bulls,arvid_lindblad,lawson,0.5093702953472509,-0.020980512988697228,0.10567952515984584,0.01847973730693126,-0.0006543600704447489,29,31
2026-10,Red Bull Racing,hadjar,max_verstappen,-0.149434944713561,0.02883859833755051,0.0978953476305805,0.01347849321305407,-0.0006153981460296774,34,34
2026-10,Williams,albon,sainz,-0.5006559761032354,-0.007189920870718458,0.11369199155656799,0.013670625170963981,-0.001053273092963125,33,31
2026-11,Alpine,colapinto,gasly,-0.3589991086502219,0.04153535462869695,0.0871556970134166,0.015332003379358217,-4.5560926659121545e-05,58,59
2026-11,Aston Martin,alonso,stroll,0.14570839576935657,-0.06941111829642388,0.13224495170237052,0.01444701334284119,-0.001043837147370839,59,60
2026-11,Audi,bortoleto,hulkenberg,-0.06298867785332402,-0.032555067179114106,0.191822292930781,0.022199160520426284,-0.001277392864040241,60,58
2026-11,Ferrari,hamilton,leclerc,0.10798426328953603,0.06642980363039896,0.0851241227956336,0.016476687751046108,5.7923627223654675e-05,60,60
2026-11,Haas F1 Team,bearman,ocon,-0.23137259856529346,-0.07999809588523021,0.14049901570944692,0.014793171499244515,-0.0009863950185040884,55,57
2026-11,McLaren,norris,piastri,0.3440463877722848,0.0038314027232774217,0.10092289137396077,0.02018463387652689,0.00011386340453267939,60,43
2026-11,Mercedes,antonelli,russell,0.5782794048603848,0.007654449591930734,0.13986800218721918,0.016370815980330425,-0.000950107925749675,60,60
2026-11,Racing Bulls,arvid_lindblad,lawson,-0.05503590326078467,0.018665688254069224,0.17040822947236617,0.014749154654706187,-0.0006932429826933388,59,58
2026-11,Red Bull Racing,hadjar,max_verstappen,-0.6830769252837348,-0.018181862320152453,0.10594214215695066,0.012993940549875332,-0.00038988976205260833,59,60
2026-11,Williams,albon,sainz,-0.24299690225827564,0.0697706102280029,0.11447021970154388,0.017759926533475596,-0.0006001301833619701,60,55
2026-13,Alpine,colapinto,gasly,-0.7538234157290148,0.019422588193871992,0.22306021931930586,0.009858641063027189,-0.0016963937971967355,43,43
2026-13,Audi,bortoleto,hulkenberg,-0.020715977642018865,-0.025085495101660027,0.18724248444210176,0.015143576096449578,-0.0018962257772067441,43,40
2026-13,Cadillac,bottas,perez,-0.12651768183079515,-0.0067474505967628495,0.13259592160276992,0.019071529602625113,-0.0009260434307911334,41,43
2026-13,Haas F1 Team,bearman,ocon,0.5084699128709349,0.006508416902785915,0.1586977565707858,0.014100361822521017,-0.0011448290321856298,43,42
2026-13,McLaren,norris,piastri,-0.06916567869315104,0.016374171488900968,0.22020133683869395,0.010032258305516852,-0.001776124803738095,43,44
2026-13,Mercedes,antonelli,russell,0.2971268287671891,0.00534707155553915,0.1404844845572042,0.014381630337525405,-0.0006402219750511654,44,44
2026-13,Racing Bulls,arvid_lindblad,tsunoda,0.22818418416118147,-0.000502100902164182,0.14513867082771628,0.01188814015136625,-0.0006171150763029771,43,43
2026-13,Red Bull Racing,lawson,max_verstappen,-0.7874624417984721,0.03766658666838943,0.16313000627021612,0.017905705219542215,-0.0010101883245678285,40,44
2026-13,Williams,albon,sainz,-0.23336758132119756,-0.0036932669561793308,0.1114278874799106,0.010421404575162854,-0.0006025564312729606,40,43
2026-14,Alpine,colapinto,gasly,-0.14588967858502264,0.02528634845227884,0.3140730038506691,0.014792390347339984,-0.0033269665681603575,52,50
2026-14,Audi,bortoleto,hulkenberg,-0.1799950706548197,-0.004571105759029193,0.17668631100754204,0.01119241226075784,-0.0010704619451237809,49,49
2026-14,Cadillac,bottas,perez,-1.100003588259208,0.18077617469599996,0.23354683004572735,0.04389819582947816,0.0020817921202024494,42,21
2026-14,Haas F1 Team,bearman,ocon,-0.5329672277085149,0.0503404335333732,0.22331675968672002,0.017765429875238034,-0.002221482181772503,46,51
2026-14,McLaren,norris,piastri,1.7494960438190175,-0.036996823870499795,0.14322959356736686,0.01115445743130259,-0.0009230482806221613,50,50
2026-14,Mercedes,antonelli,russell,0.3131023392114791,-0.0406671156259682,0.1362184695420448,0.016601154657228515,4.63082878276403e-06,51,50
2026-14,Racing Bulls,arvid_lindblad,tsunoda,1.4577571636176216,-0.047960473692234884,0.16217484899245563,0.013460112152505447,-0.0010780906774366262,49,43
2026-14,Red Bull Racing,lawson,max_verstappen,-0.9827678782872921,0.003558646086648687,0.12627434176292862,0.008113226258525534,-0.0007396184381298275,50,52
2026-14,Williams,albon,sainz,0.8385915115927343,-0.09026671481525117,0.13908177764417937,0.02101987913390092,-0.0011171479198921325,51,27
2026-15,Alpine,colapinto,gasly,-0.2230972381123441,-0.02569435539111326,0.09430930282248381,0.009711604083542534,-0.000505852317538976,26,27
2026-15,Audi,bortoleto,hulkenberg,0.08410258230841133,0.016523113962748415,0.09686518868483492,0.011622553325395288,-0.0006799441258741862,36,36
2026-15,Cadillac,bottas,perez,-1.6083999969714848,-0.019344627954224078,0.1031394300593397,0.010680809433125098,-0.0005747931959523053,29,36
2026-15,Ferrari,hamilton,leclerc,-0.2811450749249577,0.0017329320817287552,0.11245607452640069,0.011646592663538674,-0.0008005887509605687,37,37
2026-15,Haas F1 Team,bearman,ocon,0.1618294592056793,-0.02917723982346948,0.07087963777687983,0.007993989633122514,-0.0003466924432825598,35,35
2026-15,McLaren,norris,piastri,0.35723675122581644,-0.03290002425201355,0.1253076083738543,0.015061752791085828,-0.0010351733659659218,27,37
2026-15,Mercedes,antonelli,russell,-0.9189736433964586,0.029287208324905056,0.15329428929747846,0.01599020334494448,-0.0018808303558117162,36,36
2026-15,Racing Bulls,arvid_lindblad,lawson,0.09780752366604117,-0.0010649959947608423,0.07764346753417802,0.013043717706345147,-0.0006082848603716523,35,34
2026-15,Red Bull Racing,hadjar,max_verstappen,-0.48422550839315726,0.013668431112941859,0.08480230443395399,0.012250111438136212,-0.0007243945659785018,37,37
2026-15,Williams,albon,sainz,0.19671440194963163,-0.011893966649502957,0.08899478462003246,0.011865439786335604,-0.0005988247818184665,23,34
