driver_id,pace,deg,pace_se,deg_se,n_laps,n_stints,event_id,team
alonso,-0.11442116158011639,0.05537027705970392,0.08829527967657921,0.010831808370616038,40,3,2018-02,McLaren
bottas,1.3704570714155546,0.02194874709224419,0.12184689716298108,0.011485422660905778,44,2,2018-02,Mercedes
brendon_hartley,-0.46372918133188823,-0.0143377919060836,0.03798848676311884,0.008693133030766369,37,3,2018-02,Toro Rosso
ericsson,-0.28282510661103577,0.0019421344216063313,0.06510454554680034,0.008235126792788164,40,2,2018-02,Sauber
gasly,0.22693026484390127,0.01645085031112374,0.03626123797381069,0.007136886879659758,41,3,2018-02,Toro Rosso
grosjean,-0.7172675288044702,-0.013457436184972929,0.08521305651581619,0.01827958085733961,35,4,2018-02,Haas F1 Team
hamilton,1.2735776071796092,0.028513625167274223,0.106228104812541,0.009860398386911735,43,2,2018-02,Mercedes
hulkenberg,-0.002702745898308434,0.003627084873593242,0.08201001452302185,0.013825723981180257,38,3,2018-02,Renault
kevin_magnussen,0.3033735168267279,0.0015650184631004066,0.07202473540790277,0.011786273694978122,39,2,2018-02,Haas F1 Team
leclerc,-0.529914493811916,-0.005396311442681892,0.11326231649056435,0.017479116829925267,42,2,2018-02,Sauber
ocon,-0.6958254063396566,0.0038505501070781184,0.05947265418832744,0.010673961420613845,39,3,2018-02,Force India
perez,-0.49199951750500737,-0.03101178318621503,0.08512546134770634,0.013680806311778796,39,3,2018-02,Force India
raikkonen,1.36785409426807,-0.01832092915727486,0.048315222434430864,0.009349242129191295,22,2,2018-02,Ferrari
sainz,-0.014571897276465184,0.0379290967320927,0.11919171677424696,0.010159512968296364,40,3,2018-02,Renault
sirotkin,-1.3785088063152906,-0.10478813576025316,0.1116513166152729,0.023643218352275425,40,3,2018-02,Williams
stroll,-0.9101847064365466,-0.009247916934898195,0.06436224342958112,0.009878893510125943,42,3,2018-02,Williams
vandoorne,-0.4067263496544439,0.028791293111121316,0.05170926530414979,0.008154490751087914,41,3,2018-02,McLaren
vettel,1.4664843470312832,-0.0034283727665586766,0.084767669467808,0.007871833888170466,44,2,2018-02,Ferrari
alonso,-0.9724945347330285,0.03848877736238252,0.17933307048860872,0.014452190762555635,27,2,2018-04,McLaren
bottas,1.3769991715025791,-0.04945967389898089,0.1966177352659333,0.01902406929476425,29,1,2018-04,Mercedes
brendon_hartley,-0.6652209192138346,-0.06380925595368178,0.1760487535931523,0.026473819464521896,25,3,2018-04,Toro Rosso
ericsson,-0.6983316510730331,-0.08030036784829228,0.12855396886040416,0.0397497713291346,24,3,2018-04,Sauber
gasly,-1.5427852261477482,0.03498799123332883,0.168647095286132,0.02111926304430438,26,3,2018-04,Toro Rosso
grosjean,0.4225495137055957,-0.03294819941601992,0.17864693707979326,0.018937176969935413,27,1,2018-04,Haas F1 Team
hamilton,1.525704992839763,0.009347309992405718,0.08997520374168767,0.011515850169644293,28,3,2018-04,Mercedes
kevin_magnussen,-2.338334921724531,0.07343392710714677,0.21599480896641698,0.01555901852301771,22,1,2018-04,Haas F1 Team
leclerc,0.21565354729323227,-0.004173374079156529,0.14203622319459852,0.023154698240759403,27,3,2018-04,Sauber
max_verstappen,0.29264795534736554,0.0022997776278833384,0.5524267019541317,0.033003176216333016,25,1,2018-04,Red Bull Racing
perez,-0.12158862523094302,0.03553837465917762,0.3125374179467975,0.023460992478984796,27,2,2018-04,Force India
raikkonen,0.2666300294707741,0.011571019540697308,0.27836666771779417,0.018567368261810987,26,1,2018-04,Ferrari
ricciardo,0.4229736177866391,0.026750532714420606,0.3920637193901684,0.02583819758735607,26,1,2018-04,Red Bull Racing
sainz,0.4799088557999728,-0.010642153901072544,0.09485531799390225,0.013801499179778368,28,3,2018-04,Renault
stroll,0.47490371553933064,0.033166770872957364,0.13567608064550377,0.02593719139197289,27,3,2018-04,Williams
vandoorne,-0.5064374427072718,0.011227664886408452,0.18277783521209523,0.04917403700818651,24,4,2018-04,McLaren
vettel,1.3672219215451382,-0.03547912089960464,0.20301446651174118,0.019339460760778197,27,3,2018-04,Ferrari
alonso,-0.3103238439493908,0.03044155274912863,0.04587408196197322,0.008277043744726592,31,2,2018-07,McLaren
bottas,1.6072049495232177,-0.037693726919133266,0.11285437661525881,0.008671721539840244,63,2,2018-07,Mercedes
ericsson,-1.7875464782691086,0.0218838929586781,0.19309546188593424,0.006475563062144648,63,1,2018-07,Sauber
gasly,-0.43902041605253384,-0.009381064969894493,0.09382384566491822,0.005924452363186816,62,2,2018-07,Toro Rosso
grosjean,-0.5475165542287735,-0.026879282060246368,0.10197277412293654,0.007927627373895095,60,2,2018-07,Haas F1 Team
hamilton,1.184435039075397,0.014805242300180738,0.0929129314747618,0.00472416029612218,63,2,2018-07,Mercedes
hulkenberg,0.002672575831093593,-0.010203061079520029,0.08774309780856031,0.003946703483619164,62,2,2018-07,Renault
kevin_magnussen,-0.9545752416189217,0.02924798235832718,0.1265470381727417,0.009781944505763439,62,2,2018-07,Haas F1 Team
leclerc,-0.48887567544997845,0.004408153444160456,0.0849097571875893,0.005031354836096529,62,2,2018-07,Sauber
max_verstappen,1.3026245935912448,0.01739431464173867,0.08362795070408699,0.004380550205889884,63,2,2018-07,Red Bull Racing
ocon,-0.130118147771557,-0.00026157242103747036,0.08348064529484761,0.004060419209133627,59,2,2018-07,Force India
perez,-0.28915947261573327,0.008913360365579187,0.11704715629732983,0.012078892633908232,56,3,2018-07,Force India
raikkonen,1.0281620213824145,-0.005257027913277534,0.10136759555184102,0.007682986962526244,63,2,2018-07,Ferrari
ricciardo,1.1924975258283161,0.008068389907442991,0.08465401272073761,0.004349695617951672,63,2,2018-07,Red Bull Racing
sainz,0.007725384880041597,-0.007534034015225233,0.0730843357485398,0.004000472329286814,57,2,2018-07,Renault
sirotkin,-1.6359977618572836,-0.01928401194334506,0.13443627524542995,0.01221432934109363,61,2,2018-07,Williams
vandoorne,-1.5053964385509382,0.024520894503609073,0.14267935412268604,0.009455883648159713,61,2,2018-07,McLaren
vettel,1.7632079402524943,-0.04319000190716549,0.12027067102960796,0.008600537455165543,62,2,2018-07,Ferrari
alonso,-0.6171170111149076,0.028708396566971734,0.07130048493702197,0.0042847126982686464,57,2,2018-09,McLaren
brendon_hartley,-0.9135697846602051,-0.015920239543416852,0.13410748904234937,0.011732080036609024,45,1,2018-09,Toro Rosso
ericsson,-0.9211976767608255,0.05475058510341209,0.23373146024629093,0.010858424114114496,55,2,2018-09,Sauber
gasly,-0.28523719784557544,-0.017474076706113156,0.10707552929081687,0.005904314517234057,52,2,2018-09,Toro Rosso
grosjean,0.11533419786702714,-0.002273953274053369,0.0715578518956183,0.004769005315600662,54,2,2018-09,Haas F1 Team
hamilton,1.5066638358762154,-0.014074626806252748,0.11809822591765018,0.017184554448700862,43,3,2018-09,Mercedes
kevin_magnussen,-0.16781351972985953,0.007721106426882802,0.14907186014947035,0.011184903942952644,54,2,2018-09,Haas F1 Team
leclerc,-0.29336580561960646,0.004362631177002547,0.09421598455529219,0.0058285798170401165,56,2,2018-09,Sauber
max_verstappen,1.3815402683656415,0.022917818709429622,0.09371034232242739,0.004686865775655036,49,2,2018-09,Red Bull Racing
ocon,-0.3277005070680233,0.007421532377531254,0.10195435277320546,0.005748624496913312,50,2,2018-09,Force India
perez,-0.23878150754510502,0.014881225175789704,0.11405097352641731,0.008394079609710933,54,2,2018-09,Force India
raikkonen,1.29868796939243,0.0312832356497907,0.11617818125744186,0.006520275949648988,50,2,2018-09,Ferrari
ricciardo,1.3620827355942593,-0.044956623288644845,0.05381875161991946,0.009017542684047962,41,3,2018-09,Red Bull Racing
sainz,-0.3877926142914734,-0.09930989231205277,0.13838375844735162,0.014491016190622902,49,3,2018-09,Renault
sirotkin,-0.8580749880207095,-0.031665926682071674,0.10247573552997477,0.007973250301526876,52,3,2018-09,Williams
stroll,-1.0423929600901278,0.006682482833286835,0.09936848030789157,0.008842572995365923,54,3,2018-09,Williams
vandoorne,-0.9344209039666612,0.008745271079688328,0.13307366091441192,0.022158082857215426,43,2,2018-09,McLaren
vettel,1.3231554696175052,0.03820105351281973,0.11258898793397445,0.006706785040039751,56,2,2018-09,Ferrari
alonso,-0.3907108656131451,0.01987723279516249,0.043018354682213114,0.008345954245434306,31,3,2018-10,McLaren
bottas,1.429042980553163,-0.015101024025750389,0.10422739323457618,0.01161045259559416,30,2,2018-10,Mercedes
ericsson,-0.6410868940553965,0.018651149834870543,0.07878153401270285,0.01287522054528833,21,2,2018-10,Sauber
gasly,-0.6935185084326196,0.024313047395172097,0.032136255202467656,0.00714221351310096,30,3,2018-10,Toro Rosso
grosjean,-0.35214624683777307,0.025080402471749124,0.09778702754142353,0.012765096391249434,18,2,2018-10,Haas F1 Team
hamilton,1.7722025231265008,-0.0004830726695056707,0.06130872436249591,0.008284459403747096,30,2,2018-10,Mercedes
hulkenberg,-0.3930879933624688,-0.03163375859839475,0.05218708734486454,0.010938651716456783,32,2,2018-10,Renault
kevin_magnussen,-0.5401161867363287,0.0436263425673956,0.07825269350892178,0.00747957104343178,25,2,2018-10,Haas F1 Team
max_verstappen,1.0696615088555061,0.020278648282118287,0.058935932706626934,0.016950185240783303,25,3,2018-10,Red Bull Racing
ocon,-0.5336597053760569,0.02560894589100102,0.05112957786982922,0.006697329854076171,33,2,2018-10,Force India
perez,-0.36883574509806827,-0.008280548573672632,0.05054823600438025,0.00865170880158326,29,3,2018-10,Force India
raikkonen,1.7420270774329065,-0.05773877054530904,0.041157246697497686,0.011553114545420585,30,3,2018-10,Ferrari
ricciardo,1.3308223273452104,-0.005821383710724961,0.06662777562511121,0.013010133251912366,29,3,2018-10,Red Bull Racing
sainz,-0.2080529373294311,-0.06082304847957479,0.08567177089291393,0.01906829886508878,24,2,2018-10,Renault
sirotkin,-1.9835766883979318,0.008176180646736312,0.1282940090707624,0.021240656024474055,31,2,2018-10,Williams
stroll,-1.6529757508220912,0.005326239876141534,0.09093585095333226,0.01154776137212987,31,2,2018-10,Williams
vandoorne,-0.9505579291098345,0.010947468305059747,0.04164917662087199,0.01109673226490642,31,3,2018-10,McLaren
vettel,1.36456903385786,-0.022004051462474552,0.09549759679394967,0.021456864215985305,32,3,2018-10,Ferrari
alonso,-0.4807440763992541,0.033458575999791684,0.17016533423234873,0.01130021169482763,57,2,2018-12,McLaren
bottas,1.2350422325235582,-0.02194769853852696,0.14008295458453843,0.008376709872949533,54,2,2018-12,Mercedes
brendon_hartley,-0.6568170393837116,0.043006157878682005,0.11530056248544919,0.011070342129670355,57,2,2018-12,Toro Rosso
ericsson,-0.9284462660573005,-0.0033015978678301514,0.23840122876569642,0.010802198636694548,57,1,2018-12,Sauber
gasly,0.19159029453536103,0.002121050543759981,0.12234024017624953,0.01039572133207307,57,2,2018-12,Toro Rosso
grosjean,-0.4122788447169442,0.016715986440991426,0.14134848277713744,0.01237807803496897,57,2,2018-12,Haas F1 Team
hamilton,1.2828375039332223,-0.00763655260157689,0.1542773138026881,0.010498146251186833,56,2,2018-12,Mercedes
hulkenberg,-0.14628733950677902,-0.01759739112863845,0.11685713512498926,0.014841832008931485,57,3,2018-12,Renault
kevin_magnussen,0.09668043598421627,0.0027735295405703075,0.13586552012196237,0.01093025784134445,56,2,2018-12,Haas F1 Team
ocon,-0.7112486220110804,-0.01001441027443889,0.0994606084825003,0.008142921457911314,57,2,2018-12,Force India
perez,-0.5505611956264268,-0.016322062328385456,0.09909640815332273,0.007615399437876609,57,2,2018-12,Force India
raikkonen,1.811805318198314,-0.03572670422984375,0.10420697080216644,0.014430884517557516,56,3,2018-12,Ferrari
ricciardo,1.692028023859267,-0.02320051647393301,0.1762779701862178,0.01200246548684584,55,2,2018-12,Red Bull Racing
sainz,-0.3338235374634748,0.018766481454228157,0.12693317875730414,0.011796294091285749,57,2,2018-12,Renault
sirotkin,-1.635987335943096,0.001304653867075678,0.12912863553630533,0.012030889247553418,55,2,2018-12,Williams
stroll,-1.366319778166926,0.0034922486079316806,0.1353580324617972,0.009941047280418587,56,2,2018-12,Williams
vandoorne,-0.5216252757451484,0.03222610092193451,0.06510153414081124,0.004805988327268097,37,2,2018-12,McLaren
vettel,1.434155501986203,-0.018117851811791902,0.19775109667561463,0.015428717459509826,55,2,2018-12,Ferrari
bottas,0.40371453013404623,0.06148404959230104,0.1231917108004523,0.016432723350608407,37,2,2018-13,Mercedes
brendon_hartley,-1.09069300342001,0.04563824017875388,0.12156099556917406,0.014353031836360275,36,2,2018-13,Toro Rosso
ericsson,-0.35705272906656665,0.028365519961795663,0.09605631074214611,0.012884320791898924,36,2,2018-13,Sauber
gasly,-0.3925477770596301,-0.02846334496105636,0.04975626021163448,0.008176549351843311,37,2,2018-13,Toro Rosso
grosjean,-0.04310105740474224,-0.02156802598888112,0.05520395360630254,0.006971323927553859,37,2,2018-13,Haas F1 Team
hamilton,1.758302048875663,-0.02890342916438543,0.066462085980959,0.009106114557571534,37,2,2018-13,Mercedes
kevin_magnussen,0.23818432134395556,-0.04614909337154853,0.07367223806177865,0.013009520666024186,37,2,2018-13,Haas F1 Team
max_verstappen,1.2084010571221913,-0.0019066170564241286,0.0651191616445566,0.008012146993714825,37,2,2018-13,Red Bull Racing
ocon,0.012194742783348755,-0.0003404372509187986,0.06302668813397415,0.007559772585724912,37,2,2018-13,Racing Point
perez,0.24402425615076606,-0.007655379204325227,0.06114138488457811,0.007072957526368925,37,2,2018-13,Racing Point
ricciardo,-0.006810800696075148,0.09709078193414801,0.12254258272968543,0.013993310902767493,20,1,2018-13,Red Bull Racing
sainz,-0.6608143642958717,-0.05785910578203944,0.09417587198992987,0.017964542695628326,36,2,2018-13,Renault
sirotkin,-1.017548578964576,0.029032612218756595,0.1258060002161307,0.01984096353619943,36,2,2018-13,Williams
stroll,-0.8604222349338985,0.02692289410416994,0.06533984780837286,0.012797965492876645,36,2,2018-13,Williams
vandoorne,-1.3454879231757877,-0.06549687480373893,0.09191494737237736,0.019766758369687193,36,2,2018-13,McLaren
vettel,1.9096575126071875,-0.03019179040660723,0.04754713018483178,0.0066904046515420725,36,2,2018-13,Ferrari
alonso,-0.13954307991688594,0.025681624769878845,0.14795488489102415,0.01368712532135411,54,2,2018-15,McLaren
bottas,1.4681285536957278,-0.020728079601839363,0.11151808158280453,0.010479531602797566,54,2,2018-15,Mercedes
brendon_hartley,-0.5443542718927421,-0.09221504106382226,0.1028571233272307,0.01946739012904975,44,3,2018-15,Toro Rosso
ericsson,-1.0391986476799264,0.011079939035593792,0.21547120632324712,0.012583644883013709,53,2,2018-15,Sauber
gasly,-0.5318044314902061,-0.010918658873717676,0.22303393183418332,0.02760875470684905,53,2,2018-15,Toro Rosso
grosjean,-0.6755890127028285,0.042801529433590335,0.22462714507735773,0.01697149994502601,51,2,2018-15,Haas F1 Team
hamilton,1.4956502612428253,0.052931868534323856,0.13089292695764254,0.011318992404304883,53,2,2018-15,Mercedes
hulkenberg,-0.6839397708067898,-0.0029665001130992318,0.1218415459028724,0.011658363161075429,53,2,2018-15,Renault
kevin_magnussen,-0.729540750907147,-0.03986682855530338,0.14759279310013382,0.019599660044623206,44,3,2018-15,Haas F1 Team
leclerc,-0.4555429601676355,0.017240783922322204,0.15746080873685145,0.013212802152762194,53,2,2018-15,Sauber
max_verstappen,1.5684257025020856,0.03937036697046353,0.11835545615904022,0.011039393109623463,54,2,2018-15,Red Bull Racing
perez,-0.049695650360122995,-0.006442121694415267,0.13023936325544638,0.017873255427531192,48,4,2018-15,Racing Point
raikkonen,1.3796942268648154,-0.014065612804498969,0.11833593181376569,0.010997804899802247,54,2,2018-15,Ferrari
ricciardo,1.0366645092971902,-0.01265382838321399,0.25842336613220207,0.02208181542012288,54,2,2018-15,Red Bull Racing
sainz,-0.45338203178950365,0.03417585501380144,0.1668586692203487,0.014347758892785372,53,2,2018-15,Renault
sirotkin,-0.9897619641648243,-0.005182153075421855,0.3566441797351786,0.016406572212226703,45,1,2018-15,Williams
stroll,-1.0354445064061346,0.014161308252072496,0.10731496731726525,0.012200756814610076,53,2,2018-15,Williams
vandoorne,-1.2103641779756644,0.0216408070420423,0.19090259597134587,0.01052507524353394,53,2,2018-15,McLaren
vettel,1.589598002657767,-0.054045258808756824,0.12968960358165674,0.010840816731837554,54,2,2018-15,Ferrari
alonso,-0.7013101710438496,-0.004992193164592307,0.07601004394444973,0.00923510177524878,40,2,2018-17,McLaren
bottas,1.260809903066341,0.02415207809920895,0.14734770168774544,0.015128804032207887,41,2,2018-17,Mercedes
brendon_hartley,-0.8834611272276605,-0.01761171057246572,0.13768814821963987,0.014981431153240873,40,2,2018-17,Toro Rosso
ericsson,-0.7835408901723154,0.007238467054045167,0.10569652467564523,0.006470700457897843,42,2,2018-17,Sauber
gasly,-0.1780351700318259,-0.05620432813183164,0.2250677906013538,0.023763791980020554,39,2,2018-17,Toro Rosso
grosjean,-0.16095095075012789,-0.0030895640070210282,0.09684667731547109,0.009550071870140765,40,2,2018-17,Haas F1 Team
hamilton,1.2794572493514214,0.062051549809770803,0.12803074926995056,0.015821846560355058,39,2,2018-17,Mercedes
hulkenberg,-0.667363427526562,-0.009087583106003886,0.09137975066777257,0.011527925925579927,26,2,2018-17,Renault
leclerc,-0.24208473819623366,0.015181577696727799,0.24938364444582375,0.02417924747690168,26,1,2018-17,Sauber
max_verstappen,1.4918135202277718,-0.002981196307128664,0.07987435247630466,0.008807164006905389,37,2,2018-17,Red Bull Racing
ocon,-0.14870484148724672,0.065581542266908,0.1084474467615499,0.012816346497201493,40,2,2018-17,Racing Point
perez,0.15560071117698393,0.017242586390737728,0.08857913936457165,0.009407856915473427,40,2,2018-17,Racing Point
raikkonen,1.370750891185845,-0.07253160341560476,0.15852306600782823,0.015476480479853682,39,2,2018-17,Ferrari
ricciardo,1.3800123621475524,0.027306028390746594,0.10777278533756415,0.012637468491719657,41,2,2018-17,Red Bull Racing
sainz,-0.32488426108063506,-0.010233355476789819,0.06693985755703409,0.006930969591195297,39,2,2018-17,Renault
sirotkin,-1.220865425076291,0.014719275662841601,0.08740548639447329,0.010235400054278103,41,3,2018-17,Williams
stroll,-1.0691148186695822,-0.06430016417265004,0.08061699008115684,0.013159652887726336,40,3,2018-17,Williams
vandoorne,-1.144744952087951,0.02992106145188551,0.12170787509674703,0.013945950828402,40,2,2018-17,McLaren
vettel,0.5866161361943643,-0.022362468468784303,0.1636781458826574,0.019236719633833204,36,2,2018-17,Ferrari
bottas,1.0732562599333786,0.0061717121109154316,0.12234238812304803,0.012508218930053246,47,2,2018-18,Mercedes
brendon_hartley,-0.8355146206865101,0.028173849275452613,0.13727216430253922,0.015459007825506917,46,2,2018-18,Toro Rosso
ericsson,-0.4441552003270601,-0.007044377862919068,0.15837548052550116,0.01659751564799165,46,2,2018-18,Sauber
gasly,-0.9064927051705793,-0.05563337937616659,0.07383875125791003,0.011527629920752609,46,3,2018-18,Toro Rosso
hamilton,1.7042885426333632,-0.08302366744341805,0.11834185108384696,0.02092176248509184,47,3,2018-18,Mercedes
hulkenberg,-0.2605840150513344,0.04548487506849296,0.07002600607238534,0.00835836119839872,47,2,2018-18,Renault
kevin_magnussen,-0.03659794177357251,0.000636485936275708,0.12633841899346984,0.012598572572460925,47,2,2018-18,Haas F1 Team
leclerc,-0.9799646011542296,-0.008954962431773392,0.11211680124171998,0.010496767391309862,18,1,2018-18,Sauber
max_verstappen,1.4994855761019816,0.009446441425399792,0.07703050410520473,0.008446750400830887,47,2,2018-18,Red Bull Racing
ocon,-0.3070973593824768,0.03686941987592001,0.09453859947277654,0.008752983081319247,47,2,2018-18,Racing Point
perez,-0.02196642769374124,0.027336068068237677,0.13627827796396932,0.014193516814139079,46,2,2018-18,Racing Point
raikkonen,1.5130798581752143,0.0037845769039083687,0.10854896857598774,0.00998753180898429,46,2,2018-18,Ferrari
sainz,-0.13525287195773178,0.007802495032181936,0.10058122867744616,0.010128779792066799,47,2,2018-18,Renault
sirotkin,-1.3867280540561318,-0.06439735517749808,0.10944391961201573,0.023629804678248167,46,3,2018-18,Williams
stroll,-1.4423482508178356,0.06814004022048185,0.17887970400440178,0.03279446270950261,15,2,2018-18,Williams
vandoorne,-0.7054858611364095,0.001252848185221137,0.0690438974597439,0.009603689702611677,46,3,2018-18,McLaren
vettel,1.6720776723636754,-0.016045069810712312,0.1070238948632622,0.009694585893479973,45,2,2018-18,Ferrari
bottas,1.6629237205483016,-0.009613573080502584,0.09743792832969429,0.007384603324880194,56,4,2018-19,Mercedes
brendon_hartley,-0.35328612112094626,-0.04571895386827373,0.2454935578673757,0.015834044091048907,53,2,2018-19,Toro Rosso
ericsson,-1.5512912631126583,0.01509229846287908,0.26032174064473385,0.014197555378844534,57,2,2018-19,Sauber
gasly,-0.8830736312356984,0.008973081547076218,0.279060652621808,0.01668320341337198,51,3,2018-19,Toro Rosso
grosjean,-1.239544293553437,-0.027744670378079143,0.18737883693833465,0.013211284829065075,55,3,2018-19,Haas F1 Team
hamilton,2.0396932713054365,-0.029486238910934152,0.11808449590082165,0.008688559026006012,56,3,2018-19,Mercedes
hulkenberg,-1.0477362375682522,0.011008651502127605,0.16418285333208138,0.010483815244856516,57,2,2018-19,Renault
kevin_magnussen,-1.2438260270238004,-0.018191531270404064,0.28718923315363204,0.02052496615912282,56,2,2018-19,Haas F1 Team
leclerc,-1.6852452726851073,0.03715493996556347,0.3397384191659265,0.016078556814136953,57,2,2018-19,Sauber
max_verstappen,2.803290610469577,-0.007172127769852758,0.13772968373138475,0.01283570437839096,55,3,2018-19,Red Bull Racing
ocon,-0.6383095100214563,0.02237655502563552,0.4267496473217837,0.029355691454715834,49,2,2018-19,Racing Point
perez,-0.6974460902520716,-0.024399827150234525,0.23195640301468443,0.02877212113426717,29,2,2018-19,Racing Point
raikkonen,2.1862820714723883,-0.014440081778102458,0.22561418854372714,0.010003318018033246,59,2,2018-19,Ferrari
ricciardo,2.134671754744147,0.018132819614417296,0.20892745452887593,0.012524930851355516,50,2,2018-19,Red Bull Racing
sainz,-0.8563304733291679,0.014793953258976152,0.16937407247774416,0.03936511579173108,20,2,2018-19,Renault
sirotkin,-1.4298073565306437,0.011963181189426193,0.26570977833064513,0.014696098926310693,56,2,2018-19,Williams
stroll,-0.9874480768076938,-0.012221285733325309,0.16521596368662717,0.012860230861589078,54,3,2018-19,Williams
vandoorne,-0.8713495191094581,0.00023620637089128566,0.20755801977159988,0.009874780905290613,57,2,2018-19,McLaren
vettel,2.6578324438105394,0.0492566030027159,0.1364702919104038,0.0156280744976792,57,3,2018-19,Ferrari
alonso,-1.129804891663903,-0.005919267092850055,0.17390082738239263,0.013782279582608454,60,3,2018-20,McLaren
bottas,0.8477278837573319,0.025284425964615012,0.12576129863272975,0.011460756944932537,63,3,2018-20,Mercedes
brendon_hartley,-1.1442318551364608,0.021432083556784512,0.22238348410539455,0.010827817765263393,64,2,2018-20,Toro Rosso
ericsson,-0.369941558351807,-0.16403047150697636,0.19482897956723522,0.029197946925481846,16,1,2018-20,Sauber
gasly,-0.7221694198667183,-0.04811434661584234,0.10873744482568781,0.00744755714546222,63,2,2018-20,Toro Rosso
grosjean,0.36418747048706734,-0.0009633420947699704,0.09593078665220744,0.007072061130628678,65,2,2018-20,Haas F1 Team
hamilton,0.7890615993614771,0.02870442877295047,0.11090761380891205,0.006484629612388419,65,2,2018-20,Mercedes
hulkenberg,-0.4214391115057713,0.063090709389725,0.17355425262639937,0.018050794118606824,24,1,2018-20,Renault
kevin_magnussen,0.14824544017167707,0.03372421693836193,0.10910787481182302,0.008090350156744495,65,2,2018-20,Haas F1 Team
leclerc,0.23508483828834947,0.0264934800853784,0.12662718864513933,0.008013053142863677,64,2,2018-20,Sauber
max_verstappen,1.4155849242703888,0.02460760251122597,0.11099756429602751,0.008528920844215906,64,2,2018-20,Red Bull Racing
ocon,-0.29420241954406834,0.033754277529291346,0.13931150438232243,0.010490661320266178,59,3,2018-20,Racing Point
perez,-0.22594629784773623,0.023121912003807324,0.13842840926599512,0.010982272276432333,64,2,2018-20,Racing Point
raikkonen,1.3649453139157675,0.010567409585567357,0.11458240354137167,0.0084795576221577,65,2,2018-20,Ferrari
ricciardo,1.330628958293097,0.038787865474402064,0.13815278011669702,0.010066819637380375,65,2,2018-20,Red Bull Racing
sainz,-0.4095497400169551,-0.05509743807991206,0.11638463448823214,0.015691780090368684,61,3,2018-20,Renault
sirotkin,-0.9496676445269507,-0.037169576948677716,0.11304440470425917,0.00668256773234613,63,2,2018-20,Williams
stroll,-0.8966106604026356,-0.038178539806834375,0.11906949384850452,0.008443829858906165,61,3,2018-20,Williams
vandoorne,-1.1830910961471728,0.022634024698316893,0.13448011424968506,0.010712892071807102,63,2,2018-20,McLaren
vettel,1.2511882664650231,-0.0027294543645633874,0.10088437289112681,0.011812165171591922,63,3,2018-20,Ferrari
albon,-0.5413054163420037,-0.01816169174747041,0.1222607598586191,0.010857494302451406,52,2,2019-01,Toro Rosso
bottas,1.7064958775479693,-0.02958624464919689,0.08933308144387309,0.008408696883000763,53,2,2019-01,Mercedes
gasly,0.4722384231160487,0.016225294137554237,0.19101068135301882,0.015883335283239215,52,2,2019-01,Red Bull Racing
giovinazzi,-1.0057525230499456,-0.016726034419231425,0.11172234217060273,0.012991865135052374,52,2,2019-01,Alfa Romeo Racing
grosjean,-0.0776052141948802,-0.04902742784042542,0.1132685039706266,0.02958931479109065,23,2,2019-01,Haas F1 Team
hamilton,1.31040689629459,-0.0025669373549539846,0.09225529050887162,0.007725532693314692,53,2,2019-01,Mercedes
hulkenberg,0.14885740545997223,0.050684831151107376,0.10091951292059483,0.011030891371829171,52,2,2019-01,Renault
kevin_magnussen,0.17053892199499399,-0.010404030565430555,0.09980213947929711,0.00825491663045102,53,2,2019-01,Haas F1 Team
kubica,-2.8962013324719353,-0.029732266007404484,0.18091161934117275,0.032245204964179805,48,3,2019-01,Williams
kvyat,0.5295523181747877,0.04088326757357218,0.13811520891899506,0.012115614410950472,50,2,2019-01,Toro Rosso
leclerc,0.5336930889686201,0.010308130809555598,0.1596823013449704,0.017238535192280805,52,2,2019-01,Ferrari
max_verstappen,1.6059083156105898,-0.021122774197414384,0.09502757099803329,0.010457293556377364,53,2,2019-01,Red Bull Racing
norris,-0.2976357935487642,-0.0017825421674721557,0.19760024636199675,0.019505835456217816,51,2,2019-01,McLaren
perez,-0.41049861341068933,0.03894913786627434,0.1400885185830344,0.013847021744395827,52,2,2019-01,Racing Point
raikkonen,0.24443909716084974,-0.0007426079966656,0.08279531835223279,0.007222058830679129,52,2,2019-01,Alfa Romeo Racing
ricciardo,-0.653363148101058,0.0542724855300316,0.1510812207593359,0.013834963951069009,23,1,2019-01,Renault
russell,-2.2652818729227766,-0.012882592663406866,0.08723331592660856,0.010962232330731155,49,3,2019-01,Williams
stroll,0.08914125342265701,0.04724853712721665,0.10046177398362721,0.0100328016069961,52,2,2019-01,Racing Point
vettel,1.336372316290974,-0.06583653458623978,0.07621620662265931,0.007314934070799008,53,2,2019-01,Ferrari
albon,-0.16802397182633622,0.052143045747449226,0.17078823591824138,0.01844751036034756,40,3,2019-02,Toro Rosso
bottas,0.9052443428533878,0.0227115448599048,0.0734769504785907,0.012502941473731436,43,3,2019-02,Mercedes
gasly,0.2866313622194349,-0.009957253515804024,0.0486966070930839,0.009484434245318323,42,3,2019-02,Red Bull Racing
giovinazzi,-0.47162717097506285,-0.004176781923919057,0.05559990208408413,0.008295380236547844,35,3,2019-02,Alfa Romeo Racing
hamilton,1.1627562855390403,-0.08322023033943686,0.07340497329447333,0.014155877975697638,41,3,2019-02,Mercedes
hulkenberg,0.17853365311456165,0.013227068291357516,0.14336483080116239,0.03418673486943268,38,3,2019-02,Renault
kevin_magnussen,-0.4816326652111315,-0.045726182272684976,0.09129182178110494,0.016163766765402626,40,3,2019-02,Haas F1 Team
kubica,-2.239335794147198,-0.04985800693457164,0.10589441217171221,0.0207681898790007,40,3,2019-02,Williams
kvyat,-0.23662662305470267,0.013070482856769997,0.056293476536831935,0.010827993696141652,36,3,2019-02,Toro Rosso
leclerc,1.4144863907949998,-0.037703727867287956,0.07772726484364201,0.013034607520088625,42,3,2019-02,Ferrari
max_verstappen,0.7061377178019166,0.03260971196246279,0.1319785034990068,0.020613748354178736,38,3,2019-02,Red Bull Racing
norris,0.20683074555310083,0.0725783324642957,0.14282026496691358,0.012557555821264966,40,3,2019-02,McLaren
perez,-0.1967974037560251,0.0014397934927786876,0.1217802091723237,0.01701699884291964,40,3,2019-02,Racing Point
raikkonen,0.3120181342834139,0.009638765450986866,0.13609873718085233,0.020481151251861864,40,3,2019-02,Alfa Romeo Racing
ricciardo,-0.417881461303551,0.06602241427163698,0.1681542037419952,0.018617753441814978,39,2,2019-02,Renault
russell,-1.6725032247110054,-0.019431767293333055,0.11223193805172385,0.018400157289246304,41,3,2019-02,Williams
sainz,0.036626876570332145,-0.03329071901680945,0.04834770154872906,0.012534597325926673,33,4,2019-02,McLaren
stroll,-0.5799975883998857,0.039760111337645246,0.10991923479663057,0.010507444848343272,38,2,2019-02,Racing Point
vettel,1.2551603946547116,-0.03983660157144074,0.04934153748360125,0.010319624332513736,37,3,2019-02,Ferrari
albon,-0.38390943877484934,0.02586520934128992,0.08698225653135512,0.008549651959923183,50,2,2019-03,Toro Rosso
bottas,1.5422356276766083,-0.0005653980922685972,0.07812815651176852,0.012361726393537244,49,3,2019-03,Mercedes
gasly,0.49953221841343365,0.012250000973436238,0.05455024676481227,0.009929267113214924,47,4,2019-03,Red Bull Racing
giovinazzi,-0.7110467699087302,-0.006588826522848597,0.13617288884344425,0.01767296256684429,48,3,2019-03,Alfa Romeo Racing
grosjean,-0.30305955732112067,0.009534646037884474,0.05425376162674776,0.00698106459648706,48,3,2019-03,Haas F1 Team
hamilton,1.7806061710179146,0.0017912408987294862,0.043573058561499595,0.007615445425176142,48,3,2019-03,Mercedes
kevin_magnussen,-0.5427562348252053,-0.01555659615610757,0.07015800257404649,0.01223820416184965,48,3,2019-03,Haas F1 Team
kubica,-2.213141273200013,-0.006172541681933673,0.08056321096652144,0.012392136430652742,49,2,2019-03,Williams
kvyat,-0.11955240385030541,-0.004964293303674504,0.0516373613989834,0.009181581438896705,27,4,2019-03,Toro Rosso
leclerc,1.2928967648456826,-0.034672238486314434,0.04515681002567118,0.007368371131176454,49,3,2019-03,Ferrari
max_verstappen,1.2437030016955182,-0.012192262249231055,0.06745643347733628,0.014299503007626802,43,3,2019-03,Red Bull Racing
norris,-0.5844665221827012,-0.00791341092854627,0.06286811135000327,0.016130231086730187,39,3,2019-03,McLaren
perez,-0.2541894492303334,0.038564856603205445,0.1066001583994092,0.010852856690971715,50,2,2019-03,Racing Point
raikkonen,-0.13456494233361077,-0.02738086747055598,0.0907715442815234,0.009886005911863503,50,2,2019-03,Alfa Romeo Racing
ricciardo,-0.1292614107971194,0.03747984187605339,0.14234025500007352,0.017181328836024513,50,2,2019-03,Renault
russell,-1.8123908295406435,-0.06346453915740849,0.091920041987547,0.013614272393684321,47,3,2019-03,Williams
sainz,-0.08655143299933366,0.026124890414079872,0.06335183095936488,0.007435622609226866,47,2,2019-03,McLaren
stroll,-0.6196232458115863,0.04446484328061711,0.06787457026158814,0.011626810510880842,48,3,2019-03,Racing Point
vettel,1.5355397271263937,-0.01660455537640678,0.07230094282765913,0.014222084089938311,43,3,2019-03,Ferrari
albon,-0.5123103956493482,0.006093072060817755,0.15492643877496962,0.011426887724190421,40,2,2019-04,Toro Rosso
bottas,1.807189656289891,-0.01946219460073086,0.08523771095597893,0.006127802440342338,40,2,2019-04,Mercedes
gasly,0.3101360338792925,0.0475657559266222,0.14291812338238494,0.01583891965322686,31,1,2019-04,Red Bull Racing
giovinazzi,-0.2314017001771777,0.014246195552447948,0.09361668603487867,0.0068801291217986124,41,2,2019-04,Alfa Romeo Racing
grosjean,-1.3993157808704144,0.012715032571821685,0.1437826687507882,0.013350845412675467,29,1,2019-04,Haas F1 Team
hamilton,1.9842834806277296,-0.016245575174615574,0.08439531027798965,0.006838484358663097,41,2,2019-04,Mercedes
hulkenberg,-0.7934588872673822,-0.028498089547968192,0.1277862150843608,0.020460425443358483,38,3,2019-04,Renault
kevin_magnussen,-0.7294705880316132,-0.026018595790557337,0.13467432031928248,0.015238099715106227,41,3,2019-04,Haas F1 Team
kubica,-2.440578318728939,0.0013905418437283358,0.07404644664928693,0.010323509465401568,36,4,2019-04,Williams
kvyat,-0.1835489701156105,-0.0053265540661643525,0.06937850232441578,0.009295298643046212,27,2,2019-04,Toro Rosso
leclerc,0.9677337567942903,0.014366815946138405,0.07190677618441815,0.006897912993362958,39,3,2019-04,Ferrari
max_verstappen,1.7660591952862204,-0.04740272031558303,0.08103548165675054,0.006121768094588092,41,2,2019-04,Red Bull Racing
norris,0.2894735189418816,0.013822400888088376,0.07080793656300419,0.007002535569233773,42,3,2019-04,McLaren
perez,0.2059336346814668,0.006661020979721804,0.12942437397083367,0.008940510269076038,42,2,2019-04,Racing Point
raikkonen,-0.38706975464303295,-0.0011886826265362256,0.08287205078911765,0.0060920774179634325,41,2,2019-04,Alfa Romeo Racing
ricciardo,-0.08765746840681055,0.07399856310539375,0.12977082935154324,0.02244411415531396,26,2,2019-04,Renault
russell,-2.2092094756879233,-0.03813404746235473,0.13484456126315877,0.017639439798392702,39,3,2019-04,Williams
sainz,0.14425569312644532,-0.0018037713250856659,0.09846367811020233,0.007148703644682149,42,2,2019-04,McLaren
stroll,-0.2068784407737207,0.012374326238980531,0.084523559963068,0.006704025946396,42,2,2019-04,Racing Point
vettel,1.7058348107247556,-0.019153494204164807,0.07700854945529147,0.005425281228704501,41,2,2019-04,Ferrari
albon,0.017696936118304363,0.0006418437561803373,0.07651420141586682,0.010693591775785048,54,3,2019-05,Toro Rosso
bottas,1.7001003301932873,-0.0027123003856927346,0.13516177376219643,0.01539096805007876,54,3,2019-05,Mercedes
gasly,0.8363620671014796,-0.01075429374706164,0.07828877212446468,0.010435772785276772,54,3,2019-05,Red Bull Racing
giovinazzi,-0.814962846568351,0.005550971339698085,0.12032744126433152,0.012769434219263543,51,3,2019-05,Alfa Romeo Racing
grosjean,0.39850622521055523,-0.011618605105074002,0.047548017001911545,0.006063342326595276,51,3,2019-05,Haas F1 Team
hamilton,1.7939536458360155,0.023755646821001605,0.10324461328015136,0.012523733423989665,54,3,2019-05,Mercedes
hulkenberg,-0.448044629131777,0.014707137170882865,0.13480691531629105,0.010474727725928168,54,2,2019-05,Renault
kevin_magnussen,-0.08953274676627376,0.014755253992745292,0.060094988146487865,0.008294407438915751,54,3,2019-05,Haas F1 Team
kubica,-3.019891523992546,-0.018196937183222663,0.20358426862226667,0.025479316987787753,52,3,2019-05,Williams
kvyat,0.13724841532962573,0.018878089217524707,0.06704619444953427,0.009179048582655693,54,3,2019-05,Toro Rosso
leclerc,1.4430110270233216,-0.012794764049205022,0.09021483419675842,0.012758408393953312,54,3,2019-05,Ferrari
max_verstappen,1.5609773732477734,-0.016086155460619513,0.0678164860416146,0.009277809609690026,52,3,2019-05,Red Bull Racing
norris,-0.4029645262586381,-0.003801002373178464,0.08241235654410109,0.011699177480917557,38,2,2019-05,McLaren
perez,-0.6859349330678564,-0.007465445096659396,0.06904871235085078,0.011007765379663468,54,3,2019-05,Racing Point
raikkonen,-0.5175960958981799,-0.004024064725596222,0.07772723881945307,0.010996652647124428,53,3,2019-05,Alfa Romeo Racing
ricciardo,0.0039381363798335345,0.016098259900058275,0.12043841518578367,0.01638617964988231,54,3,2019-05,Renault
russell,-2.4921358057799194,-0.012361160943178885,0.22770107091372463,0.023105907292392362,53,3,2019-05,Williams
sainz,-0.3785483813377394,-0.0013360460496174905,0.06374919894903047,0.00836841113352277,51,3,2019-05,McLaren
stroll,-0.6171273304164313,0.004398467885316803,0.0882306904603333,0.01514213890347011,38,2,2019-05,Racing Point
vettel,1.5749446627775168,0.0023651050356980558,0.1286887972857751,0.014842760383444538,52,3,2019-05,Ferrari
albon,-0.7578280902180294,-0.006415945558193166,0.4038056263451549,0.014734066309732822,43,1,2019-07,Toro Rosso
bottas,1.0498874218038665,0.020756115621427512,0.13620691722109823,0.00958798724517704,59,3,2019-07,Mercedes
gasly,0.4400921823042657,-0.01079183428376382,0.1870613981215073,0.007022164922728034,57,2,2019-07,Red Bull Racing
giovinazzi,-0.6232679092007333,0.020928905249553834,0.09924987175107221,0.007471368370688826,53,2,2019-07,Alfa Romeo Racing
grosjean,-0.6682329926815834,0.012948554527530074,0.11379800327282465,0.010256035776829285,56,2,2019-07,Haas F1 Team
hamilton,2.0969679544971225,-0.022804288097852704,0.08887349508378871,0.0057837466080882605,54,2,2019-07,Mercedes
hulkenberg,0.4828022386265831,-0.01386020927623169,0.19650782606706724,0.010043982698112587,57,2,2019-07,Renault
kevin_magnussen,-1.9158838956902011,0.010633020940007369,0.16456362917245135,0.013134670074944062,57,2,2019-07,Haas F1 Team
kubica,-2.8201154237657446,0.03207540063631639,0.12004902277113928,0.012172431991542342,55,3,2019-07,Williams
kvyat,-0.38820749412893873,0.008042742447119526,0.13267266411194367,0.0057699666130709305,60,2,2019-07,Toro Rosso
leclerc,1.7594041613212503,-0.004848589461368598,0.0905342601883714,0.006011914238740352,57,2,2019-07,Ferrari
max_verstappen,0.9182478820043392,-0.008254073985839801,0.11040643061061844,0.005907998710205153,59,2,2019-07,Red Bull Racing
perez,-0.27070630086222514,-0.0002313256593522734,0.10461968105786063,0.0050554469777388325,57,2,2019-07,Racing Point
raikkonen,-0.405496121677807,-0.004130800298095845,0.08988034326625194,0.004266631661666006,56,3,2019-07,Alfa Romeo Racing
ricciardo,0.7183446072437696,-0.021825297370129143,0.15061823890096868,0.005555327742588636,58,2,2019-07,Renault
russell,-1.6441746309778569,0.006542070528569614,0.15845607534656345,0.0070033772999351235,57,2,2019-07,Williams
sainz,0.37116388701371084,-0.019785574959887003,0.19319936840619464,0.006254605125149518,57,2,2019-07,McLaren
stroll,-0.2727873564477572,0.02270624658055473,0.10694223145916705,0.006462635306225,58,2,2019-07,Racing Point
vettel,1.9297898808359688,-0.021685117580364982,0.12280417035198915,0.0071045291427747105,54,2,2019-07,Ferrari
albon,-0.4466449592104359,-0.014399700353878348,0.0577115994984244,0.009151867000804075,44,2,2019-08,Toro Rosso
bottas,1.7018459596478173,-0.05013230649020557,0.0986361544451918,0.010640249540261845,46,2,2019-08,Mercedes
gasly,-0.07247313494141071,-0.003950159278009974,0.09183254932432094,0.008775793569373767,43,2,2019-08,Red Bull Racing
giovinazzi,-0.5205714297329863,-0.0009589446771752393,0.05351422868017675,0.00763944226075015,43,3,2019-08,Alfa Romeo Racing
grosjean,-0.6789142149473318,0.043984482704413394,0.054978520810013684,0.006178008361636507,31,2,2019-08,Haas F1 Team
hamilton,1.7796778689090846,-0.02623866629323331,0.08683079777428632,0.008979959688163796,44,2,2019-08,Mercedes
hulkenberg,0.13944729046624066,0.04150905489086802,0.08567153894905365,0.008419295114803287,44,2,2019-08,Renault
kevin_magnussen,-0.9296641960435255,0.01371024142693648,0.13305354317280346,0.01012819999185398,44,2,2019-08,Haas F1 Team
kubica,-2.3529375242639334,-0.03315331386624705,0.17556151854974583,0.02173519029728088,43,2,2019-08,Williams
kvyat,-0.14920330917290447,-3.086255534269847e-05,0.11719343280851999,0.01005484151318624,44,2,2019-08,Toro Rosso
leclerc,1.4086585522183332,-0.005651008434136715,0.05137362086329836,0.0057601141374785635,46,2,2019-08,Ferrari
max_verstappen,1.3460749671000036,-0.032651574641298156,0.10327226155165574,0.010307632322066638,45,2,2019-08,Red Bull Racing
norris,-0.08830797243989681,0.010708099650198071,0.04888067502431469,0.004359739826730724,43,2,2019-08,McLaren
perez,-0.012210764449939251,0.005190112497478066,0.0909036801395788,0.010024190528141732,44,2,2019-08,Racing Point
raikkonen,-0.058169464506342514,0.015101537820198557,0.05711909157645535,0.006189888459427395,43,2,2019-08,Alfa Romeo Racing
ricciardo,-0.037974255253268044,0.02052648085278667,0.05167846179057476,0.005877181460405377,38,2,2019-08,Renault
russell,-1.9497824498786829,-0.0201657652143394,0.06692462599456135,0.012800685580085226,42,3,2019-08,Williams
sainz,-0.23722970481159245,0.02736036827326031,0.06163627527573504,0.006496184304585088,44,2,2019-08,McLaren
stroll,-0.030484943955996782,0.004972949815146659,0.15313327739833196,0.01082317598846957,44,2,2019-08,Racing Point
vettel,1.1888636852667667,0.004268973872580222,0.09286242779239001,0.011283670578067463,42,2,2019-08,Ferrari
albon,-0.11855502933019757,0.00034370559683267674,0.1261486965954872,0.009853109537153619,66,2,2019-09,Toro Rosso
bottas,1.384925894277087,-0.02014411585575217,0.09289712735764583,0.005229145784149094,67,2,2019-09,Mercedes
gasly,0.40558763828456945,-0.011974269735120113,0.12817768987852782,0.007980225447884185,66,2,2019-09,Red Bull Racing
giovinazzi,-0.32827072720489586,0.010845467601281533,0.07127584942184421,0.004336665679887077,66,2,2019-09,Alfa Romeo Racing
grosjean,-0.47133175488995105,0.007738842821071356,0.1056704073052972,0.008420557178192492,66,2,2019-09,Haas F1 Team
hamilton,1.1406482165140193,0.012010421845651747,0.10032509404023411,0.006192752997468305,67,2,2019-09,Mercedes
hulkenberg,-0.23844041084088813,0.005175921750629652,0.06042266811930353,0.004549861534627247,66,2,2019-09,Renault
kevin_magnussen,-1.266417899136633,0.03208900879964367,0.18130828944350216,0.009593839379164866,61,3,2019-09,Haas F1 Team
kubica,-2.504172208113721,-0.0018451811290682192,0.11176800818599247,0.011735872270443653,64,2,2019-09,Williams
kvyat,-0.6855265664534614,-0.023917925954026854,0.08984917619693976,0.006406895224020641,66,2,2019-09,Toro Rosso
leclerc,1.2896667251651772,0.005467162132484282,0.12950473850795133,0.00753380489624184,65,2,2019-09,Ferrari
max_verstappen,1.373846393859845,0.03083207370374925,0.062968597953883,0.005139405400867936,64,2,2019-09,Red Bull Racing
norris,0.30783128088035716,-0.017525359087592497,0.0669727698561909,0.005292725209236324,63,2,2019-09,McLaren
perez,-0.09419984426187189,0.00048462194452742954,0.06907906934138246,0.004940188167693282,66,2,2019-09,Racing Point
raikkonen,-0.42555060237303355,0.012754271032600888,0.10047819137800368,0.00602157374420494,63,2,2019-09,Alfa Romeo Racing
ricciardo,-0.01541644500180328,-0.013693492506177508,0.10824912568684066,0.007283000295349609,66,2,2019-09,Renault
russell,-1.3754910790823502,0.007040746144906417,0.10023423506948881,0.007749091897305367,65,2,2019-09,Williams
sainz,0.32351314993804847,-0.022539689280362974,0.2346266450116706,0.01667861620835616,66,2,2019-09,McLaren
stroll,-0.15317769583367125,-0.006391913957900553,0.09901746976478834,0.007094700877730184,66,2,2019-09,Racing Point
vettel,1.4505309636033759,-0.00675029586737801,0.06050992842269708,0.006138556171641142,64,3,2019-09,Ferrari
albon,-0.06272072977259155,-0.058103459245552956,0.07413483738509727,0.007644688576113907,36,2,2019-10,Toro Rosso
bottas,1.396373101277523,0.004712737397544818,0.05601601640320442,0.00787418134979857,39,3,2019-10,Mercedes
gasly,0.8604585353107819,-0.007892991127171935,0.11296798368494991,0.00989255943806709,40,2,2019-10,Red Bull Racing
hamilton,1.6826559725290569,-0.008749859140178513,0.06161573561365726,0.0066614533900439974,43,2,2019-10,Mercedes
hulkenberg,-0.171058170586524,-0.010134116871779474,0.07791409441445178,0.006574048954584304,39,2,2019-10,Renault
kubica,-2.1752633675198156,-0.017953154693749605,0.09259435266405293,0.010561203852820963,41,2,2019-10,Williams
kvyat,-0.6366271796766882,0.038244426066840705,0.06673602933277815,0.006356956388619913,40,3,2019-10,Toro Rosso
leclerc,0.8293897025927413,-0.007597236267263989,0.07046034011742759,0.010141048498876346,40,3,2019-10,Ferrari
max_verstappen,1.2091860342996736,-0.019831972727800483,0.0665624908403612,0.007753223719598579,39,3,2019-10,Red Bull Racing
norris,-0.21526877699636698,-0.002072625303991514,0.0426025423733782,0.00800685088787351,34,3,2019-10,McLaren
perez,-0.4618129324474079,0.008210184551090051,0.0642377938608671,0.01489036449128927,36,3,2019-10,Racing Point
raikkonen,-0.5291886210892827,0.012314865731826975,0.08571407509544118,0.007262316196992487,40,2,2019-10,Alfa Romeo Racing
ricciardo,-0.006421079805244201,0.016865791434811574,0.04791511039542091,0.006213191548130931,40,3,2019-10,Renault
russell,-1.9058267291418436,0.0022700608927723534,0.08514618924297279,0.008921024317079477,41,2,2019-10,Williams
sainz,-0.32180680016342456,0.015313326938871198,0.04305869468970555,0.004750989897449452,43,2,2019-10,McLaren
stroll,-0.2884968388200817,0.009204984870446277,0.0488386687952495,0.007884504286921635,38,3,2019-10,Racing Point
vettel,0.7964278800094935,0.02519903749328458,0.08586352634054882,0.016884266567180433,39,3,2019-10,Ferrari
albon,-0.37905588078401875,0.027088875884607778,0.09057311411748764,0.007444563886443714,59,2,2019-12,Toro Rosso
bottas,0.8885728760043996,0.0071697493476048126,0.18814726003126814,0.013565788040118756,58,3,2019-12,Mercedes
gasly,0.44388963825055194,0.011224578092104798,0.12470175218416399,0.009033122149152806,64,2,2019-12,Red Bull Racing
giovinazzi,-0.8948360294822242,-0.024165764277687084,0.13318241625231164,0.0077856255808802805,63,2,2019-12,Alfa Romeo Racing
grosjean,-0.9909922929714419,-0.0030285791026387447,0.07714297097312317,0.008763000111641772,42,2,2019-12,Haas F1 Team
hamilton,2.516703095401499,-0.03476008114439892,0.15216442410408945,0.013001107796775843,62,3,2019-12,Mercedes
hulkenberg,-0.7102411548896601,0.016340845452341813,0.08521243356855146,0.007228797720313307,64,2,2019-12,Renault
kevin_magnussen,-0.8106331166901367,0.031104205654357692,0.09430750024951273,0.00785924205028662,64,2,2019-12,Haas F1 Team
kubica,-1.7771849172789627,-0.014462507715865946,0.11876049151865105,0.007825042466775055,62,2,2019-12,Williams
kvyat,-0.08706737932615971,-0.013853214598260066,0.1358888970883363,0.01078541962950714,63,2,2019-12,Toro Rosso
leclerc,1.2547853671706053,-0.022897845198654298,0.1822044436381178,0.012805138938025002,62,2,2019-12,Ferrari
max_verstappen,2.157105658154122,0.002035183325492119,0.20885205775492455,0.016980858241763513,63,3,2019-12,Red Bull Racing
norris,0.0460245597611626,0.015074730010280302,0.08059711992338928,0.006182339972510357,64,2,2019-12,McLaren
perez,-0.280784206131764,0.006116049108538402,0.12554285593676476,0.008833834352772634,59,2,2019-12,Racing Point
raikkonen,0.10561779803839477,0.017891099311658793,0.10028582226712356,0.00812610507964472,64,2,2019-12,Alfa Romeo Racing
ricciardo,-0.2101218771589054,0.010859221520825014,0.12777237356761514,0.007884368767937229,64,2,2019-12,Renault
russell,-1.4972249423462631,0.004478275477178429,0.12919890037312937,0.0086839926502254,63,2,2019-12,Williams
sainz,-0.08139704265278425,0.020924246406571024,0.12675131524978064,0.009326925604534042,64,2,2019-12,McLaren
stroll,-1.3200328190502448,0.00014298922941784545,0.09039364796315653,0.010947928011389286,61,3,2019-12,Racing Point
vettel,1.6268726659818313,-0.057282056783473756,0.1156106578142278,0.00786502760230643,65,2,2019-12,Ferrari
albon,0.12710777223614933,0.07041252104650744,0.09835785203248236,0.016704261101186755,35,2,2019-13,Red Bull Racing
bottas,1.4307685963996255,-0.026115207406445212,0.09212131288650663,0.010857657587191096,37,2,2019-13,Mercedes
gasly,-0.2308797221671307,0.024101069088880073,0.07238784442031444,0.011680190461225218,30,2,2019-13,Toro Rosso
giovinazzi,-0.10620263862686208,0.049974921296814356,0.12347155725726064,0.012929377082886278,30,2,2019-13,Alfa Romeo Racing
grosjean,-0.29910851480779777,-0.05000374459734863,0.06880055488394109,0.011636902930506034,34,2,2019-13,Haas F1 Team
hamilton,1.7036501222232185,-0.012002401726508988,0.06371169334313453,0.008849415767388437,37,2,2019-13,Mercedes
hulkenberg,-0.35014132656946345,0.018688319982407803,0.06295489696483704,0.013723296971287758,34,3,2019-13,Renault
kevin_magnussen,-0.7396986803564125,-0.04336282560912516,0.10006354154833595,0.013753981223223187,33,2,2019-13,Haas F1 Team
kubica,-1.9564708782873788,0.06849428979917417,0.10069522027551327,0.011561700017982323,36,2,2019-13,Williams
kvyat,-0.28430656727279136,0.022849471335948196,0.11691851400790851,0.01751482533110968,36,2,2019-13,Toro Rosso
leclerc,1.555267397446739,-0.038383606459492986,0.1020431685428232,0.012472518370502408,36,2,2019-13,Ferrari
norris,0.0030097495198443402,0.009257041524823456,0.09563409357671321,0.011128841827238344,34,2,2019-13,McLaren
perez,0.1065346911256243,0.031268041077351066,0.056885337026482664,0.007891804595203855,35,2,2019-13,Racing Point
raikkonen,-1.1980639173716376,-0.007938706987056093,0.09829710586464704,0.013922286108558415,34,2,2019-13,Alfa Romeo Racing
ricciardo,0.22435009746108592,-0.06498818011208016,0.23203156315801188,0.014650200342967427,36,1,2019-13,Renault
russell,-0.9456645259616848,0.01767346153671759,0.1305060477533189,0.013481684531170109,35,2,2019-13,Williams
stroll,-0.2577728651681128,-0.024851709407700234,0.08508333097902898,0.02262223577602828,29,3,2019-13,Racing Point
vettel,1.2176212101769857,-0.04507275438286641,0.05311545695248009,0.01358115978665933,35,3,2019-13,Ferrari
albon,0.8246813706801374,-0.01423413126968319,0.0952687268080364,0.0106742412875185,37,2,2019-14,Red Bull Racing
bottas,1.5007780839901304,-0.0040435921305967265,0.060618551795543874,0.006685402483467865,43,2,2019-14,Mercedes
gasly,-0.29968040932426687,0.007654788348112909,0.08470976600416733,0.011255701510969506,44,2,2019-14,Toro Rosso
giovinazzi,-0.30201226581144747,-0.009190766519189195,0.07646608171744462,0.007367227942747707,42,2,2019-14,Alfa Romeo Racing
grosjean,-1.3550289933265418,-0.025161826306067878,0.1006700748191406,0.01749284125683684,41,3,2019-14,Haas F1 Team
hamilton,1.6716787642350397,-0.03166307611259776,0.12438865985815015,0.014748452712580113,40,3,2019-14,Mercedes
hulkenberg,-0.0077154175409591685,0.03379468831937167,0.08622556303985318,0.010115004694056642,45,2,2019-14,Renault
kevin_magnussen,-0.5899020648032768,-0.016952368164667928,0.08432811251532467,0.01702343244499697,26,3,2019-14,Haas F1 Team
kubica,-2.462214127418278,0.03186462159938254,0.07962270404462833,0.011514408532130127,41,3,2019-14,Williams
kvyat,0.23527048696953234,-0.02943462064591927,0.06025485119896295,0.006760126718458704,23,1,2019-14,Toro Rosso
leclerc,1.1135866733392912,0.024662636001745036,0.07524829672523489,0.010382374551478498,41,2,2019-14,Ferrari
max_verstappen,1.1909110100053915,-0.03029918004340733,0.11380852526424634,0.013633970058789075,43,2,2019-14,Red Bull Racing
norris,-0.34609519434513447,0.035311689070316024,0.09306637841483156,0.012212446558800357,42,2,2019-14,McLaren
perez,0.1538449710886211,-0.019811833316546,0.09223824122807286,0.013200210559817651,44,2,2019-14,Racing Point
raikkonen,-1.263561097000375,0.030808431343654977,0.1742459625284867,0.01727526926784501,40,3,2019-14,Alfa Romeo Racing
ricciardo,-0.08010750498163413,0.047127424293960454,0.07601555351279836,0.008824768505068794,45,2,2019-14,Renault
russell,-1.3517937155809032,0.04138791353573314,0.13621385129123229,0.01700362163399156,41,2,2019-14,Williams
sainz,0.3537088772775401,-0.031288329382599386,0.06107746392406549,0.00640040337611338,18,1,2019-14,McLaren
stroll,0.28593097760000774,-0.035731912509632265,0.1097908650187897,0.011008945994225396,36,3,2019-14,Racing Point
vettel,0.7277195749471247,-0.004800556111369855,0.07256826709697739,0.011396530239666835,36,4,2019-14,Ferrari
albon,0.4208360767289744,0.01768865577528965,0.1820781065351889,0.017026520074590257,45,2,2019-15,Red Bull Racing
bottas,0.2457827980391435,0.04868606232858862,0.15685619394213968,0.016842196990114248,45,2,2019-15,Mercedes
gasly,-0.13021720042408036,0.04839877968155372,0.11338807994983424,0.011056329072746339,41,2,2019-15,Toro Rosso
giovinazzi,0.11908014216346896,-0.03253291384515279,0.16592786818199484,0.013589923269024844,41,2,2019-15,Alfa Romeo Racing
grosjean,-0.47391668587354524,-0.049400333050270376,0.1599421431337755,0.025760054494574216,43,3,2019-15,Haas F1 Team
hamilton,0.3638184015576086,0.06445091383519162,0.20852949105756685,0.019412051729215892,45,2,2019-15,Mercedes
hulkenberg,0.22206861568483494,0.0062421909879821075,0.18657582067005501,0.015239729419214658,42,2,2019-15,Renault
kevin_magnussen,-0.25778482005875303,-0.12694326047068427,0.11928376273024352,0.012801938202038676,43,3,2019-15,Haas F1 Team
kubica,-1.8844320343839729,-0.05850825369218714,0.14941534439882798,0.022410086526049363,44,3,2019-15,Williams
kvyat,0.11795536027912867,0.01635911374551445,0.18302926639894646,0.035120021059939735,43,3,2019-15,Toro Rosso
leclerc,0.35733626987671985,0.06047454239092469,0.11860796167903871,0.008634638411808617,45,2,2019-15,Ferrari
max_verstappen,0.8109132519914842,0.03306185434540064,0.17059278659407384,0.01392165146093389,45,2,2019-15,Red Bull Racing
norris,0.16401899160817812,0.017486610228823918,0.1622896843108564,0.015825687442482583,45,2,2019-15,McLaren
perez,-0.026278397621981364,0.01589501684441573,0.10517653878356684,0.017113901843611803,31,2,2019-15,Racing Point
raikkonen,0.20037399417261292,-0.044431155896279856,0.10441894309278137,0.014905611242104351,34,2,2019-15,Alfa Romeo Racing
ricciardo,0.7003110602000125,-0.04429855611114432,0.1484200949695089,0.015368069226214165,41,2,2019-15,Renault
russell,-0.6515959210034367,-0.013602461899833787,0.23166831906474067,0.01877559887947514,29,1,2019-15,Williams
sainz,-1.124902041331374,0.008878484364182301,0.32438787644547884,0.026122441955402764,41,2,2019-15,McLaren
stroll,0.2166408548502491,-0.01030322003728247,0.2528576272054154,0.01961133889715021,42,3,2019-15,Racing Point
vettel,0.6099912835447284,0.04239793047496758,0.0937447221314237,0.0070279448253671795,38,2,2019-15,Ferrari
albon,0.9241452762368698,0.005386973025245627,0.05782512175240498,0.012536832339447277,40,3,2019-17,Red Bull Racing
bottas,1.8791501026023556,-0.005231006934593095,0.07477501702719763,0.013916444901225901,46,3,2019-17,Mercedes
gasly,-0.1602774632772792,-0.00658681421495791,0.0814383092984368,0.009796253348885854,45,2,2019-17,Toro Rosso
giovinazzi,-0.7419887492036261,-0.0029120063832771834,0.10101557229930111,0.014309076018245026,44,2,2019-17,Alfa Romeo Racing
grosjean,-0.43918484645216205,-0.012591698778042587,0.0926478926000673,0.013731984014625236,46,2,2019-17,Haas F1 Team
hamilton,2.104461081220143,-0.0031276971687888714,0.07518113987988237,0.010295002362512665,46,3,2019-17,Mercedes
hulkenberg,-0.1059256697527664,0.018254139387972906,0.08675797065739668,0.010984549209506832,47,2,2019-17,Renault
kevin_magnussen,-0.8175066222125713,-0.003772876094111339,0.08395436448783336,0.012245755527642085,44,3,2019-17,Haas F1 Team
kubica,-3.140282291779364,0.003799453767867277,0.09693476327747508,0.014655792233472112,43,3,2019-17,Williams
kvyat,-0.34377515919068524,0.06440202976740031,0.1815019593393093,0.02439058360537745,47,2,2019-17,Toro Rosso
leclerc,0.7167770521859798,0.03363301969389376,0.13839560492397063,0.025759451613387902,37,3,2019-17,Ferrari
norris,0.002462967615811218,0.0024631351918083235,0.08753815915969633,0.013754556692157723,42,3,2019-17,McLaren
perez,-0.05426991393151581,0.016948436008298068,0.06879004198333552,0.012167021478370687,43,3,2019-17,Racing Point
raikkonen,-0.5456687656496442,-0.008451926165082252,0.07767249488100936,0.01802766863744101,44,3,2019-17,Alfa Romeo Racing
ricciardo,0.13632684180462595,-0.01879542455556768,0.12635909509337095,0.015181025137555752,47,2,2019-17,Renault
russell,-1.5339492651692832,-0.05047614196792513,0.1806023829444968,0.022518592683530788,46,2,2019-17,Williams
sainz,0.5022819242106007,0.016245308229113783,0.1110209483372374,0.012414867177680634,47,2,2019-17,McLaren
stroll,-0.09515635774180176,-0.03473751808248576,0.11093008403810145,0.014869621539460304,47,2,2019-17,Racing Point
vettel,1.7123798584843115,-0.014449384726768238,0.059304756137007336,0.012709759257883951,46,3,2019-17,Ferrari
albon,1.2014046649303476,-0.017999128457539808,0.07617910468568001,0.009500983020165513,62,3,2019-18,Red Bull Racing
bottas,1.3717480967969038,0.006662037694455589,0.07100754895561817,0.005344657604996511,64,2,2019-18,Mercedes
gasly,-0.05066538720154862,0.03444610413355757,0.10478937182400377,0.01020986432999276,61,3,2019-18,Toro Rosso
giovinazzi,-0.4864623635353483,0.008604750203418311,0.11088698254653254,0.006867232160278753,63,2,2019-18,Alfa Romeo Racing
grosjean,-1.5013106123809432,-0.04707555262393451,0.18251735127829935,0.014940426840132387,62,2,2019-18,Haas F1 Team
hamilton,1.0822899611533956,0.019219678520009643,0.12374796103989259,0.007212473831303646,60,2,2019-18,Mercedes
hulkenberg,-0.0725874347291776,0.009820571300183437,0.07524066415878158,0.004881471075177761,61,2,2019-18,Renault
kevin_magnussen,-1.1886930289489928,-0.00490269415978737,0.07711535057057092,0.006006297883133091,58,2,2019-18,Haas F1 Team
kubica,-1.9219038007090108,-0.0026397033122192923,0.10631398011719136,0.008490800929244495,60,3,2019-18,Williams
kvyat,0.25908588049256337,0.0007816643096546574,0.12750077565835113,0.010183825248343508,59,3,2019-18,Toro Rosso
leclerc,1.3813175487045952,-0.02695015192325622,0.0820137312632789,0.00847861785374856,61,3,2019-18,Ferrari
max_verstappen,1.5150891692765307,-0.01067192230492097,0.17377177664193488,0.0061332552143681714,57,1,2019-18,Red Bull Racing
norris,-0.5216119186410562,-0.014766113656669903,0.12557336497991237,0.011363700569766065,39,2,2019-18,McLaren
perez,0.16705282198987176,0.013107904463907534,0.10282635250504366,0.006397122870452964,61,2,2019-18,Racing Point
raikkonen,-0.29195826021305143,0.0012735156404459838,0.09262510636688871,0.009921887318112126,47,3,2019-18,Alfa Romeo Racing
ricciardo,0.06097589980039787,0.01633953418384388,0.10638983430152867,0.006203480574806478,61,2,2019-18,Renault
russell,-1.8381817268101643,0.012780322606353152,0.16119401175215006,0.01313986372479102,62,2,2019-18,Williams
sainz,-0.18167903478830716,0.006548010411817302,0.12914136655377104,0.009875209582627251,61,3,2019-18,McLaren
stroll,-0.35941910815002576,-0.00035302299507499607,0.12538755768310975,0.008720097517803522,63,2,2019-18,Racing Point
vettel,1.37550863296302,-0.004225804034243989,0.13670225490784413,0.009496909057397241,61,2,2019-18,Ferrari
albon,1.1530111584875289,-0.0591734371415829,0.11090016061874582,0.021579362183683424,43,3,2019-19,Red Bull Racing
bottas,1.7015800266954992,-0.048027123747844985,0.07685797319383839,0.01437063371346514,47,3,2019-19,Mercedes
gasly,-0.020500346024153515,0.004154979065108207,0.08424031990449707,0.009483231281794943,46,2,2019-19,Toro Rosso
giovinazzi,-0.8591292370653671,-0.020727119507344897,0.07777996213267081,0.016488680074295537,45,3,2019-19,Alfa Romeo Racing
grosjean,-1.0511636289272461,0.03401616758520438,0.11570138093044104,0.011901895697592564,47,2,2019-19,Haas F1 Team
hamilton,1.8189572455319203,-0.003160831645479749,0.11368334303715755,0.010914113284979697,49,2,2019-19,Mercedes
hulkenberg,0.09662188138610145,-0.02300589857367099,0.0858506712782737,0.014662015184707937,43,3,2019-19,Renault
kevin_magnussen,-0.9940582626338519,0.01005052465060486,0.07786142181578141,0.0141177829531285,42,3,2019-19,Haas F1 Team
kubica,-2.68689849968122,0.043817104727303664,0.21129737158485432,0.04142676297766356,23,2,2019-19,Williams
kvyat,0.034374437457279805,-0.0053147718454434265,0.08629917320013544,0.01463299199587292,45,3,2019-19,Toro Rosso
leclerc,1.0326906984002262,-0.029167577515370073,0.06172592241585188,0.00995559706644126,46,3,2019-19,Ferrari
max_verstappen,1.6342938681040104,-0.01637053741008298,0.06355073536229816,0.009896291095353492,47,3,2019-19,Red Bull Racing
norris,0.37502704087542854,-0.031011252711469227,0.05765709057773303,0.00975973390483202,46,3,2019-19,McLaren
perez,0.03649612589737633,0.018569650033287095,0.14222192069460246,0.01516778982465107,47,2,2019-19,Racing Point
raikkonen,-0.3540334715330982,0.06266809286120723,0.05339819343070068,0.009181984893235254,43,3,2019-19,Alfa Romeo Racing
ricciardo,0.1361034691078697,0.028081292943688392,0.10592219173410448,0.009741678390036231,48,2,2019-19,Renault
russell,-1.6907467188432026,-0.02733502995161801,0.09282980497656766,0.01218008812439539,45,3,2019-19,Williams
sainz,0.09255688921715155,0.01887418532197333,0.07359651618044011,0.0068153846817982245,45,2,2019-19,McLaren
stroll,-0.4551826764522521,0.043061582861529786,0.05406881000746459,0.0100970972938222,46,3,2019-19,Racing Point
albon,1.2685296707098623,-0.03420094559047362,0.0755838497803964,0.008445539162933972,51,3,2019-20,Red Bull Racing
bottas,1.28287029782466,-0.01982136034308759,0.062323327378214714,0.007220234546906029,42,3,2019-20,Mercedes
gasly,0.034956145070000166,0.0102696903220336,0.09305091533580415,0.011713920371647086,51,3,2019-20,Toro Rosso
giovinazzi,-0.26317335484317095,0.011977393252614037,0.029323770661532564,0.006689781495296247,50,3,2019-20,Alfa Romeo Racing
grosjean,-0.3854559376159842,-0.012216362126504336,0.05670735054190703,0.005496246568039774,50,2,2019-20,Haas F1 Team
hamilton,1.7193328060947635,0.015606595609726007,0.07030860666160517,0.010241348052806945,52,3,2019-20,Mercedes
hulkenberg,-0.6780146775066763,0.01734299291763173,0.05601193512438397,0.008543786418958392,47,4,2019-20,Renault
kevin_magnussen,-0.4038019095539138,-0.0178784461650602,0.05845543326976543,0.0065938387182538005,45,3,2019-20,Haas F1 Team
kubica,-3.203013480220763,0.021542437655652537,0.0801158740525086,0.021550963665225676,47,4,2019-20,Williams
kvyat,-0.36151666436725693,-0.028171184635953493,0.11567128015631642,0.015464441277081799,50,3,2019-20,Toro Rosso
leclerc,1.1750755194885358,-0.03959507452517132,0.0944873400930295,0.009389114565724041,50,3,2019-20,Ferrari
max_verstappen,1.7815332345489847,-0.005824496689123902,0.06091417497574051,0.009757845854091179,49,4,2019-20,Red Bull Racing
norris,-0.2150923337088571,-0.008654234915897244,0.06750844369443361,0.008616262240213791,50,3,2019-20,McLaren
perez,-0.30000561382021823,0.024882477969438634,0.06578047169999933,0.008839603652088088,50,3,2019-20,Racing Point
raikkonen,0.030839938227376074,-0.010284661486444364,0.050442504786761884,0.006924786308043369,50,3,2019-20,Alfa Romeo Racing
ricciardo,0.1510405516508433,0.03977761210804185,0.12267091758679376,0.011951902326043961,50,3,2019-20,Renault
russell,-2.1125721716480177,0.021350711908718047,0.09020313047571481,0.011411564498694066,52,3,2019-20,Williams
sainz,-0.38933164165787026,0.03140440330572917,0.07414841730942934,0.007853943929285505,51,2,2019-20,McLaren
stroll,-0.7112052453770896,0.009521211168996603,0.08271880990341728,0.010059114654795266,49,3,2019-20,Racing Point
vettel,1.5790048667047905,-0.027028759740866125,0.04646628337891336,0.005200555556589529,48,3,2019-20,Ferrari
albon,0.8936859874323562,0.013669403833148075,0.06219211213139919,0.004873131174159229,51,2,2019-21,Red Bull Racing
bottas,1.2347411019988117,0.03999953634345077,0.11171073384482146,0.010313667959333419,51,2,2019-21,Mercedes
gasly,-0.6308511881893826,0.03493123689687008,0.16013683334894724,0.007680882521704439,49,1,2019-21,Toro Rosso
giovinazzi,-0.933672501261785,-0.048028429148104235,0.08115834244767879,0.013716759085114681,44,3,2019-21,Alfa Romeo Racing
grosjean,-0.9451195409823243,0.021762112368053338,0.08373700045004072,0.008657254527358788,50,2,2019-21,Haas F1 Team
hamilton,1.7028305866060944,-0.012066964764667842,0.10487549948332789,0.010593075557148432,51,2,2019-21,Mercedes
hulkenberg,0.09936997848630497,-0.00835336337446868,0.07842112772276638,0.007227770881776632,50,2,2019-21,Renault
kevin_magnussen,-0.7535649154293153,-0.014761591905980254,0.1315528871654431,0.010752589145536987,50,2,2019-21,Haas F1 Team
kubica,-2.1126996029957557,0.020284077727333316,0.083813166778476,0.010987193129328412,46,2,2019-21,Williams
kvyat,-0.3529646240522204,0.05900647455079189,0.11648665094005033,0.007793313728203008,50,2,2019-21,Toro Rosso
leclerc,1.196881410122962,-0.04248973789253058,0.07802424348161903,0.010439823021572578,49,3,2019-21,Ferrari
max_verstappen,1.6556684750762427,-0.017683830206279283,0.06189169714724772,0.006523947892867136,51,2,2019-21,Red Bull Racing
norris,-0.18775065798466928,0.026440052226286315,0.06828637566125771,0.004738038971680696,49,2,2019-21,McLaren
perez,-0.04294461895980062,-0.0008727382265757977,0.05992172541161444,0.007309614059830768,48,2,2019-21,Racing Point
raikkonen,-0.22359705409925867,-0.0035828798015434815,0.06382791604958692,0.006761651295789459,50,2,2019-21,Alfa Romeo Racing
ricciardo,0.429968803555835,0.007965743762874289,0.09350871166505574,0.011744516460747194,45,3,2019-21,Renault
russell,-1.331838619335317,0.0170391688187832,0.08493533807051704,0.009136882004400564,50,2,2019-21,Williams
sainz,0.03980741843404656,0.01671075525342698,0.05939884346007582,0.007439687645904466,45,3,2019-21,McLaren
stroll,-0.7914431302375098,-0.10478330509645267,0.09749765564656661,0.020149112741333377,35,3,2019-21,Racing Point
vettel,1.0534926918146856,-0.0051857213644154465,0.06576962638157592,0.010423210490607954,49,3,2019-21,Ferrari
albon,1.3242075153857247,-0.047846632716041095,0.0748706639827041,0.01153185068673617,31,2,2020-01,Red Bull Racing
bottas,1.908720919171376,-0.031649870293021055,0.0893854589065956,0.006771600931632472,40,3,2020-01,Mercedes
gasly,-0.36010954391009425,-0.0049371578428937316,0.05215240921707749,0.004363972280825399,37,3,2020-01,AlphaTauri
giovinazzi,-0.8300296787168985,0.06900847489434667,0.09879283398157233,0.013677839016818334,38,3,2020-01,Alfa Romeo Racing
grosjean,-1.2490049203761873,-0.007834933371541272,0.0702712297958756,0.008442893040791677,26,2,2020-01,Haas F1 Team
hamilton,1.8721685164963993,-0.026227627501309338,0.0799626419307776,0.0057905077402129294,34,3,2020-01,Mercedes
kevin_magnussen,-0.8298032373801024,0.046196496506403804,0.07371225748881595,0.015109948258238111,17,1,2020-01,Haas F1 Team
kvyat,-0.5242976160992048,0.04231441829842938,0.062312254695415056,0.01131479571242464,35,3,2020-01,AlphaTauri
latifi,-1.6114965530146255,-0.05905814495208165,0.05990167131143256,0.013010455732014032,39,3,2020-01,Williams
leclerc,0.7899447152084945,-0.009748851688403372,0.0721249667889869,0.010804823002009838,37,3,2020-01,Ferrari
norris,0.6929824637565137,0.016541729028023942,0.06360513041535554,0.011088395748543636,35,3,2020-01,McLaren
ocon,-0.5866194514380697,0.011136033913213807,0.10704418372368882,0.005572120109537248,37,3,2020-01,Renault
perez,1.1828704219280382,-0.04091953918332896,0.1134428357448233,0.010422413958817192,35,3,2020-01,Racing Point
raikkonen,-0.9746982664744285,0.07171344312492098,0.059610438661584005,0.008395305678497385,34,2,2020-01,Alfa Romeo Racing
russell,-1.1945678532374822,0.04151365767293227,0.05303192541358363,0.009351682757626082,34,2,2020-01,Williams
sainz,0.43051158742209183,0.004301582954817494,0.06664282834946031,0.011001886548469458,35,3,2020-01,McLaren
vettel,-0.04077901872154577,-0.07450307884446786,0.06266725160145904,0.012638563617459376,35,3,2020-01,Ferrari
albon,0.5899555775983774,-0.08473012269324406,0.16559560271664467,0.020615097711426222,33,2,2020-04,Red Bull Racing
bottas,2.0895033441634387,-0.049003848325186145,0.11830569971266151,0.009988337715078097,36,2,2020-04,Mercedes
gasly,-0.39633522197225685,0.02981830363584681,0.07622340389888142,0.005590945472871947,35,2,2020-04,AlphaTauri
giovinazzi,-0.4926019750985239,-0.010357099878905207,0.06795878194014783,0.005424688680843276,38,2,2020-04,Alfa Romeo Racing
grosjean,-0.6217552757331359,-0.04788142658347844,0.09265758514747771,0.014711563749920328,32,2,2020-04,Haas F1 Team
hamilton,1.9802044534110128,-0.03533442720643764,0.09324915097944074,0.006832944327848534,36,2,2020-04,Mercedes
latifi,-1.0103770787941788,0.02392673403618946,0.09828440200204537,0.006918503071109584,38,2,2020-04,Williams
leclerc,0.11480776994422143,0.00852354558690735,0.07131535462578133,0.0051726898494633905,38,2,2020-04,Ferrari
max_verstappen,1.3624326794538621,-0.004606686907630969,0.0778815044940338,0.007754091992385977,36,2,2020-04,Red Bull Racing
norris,-0.39192402193567527,0.040795352715507466,0.0980079930109735,0.006921717024680436,38,2,2020-04,McLaren
ocon,-0.5372617547392461,0.0493322382696251,0.06504009890913588,0.005036705063904068,38,2,2020-04,Renault
raikkonen,-0.9084806551924838,-0.014645057968722147,0.06307101697549226,0.005741373588106118,36,3,2020-04,Alfa Romeo Racing
ricciardo,-0.27869002644616303,0.04768972872764779,0.07459454971524539,0.005663840767976521,35,2,2020-04,Renault
russell,-0.8131450769384483,0.021796909117458713,0.11181938996451544,0.008070295156018767,38,2,2020-04,Williams
sainz,-0.15918368153065426,0.023139736419027862,0.07412920622161949,0.005693662900562622,34,2,2020-04,McLaren
stroll,-0.17260131165631987,0.0019653752561972493,0.13775861776120055,0.010201101913949772,38,2,2020-04,Racing Point
vettel,-0.35454774453382626,-0.00042925420080316967,0.09595644399508155,0.007589978750477616,34,2,2020-04,Ferrari
albon,0.7284994058742149,0.05697408430877372,0.08762194113296681,0.01750076285884746,46,3,2020-05,Red Bull Racing
bottas,0.8436150560341052,-0.04585216254722878,0.10351429121915627,0.023880194950859537,45,3,2020-05,Mercedes
gasly,-0.18496836477055284,0.05152820477335164,0.07768114406139524,0.00883482245922417,45,3,2020-05,AlphaTauri
giovinazzi,-0.979700342957991,-0.038448632467457375,0.05932679918767616,0.011554111724103396,43,3,2020-05,Alfa Romeo Racing
grosjean,-0.7733940674368367,0.0346789745575926,0.08071810711842373,0.014084411007211854,41,3,2020-05,Haas F1 Team
hamilton,1.1070512009914213,-0.026954854884712873,0.13803474520468073,0.02797374184144163,45,3,2020-05,Mercedes
hulkenberg,0.4924899976788962,-0.010714831445708131,0.062310197568837586,0.015304298559911268,44,4,2020-05,Racing Point
kevin_magnussen,-1.1019560748862305,0.010300007626087695,0.2038605076617657,0.03795347133285123,32,3,2020-05,Haas F1 Team
kvyat,0.029833035468951594,0.009198300574532761,0.09907840737386955,0.019739926223112388,45,3,2020-05,AlphaTauri
latifi,-0.6409269066985136,-0.11294298673991908,0.07482613878348522,0.016081696466940274,39,4,2020-05,Williams
leclerc,0.8048224243904474,-0.028366832487194946,0.13622525936058297,0.015104388394560162,47,2,2020-05,Ferrari
max_verstappen,1.2759053520810948,0.023184393428147224,0.07885905137258546,0.0099221771734648,45,3,2020-05,Red Bull Racing
norris,0.08646015344255638,0.02135897058446913,0.06421354429414414,0.01165100986471538,45,3,2020-05,McLaren
ocon,-0.4824328367680994,0.04914163702174314,0.09000336795981743,0.012223769648827435,47,2,2020-05,Renault
raikkonen,-1.0265944061978118,-0.029561561298387815,0.14406644659611348,0.017514778691908744,46,2,2020-05,Alfa Romeo Racing
ricciardo,-0.00815572431075616,0.004419594276209096,0.06885903870217103,0.014650005367329196,41,4,2020-05,Renault
russell,-0.7247902124717341,-0.055518647446373415,0.06276862892200485,0.015753137447609505,42,4,2020-05,Williams
sainz,0.07465964343148147,0.044554578925526736,0.0505029071138065,0.009761540572824952,45,3,2020-05,McLaren
stroll,0.35394545581594977,0.004089688865365662,0.07236071885014556,0.014176499145609516,46,3,2020-05,Racing Point
vettel,0.12563721128940802,0.038932074375183215,0.08352121912271775,0.014577427367292794,45,3,2020-05,Ferrari
albon,0.26979255724511325,-0.052843743152663256,0.11676332031123134,0.017249284261235346,57,3,2020-06,Red Bull Racing
bottas,1.3243533590613306,0.012018202592931584,0.06300442704093578,0.00887962250108288,56,3,2020-06,Mercedes
gasly,-0.015472027312504022,0.0069342742203180735,0.08492997904124716,0.0122965113519127,57,3,2020-06,AlphaTauri
giovinazzi,-0.4784014528798328,-0.048387697614372324,0.08409901072925673,0.013428652267287936,54,3,2020-06,Alfa Romeo Racing
grosjean,-0.5371994376539626,-0.02701466925459979,0.12874739329567106,0.011061195021626304,53,2,2020-06,Haas F1 Team
hamilton,1.6097084072339964,0.056727185803031224,0.10148134993792342,0.01151322154598642,58,3,2020-06,Mercedes
kevin_magnussen,-0.6008890584485749,0.012454414066132083,0.07747715654283797,0.007667003299676603,56,2,2020-06,Haas F1 Team
kvyat,0.08626441485189579,-0.030126914107725875,0.09998458577334078,0.01705752943442652,57,3,2020-06,AlphaTauri
latifi,-0.8062510318069512,-0.041556326314905565,0.11685587064812397,0.018757677327743437,57,3,2020-06,Williams
leclerc,0.07462174576001906,0.0027971860887796157,0.09645079364715325,0.009137261178006083,32,2,2020-06,Ferrari
max_verstappen,1.3473488484886158,0.022138248773520122,0.07058358159208816,0.009884832466871715,58,3,2020-06,Red Bull Racing
norris,-0.2783996600959339,0.05226676098558809,0.11591346919103503,0.01654904423705938,57,3,2020-06,McLaren
ocon,-0.6687762862846973,0.05581126759346561,0.12617520458524828,0.010964393369173465,59,2,2020-06,Renault
perez,-0.15408385291836096,0.01835767670153944,0.21386422809378255,0.017138193748400397,60,2,2020-06,Racing Point
raikkonen,0.06374311647850955,-0.048814648214475884,0.09853449856884561,0.013849089467793948,57,3,2020-06,Alfa Romeo Racing
ricciardo,-0.4009375101366636,0.03846534040459383,0.1545604705833058,0.012162386520948157,60,2,2020-06,Renault
russell,-0.7478315884871503,-0.04156623061131974,0.08483346040367701,0.015783288092275232,58,3,2020-06,Williams
sainz,-0.06335985718820453,0.02346839505641224,0.08629405601175023,0.011668151612669462,58,3,2020-06,McLaren
stroll,0.04442954709272923,0.00040419000494724966,0.10400867341471307,0.013185754600033545,58,3,2020-06,Racing Point
vettel,-0.06866023299937357,-0.01153291302119662,0.11141877930517347,0.009763406595415466,59,2,2020-06,Ferrari
albon,0.5830237642880779,-0.03007220934691257,0.12938034438901058,0.01578651370046122,37,2,2020-07,Red Bull Racing
bottas,1.3867863184936882,-0.032394305377971,0.11187732945489046,0.011678905885581561,38,2,2020-07,Mercedes
gasly,0.1896219173510828,6.996505111100948e-05,0.06993476012346904,0.010015120585486599,35,2,2020-07,AlphaTauri
grosjean,-0.7040771965949293,-0.0013988541705990398,0.059881925003416644,0.006977279729129597,37,2,2020-07,Haas F1 Team
hamilton,1.3664292037412378,-0.012984578840705474,0.0914316185520027,0.0092277900999208,37,2,2020-07,Mercedes
kevin_magnussen,-1.2121126790848686,0.051800892258413944,0.06283318173534279,0.008687323861839041,35,3,2020-07,Haas F1 Team
kvyat,-0.30872437721596235,-0.0335570250029672,0.10368524826223247,0.010370925971338102,37,2,2020-07,AlphaTauri
latifi,-1.015628784471017,-0.026472191615707685,0.059371638619780995,0.01297941027921616,35,3,2020-07,Williams
leclerc,-0.7389663115541254,-0.007705438290154021,0.08099253462292677,0.01804294669563542,35,3,2020-07,Ferrari
max_verstappen,1.405133074884073,-0.03630017861845802,0.07105332337124193,0.01087196636606279,37,2,2020-07,Red Bull Racing
norris,-0.34125215782048646,0.07635419216871542,0.08760714461784005,0.011812228706864554,37,2,2020-07,McLaren
ocon,-0.05290949383935761,0.0432618492581944,0.08670129199321062,0.010298942620335903,37,2,2020-07,Renault
perez,0.033254647371712576,-0.020724572834952992,0.04507410368899001,0.005451090871412683,35,2,2020-07,Racing Point
raikkonen,-0.09611800088836464,-0.022325170537808248,0.18053669616904194,0.016924679298926742,37,2,2020-07,Alfa Romeo Racing
ricciardo,0.25817959230563836,0.06645779146396591,0.05350847273122301,0.007764584935904549,37,2,2020-07,Renault
stroll,-0.1921185399628037,-0.000747086225801219,0.11075896602963169,0.012053934888227433,37,2,2020-07,Racing Point
vettel,-0.5605209770035939,-0.013263079338363237,0.09090499018772358,0.009344693116841567,37,2,2020-07,Ferrari
albon,-0.4302581716647659,0.007381381224541381,0.10776803049897699,0.013782191919529526,37,2,2020-08,Red Bull Racing
bottas,0.4995643099181687,0.017892832483497965,0.09375401280420786,0.009949622244584911,40,2,2020-08,Mercedes
gasly,0.26664166914291465,-0.02876790077587407,0.05861750149705796,0.006728055569058566,38,3,2020-08,AlphaTauri
giovinazzi,-0.9339925159944232,-0.0017558734656923612,0.06541170184321057,0.010985130883807115,38,3,2020-08,Alfa Romeo Racing
grosjean,-0.8485553502309454,0.0126767640635416,0.0812836117940656,0.011993889192526684,37,2,2020-08,Haas F1 Team
hamilton,1.0864916786601215,0.008536492181884878,0.10454240800752251,0.015254010994387219,39,2,2020-08,Mercedes
kvyat,0.24314363507388626,-0.019619790144752316,0.08139214007899398,0.00881850397429577,40,2,2020-08,AlphaTauri
latifi,-1.08853275058354,0.027667919921451265,0.09962516046713017,0.013407064178994479,38,3,2020-08,Williams
max_verstappen,0.6255506507495191,0.012181785375672969,0.06417126076852145,0.013027077656313531,16,1,2020-08,Red Bull Racing
norris,0.22900389527780607,0.006500819074269946,0.04002507566013055,0.005457820139914706,39,2,2020-08,McLaren
ocon,0.12887122353136793,0.008021014620406528,0.06647794472547144,0.0077191786976221885,40,2,2020-08,Renault
perez,0.4500468494605746,-0.03513292478457905,0.08265097914901766,0.010227609047133058,37,2,2020-08,Racing Point
raikkonen,-0.5205589938547933,-0.061755225416220666,0.07296112429860906,0.011511866892046453,39,2,2020-08,Alfa Romeo Racing
ricciardo,0.4644599571809981,0.012463544270202662,0.0720159922127259,0.009162898941097532,39,2,2020-08,Renault
russell,-0.9171682916582702,0.03576808815041416,0.08964374984754232,0.015376555812201978,40,2,2020-08,Williams
sainz,0.510926177363291,0.0009079315802076639,0.04560614144198249,0.005918319636881682,39,2,2020-08,McLaren
stroll,0.23436602762809,-0.0029668583589725593,0.05498824360207708,0.007851629287093194,41,2,2020-08,Racing Point
albon,0.7784355915635788,-0.004622992090863239,0.05330873990316674,0.008293425508414984,43,3,2020-09,Red Bull Racing
bottas,1.389182725458078,-0.04515144114874224,0.07189400509201878,0.01312239718856937,43,3,2020-09,Mercedes
grosjean,-1.778189578294493,-0.013909356380432766,0.09134535052145024,0.016445391440501198,41,3,2020-09,Haas F1 Team
hamilton,1.4303692857518193,-0.006683153850973802,0.06274476122998526,0.010123160167815646,41,3,2020-09,Mercedes
kvyat,-0.2649704818740162,-0.0010419160635160426,0.09675972963969276,0.019903032026309535,43,3,2020-09,AlphaTauri
leclerc,-0.17101525175632737,0.02946296228960428,0.10040094258399468,0.011295127911853824,40,4,2020-09,Ferrari
norris,-0.06739310741812232,0.010641937824115447,0.05038904055077979,0.010537646552625703,43,3,2020-09,McLaren
perez,-0.0050746720525089994,-0.034669842435822086,0.07149008808821629,0.014864698273110417,43,3,2020-09,Racing Point
raikkonen,-0.5132830917669347,0.004451728886644261,0.06300801460942307,0.010508350880406175,42,3,2020-09,Alfa Romeo Racing
ricciardo,0.3783974609792158,0.10308289312888154,0.07886657632365994,0.01964950618165054,43,3,2020-09,Renault
russell,-0.8295576944090948,-0.028220924945914425,0.08668997755837356,0.016649339161877323,42,3,2020-09,Williams
stroll,0.38462101883156974,0.012630530995374381,0.09051570317130145,0.015019330894497555,28,2,2020-09,Racing Point
vettel,-0.7315222050127639,-0.02597042620835531,0.09302727570802016,0.01595855666706176,41,3,2020-09,Ferrari
albon,-0.03643853385986251,0.043823460499902066,0.26497518708889023,0.033040198107122935,41,2,2020-10,Red Bull Racing
bottas,1.3398724240266904,-0.00036015216398230937,0.16097697898937544,0.01618836086937587,43,2,2020-10,Mercedes
gasly,0.061379991941522216,0.017804209381948176,0.06068390905656777,0.009585855360042935,43,3,2020-10,AlphaTauri
giovinazzi,-0.3147605471161503,-0.0010576511608716213,0.09424763121432117,0.008349374342596786,42,2,2020-10,Alfa Romeo Racing
grosjean,-0.815947823735673,-0.02986989857799236,0.05462141058109354,0.007421122292253717,37,3,2020-10,Haas F1 Team
hamilton,1.0676073945250706,0.014758426364904952,0.10413095666466915,0.008562926800677467,42,2,2020-10,Mercedes
kevin_magnussen,-0.5976721838878689,-0.03376303674654877,0.09331694148821838,0.010076512380463167,42,2,2020-10,Haas F1 Team
kvyat,0.37884381576889226,0.024408060531081376,0.07338451396301622,0.007557077508777103,43,2,2020-10,AlphaTauri
latifi,-1.1253273132691355,-0.027681220579916045,0.14294195766686335,0.010258834762010132,42,2,2020-10,Williams
leclerc,0.019856198213788923,-0.0029138147467469913,0.09058596075412333,0.011571687935118199,39,2,2020-10,Ferrari
max_verstappen,1.2202889822941003,-0.00815993373465105,0.06821093015191669,0.007283050810912324,43,2,2020-10,Red Bull Racing
norris,-0.5071012422327137,0.01693860150133588,0.21095508861954831,0.013009122731921001,42,2,2020-10,McLaren
ocon,0.12222201239578867,0.01034855558481882,0.07665682008432703,0.007173300693032416,43,2,2020-10,Renault
perez,0.8180943018644377,0.01657637413180809,0.05987980452071852,0.0072774049536412574,43,2,2020-10,Racing Point
raikkonen,-0.7137267486943772,0.02098659532571725,0.13064054947375983,0.010391703116800183,42,2,2020-10,Alfa Romeo Racing
ricciardo,0.7538316784885067,0.009169165929945565,0.09611675462455482,0.00897990370766612,41,2,2020-10,Renault
russell,-1.18188317498455,-0.04408868217100396,0.19191686747983494,0.013661571772421043,40,2,2020-10,Williams
vettel,-0.48913923173846774,-0.02691905936974901,0.08746284892463907,0.010442101781850024,40,2,2020-10,Ferrari
albon,0.5191811682496478,-0.04014923241908107,0.14717164324490623,0.015580470402285369,58,3,2020-12,Red Bull Racing
bottas,1.2125588821535849,0.0028126112200796555,0.15652433964855597,0.01054044715305625,62,2,2020-12,Mercedes
gasly,-0.11875693478084498,0.013147885442339816,0.0997264954064863,0.007788993089442499,58,2,2020-12,AlphaTauri
giovinazzi,-0.6495754989235611,-0.02223845825906788,0.09201901207889981,0.007962887031948989,60,2,2020-12,Alfa Romeo Racing
grosjean,-0.8773567849172542,0.015451862319589074,0.08162976028223085,0.008166488125835055,61,2,2020-12,Haas F1 Team
hamilton,1.6613804471436568,0.007503488106057402,0.12762251147582443,0.008327342439447258,62,2,2020-12,Mercedes
kevin_magnussen,-1.0836697485764732,0.01790027397184442,0.11863950937877604,0.009462534325840625,60,2,2020-12,Haas F1 Team
kvyat,-0.5390376524756566,-0.008003290672817298,0.11759669741155808,0.013134519302833663,57,3,2020-12,AlphaTauri
latifi,-1.2605322424250702,0.022655379126388,0.10245027769551725,0.009251264110602087,59,2,2020-12,Williams
leclerc,0.6581241433156444,-0.003587339351979621,0.14694761308078483,0.00965059822468907,62,2,2020-12,Ferrari
max_verstappen,1.1935606848385774,-0.015247146269987757,0.08611727711122824,0.0052837538501722715,57,2,2020-12,Red Bull Racing
norris,-0.022270504710448502,0.0019470615808572095,0.05297913608065148,0.009327724702593637,58,3,2020-12,McLaren
ocon,-0.12376923354185021,0.0018137861972458563,0.09117112445395513,0.005611277703219928,61,2,2020-12,Renault
perez,0.4668566826308084,-0.0016131711875817384,0.20407701590254704,0.011625431997389572,53,2,2020-12,Racing Point
raikkonen,0.00015175697549590916,-0.01932509271917189,0.09939581865921009,0.005599699943374212,61,2,2020-12,Alfa Romeo Racing
ricciardo,-0.10604382514963362,-0.010862668836258658,0.11186281879892078,0.007152717330351195,61,2,2020-12,Renault
russell,-0.7412655208575398,0.020939035820529264,0.11187983394597083,0.010423009374019587,61,2,2020-12,Williams
sainz,-0.06461212932717553,-0.010664532520834422,0.10130353853829734,0.008039523699141606,61,2,2020-12,McLaren
stroll,-0.15350568266421177,0.009394816418414567,0.10634383455815676,0.024486921212486423,42,3,2020-12,Racing Point
vettel,0.02858199304230452,0.018124732033435023,0.09076927061872349,0.007540314873144679,60,2,2020-12,Ferrari
albon,0.08603157364389913,0.03385919085931104,0.06156502409552755,0.005373658643559214,44,3,2020-13,Red Bull Racing
bottas,0.9147857323504067,-0.04048104276792704,0.050279273739239363,0.006020059948350463,48,3,2020-13,Mercedes
giovinazzi,-0.20884080612622014,-0.05424094586969882,0.0741791637854373,0.005481267631461947,46,2,2020-13,Alfa Romeo Racing
grosjean,-0.3279754476608694,0.017763170764317382,0.0752262335847956,0.006478348867506151,42,2,2020-13,Haas F1 Team
hamilton,1.1836052302741047,-0.007980012242254954,0.06292601701061143,0.0071983621701412525,49,3,2020-13,Mercedes
kevin_magnussen,-0.7168511591815891,-0.010831483303543728,0.07749396410533303,0.01081301637930717,33,2,2020-13,Haas F1 Team
kvyat,0.24047663696745497,0.0360191004037936,0.06738395729269657,0.006904183171838092,46,3,2020-13,AlphaTauri
latifi,-0.677330402759061,-0.011155758599671169,0.05745688152620663,0.0066367451767797795,43,2,2020-13,Williams
leclerc,0.06797445989298417,0.02834363368601272,0.07206930927476228,0.006175812391449577,46,2,2020-13,Ferrari
max_verstappen,1.1275906957910138,0.005286842752498626,0.04790504527274426,0.00653049973286031,41,2,2020-13,Red Bull Racing
norris,-0.1550763408581751,-0.019010144901261246,0.05066213343298107,0.004707119330842497,46,3,2020-13,McLaren
ocon,-0.539496336236519,-0.00045593505077526353,0.133829882415874,0.03564645754207223,21,2,2020-13,Renault
perez,0.03514265164501834,0.030217329505858585,0.07806331734293438,0.010406871707356198,47,3,2020-13,Racing Point
raikkonen,-0.41717313891247504,-0.034519350314070586,0.10804145154627937,0.0065950803434691495,47,2,2020-13,Alfa Romeo Racing
ricciardo,-0.015254575662685455,0.029185454106991242,0.0941546025732248,0.007274736201702602,46,2,2020-13,Renault
russell,-0.4897119095945102,0.04819573963085349,0.054074921485865804,0.005933325149960039,41,2,2020-13,Williams
sainz,0.24365237990347943,-0.03420120719402021,0.09802900708485578,0.010669779155070211,46,3,2020-13,McLaren
stroll,-0.10282379136790382,0.005571279081994444,0.10955335212938908,0.014178394745234819,48,3,2020-13,Racing Point
vettel,-0.24872545210835284,-0.02156586054840818,0.0730095095514498,0.006289686618992118,39,3,2020-13,Ferrari
albon,0.7610917375194646,-0.014606638938664034,0.062022578142174656,0.012416061196268114,40,3,2020-15,Red Bull Racing
bottas,0.6458494227065249,0.0566390972254795,0.1070937965469117,0.016339641546099314,40,3,2020-15,Mercedes
gasly,0.15459614792299228,0.062422343806546716,0.06268398330444896,0.00901153692084432,42,2,2020-15,AlphaTauri
giovinazzi,-0.5918981045698996,-0.0029475358499139806,0.06970967362817046,0.009416063535725848,41,2,2020-15,Alfa Romeo Racing
hamilton,1.4510921627677866,0.034788811185883735,0.06432795020727515,0.009473077563609556,39,3,2020-15,Mercedes
kevin_magnussen,-1.3585922525382284,0.0013250077850964284,0.15105283302338665,0.020335246209284896,41,2,2020-15,Haas F1 Team
kvyat,-0.2947294726278361,0.003240854436517941,0.13886691007985888,0.02626631805206862,37,3,2020-15,AlphaTauri
latifi,-1.4572002426432555,-0.06461573816742383,0.06897291827228927,0.016840912485108793,39,3,2020-15,Williams
leclerc,-0.2611261058799794,-0.03964908260991087,0.07210355032748765,0.010596017480822995,38,3,2020-15,Ferrari
max_verstappen,1.469222512398505,-0.031194758164723273,0.08124202279434482,0.018696027868988687,37,4,2020-15,Red Bull Racing
norris,0.39206984922739596,0.01757087357407889,0.04794565869821043,0.008755273228792337,40,3,2020-15,McLaren
ocon,0.09169293899272077,0.05781917332807627,0.05597243450194871,0.01223674457412857,40,3,2020-15,Renault
perez,0.8750292980550195,0.05504726523092935,0.05760921013755556,0.011055326417278546,36,3,2020-15,Racing Point
raikkonen,-0.7337724270550238,-0.08181834157219886,0.10736901654615573,0.019684341509641275,39,3,2020-15,Alfa Romeo Racing
ricciardo,0.46905080387441256,0.013500849826044721,0.04618822036444791,0.010017169212664337,40,3,2020-15,Renault
russell,-1.278207137341427,0.02606542339207147,0.05381532327179662,0.011921907066355014,39,3,2020-15,Williams
sainz,0.2707668016000063,-0.018663785083627364,0.07471297332424234,0.015714397003334102,39,3,2020-15,McLaren
vettel,-0.6049359324091789,-0.07492381940426279,0.06315867496365533,0.012069216588819886,39,3,2020-15,Ferrari
aitken,-1.1711562106091136,0.009018452822776043,0.09642742815191646,0.012929812582631107,65,4,2020-16,Williams
albon,0.2239768637947701,0.014383334993775995,0.08452929185191455,0.005575610716033235,66,3,2020-16,Red Bull Racing
bottas,1.2834281198848139,0.007127791982448303,0.08460517322339102,0.004215273221108316,67,3,2020-16,Mercedes
gasly,0.34719208714572325,-0.0028071266025170103,0.12403552237721581,0.011332600724736163,60,3,2020-16,AlphaTauri
giovinazzi,-0.4844576687988553,0.007072607397312988,0.07845403574340973,0.006851768105880429,61,3,2020-16,Alfa Romeo Racing
kevin_magnussen,-0.8580590429949932,-0.030256120639065277,0.09642897273007554,0.008543921131583606,66,3,2020-16,Haas F1 Team
kvyat,0.5042009218636614,-0.0007035310723610775,0.10381977229941812,0.01062774570526091,65,3,2020-16,AlphaTauri
latifi,-0.735420109113,-0.011489013207966562,0.057577235251337545,0.007247110969939623,42,2,2020-16,Williams
norris,-0.1290931651537568,0.00447090255469478,0.10210284312268635,0.010997404399472185,67,3,2020-16,McLaren
ocon,0.18956799853693873,0.02527354143201812,0.054172033193239225,0.0033899785970524596,67,2,2020-16,Renault
perez,0.8336371835022724,0.00957211596856324,0.10045490173306189,0.005561227696104991,66,2,2020-16,Racing Point
pietro_fittipaldi,-1.3253961509704928,-0.048885822096044064,0.10373685790345193,0.012808366501397673,66,4,2020-16,Haas F1 Team
raikkonen,-1.0097218838783242,-0.0012454882907805918,0.05707295797788151,0.006774533292917086,65,4,2020-16,Alfa Romeo Racing
ricciardo,0.4996897105211331,-0.00014390375207898494,0.08227899429865686,0.007578362155067085,66,3,2020-16,Renault
russell,1.3288786012098472,0.012847618185964157,0.06653907447880475,0.004335226590429746,63,4,2020-16,Mercedes
sainz,0.22720678129716732,0.01434360027920247,0.05236746929067651,0.0048159869067768675,63,3,2020-16,McLaren
stroll,0.79560541851824,-0.00543331255249622,0.07379993675012947,0.00421459575756887,67,2,2020-16,Racing Point
vettel,-0.5200794547560301,-0.0031456474034462865,0.05358364260337397,0.00614553400815351,61,4,2020-16,Ferrari
albon,1.1524716534918236,0.005609764583137388,0.06551397629337768,0.004047400661416634,49,2,2020-17,Red Bull Racing
bottas,1.9259965106177321,-0.030840902803765363,0.07725347478093304,0.005260244800400004,49,2,2020-17,Mercedes
gasly,-0.032279884467037556,0.004235253838773711,0.06673881951847921,0.004350007316919498,48,2,2020-17,AlphaTauri
giovinazzi,-0.47578877898711597,-0.018141038052682468,0.1839011572329247,0.019750497689767204,45,2,2020-17,Alfa Romeo Racing
hamilton,1.7286498437219597,-0.024818519337773237,0.08000626445885425,0.005233554459162023,49,2,2020-17,Mercedes
kevin_magnussen,-1.365852838198155,-0.03443788312805135,0.17762035411603228,0.017344605485447397,43,3,2020-17,Haas F1 Team
kvyat,-0.35067410545275707,0.024096837926628256,0.1119473228968181,0.007490122317807189,47,2,2020-17,AlphaTauri
latifi,-1.185261598509171,0.03929262628023171,0.06491734515244639,0.013349661032996103,45,3,2020-17,Williams
leclerc,0.4130963049536276,-0.04315035963045627,0.12446724032645536,0.012924882653452555,45,2,2020-17,Ferrari
max_verstappen,2.1392115354507406,-0.033499929693972585,0.05104098295229396,0.003699561810284433,48,2,2020-17,Red Bull Racing
norris,0.2595790276182113,0.010640019735785482,0.06529073718440626,0.004142265589393649,49,2,2020-17,McLaren
ocon,-0.33523968117402414,0.019547668577745314,0.05539346051747622,0.003535704794614125,48,2,2020-17,Renault
pietro_fittipaldi,-1.8402979784825062,-0.01116802567804226,0.07714398088777202,0.011126395142595499,42,4,2020-17,Haas F1 Team
raikkonen,-0.9964815071110195,0.04326386389924192,0.07432866730003822,0.004650191332718077,47,2,2020-17,Alfa Romeo Racing
ricciardo,0.2295007324723376,0.03626400689206938,0.05357778948339467,0.004417875296118566,46,2,2020-17,Renault
russell,-1.1560556561133346,0.016628936184735654,0.09428696111259723,0.005218959167658806,47,2,2020-17,Williams
sainz,0.13039102008090564,0.016219330297273238,0.06096228121889563,0.0036657001053293278,49,2,2020-17,McLaren
stroll,-0.02007196850338505,-0.00420635642452516,0.09902177883751392,0.006815730264491943,49,2,2020-17,Racing Point
vettel,-0.22089263140883192,-0.01553529346635335,0.1854528373131526,0.012781701217511411,45,2,2020-17,Ferrari
alonso,-0.649422280090488,-0.02241447889088946,0.07613671913085505,0.02206273738182018,21,2,2021-01,Alpine
bottas,1.2719593731908967,0.01871363960391334,0.06202609475989238,0.011643231993151959,43,3,2021-01,Mercedes
gasly,0.04404663311659429,-0.002994778006286919,0.08043417405751759,0.012735580331382097,39,3,2021-01,AlphaTauri
giovinazzi,-0.3580797745542854,0.05094391745845209,0.055840869103514344,0.011831771121227706,44,3,2021-01,Alfa Romeo Racing
hamilton,1.3651860012090806,0.026915459071410727,0.07317620352939286,0.01123126411214534,44,3,2021-01,Mercedes
latifi,-1.6771639232986604,-0.06038577789617852,0.07873414674001446,0.018880528416272656,38,3,2021-01,Williams
leclerc,0.28260191065606555,-0.012057031011113412,0.05044344726193771,0.007860863945605309,42,3,2021-01,Ferrari
max_verstappen,1.3792923038855125,-0.020837124375951005,0.04204460484632377,0.008197375318251392,44,3,2021-01,Red Bull Racing
mick_schumacher,-1.4969737914238912,-0.005725561394079481,0.0649072769786533,0.014224126888105622,44,3,2021-01,Haas F1 Team
norris,0.5641250832089844,-0.012077962828695915,0.04342672376673796,0.006863823502293825,42,3,2021-01,McLaren
ocon,-0.506925760222182,0.005147310622800355,0.04779399014905536,0.00781702817962777,41,3,2021-01,Alpine
perez,0.7898483171338238,0.019685547041980306,0.05197959245793601,0.009157835064367181,45,3,2021-01,Red Bull Racing
raikkonen,-0.3067482937358572,0.0671298073155274,0.054228388402327424,0.011298502167362995,45,3,2021-01,Alfa Romeo Racing
ricciardo,0.129869515043741,0.01564736986021667,0.03586680238466877,0.006432097365936496,45,3,2021-01,McLaren
russell,-0.703523633859672,0.0033447920983193935,0.05141208860788058,0.008455360853777636,43,3,2021-01,Williams
sainz,0.22703245575833247,0.00284408762248764,0.05727728106659684,0.010716208186379554,45,3,2021-01,Ferrari
stroll,-0.009266461874982035,-0.0337286990086976,0.0400747349648214,0.007103349721172746,45,3,2021-01,Aston Martin
tsunoda,0.10453236289901269,-0.005115221369496686,0.06377253118080464,0.013970599715810753,45,3,2021-01,AlphaTauri
vettel,-0.45039003704202574,-0.03503529591371893,0.09721410131498329,0.01161694474202089,43,2,2021-01,Aston Martin
alonso,0.2154911353769174,0.012113721765137033,0.06466511401026506,0.004567969396869556,57,2,2021-03,Alpine
bottas,1.3319830723746464,-0.0017663578704971133,0.07909692882768558,0.0053567374361626,54,3,2021-03,Mercedes
gasly,0.37680403511893557,-0.013754776909868259,0.07881128067753208,0.005253020188395183,57,2,2021-03,AlphaTauri
giovinazzi,-0.09862119702169664,0.009140447384645091,0.07002000336653696,0.0048640325370045735,53,2,2021-03,Alfa Romeo Racing
hamilton,1.418222369511776,0.0009624717372487841,0.050705894459316385,0.004107383174390116,57,2,2021-03,Mercedes
latifi,-1.4349796509585842,-0.03751748263651186,0.10737924096173738,0.00891406996305547,55,2,2021-03,Williams
leclerc,0.25020826242764677,0.01581085817230876,0.05851418653356305,0.004231167306177526,57,2,2021-03,Ferrari
max_verstappen,1.2423250721513903,0.012298033494552477,0.05193771568750022,0.004468560600024329,55,2,2021-03,Red Bull Racing
mazepin,-1.943403111345369,0.004141480352055195,0.07770189801973092,0.008953515856197296,50,3,2021-03,Haas F1 Team
mick_schumacher,-1.5905609894150121,0.014534503737547168,0.11723068649951439,0.009352263375354882,55,2,2021-03,Haas F1 Team
norris,0.4837257568378998,-0.0002522885502291832,0.07480729139502366,0.004099557044244266,57,2,2021-03,McLaren
ocon,0.3405475458057161,0.001935279726560159,0.05385678009645774,0.003999422382839644,57,2,2021-03,Alpine
perez,0.7265173384758173,0.0072135085526913185,0.09795133435170249,0.004714727003252933,54,2,2021-03,Red Bull Racing
ricciardo,-0.1178576415472623,0.019963040509827806,0.05233328811077068,0.0044347259872800655,57,2,2021-03,McLaren
russell,-1.2563659974641528,-0.0020837081105917737,0.13498299834805175,0.011022060396169818,56,2,2021-03,Williams
sainz,0.3630453048455558,-0.026237957903703202,0.070023063698537,0.004788629590387787,57,2,2021-03,Ferrari
stroll,0.1279060601384667,-0.014961364694588862,0.07528192543405493,0.00675212059184049,56,2,2021-03,Aston Martin
tsunoda,-0.6059695075064502,0.02540019978663305,0.09313593996253501,0.0058495376387143316,56,2,2021-03,AlphaTauri
vettel,0.1709821421937587,-0.026939608543216594,0.08316912153932214,0.005459542359457879,56,2,2021-03,Aston Martin
alonso,-0.34622332265378064,-0.014951106929414726,0.1188137526606864,0.009178705192061218,53,3,2021-04,Alpine
bottas,1.4934793956199368,0.013497356112854386,0.09371641405003027,0.010758961539461535,57,3,2021-04,Mercedes
gasly,0.11093489073804508,0.028379045052105346,0.105868409880372,0.0136732242709367,55,3,2021-04,AlphaTauri
giovinazzi,-0.4997450256297056,-0.024587856303361792,0.12973068981853636,0.01273547224719103,57,3,2021-04,Alfa Romeo Racing
hamilton,2.4590485934792596,-0.016695258107348808,0.06405132992920648,0.006946361536683313,57,3,2021-04,Mercedes
latifi,-1.247944427711527,0.01685352189697057,0.07317967234074231,0.016109607211797515,55,4,2021-04,Williams
leclerc,0.7278287119751428,0.016451734744508874,0.08141202803697413,0.00700737344150204,57,3,2021-04,Ferrari
max_verstappen,1.8540757585325511,-0.006419895622406769,0.10399173936708674,0.010335710618268774,56,3,2021-04,Red Bull Racing
mazepin,-2.398862967677527,-0.03236506442625189,0.09041068145185543,0.013731605772014297,54,3,2021-04,Haas F1 Team
mick_schumacher,-1.4823326342806369,-0.003958828538400483,0.1648070733147132,0.021050997822001583,54,3,2021-04,Haas F1 Team
norris,-0.36474314065313496,0.05480667153214922,0.15726199933139304,0.019505924512624985,55,3,2021-04,McLaren
ocon,-0.07857316561297922,-0.028309663586367682,0.17962471314796372,0.014075974453870677,58,2,2021-04,Alpine
perez,1.1116382769971342,-0.004691165106019879,0.09518701813170713,0.009377056028629982,57,3,2021-04,Red Bull Racing
raikkonen,-0.7272533644321788,0.03390043111598998,0.13576092481040916,0.010040688959508737,57,2,2021-04,Alfa Romeo Racing
ricciardo,0.3005496007386579,0.005410242226460893,0.060911157566684616,0.00773027369847349,57,3,2021-04,McLaren
russell,-0.9679519306449895,-0.010117297015321077,0.10185899426193731,0.011531132620547032,57,3,2021-04,Williams
sainz,0.6274767998836639,0.022028348899727802,0.0808269499835945,0.01098618167926282,57,3,2021-04,Ferrari
stroll,-0.42564954603701716,-0.006699992314441372,0.07513996077757439,0.012409968435279646,52,3,2021-04,Aston Martin
vettel,-0.14575250263091333,-0.042531223631432545,0.11903896122833253,0.01830722821066074,55,3,2021-04,Aston Martin
alonso,-0.34421397083062394,0.0036433963584291845,0.1360222654971619,0.009196775493066314,73,2,2021-05,Alpine
bottas,1.6077425581661977,-0.04716885109670567,0.33493348375429244,0.02842910274771876,25,1,2021-05,Mercedes
gasly,0.07225278931598711,0.01313430381203322,0.12479734939720057,0.006837198846712931,74,2,2021-05,AlphaTauri
giovinazzi,0.37010036894100173,-0.03344982262627978,0.2573660400228247,0.015436409001876025,73,2,2021-05,Alfa Romeo Racing
hamilton,0.554487513150263,0.007871847729268121,0.15719262219373958,0.010566461422538281,72,3,2021-05,Mercedes
latifi,-0.3072089610625414,-0.006325063501874518,0.1220830184679323,0.008597447169898721,73,2,2021-05,Williams
max_verstappen,0.9834253027821019,0.002967933707759179,0.13748977353604525,0.008850249601516725,74,2,2021-05,Red Bull Racing
mazepin,-2.3283641251057388,0.003280730539933984,0.40031916373077475,0.02971035228124602,70,2,2021-05,Haas F1 Team
mick_schumacher,-1.892430227203922,0.006047455065878173,0.20999522974580817,0.014275302413302497,66,2,2021-05,Haas F1 Team
norris,0.848911261312501,-0.00272955066043108,0.14577968095801155,0.008452197280299355,74,2,2021-05,McLaren
ocon,0.2764639770448615,-0.06678014829036884,0.2785004859386421,0.017948203567879302,73,2,2021-05,Alpine
perez,0.602338385545662,0.03818808132769912,0.18178125377920484,0.01083595074972787,74,2,2021-05,Red Bull Racing
raikkonen,-0.2730865811764247,0.014622880982200813,0.3171173211813191,0.017576228534615677,73,2,2021-05,Alfa Romeo Racing
ricciardo,0.11981044115023931,-0.014785005266293295,0.20738383506534516,0.015548089000840993,73,2,2021-05,McLaren
russell,-0.3839513271034638,-0.007781694160772302,0.1949552823373738,0.012408579179428027,73,2,2021-05,Williams
sainz,1.2505199609547097,-0.01753414480732658,0.17083896953770372,0.009661295967305104,74,2,2021-05,Ferrari
stroll,-0.28860370339329877,0.04520891058917913,0.14443541603207458,0.008362181100055883,73,2,2021-05,Aston Martin
tsunoda,-0.9612023495421971,0.0514435120394026,0.17114011460647904,0.007738953879610009,73,2,2021-05,AlphaTauri
vettel,0.09300868705468546,0.010145228258268512,0.188408197377149,0.009556817335888156,74,2,2021-05,Aston Martin
alonso,-0.38474757167364104,-0.01197824864580475,0.07538076983030427,0.012715359552948004,32,3,2021-06,Alpine
bottas,0.29149470489129753,-0.020371268543063686,0.22100971829045463,0.02196608157062692,33,2,2021-06,Mercedes
gasly,0.3353946818733711,0.0042104251882317985,0.07450108520426839,0.006694099554857994,33,2,2021-06,AlphaTauri
giovinazzi,-0.43058152624942375,0.010870934019419621,0.0528708847275446,0.006334210148650044,32,2,2021-06,Alfa Romeo Racing
hamilton,1.0334927655610398,-0.0019193210892776112,0.11147765309791507,0.010695320545197734,35,2,2021-06,Mercedes
latifi,-0.6205711248462029,-0.024334776872489687,0.18452889554038407,0.013465304508767205,32,2,2021-06,Williams
leclerc,0.18522461910349974,0.007406568668489297,0.07695056700853979,0.006375653001929515,32,2,2021-06,Ferrari
max_verstappen,1.3030563415239702,-0.016781768933687918,0.05136761923241809,0.00465232017027694,30,2,2021-06,Red Bull Racing
mazepin,-1.6977587366373088,-0.039219999326267505,0.10278057825724649,0.016591933099372777,29,3,2021-06,Haas F1 Team
mick_schumacher,-0.9925521350503559,-0.03423458403240563,0.05194147203884666,0.008222218979765708,30,3,2021-06,Haas F1 Team
norris,0.31702383034499165,-0.005660591962617461,0.11278975444672248,0.008008004813085263,32,2,2021-06,McLaren
perez,1.063573635474635,-0.011122816692357047,0.10376395790575381,0.01103826322397394,33,2,2021-06,Red Bull Racing
raikkonen,-0.37436254795938595,0.02138620837006858,0.12573554960278846,0.013473305638703812,32,2,2021-06,Alfa Romeo Racing
ricciardo,0.07453732118192324,-0.0016063060026668512,0.08225268019673201,0.009132668346874238,33,2,2021-06,McLaren
russell,-0.9910869818920238,0.050254815081882356,0.12335224197629092,0.013238914952262882,33,2,2021-06,Williams
sainz,0.2648760420140354,-0.004994639035269057,0.109902023307823,0.010365956334137845,32,2,2021-06,Ferrari
stroll,-0.14826340472430233,0.07508117994718823,0.0860312884918163,0.01077733962502453,21,1,2021-06,Aston Martin
tsunoda,0.2876829178099182,0.0020397224870528814,0.08677077924179753,0.00645360292184154,32,2,2021-06,AlphaTauri
vettel,0.4835671692539641,0.0009744673735744593,0.05994002588800358,0.010516939221185906,32,2,2021-06,Aston Martin
alonso,-0.0747230324086619,0.04767206199263023,0.1656915611535074,0.012610824852998515,49,2,2021-07,Alpine
bottas,1.6154323418494068,-0.05568007356559547,0.12678186352322435,0.015781583751680758,44,2,2021-07,Mercedes
gasly,0.06121048667711293,0.03581179166375623,0.13990023897512574,0.010150720380222229,45,2,2021-07,AlphaTauri
giovinazzi,-0.5021088509349323,-0.025362471254599353,0.0787958343165871,0.010263379523460582,48,2,2021-07,Alfa Romeo Racing
hamilton,1.534980062204626,-0.022880657204066165,0.11034948617583516,0.011868177203665248,49,2,2021-07,Mercedes
latifi,-1.0728566720787196,0.06170938121336008,0.1738906640278639,0.01756426503074303,48,2,2021-07,Williams
leclerc,-0.18332767601973748,-0.0803070070670847,0.1744926113275627,0.029083709364584008,46,3,2021-07,Ferrari
max_verstappen,1.6674059665125678,-0.023830060819899426,0.06459335001799492,0.010242692783105883,47,3,2021-07,Red Bull Racing
mazepin,-1.4815592792530121,-0.005441573773848726,0.10705363772828123,0.012806908533737747,48,2,2021-07,Haas F1 Team
mick_schumacher,-1.3645216126908797,0.04421817867281992,0.11957533241666565,0.008901116920044885,48,2,2021-07,Haas F1 Team
norris,0.46223637955510555,0.00515899982270511,0.10907490741486582,0.01119424941357779,45,2,2021-07,McLaren
ocon,-0.29467893231313846,-0.030573767243248742,0.06165960527287465,0.0072733841768394866,48,2,2021-07,Alpine
perez,1.2297615334631584,0.02121994978866147,0.09068119740138163,0.011361572376258882,44,2,2021-07,Red Bull Racing
raikkonen,-0.47125932388710523,-0.0249650002078413,0.09815526223034376,0.008436262890555792,48,2,2021-07,Alfa Romeo Racing
ricciardo,0.13908756318564974,0.015424522230049732,0.08018534756987149,0.006929852514233533,49,2,2021-07,McLaren
russell,-0.5218899143905513,0.017961542382963144,0.10827868778901134,0.010101106625862482,48,2,2021-07,Williams
sainz,-0.2517657729240373,-0.010810587871407443,0.10194696277473814,0.008729924030832564,49,2,2021-07,Ferrari
stroll,-0.24225737797733232,0.018098651629941884,0.10812883498842225,0.010232794832746167,49,2,2021-07,Aston Martin
tsunoda,-0.3708327280400891,-0.004827163009073557,0.07895643971281116,0.00703070779174592,48,2,2021-07,AlphaTauri
vettel,0.12166683947056867,0.017403282619777236,0.08181747307864382,0.008563469852338417,49,2,2021-07,Aston Martin
alonso,-0.29592793586150307,0.01832679606708593,0.10063518426432835,0.006307453067676307,66,2,2021-08,Alpine
bottas,1.107059681456862,-0.02375916879358819,0.11795463476209853,0.007478640867128729,67,2,2021-08,Mercedes
giovinazzi,-0.32630496253897645,-0.00502132005569916,0.09676690479109326,0.008076801290237681,66,2,2021-08,Alfa Romeo Racing
hamilton,1.8435620579110688,-0.03790508421711976,0.06674486309422017,0.004977910994593219,65,2,2021-08,Mercedes
latifi,-0.7065238173219511,-0.007998968501105357,0.14211160752883067,0.010395411088741277,63,2,2021-08,Williams
leclerc,0.7024962530263638,-0.016560392029018985,0.08633233880314174,0.006261853800525337,65,2,2021-08,Ferrari
max_verstappen,1.8989407110351353,-0.014808435737787836,0.06506496291553575,0.004815484511821659,67,2,2021-08,Red Bull Racing
mazepin,-1.9349121808857483,-0.036574573471211874,0.12269803088669198,0.010255057767637802,64,2,2021-08,Haas F1 Team
mick_schumacher,-1.4526514618124193,-0.000984331001605051,0.18437007930309118,0.016473851032345953,65,2,2021-08,Haas F1 Team
norris,0.14444714826557659,0.030903376071136055,0.09154174893860595,0.006117347737863275,66,2,2021-08,McLaren
ocon,-0.2812641503593695,-0.015267451778930682,0.08196270996487942,0.006310014426206734,66,2,2021-08,Alpine
perez,1.0906154215481347,0.01784341046111571,0.08908199335871134,0.010328154646794447,65,3,2021-08,Red Bull Racing
raikkonen,-0.4029758896959769,0.01573294264222175,0.05625715862894865,0.004901537711909976,66,2,2021-08,Alfa Romeo Racing
ricciardo,-0.24489939997283872,0.0007941924904175147,0.0887480750578188,0.006387787107105141,66,2,2021-08,McLaren
russell,-0.4860741906116328,0.027059076881025716,0.09723621871586134,0.013740681340646082,29,2,2021-08,Williams
sainz,0.0497099862622965,0.029133627961512924,0.10492884467110371,0.008241941563085683,66,2,2021-08,Ferrari
stroll,-0.4192968219424307,0.005871421987312112,0.06827634630625494,0.004250964883156411,60,2,2021-08,Aston Martin
tsunoda,-0.14104687159781082,0.020489215201791425,0.06827366135971483,0.005299113333598354,66,2,2021-08,AlphaTauri
vettel,-0.14495357690477884,-0.007274334177552241,0.06523926473899197,0.004672269898775428,66,2,2021-08,Aston Martin
alonso,-0.31660404592277974,0.016447518498773954,0.08832104630537269,0.009785415812688523,44,2,2021-10,Alpine
bottas,1.3020708682272149,-0.007734811832935402,0.0843534306202842,0.011996745981327998,44,2,2021-10,Mercedes
gasly,-0.12522700467920483,0.04110814161281683,0.06463892300686819,0.008180857344210792,43,3,2021-10,AlphaTauri
giovinazzi,-0.46926247290200374,-0.006540776214276706,0.05263817226288402,0.007474504224967739,42,2,2021-10,Alfa Romeo Racing
hamilton,1.7559780114271202,-0.02105373017438396,0.10946662082092805,0.016072421789603577,44,2,2021-10,Mercedes
latifi,-0.5178802709773322,-0.008092083991937664,0.06373178599604316,0.008242611073315049,43,2,2021-10,Williams
leclerc,1.3139069492242452,-0.015226928992219009,0.0737751676956807,0.008385897372409294,44,2,2021-10,Ferrari
mazepin,-2.0988924312098556,0.028240126049809126,0.08194552709334581,0.011112304422894452,43,2,2021-10,Haas F1 Team
mick_schumacher,-2.1249730169639003,0.06243696493583727,0.14990722105005172,0.020373340035027655,43,2,2021-10,Haas F1 Team
norris,0.9968792971018983,-0.0222200964314297,0.06605093757933252,0.009669608195639508,44,2,2021-10,McLaren
ocon,-0.08745870214370935,-0.004370006356298854,0.05117933852115106,0.006378306698891631,44,2,2021-10,Alpine
perez,0.3032654350141006,-0.08289529345324304,0.10189232269987024,0.02105954142326497,38,4,2021-10,Red Bull Racing
raikkonen,-0.47404380160449416,0.004945031244353464,0.05723765074773415,0.006630735052223685,41,2,2021-10,Alfa Romeo Racing
ricciardo,0.4905462695428536,-0.010967177090775722,0.0843361383825743,0.00957664807868325,44,2,2021-10,McLaren
russell,-0.3946965812775525,0.00021469139833978773,0.06792646357201182,0.007873333005790184,42,2,2021-10,Williams
sainz,0.7848417608353315,0.015409321962527249,0.09276697051971547,0.012584959824496431,44,2,2021-10,Ferrari
stroll,0.011793487504713013,-0.0029673051277041493,0.052488936501254094,0.006703446590137453,44,2,2021-10,Aston Martin
tsunoda,-0.3969327686932572,0.056809263910647716,0.07219747677700464,0.007904413171993254,43,2,2021-10,AlphaTauri
vettel,0.046689017496612695,-0.043542849947901204,0.04785839437894664,0.008445137605542824,31,2,2021-10,Aston Martin
alonso,-0.5329958919990089,0.03369200946801791,0.25627769124658656,0.01743701710019545,66,2,2021-13,Alpine
bottas,1.5785460076809854,-0.029635012057209933,0.09350527417005412,0.006421813386570928,65,3,2021-13,Mercedes
gasly,0.5064224290088286,-0.018525401275563638,0.12458665662372014,0.009658019535711947,66,2,2021-13,AlphaTauri
giovinazzi,-0.6424821780198946,0.03257755642349151,0.11528334773855592,0.01131004764642207,63,3,2021-13,Alfa Romeo Racing
hamilton,2.5271021910174785,-0.046875025664127115,0.08121180686862634,0.01023754920281407,63,3,2021-13,Mercedes
kubica,-1.1026033123796624,-0.032771659117441856,0.15125285179041684,0.011736471375231745,65,2,2021-13,Alfa Romeo Racing
latifi,-0.3550777449843793,-0.04010374262010269,0.1460618551179275,0.011956172796024967,65,2,2021-13,Williams
leclerc,0.5108598168857714,0.0005956777960504922,0.14402583806353525,0.010986912323141307,66,2,2021-13,Ferrari
max_verstappen,2.154303353139377,-0.008751382497060714,0.08932690184078773,0.009897987686437437,65,3,2021-13,Red Bull Racing
mazepin,-1.462922898087668,-0.02646655982543751,0.1350383692538661,0.012668183132165481,34,2,2021-13,Haas F1 Team
mick_schumacher,-1.6367868034436577,-0.029081454827159695,0.2359167621910104,0.015268166640151064,61,3,2021-13,Haas F1 Team
norris,0.20184733687906664,0.002971751419199517,0.14260252682584051,0.010769762835582848,63,2,2021-13,McLaren
ocon,-0.1730190598819369,0.00828371457664416,0.12488581568503553,0.008842256946202586,66,2,2021-13,Alpine
perez,0.9401412144593202,-0.032745199045237275,0.1242818307840875,0.01003446928203331,61,3,2021-13,Red Bull Racing
ricciardo,-0.6003681465530069,0.046974205378814846,0.2059690297478194,0.01739024279388977,66,2,2021-13,McLaren
russell,-0.6308061485583529,0.028487775263144097,0.12313549872513886,0.010066975394149759,62,2,2021-13,Williams
sainz,0.026809221051522503,0.00048439649468605406,0.09204350943465492,0.00682653787940165,66,2,2021-13,Ferrari
stroll,-0.18957950225317188,0.03519498372339751,0.17883464651967368,0.014757534626959324,65,2,2021-13,Aston Martin
tsunoda,-0.9399018892713212,0.03051784852869431,0.09371730746847125,0.011865004352783782,41,2,2021-13,AlphaTauri
vettel,-0.1794879946902883,0.04517551785720002,0.12788507400743365,0.014752475161802055,62,3,2021-13,Aston Martin
alonso,-0.28215588995937435,0.022491255603344806,0.07647550581354687,0.009173178526052492,38,2,2021-14,Alpine
bottas,0.6115590832023539,0.02527306501340637,0.09271712393833778,0.01084144176281276,41,2,2021-14,Mercedes
giovinazzi,-0.22202544900252447,0.015371291573680501,0.11006993332051307,0.011990193005744658,37,2,2021-14,Alfa Romeo Racing
hamilton,1.038634265059597,-0.050059062719385705,0.1463952104176929,0.02492948892437796,17,1,2021-14,Mercedes
kubica,-0.5635361381920261,-0.0026387211686879075,0.08010722907367054,0.00890093097742229,41,2,2021-14,Alfa Romeo Racing
latifi,-0.4149593181390357,0.014199492456630214,0.04398384237323237,0.007038603849347224,36,2,2021-14,Williams
leclerc,0.5886601032835282,-0.013184294499948221,0.05110205780050431,0.006989455785501506,41,2,2021-14,Ferrari
max_verstappen,1.082012757709032,-0.046781006775209966,0.09464493960544194,0.014771282709728674,17,1,2021-14,Red Bull Racing
mazepin,-1.56726972161129,-0.026349441176959698,0.04622234022236778,0.007780516860687487,26,2,2021-14,Haas F1 Team
mick_schumacher,-1.3671271928273883,-0.02069658156620449,0.050950261591193244,0.008975483081488713,34,2,2021-14,Haas F1 Team
norris,0.6091073087607148,0.008342457285251431,0.06926513853387584,0.007931819072844471,39,2,2021-14,McLaren
ocon,-0.39512224438366317,0.023010206283122614,0.09318761360691637,0.010754806379670447,38,2,2021-14,Alpine
perez,0.5818596462670019,0.004092802578429977,0.07641598451305028,0.008786758808607758,41,2,2021-14,Red Bull Racing
ricciardo,0.7438360164549098,-0.006483726740073581,0.053592406548376964,0.006641438791648953,36,2,2021-14,McLaren
russell,-0.4294105240294084,0.025850893089523208,0.08379490486679002,0.009807564932108262,41,2,2021-14,Williams
sainz,0.20359069059538448,-0.010492818903840982,0.09340314118975634,0.01026084114536346,38,2,2021-14,Ferrari
stroll,-0.04467501514243133,0.005674316172258831,0.08405783319018811,0.00876066809431215,40,2,2021-14,Aston Martin
vettel,-0.17297837804538052,0.03237987349466259,0.07923888299403896,0.010020313487117726,32,3,2021-14,Aston Martin
alonso,0.03477690052226741,-0.00022691444153701695,0.06192770736121843,0.010097193359171879,32,4,2021-17,Alpine
bottas,0.6484577291630762,0.013048184871141878,0.1253645896953631,0.022439249948785316,47,3,2021-17,Mercedes
giovinazzi,-0.30691637778642805,0.0021567630612093283,0.0799875544323063,0.011381705874245335,45,3,2021-17,Alfa Romeo Racing
hamilton,1.822186059895983,0.013040132105503512,0.07029588402783842,0.012541302227699606,47,3,2021-17,Mercedes
latifi,-1.03930835847438,0.003962891098556388,0.11463202195869701,0.01850401991603793,47,3,2021-17,Williams
leclerc,0.9421610790468029,0.0005123236577035187,0.056678390434598755,0.012666473000347511,47,3,2021-17,Ferrari
max_verstappen,1.7689394074943687,0.04264190044404711,0.12317758841470074,0.018564697493906875,48,3,2021-17,Red Bull Racing
mazepin,-2.443814527490521,-0.06621634995534759,0.08629259148539163,0.013759885758675284,44,3,2021-17,Haas F1 Team
mick_schumacher,-1.5066830508763762,-0.042071464375484806,0.08815137718401456,0.016259377751852246,45,3,2021-17,Haas F1 Team
norris,0.5353127190449354,0.02267271493595522,0.07992178324538832,0.015289459453803339,47,3,2021-17,McLaren
ocon,-0.5728359547511429,0.013297748676959077,0.09307080953251828,0.019517262394323578,31,3,2021-17,Alpine
perez,1.3256265437299375,-0.035898275196073665,0.08374833175128614,0.013544955816944298,47,3,2021-17,Red Bull Racing
raikkonen,-0.2374215567870535,-0.005502218522684364,0.057737773235410454,0.01068028254969003,42,3,2021-17,Alfa Romeo Racing
ricciardo,0.5225336510742992,0.02109734645136705,0.06811847409412602,0.012586971014044887,47,3,2021-17,McLaren
russell,-0.8355813896936046,-0.011069334629071136,0.06631878995807923,0.011154286737063344,46,3,2021-17,Williams
sainz,0.7305799795347099,0.0021802874041162226,0.11153600822617482,0.015337796900745005,47,3,2021-17,Ferrari
stroll,-0.7353638020417952,0.0031418914982169546,0.07586819777329187,0.016405586313683263,46,3,2021-17,Aston Martin
tsunoda,-0.3683599820708284,0.023092495344099052,0.08155591027817821,0.014047778213789294,46,3,2021-17,AlphaTauri
vettel,-0.28428906953425026,0.00013987757132325612,0.05271344448571618,0.010281832719765528,46,3,2021-17,Aston Martin
alonso,-0.15777929203337476,0.012240793437843348,0.10217001961474731,0.007707787425245329,63,2,2021-18,Alpine
bottas,0.3081926283219973,0.012894369367184862,0.2625995115163572,0.019414114270883492,58,3,2021-18,Mercedes
gasly,0.6626882749353749,-0.006651049125866528,0.08497703845244384,0.0063104284144232786,62,2,2021-18,AlphaTauri
giovinazzi,-0.6680473700338802,0.02092158126945021,0.07395569839343204,0.004303146442810691,63,2,2021-18,Alfa Romeo Racing
hamilton,1.5779187401452157,-0.01160821009703433,0.08238147906332847,0.005447933639802181,62,2,2021-18,Mercedes
latifi,-1.4553241017391598,0.0017004473133627636,0.08711059303594026,0.009155685706296672,60,3,2021-18,Williams
leclerc,0.40838766156440814,-0.0039002617209510336,0.1406059083348405,0.008739302823917815,64,2,2021-18,Ferrari
max_verstappen,1.846685938065813,-0.01592256094969263,0.08128477317126237,0.005659433627239407,63,2,2021-18,Red Bull Racing
mazepin,-2.4685712351496036,-0.03511069708747194,0.13748880719238776,0.012372781086072931,59,3,2021-18,Haas F1 Team
norris,-0.0781791517367395,0.010559063832240926,0.0888326736561368,0.005480868608222886,63,2,2021-18,McLaren
ocon,-0.3176240169894571,0.014902362673711703,0.11327744516053234,0.0050057886700788454,63,2,2021-18,Alpine
perez,1.6780312030913083,-0.0077362592762230085,0.0904128824856961,0.006812841993368031,64,2,2021-18,Red Bull Racing
raikkonen,-0.06799813341948077,0.013250233923893576,0.07647550772736884,0.005100918565714486,63,2,2021-18,Alfa Romeo Racing
ricciardo,-0.4127720278803455,0.01028431878255676,0.15466438166159321,0.011532059558251699,60,2,2021-18,McLaren
russell,-1.1182544789362794,-0.006394269833455254,0.21125255219796923,0.009326712782922457,62,2,2021-18,Williams
sainz,0.33602591363845885,0.014981656142850967,0.07526137918135789,0.004860004027343628,63,2,2021-18,Ferrari
stroll,-0.30084293806374596,-0.02409644026801849,0.09749536240859265,0.010466892568029226,57,3,2021-18,Aston Martin
vettel,0.22746238621949116,-0.0003150783843818804,0.0915498968822809,0.00636687772639926,61,2,2021-18,Aston Martin
alonso,0.06775046417272457,0.00025665688806319337,0.1541165733596835,0.011281626537040413,57,3,2021-19,Alpine
bottas,1.5629223763537787,-0.012371837549028215,0.06180707808197047,0.006023534265780189,58,4,2021-19,Mercedes
gasly,0.2631793911194669,0.01749538962970964,0.10046859752655488,0.01264701042389047,55,4,2021-19,AlphaTauri
giovinazzi,-0.7869799752885149,-0.003874200821072156,0.13067519781498688,0.01359662840541892,56,4,2021-19,Alfa Romeo Racing
hamilton,2.259092788810013,-0.04815032200481451,0.0654468510958736,0.009044690586875856,53,4,2021-19,Mercedes
latifi,-1.114758009390701,0.03038185041795665,0.12274289849001327,0.014460329468115037,57,4,2021-19,Williams
leclerc,0.7762079431138886,-0.014516819307459135,0.07050532132031084,0.00786005070981635,56,4,2021-19,Ferrari
max_verstappen,1.865941672993711,-0.041604274596335096,0.11762381695940925,0.011929307375051693,50,4,2021-19,Red Bull Racing
mazepin,-1.9801932440458074,-0.010614233537496805,0.16295632509641045,0.016170804689343052,56,3,2021-19,Haas F1 Team
mick_schumacher,-1.7121958084840239,-0.03175656787923654,0.17684550210962438,0.02244545653081408,53,5,2021-19,Haas F1 Team
norris,-0.5243631943020441,0.06989133927062308,0.22003431543029003,0.009390852321935624,55,3,2021-19,McLaren
ocon,-0.09354010853101152,0.0009236804562333389,0.10551669910016169,0.008560002874923171,59,3,2021-19,Alpine
perez,1.616573381631224,-0.0250947992274937,0.06579109650117243,0.009323034985919406,54,4,2021-19,Red Bull Racing
raikkonen,-0.12235401320185207,-0.021435825511856306,0.12216161222448749,0.015940582055737777,53,4,2021-19,Alfa Romeo Racing
ricciardo,0.124765406801772,0.028145895704096417,0.06786564878460855,0.009366430602793355,36,3,2021-19,McLaren
russell,-1.308474096117992,0.027031617884437524,0.11822832417847554,0.01070372048540338,57,3,2021-19,Williams
sainz,0.7372817384330039,-0.002000910922681627,0.059866130147278575,0.00784806052468,56,4,2021-19,Ferrari
stroll,-0.7893991227863201,0.015142095833565287,0.12598020519384745,0.014007621002000356,31,3,2021-19,Aston Martin
tsunoda,-0.7486189788498774,0.02118549780461553,0.1704377461788256,0.014986621181910003,54,3,2021-19,AlphaTauri
vettel,-0.09283861243144054,0.0009657674681734438,0.09836947812685641,0.010892606493615235,55,4,2021-19,Aston Martin
alonso,-1.0151359017396766,-0.03426434716640797,0.09124749304673935,0.009069880448548926,24,3,2021-21,Alpine
bottas,1.3442464237763494,0.03213167002114169,0.1371125482649149,0.01999245296046425,29,2,2021-21,Mercedes
gasly,-0.2927374213257221,-0.009679737455622998,0.06043066058615713,0.008032297577684986,28,2,2021-21,AlphaTauri
giovinazzi,-0.14025097125412161,-0.04884293218144414,0.06711387137114512,0.008524164136188513,28,2,2021-21,Alfa Romeo Racing
hamilton,2.0199616951593744,-0.052136120289863974,0.1620542345985081,0.014854596357657015,24,2,2021-21,Mercedes
latifi,-1.8996230820887368,0.030603648080963372,0.097792047096601,0.00813542576548491,28,2,2021-21,Williams
leclerc,0.5541810881599988,0.006710454854361891,0.11112268217786546,0.012580205021180662,29,2,2021-21,Ferrari
max_verstappen,1.6413420171746511,-0.02289396857272924,0.14580723814449004,0.017947268064910128,25,2,2021-21,Red Bull Racing
norris,-0.9788447205692044,0.035396724616655884,0.16846835925518977,0.011005756079852028,28,2,2021-21,McLaren
ocon,0.1958971349848538,-0.025270764259979595,0.07311017594928919,0.009443100741029567,25,2,2021-21,Alpine
raikkonen,-0.6441965726767027,-0.014000147864191854,0.07993013696316473,0.01793976836725767,27,3,2021-21,Alfa Romeo Racing
ricciardo,0.46724151296490335,0.005865740005444986,0.09791551315109034,0.009847015828423523,28,2,2021-21,McLaren
sainz,0.36153871365818546,0.05674646904855413,0.11006582879548629,0.009568299251356386,28,2,2021-21,Ferrari
stroll,-0.9258065451061556,0.06544240682091956,0.09503203086517956,0.009286244517050454,27,2,2021-21,Aston Martin
tsunoda,-0.009259951384152365,-0.022938713785296327,0.09145399442216823,0.013352754945741797,23,3,2021-21,AlphaTauri
vettel,-0.6785534197338445,-0.002870381872505462,0.09138865413670369,0.012154284902975107,19,2,2021-21,Aston Martin
alonso,-0.570455803181276,0.0447462598001294,0.07176407874671509,0.007482874632254434,43,2,2021-22,Alpine
bottas,0.6837010412513672,-0.002846266604097536,0.06832992967420454,0.006919082048893915,44,2,2021-22,Mercedes
gasly,-0.07007543593127966,0.036104640492137095,0.04979682405081257,0.0054574725164290355,45,2,2021-22,AlphaTauri
giovinazzi,-0.5253717784737588,0.010511197328800383,0.06222502642557625,0.013690826662767705,25,2,2021-22,Alfa Romeo Racing
hamilton,2.054875208067116,-0.017225886977306724,0.07536688299225415,0.006917924452965856,43,2,2021-22,Mercedes
latifi,-1.1089241053149315,-0.0245678721214845,0.06290031821818017,0.009702407000335644,40,2,2021-22,Williams
leclerc,0.1358920489340917,-0.042067761829490895,0.045097969189779034,0.0070837335857986536,41,3,2021-22,Ferrari
max_verstappen,1.6101117101765607,-0.030538179256348573,0.07014416992336954,0.012924331290411678,45,3,2021-22,Red Bull Racing
mick_schumacher,-1.2550618009485652,-0.00626926946912084,0.12911854699832295,0.008720967818186463,44,2,2021-22,Haas F1 Team
norris,0.12785984144160936,0.01909020355981062,0.046863019508854055,0.005260312649192254,41,3,2021-22,McLaren
ocon,-0.13191347611968335,-0.006012349186827352,0.045419913646764204,0.004157585597821808,43,2,2021-22,Alpine
perez,1.3651518202626478,-0.04675350201757552,0.09315187389563119,0.013729575487806431,45,3,2021-22,Red Bull Racing
raikkonen,-0.5698599766955116,0.012070094605230695,0.05772983766948437,0.009538034421340422,20,2,2021-22,Alfa Romeo Racing
ricciardo,-0.07155141723233743,-0.003812753458099137,0.04984064871085005,0.004911589892633967,43,2,2021-22,McLaren
russell,-1.282137327220817,0.0029967144604548315,0.17806991002633063,0.025053258920388028,23,1,2021-22,Williams
sainz,0.11466246795911475,0.034613911579257785,0.06317998284813586,0.005938979523909824,43,2,2021-22,Ferrari
stroll,-0.4211363813151335,-0.0024325832074499135,0.05708850123545491,0.006658933350247449,43,2,2021-22,Aston Martin
tsunoda,0.19178072663507859,0.022724861852193724,0.08546217955134726,0.007957135402869095,41,2,2021-22,AlphaTauri
vettel,-0.27754736229429255,-0.0003314595502134851,0.05352402235539205,0.006426916193362606,43,2,2021-22,Aston Martin
albon,-1.0880692201643287,0.013225158379909074,0.05514883891475296,0.013252446627519418,41,4,2022-01,Williams
alonso,-0.17082824031117966,-0.0434053505272481,0.05031524883226034,0.014190992318202953,41,4,2022-01,Alpine
bottas,0.2233264943530231,0.037347695363845815,0.05682687786355383,0.015052655156289275,45,4,2022-01,Alfa Romeo
gasly,0.28709205441529556,0.0008035251737159507,0.036257462049462265,0.007992552184789005,36,3,2022-01,AlphaTauri
hamilton,1.220404638357305,-0.001971973484666569,0.0470090772247956,0.01121389376233599,43,4,2022-01,Mercedes
hulkenberg,-1.5304497211787345,-0.046699322657281314,0.057029194625383646,0.012465040039024891,40,4,2022-01,Aston Martin
kevin_magnussen,0.19082609888790536,0.009477749395254208,0.05229618511550317,0.01287094207712948,45,4,2022-01,Haas F1 Team
latifi,-1.862695636806984,-0.028662842726043986,0.04575782774446413,0.011119638985055592,43,4,2022-01,Williams
leclerc,1.5077219636794827,-0.0197146982748372,0.03271559463614685,0.007975145387259944,45,4,2022-01,Ferrari
max_verstappen,1.4407388591864587,-0.021836552240986382,0.039567995066096984,0.010056148445013789,38,4,2022-01,Red Bull Racing
mick_schumacher,-0.4321258746316417,0.008526392868762288,0.0828536378943192,0.014046730478885711,41,3,2022-01,Haas F1 Team
norris,-0.7400334504167605,0.009910347549715075,0.10263752274891887,0.01778257364920498,40,4,2022-01,McLaren
ocon,0.04748367510823864,0.020932710896129535,0.05140945299614606,0.012764460960576329,42,4,2022-01,Alpine
perez,1.410111248590668,-0.05952515384136607,0.038131926457908506,0.011267834452084808,39,4,2022-01,Red Bull Racing
ricciardo,-1.2073668649939129,0.00010910255455188686,0.04227559135726917,0.011259303938069641,42,4,2022-01,McLaren
russell,0.7958938152989681,0.03167113098069059,0.05463866631512935,0.012329177237837522,44,4,2022-01,Mercedes
sainz,1.2191158816691083,-0.002106137900388095,0.03295280577817401,0.00724895868684903,44,4,2022-01,Ferrari
stroll,-1.1050507455004348,0.02026924737175013,0.046208998469324705,0.009930004074091725,40,4,2022-01,Aston Martin
tsunoda,-0.24729525889018855,0.049725517592183646,0.05474454639015849,0.013520781141504894,43,4,2022-01,AlphaTauri
zhou,0.04120028334771264,0.021923453526309488,0.06425790843526731,0.013420583645152214,44,4,2022-01,Alfa Romeo
albon,-1.6430278273299197,0.03175586615691257,0.04773162696563216,0.006805905668462261,27,2,2022-02,Williams
alonso,-0.0963317511571097,0.05503449445208514,0.07611460014958864,0.022697998341089397,22,2,2022-02,Alpine
bottas,0.011448914909309611,0.0037154178298167764,0.1345194672824656,0.04095444212681718,26,2,2022-02,Alfa Romeo
gasly,-0.613798966939964,0.005659764937225982,0.06310420585953054,0.007054560433075823,35,2,2022-02,AlphaTauri
hamilton,-0.19532923338748973,0.018033633109806498,0.056911383262597294,0.006554468189238945,35,2,2022-02,Mercedes
hulkenberg,-1.0366537343721969,-0.015521345982344163,0.08314599465982649,0.006772950538868795,34,2,2022-02,Aston Martin
kevin_magnussen,-0.030950790930845594,-0.01408297400576846,0.10900656135490333,0.009962799411525067,33,2,2022-02,Haas F1 Team
leclerc,1.670633534575763,-0.0353926692484628,0.047976779213674756,0.007374653321715614,35,2,2022-02,Ferrari
max_verstappen,1.6534447902640768,-0.009592490423613147,0.06992532483729508,0.007434411601841307,34,2,2022-02,Red Bull Racing
norris,-0.7063231096611482,0.06976543666342655,0.0699047429836644,0.008280300015810647,33,2,2022-02,McLaren
ocon,-0.25142616680771296,0.004852880580155046,0.07235473303465086,0.007929880805516808,32,2,2022-02,Alpine
perez,1.5882236908006735,-0.026046808556781202,0.04830289091866206,0.006124241957738198,35,2,2022-02,Red Bull Racing
ricciardo,-0.371153097039363,-0.02259042407532757,0.12951414586701998,0.018307958809569733,23,2,2022-02,McLaren
russell,0.4587184608388553,-0.017584167732658078,0.07391271944656877,0.008451356078464214,35,2,2022-02,Mercedes
sainz,1.3669127587548962,-0.01698946263176309,0.048305456719343554,0.005670201843908284,35,2,2022-02,Ferrari
stroll,-1.1857504140319508,-0.023462888716333473,0.07550898055656471,0.007563108768336862,32,2,2022-02,Aston Martin
zhou,-0.6186370584858739,-0.007554262356376615,0.07842907036294092,0.0073357576863864234,30,3,2022-02,Alfa Romeo
albon,-1.4534139684694722,0.03454224330181774,0.19696407187652842,0.008047189336792349,44,1,2022-03,Williams
alonso,-0.3762354632865136,-0.011697233643288209,0.10874221332414416,0.009234083529027036,41,3,2022-03,Alpine
bottas,-0.5047037153806995,0.03926995598782107,0.153147855055505,0.013310664691078946,39,2,2022-03,Alfa Romeo
gasly,-0.2805678128787264,-0.0029982289071812107,0.07926907240059092,0.006912031976305081,39,2,2022-03,AlphaTauri
hamilton,0.6741673359962526,0.04284513840395818,0.1346710448765826,0.012509893648981169,44,2,2022-03,Mercedes
kevin_magnussen,-0.26428336644022066,-0.03864259416566254,0.11295285722636327,0.00924495487833462,38,2,2022-03,Haas F1 Team
latifi,-1.1383297732458508,-0.00635309960564448,0.10843395209067043,0.009719077137132414,40,3,2022-03,Williams
leclerc,2.086318193809636,-0.03502061811095783,0.1263955373028739,0.01105521687667908,41,2,2022-03,Ferrari
max_verstappen,1.448275448298933,-0.05373220616167265,0.15042602364011085,0.03745667937602514,23,2,2022-03,Red Bull Racing
mick_schumacher,-0.09232062873388369,-0.0241603088041348,0.13261431096683135,0.009348983113028123,38,2,2022-03,Haas F1 Team
norris,0.16516593688420816,0.017071479050465882,0.0965091050246622,0.00921250601113168,43,2,2022-03,McLaren
ocon,-0.1661727639702888,0.010767583555278154,0.14839594391065544,0.011974109731616755,43,2,2022-03,Alpine
perez,1.071239562322532,0.009458594965746386,0.14399846779111639,0.013021195638183922,41,2,2022-03,Red Bull Racing
ricciardo,0.25596057758031593,0.005705787444512278,0.10206870224451114,0.00985815720754892,43,2,2022-03,McLaren
russell,0.7115105631075735,0.031488152954690984,0.12288946980288208,0.012024826702204554,45,2,2022-03,Mercedes
stroll,-0.8425857123180964,-0.017562340916617597,0.1571184959068414,0.011651538366099877,42,2,2022-03,Aston Martin
tsunoda,-0.6292719531668314,-0.024151291259059487,0.12495842889352149,0.009194799207248871,40,2,2022-03,AlphaTauri
zhou,-0.6647524601088678,0.02316898590992808,0.24594320261283825,0.019971402472873604,43,2,2022-03,Alfa Romeo
albon,-2.5299079655433827,-0.050262561669257314,0.07676688375382006,0.019464084301736347,51,5,2022-06,Williams
alonso,-0.2812613636761454,0.06511426339503866,0.08294375078370265,0.01528104101306323,55,4,2022-06,Alpine
bottas,0.47002117189022163,-0.009191995776199627,0.0707700740728585,0.01083118866075975,58,3,2022-06,Alfa Romeo
gasly,-0.4673407436326299,-0.0015793502853062164,0.06800806608511961,0.013944135385952107,52,4,2022-06,AlphaTauri
hamilton,1.5271937637656856,0.004875117960213782,0.11607813259755873,0.01699376580271672,57,3,2022-06,Mercedes
kevin_magnussen,0.5113663024245805,-0.07894005698299196,0.15023220152933253,0.016562292340651666,57,2,2022-06,Haas F1 Team
latifi,-1.6789242370002373,0.022298799986865056,0.09942259180744785,0.017471156481398315,53,4,2022-06,Williams
leclerc,1.4922670147257924,0.018592949040625487,0.10913966460925568,0.015385900253479105,20,2,2022-06,Ferrari
max_verstappen,1.5459694669886541,-0.030928918155215465,0.08334378569648518,0.016015632855353946,52,4,2022-06,Red Bull Racing
mick_schumacher,-0.5478747355928928,-0.021279767391889817,0.07965987533235254,0.010786406022674541,57,3,2022-06,Haas F1 Team
norris,-0.15654565636787854,0.0490653877454873,0.0927512867265355,0.014412329597937805,56,4,2022-06,McLaren
ocon,0.009394110133248978,-0.019411235262709117,0.04311533330138503,0.00870906786270036,56,4,2022-06,Alpine
perez,1.1407440897624526,-0.00876660841797565,0.05488534482543855,0.011428718046087988,56,4,2022-06,Red Bull Racing
ricciardo,-0.6366045335377187,-0.014868073686476094,0.04956851804159327,0.010343215696113676,55,4,2022-06,McLaren
russell,0.6977438071591651,-0.03148006758708356,0.05552798103611769,0.010570062397131732,53,4,2022-06,Mercedes
sainz,1.0786365867123457,-0.023665385504497996,0.061210517568174,0.010290673616374597,55,4,2022-06,Ferrari
stroll,-0.8209381750773208,0.020551189393400768,0.07674506645070236,0.01832689298893485,53,4,2022-06,Aston Martin
tsunoda,-0.2453601841612031,0.04863909540476001,0.06132766840313318,0.010231458655897916,55,4,2022-06,AlphaTauri
vettel,-0.603407216904937,0.05238358577596873,0.09507201568046289,0.014343500968924717,57,3,2022-06,Aston Martin
zhou,-0.5051715020678011,0.008853632017242916,0.1172431064470638,0.02343228235842218,19,2,2022-06,Alfa Romeo
albon,-0.25874272924667047,0.007962605935711672,0.09097284573733265,0.015327139256637033,39,3,2022-08,Williams
alonso,-0.17846135380143138,0.014707859976851048,0.052289638224359614,0.006039277110769629,40,2,2022-08,Alpine
bottas,-0.7684863897955807,0.01947052648466023,0.11748311317263009,0.012787542511754615,41,2,2022-08,Alfa Romeo
gasly,0.08495569254258034,-0.002090863295181669,0.10796101345565316,0.008374931870182397,43,2,2022-08,AlphaTauri
hamilton,0.16171422066482877,0.012722862237354235,0.1181411369763014,0.016002883026071366,43,3,2022-08,Mercedes
kevin_magnussen,-0.30551303977414224,-0.04011276907174384,0.06414098586057379,0.014581867461829526,24,2,2022-08,Haas F1 Team
latifi,-1.3681991341526551,-0.02218829535323448,0.21225873528267955,0.020655498833276286,37,3,2022-08,Williams
leclerc,1.6127239987475435,0.002958915751261504,0.07528631948327916,0.01253070238544161,15,2,2022-08,Ferrari
max_verstappen,1.5453410195219195,-0.03955223798504573,0.05315452889286733,0.009610615592457546,40,3,2022-08,Red Bull Racing
mick_schumacher,-0.7899069407572046,0.01953327357248273,0.08862033214463047,0.0161022685440063,40,3,2022-08,Haas F1 Team
norris,-0.11355586979077831,0.035658468103700255,0.09418718275103048,0.009368986751387205,40,2,2022-08,McLaren
ocon,-0.5380922550069419,-0.01982556089619804,0.04641783465088991,0.005967067339286139,42,2,2022-08,Alpine
perez,1.1137452296117465,-0.07763677315746266,0.055155334714813695,0.010013492551533523,40,3,2022-08,Red Bull Racing
ricciardo,-0.19003458574992882,-0.005370676126792609,0.0960277555156578,0.008925817248761899,43,2,2022-08,McLaren
russell,0.5336210001510042,-0.010436871655450333,0.05089318439556639,0.0064027678962947174,43,3,2022-08,Mercedes
stroll,-0.7092287057894264,0.007034855589485564,0.13141823070281547,0.010777003180928179,33,2,2022-08,Aston Martin
tsunoda,-0.12164061856641997,0.008999675379710134,0.05014594332873263,0.007417070235010122,40,3,2022-08,AlphaTauri
vettel,0.09068711220945269,0.0054533995197112856,0.08469520582357422,0.007254349789455676,41,2,2022-08,Aston Martin
zhou,0.19907334898210388,0.08271160499018075,0.1535559312371249,0.03961886407645723,16,2,2022-08,Alfa Romeo
albon,-0.8270472624730005,-0.011374268263021618,0.0658345501487301,0.006649233517516422,55,3,2022-09,Williams
alonso,0.03149439273277521,-0.06486131239500698,0.11266991312603199,0.020577283571723004,54,3,2022-09,Alpine
bottas,-0.16811966584285987,0.03048028413275245,0.09907524499449666,0.0063403354687584365,55,2,2022-09,Alfa Romeo
gasly,-0.34869817028255107,0.004509251894851914,0.1905784253501312,0.015487680747353887,52,3,2022-09,AlphaTauri
hamilton,1.1972697649065136,0.015908886758434083,0.06092091943351872,0.006060500595451327,54,3,2022-09,Mercedes
kevin_magnussen,0.026095563745773598,-0.023886280826474003,0.12322581928557541,0.004705046674659644,55,2,2022-09,Haas F1 Team
latifi,-1.4169445582870146,-0.014267335693498799,0.10638179734723652,0.009832969487048784,53,3,2022-09,Williams
leclerc,0.04741252718768496,0.04863101335368337,0.12307119563362005,0.008736549657015757,54,2,2022-09,Ferrari
max_verstappen,1.6822081296799278,0.015874800806544666,0.07958525319832026,0.0063549366012158074,54,3,2022-09,Red Bull Racing
norris,-0.5207978706054336,-0.05309232000781532,0.0898049574602254,0.015011124724985966,53,3,2022-09,McLaren
ocon,-0.10918564596732261,0.0012211899938360873,0.049178586001600494,0.006244564032983661,56,3,2022-09,Alpine
ricciardo,-0.7357318620888705,-0.002609874909659464,0.05725105221485651,0.006944307412727581,56,3,2022-09,McLaren
russell,0.8431760273122303,0.04370587946735267,0.05496625698072889,0.005948067530654998,54,3,2022-09,Mercedes
sainz,1.5760972208267225,0.0007506030351544443,0.06757897257670992,0.00907072525417177,55,3,2022-09,Ferrari
stroll,-0.8041659934569466,0.031032398749747996,0.09683612065628874,0.005172826297992985,55,2,2022-09,Aston Martin
tsunoda,-0.027158579452309928,-0.016348676858191573,0.09392279827208945,0.007689537033956567,39,2,2022-09,AlphaTauri
vettel,-0.19785120107161103,0.0003516168628613994,0.13080731303919382,0.0075062652405019125,54,3,2022-09,Aston Martin
zhou,-0.2480528168637105,-0.006025856101551312,0.10580338832835252,0.010517661382658723,56,3,2022-09,Alfa Romeo
albon,-0.20235970210637083,-0.009079741479257858,0.10345030774543063,0.012445330753521527,36,2,2022-11,Williams
alonso,-0.016498306072096236,0.04087923623781728,0.09658682544019136,0.011929635548553095,58,3,2022-11,Alpine
bottas,0.06829544886157896,0.017893485218507615,0.08252748187301555,0.007573227801556815,35,2,2022-11,Alfa Romeo
gasly,-0.25328484335807083,-0.008440435248842165,0.06942949759118242,0.010196145552994846,35,2,2022-11,AlphaTauri
hamilton,0.48167806055378637,0.03586676251477225,0.10938377639160811,0.012190094816306807,46,2,2022-11,Mercedes
kevin_magnussen,0.01099507976137526,-0.02039516947599243,0.0890130964047295,0.01793350355274937,35,2,2022-11,Haas F1 Team
latifi,-0.879784884088656,-0.09599709692860509,0.09094518654756818,0.015096065825348845,31,2,2022-11,Williams
leclerc,1.4303870093423021,-0.027233637368675706,0.0644568360932322,0.009770224658373586,54,3,2022-11,Ferrari
max_verstappen,1.073331303637465,-0.033556664835959496,0.0738320813139708,0.010735554165475539,50,3,2022-11,Red Bull Racing
mick_schumacher,0.1657520462392944,-0.0026671097293114038,0.10259483503505036,0.015504335815902777,37,2,2022-11,Haas F1 Team
norris,0.003908664605901113,0.01503575862733185,0.10744990429082793,0.016981336350200514,37,2,2022-11,McLaren
ocon,0.05528692962302173,0.005193075663762564,0.08725320996210799,0.015300392776922933,38,2,2022-11,Alpine
perez,-1.4206953601454884,-0.009865368565527693,0.14388999860058282,0.026480087477047217,18,1,2022-11,Red Bull Racing
ricciardo,-0.2238887416706169,0.01601079382545187,0.09159248638566228,0.0127792168777714,39,2,2022-11,McLaren
russell,0.5320220696231639,0.017789873243360205,0.10516106311736534,0.013711016857333645,33,2,2022-11,Mercedes
sainz,1.1723957210824496,-0.005544240107425269,0.07558630909080775,0.011190810425623463,45,2,2022-11,Ferrari
stroll,-0.5500275480249908,0.01967130746081805,0.09731803006333883,0.011646547095466819,60,3,2022-11,Aston Martin
tsunoda,-0.7364770167353072,0.020842692462089946,0.12380080034722613,0.01614455459561325,38,2,2022-11,AlphaTauri
vettel,-0.38938765942098164,0.018130351132485706,0.05601202079046055,0.010461038450034287,37,2,2022-11,Aston Martin
zhou,-0.3216482717077593,0.005466127353199762,0.12215870404143225,0.018704756834411508,41,2,2022-11,Alfa Romeo
albon,-0.5489591997939471,0.00506826513182121,0.0621959237246688,0.006054220710330626,44,2,2022-12,Williams
alonso,0.06632073277684358,0.01962141661949926,0.056484877486809415,0.006928910497876169,44,2,2022-12,Alpine
bottas,-0.5524817094296623,-0.01089225518486528,0.06934539744499611,0.012794734800221013,42,3,2022-12,Alfa Romeo
gasly,-0.6573057037387233,0.044693668989476215,0.08309695459137988,0.007223462161029545,44,2,2022-12,AlphaTauri
hamilton,1.053414663430517,-0.007358359661370022,0.05229283140002837,0.0057634866018076636,41,2,2022-12,Mercedes
kevin_magnussen,-0.41439447436841537,-0.06467212705952277,0.04514609815492022,0.010514819308804947,27,3,2022-12,Haas F1 Team
latifi,-0.6678262668174457,0.0225133193902762,0.05971434397320269,0.012919819395882876,31,2,2022-12,Williams
max_verstappen,1.5538652570176268,-0.010250183249390147,0.06549805970683792,0.006603846152087267,39,2,2022-12,Red Bull Racing
mick_schumacher,-0.5344372447720087,0.00765099576282527,0.06378441505553553,0.006528411171302365,37,3,2022-12,Haas F1 Team
norris,-0.07578420478694076,-0.0007990132208697534,0.05016990336593312,0.005919255314522043,44,2,2022-12,McLaren
ocon,-0.17637636258451378,0.0063045891511275,0.05249674737297113,0.005680167292785459,43,2,2022-12,Alpine
perez,0.9320834222929957,0.00900956306833793,0.06706618565945693,0.008611258650635152,40,2,2022-12,Red Bull Racing
ricciardo,-0.33096112256939003,-0.0002946270858149849,0.06189022438977125,0.008283107270239993,44,2,2022-12,McLaren
russell,0.8373876295152303,0.02480458231110813,0.05507964508774567,0.006084914268408507,40,2,2022-12,Mercedes
sainz,0.837183507355741,-0.0022283698626964213,0.04602929382977735,0.006580797466041913,41,3,2022-12,Ferrari
stroll,-0.21175965985738915,0.0060035468701595965,0.06335370332942097,0.007083198356431837,44,2,2022-12,Aston Martin
vettel,-0.25158429285641937,0.016105796088075247,0.07928252600291144,0.006546383520866295,44,2,2022-12,Aston Martin
zhou,-0.858384970814098,-0.06528080805817718,0.07575423261262837,0.013198554310772846,36,3,2022-12,Alfa Romeo
albon,-0.4660816606109734,0.006336345401675221,0.10436914083054294,0.02382143361807747,35,3,2022-14,Williams
alonso,0.11037782646991234,0.06363542465371644,0.055470093884173594,0.013826800010931194,35,3,2022-14,Alpine
gasly,-0.2647364834784321,0.016049984395485002,0.06404962445288431,0.014629235541561677,35,3,2022-14,AlphaTauri
kevin_magnussen,-0.771047093651186,0.0013813036254252745,0.09568875255941119,0.02182691138496246,34,3,2022-14,Haas F1 Team
latifi,-1.0526502932382262,-0.05125250207004258,0.05951238910191035,0.013339375859050503,34,3,2022-14,Williams
leclerc,0.6222597278750104,0.0704546572575272,0.12062122557256781,0.02093040248730974,35,2,2022-14,Ferrari
max_verstappen,1.331421528691795,-0.011625667013681444,0.05527163313775469,0.013542021197144453,35,3,2022-14,Red Bull Racing
mick_schumacher,-0.9426774773596549,-0.0676498376750248,0.090068770332598,0.02534213294400657,34,3,2022-14,Haas F1 Team
norris,-0.3476069776475866,-0.05250696706101514,0.06945327580847455,0.01918691673047502,35,3,2022-14,McLaren
ocon,0.18417014389411746,0.011074647168420722,0.05055618400203648,0.0119653336456132,35,3,2022-14,Alpine
perez,0.9565888103784264,-0.07680887322095437,0.07507626251462224,0.015461491871439356,35,3,2022-14,Red Bull Racing
ricciardo,-0.4346531267044725,0.05494042181582443,0.08941395402013572,0.02142083368820986,35,3,2022-14,McLaren
russell,0.8771770303273578,-0.0005217333780909647,0.07978392731999596,0.02167425505690932,35,3,2022-14,Mercedes
sainz,0.9123883193768498,0.05957616964402163,0.05572303325318163,0.012584664461576656,34,3,2022-14,Ferrari
stroll,0.010356425242502298,-0.0006861740494871135,0.0625836986193435,0.012753352519864303,35,3,2022-14,Aston Martin
tsunoda,-0.35168558327304883,0.018854017479759642,0.0979573756422446,0.0248810092053064,35,3,2022-14,AlphaTauri
vettel,0.12003720253455111,0.028794776338183288,0.062250331623542876,0.014171402838511434,35,3,2022-14,Aston Martin
zhou,-0.49363831882694204,-0.07004599331174247,0.08436213639977291,0.019693098339190092,35,3,2022-14,Alfa Romeo
albon,-0.6856078963666803,0.020333481817043097,0.06183136467403701,0.013396715515955025,52,4,2022-15,Williams
alonso,0.43723455006758477,-0.0006374393909231897,0.07362315505300142,0.007820246377528319,54,4,2022-15,Alpine
bottas,-0.8909548347056302,0.047823272430152955,0.05941001870677976,0.014795322205579088,34,3,2022-15,Alfa Romeo
gasly,-0.24673218602302968,-0.03213531223843939,0.050098034979579834,0.009643063237351396,50,4,2022-15,AlphaTauri
hamilton,1.2866654870297927,0.00981670816021991,0.06052397849161245,0.007637672403232994,54,4,2022-15,Mercedes
kevin_magnussen,-0.5560708305716274,-0.020637889378218078,0.0688311631273184,0.007229786749264865,51,5,2022-15,Haas F1 Team
latifi,-1.7593656761929855,-0.0021542029533693115,0.10611578265884637,0.03012886943648123,51,4,2022-15,Williams
leclerc,0.9756459083394322,-0.001499130359300594,0.045554011005138895,0.006092338614956428,53,4,2022-15,Ferrari
max_verstappen,1.3436113233006792,0.0072467592868392765,0.04454762751754518,0.007912629687237558,52,4,2022-15,Red Bull Racing
mick_schumacher,-0.419610443154973,-0.006943362933820519,0.08842423559100564,0.01937093100116033,51,5,2022-15,Haas F1 Team
norris,0.24262310380427565,-0.01796810875577543,0.058586648595176,0.01004557188915691,54,4,2022-15,McLaren
ocon,-0.17670998944803146,0.012476075984290642,0.06145471562590617,0.008580016236568568,55,3,2022-15,Alpine
perez,0.9114693241168967,-0.03826695299896586,0.05462077857122971,0.008661225617638626,50,4,2022-15,Red Bull Racing
ricciardo,-0.9785901898700111,-0.04582714685522181,0.08900077376071545,0.021531720448126124,51,5,2022-15,McLaren
russell,1.3268072927173244,0.004732233781957983,0.05271408745049958,0.007005227166125937,54,4,2022-15,Mercedes
sainz,0.5616041485880445,-0.004634721628587569,0.04467639530652939,0.006467787918861049,51,4,2022-15,Ferrari
stroll,0.10852014163358648,0.011147003387046672,0.0370243738403659,0.006779208712650367,51,4,2022-15,Aston Martin
tsunoda,-0.2901109032895325,0.00841684817333117,0.0556505298262435,0.006965999045065794,36,2,2022-15,AlphaTauri
vettel,-0.5387376866841365,0.029005820981839747,0.06789410421159603,0.01149224816359265,48,5,2022-15,Aston Martin
zhou,-0.65169064329098,0.019706063489900293,0.04647292709551346,0.007364637462589833,51,4,2022-15,Alfa Romeo
alonso,0.009889591650628748,-0.030407238139668905,0.06546911262506443,0.00798150326175486,25,1,2022-16,Alpine
bottas,-0.6806494024192726,0.026917256293701272,0.07735576828610913,0.007955355368039029,40,2,2022-16,Alfa Romeo
de_vries,-0.34256662863339093,-0.0161314690683156,0.05657906572267389,0.008495540500523573,40,2,2022-16,Williams
gasly,0.054668404974862694,-0.011083093690756066,0.06780617860999688,0.007087897231891514,40,2,2022-16,AlphaTauri
hamilton,0.32407374695905566,0.009213466905407225,0.09537349940061787,0.009625687378173575,40,2,2022-16,Mercedes
kevin_magnussen,-1.038455028676036,-0.012875912128398323,0.06303285269401414,0.00860499057224566,40,2,2022-16,Haas F1 Team
latifi,-0.37527854581654974,-0.015345203396608373,0.06727450020266096,0.008056027747546185,40,2,2022-16,Williams
leclerc,1.0646933906242873,-0.004448178539627604,0.0516309625537937,0.009140447687815252,41,3,2022-16,Ferrari
max_verstappen,1.2961983850707433,-0.014095189179594694,0.06660358228516336,0.007451781916036329,40,2,2022-16,Red Bull Racing
mick_schumacher,-0.6110092222522732,0.02307919042543287,0.07771457737369097,0.008201838479968625,40,2,2022-16,Haas F1 Team
norris,0.27248615778611807,-0.004006976593869019,0.04576087881143997,0.005809096139528623,40,2,2022-16,McLaren
ocon,-0.49203268413763646,0.026670777949203348,0.050621612720833944,0.006812176433082318,40,2,2022-16,Alpine
perez,0.7425135968105337,0.04112360581999057,0.06991047653379312,0.008107291967171764,38,3,2022-16,Red Bull Racing
ricciardo,-0.391108159748981,0.015447453681158893,0.05930010251802112,0.008566376643296241,37,2,2022-16,McLaren
russell,0.695808621643876,-0.010961810977806866,0.0790496107703061,0.011339776783298172,40,2,2022-16,Mercedes
sainz,0.7893986568037842,-0.016615956850965466,0.08591460810734364,0.009594569534642354,41,2,2022-16,Ferrari
stroll,-0.919332296890966,0.0012113842482040366,0.03761780495333465,0.0075697570705250605,31,2,2022-16,Aston Martin
tsunoda,-0.36552351567877017,0.0008253051516156212,0.047196204295654715,0.006690340460931144,40,2,2022-16,AlphaTauri
zhou,-0.0337750680700134,-0.008517411909102893,0.05573842385335193,0.008848221020862884,40,2,2022-16,Alfa Romeo
albon,-0.717172602588247,0.006577003711947251,0.06462693544042546,0.005647557901659158,35,3,2022-19,Williams
alonso,-0.38643747167939196,0.015163340785100317,0.06551711021427445,0.0070483263743262815,46,2,2022-19,Alpine
gasly,-0.31067459930461977,-0.02424282293980943,0.04757983025428275,0.007418715484766535,38,3,2022-19,AlphaTauri
hamilton,1.3891563821487742,0.007655140840234069,0.06356416643699898,0.010479363869515932,42,3,2022-19,Mercedes
kevin_magnussen,-0.7438339761978923,0.030470190082726223,0.08105408670871077,0.00869031628946443,45,2,2022-19,Haas F1 Team
latifi,-1.1493479004374352,-0.02471118504542469,0.0749079765577679,0.006528762189781998,40,3,2022-19,Williams
leclerc,0.980887117001376,0.003408429961139771,0.06448359483954297,0.016137523152937497,44,3,2022-19,Ferrari
max_verstappen,1.5132897514141357,-0.0006913332635905805,0.04704122428609054,0.00793786579604964,41,3,2022-19,Red Bull Racing
mick_schumacher,-0.6102955378476067,-0.06444651582439391,0.04289120684595925,0.007103127757310644,38,3,2022-19,Haas F1 Team
norris,-0.02931399040185162,0.024347488677763186,0.04478919634510645,0.009016695579320432,41,3,2022-19,McLaren
ocon,-0.481430492454243,-0.019889772555593932,0.046599536498111625,0.007874397755222516,44,3,2022-19,Alpine
perez,1.151227035139569,-0.016782917656964713,0.055660196101986956,0.008376656474867555,42,3,2022-19,Red Bull Racing
ricciardo,-0.9098570370308976,-0.025603291633123026,0.049004839211432005,0.006734166483300823,41,3,2022-19,McLaren
russell,0.9179222632967856,0.006603082857822908,0.07578506507941436,0.010656640382316972,39,3,2022-19,Mercedes
tsunoda,-0.18853479014132984,0.02306791023689292,0.09682079592393236,0.014763250365671398,36,3,2022-19,AlphaTauri
vettel,0.1390915338500589,0.05367900940808479,0.07293904103379267,0.011572003032752414,41,3,2022-19,Aston Martin
zhou,-0.5646756847671854,0.005396242357188831,0.10250419484646622,0.013272082946623852,40,3,2022-19,Alfa Romeo
albon,-0.5015523986986803,0.0008770522992976225,0.04626715175968923,0.0036908548447867457,64,2,2022-20,Williams
alonso,-0.024709467082143943,0.013100062992512184,0.13130160073439093,0.006875604719171146,57,2,2022-20,Alpine
bottas,-0.04759181032758286,0.003192272230219941,0.08481555240753369,0.005303854426139017,64,2,2022-20,Alfa Romeo
gasly,-0.11779622502205223,-0.018873252469398815,0.07280028329516985,0.004971884007209037,61,2,2022-20,AlphaTauri
hamilton,1.6214155316618615,-0.0013590530774821676,0.07294619325834577,0.006091843337979356,65,2,2022-20,Mercedes
kevin_magnussen,-1.390017642602299,0.03218701760647696,0.09581958728571709,0.006841292809506724,63,2,2022-20,Haas F1 Team
latifi,-1.6420635428459085,0.03740354555704833,0.09169654771180487,0.011480505179272002,61,3,2022-20,Williams
leclerc,0.61631752523217,-0.0291024731573687,0.07935801143032294,0.006321107990712042,64,2,2022-20,Ferrari
max_verstappen,1.527991180297037,-0.01479325453299136,0.056711363688132455,0.0032324581649129693,64,2,2022-20,Red Bull Racing
mick_schumacher,-0.9836310337872448,-0.00023272597352092873,0.11150479205591667,0.008622406032086756,63,2,2022-20,Haas F1 Team
norris,-0.10697930881642292,0.01257292157677036,0.09125814197332384,0.007766301446955148,64,2,2022-20,McLaren
ocon,-0.010658634024519054,0.0032147804541943124,0.06664471654277748,0.0054131568384755725,64,2,2022-20,Alpine
perez,1.5003451682612918,-0.018465007932106547,0.07524329494106244,0.005534348863460306,65,2,2022-20,Red Bull Racing
ricciardo,-0.05657740791157906,-0.00487829079122388,0.05570056469316135,0.0038790694786980553,61,2,2022-20,McLaren
russell,1.370797372500231,0.004034268600621662,0.07577897675918509,0.005835468981171811,63,2,2022-20,Mercedes
sainz,0.719647059215142,-0.021346128670812602,0.07684470401214094,0.005491131260579807,64,2,2022-20,Ferrari
stroll,-0.7512923948172872,-0.012736922828740569,0.06915092570208584,0.008048784315652275,58,3,2022-20,Aston Martin
tsunoda,-0.5648011800698108,0.01599777924625916,0.043183505170962734,0.005299879142110096,44,2,2022-20,AlphaTauri
vettel,-0.44470206091605713,-0.006331430246748435,0.11891741567994511,0.007973425084861513,63,2,2022-20,Aston Martin
zhou,-0.7141407302461462,0.005538839116993479,0.10634527811519422,0.0059632250781123585,63,2,2022-20,Alfa Romeo
albon,-0.8672437260925214,0.002170733129187952,0.07977405901221844,0.014799327292658997,50,3,2022-21,Williams
alonso,0.34385974920543183,0.027461614528647822,0.05448771289486807,0.012030700146404146,51,4,2022-21,Alpine
bottas,-0.11569127866537987,-0.009340272563542494,0.06694238406292498,0.01107052232284064,50,3,2022-21,Alfa Romeo
gasly,-0.510166359997571,-0.0033737941150522146,0.07515467655086201,0.015554213266342888,50,4,2022-21,AlphaTauri
hamilton,1.1342958254086277,-0.0005436348340400405,0.05737185842490296,0.008939314220490331,51,3,2022-21,Mercedes
latifi,-1.2877402057540261,0.017418126201510543,0.054622254923317945,0.011506559522746155,50,4,2022-21,Williams
leclerc,0.631058722314964,-0.0029298607875687882,0.12629772468305314,0.019537192433906333,49,3,2022-21,Ferrari
max_verstappen,0.916301619891727,-0.027207128969950055,0.12710150544367374,0.011177896031215322,49,3,2022-21,Red Bull Racing
mick_schumacher,-0.4667307460703257,-0.021304193200406794,0.12016082029596464,0.014586722509592247,47,3,2022-21,Haas F1 Team
norris,-0.3488952169672871,-0.04247273877756244,0.09488870555955475,0.015792367794154587,34,2,2022-21,McLaren
ocon,-0.10165602698274116,0.002422947229988404,0.06498764303705716,0.009360744361088656,50,3,2022-21,Alpine
perez,0.7895753181983818,0.005501195974937568,0.06481842314280227,0.009698421391619048,51,3,2022-21,Red Bull Racing
russell,1.0827363744200342,0.0384952126895615,0.07618215460735141,0.00965941062104408,50,3,2022-21,Mercedes
sainz,0.9820101051449327,-0.0011384363333598263,0.061422269131065806,0.01372802180268717,49,4,2022-21,Ferrari
stroll,-0.3268791595743613,0.012510970040575477,0.058279773350125776,0.008600526507071873,47,3,2022-21,Aston Martin
tsunoda,-0.9647721907213663,-0.010938877777645593,0.08371044544586866,0.0179527531678639,48,4,2022-21,AlphaTauri
vettel,-0.268705407911376,0.023628726715877964,0.09650248518425315,0.015084145587614872,50,3,2022-21,Aston Martin
zhou,-0.6213573958471433,-0.01036058915115897,0.12849088333748582,0.014638474068582489,50,3,2022-21,Alfa Romeo
albon,-0.46151140136041646,-0.017293871436813234,0.10764919737645345,0.016105401027216592,50,3,2022-22,Williams
alonso,0.20959462711769394,0.027673007035868828,0.08257558610340378,0.013666865335580527,21,2,2022-22,Alpine
bottas,-0.91742606503005,0.010585142057039566,0.1591657055899386,0.013893252918144798,52,2,2022-22,Alfa Romeo
gasly,-0.36025287528254835,-0.015358526051406855,0.128130685884526,0.008420634988763526,52,2,2022-22,AlphaTauri
hamilton,0.6853487623377027,0.013072108089086688,0.08975125815097341,0.007622113679889795,47,2,2022-22,Mercedes
kevin_magnussen,-1.1143042103570924,0.010955935048614564,0.1902322930115146,0.01915392164884309,52,2,2022-22,Haas F1 Team
latifi,-1.329889893934605,-0.014490106779934973,0.06808011575405103,0.009381617225095442,47,3,2022-22,Williams
leclerc,0.8518836532191713,0.008092827856706244,0.06782550911213323,0.006413928696552838,53,2,2022-22,Ferrari
max_verstappen,0.9638409347946436,0.005174071900895728,0.06109208619266464,0.006831354217745487,53,2,2022-22,Red Bull Racing
mick_schumacher,-0.5604556866403912,-0.05173810657744312,0.09324605804199669,0.015932346212691587,49,3,2022-22,Haas F1 Team
norris,0.1526224517440632,-0.035023967256199905,0.06704474795692614,0.008949782686792031,51,3,2022-22,McLaren
ocon,0.09185566611695861,0.005291739050880574,0.05665118615681995,0.006192942301753725,51,3,2022-22,Alpine
perez,0.9890896837952113,0.008010850597097309,0.04451587909852316,0.005286808716967969,50,3,2022-22,Red Bull Racing
ricciardo,-0.21408224883254384,0.0027115207228535568,0.05485629530089435,0.005408464798250648,53,2,2022-22,McLaren
russell,0.7844941010393857,0.001479320210367653,0.06344917511608011,0.008502136142964165,52,3,2022-22,Mercedes
sainz,0.7040913958041098,0.011057090627776857,0.044866747935208985,0.006869907011378009,51,3,2022-22,Ferrari
stroll,0.09465449228829415,0.017627633488882126,0.053084577593659206,0.007754783278101961,48,3,2022-22,Aston Martin
tsunoda,-0.11491744146715316,-0.017446299245848916,0.07742214629953188,0.012373541848084901,52,3,2022-22,AlphaTauri
vettel,-0.0499228247408422,-0.00011451278410120475,0.07429336868845168,0.007621740794951988,53,2,2022-22,Aston Martin
zhou,-0.40471312061159204,0.02973414344567852,0.05252998404896752,0.007241833162663037,49,3,2022-22,Alfa Romeo
albon,-0.6942154895932833,-0.026381292146287542,0.04946617732854132,0.009469918107067286,47,4,2023-01,Williams
alonso,0.4576568764027883,0.020553066241346406,0.06628348557947707,0.011497067839740862,46,3,2023-01,Aston Martin
bottas,-0.23245805789916293,0.044271331496667385,0.051072657317438624,0.005819457586898724,47,3,2023-01,Alfa Romeo
de_vries,-0.5933753019105811,-0.025580780947674745,0.050703153454105435,0.007360947525250596,46,3,2023-01,AlphaTauri
gasly,0.07497072602097685,0.016005070678753782,0.05972687936735345,0.011726434841327653,47,4,2023-01,Alpine
hamilton,0.293002799462706,0.01665129532310383,0.07741659628814876,0.011398081478416715,47,3,2023-01,Mercedes
hulkenberg,-0.4725246062954003,-0.05671370950856615,0.05209260733842636,0.012501466649344267,47,4,2023-01,Haas F1 Team
kevin_magnussen,-1.0282052866588345,-0.09065537301713128,0.04505638064125445,0.011111102753595663,47,4,2023-01,Haas F1 Team
leclerc,0.5732147876437941,-0.002089451238393828,0.06374042351357194,0.01410792598379981,30,3,2023-01,Ferrari
max_verstappen,1.0786467065883203,0.04593607573141384,0.06713071212418577,0.00956817953548231,47,3,2023-01,Red Bull Racing
norris,0.1302741891049639,0.08756457379441318,0.10504405421142354,0.02277784491920434,38,6,2023-01,McLaren
ocon,-0.2863746308508528,-0.060513930305929386,0.03707900677570238,0.006080433351137349,30,4,2023-01,Alpine
perez,1.0049797317453986,0.01717442011965786,0.039080599303498734,0.0069332531004270845,48,3,2023-01,Red Bull Racing
russell,0.3303678756341683,0.008504306132809,0.06552433248273577,0.00878213203744138,45,3,2023-01,Mercedes
sainz,0.21324687783871596,0.008328737799075722,0.052406601195707975,0.007790746658567801,47,3,2023-01,Ferrari
sargeant,-0.6275698769618727,-0.020240875530193384,0.04061019151090008,0.008627602989846805,46,4,2023-01,Williams
stroll,0.2654122168737757,0.0052908669936509965,0.06729616057588729,0.010765109289403423,44,3,2023-01,Aston Martin
tsunoda,-0.08978546204756865,0.008048277704895187,0.03776823269394279,0.006281274012984622,47,4,2023-01,AlphaTauri
zhou,-0.3972640750980512,0.0038473906783890975,0.054517997061307055,0.009418935264739293,44,3,2023-01,Alfa Romeo
albon,-0.5971005529340125,0.017402958396687086,0.07428184262975222,0.016369858917722226,19,2,2023-02,Williams
alonso,0.9253612385100358,0.0017443945303162352,0.12830370075661593,0.010249018106988155,44,2,2023-02,Aston Martin
bottas,-1.51174824868561,-0.08215391782572347,0.127565578932217,0.022487416928726158,39,4,2023-02,Alfa Romeo
de_vries,-0.6720575221640337,0.020951651058025923,0.0907703639511949,0.009387341242200134,44,2,2023-02,AlphaTauri
gasly,-0.09936037559235494,0.004893696138699211,0.08647171523596121,0.007576969954453037,42,2,2023-02,Alpine
hamilton,0.3012137006371176,0.03896538783907161,0.08310323840099672,0.011783472035958026,44,2,2023-02,Mercedes
hulkenberg,-0.5588734969630171,0.0014873052121674897,0.08248388574175367,0.006823057007996122,42,2,2023-02,Haas F1 Team
kevin_magnussen,-0.17063681390973134,0.008999380714093775,0.09687951013999742,0.0063661737847184085,42,2,2023-02,Haas F1 Team
leclerc,0.6433052106971799,-0.007023944720936714,0.07925846384327641,0.008033767609575823,43,2,2023-02,Ferrari
max_verstappen,1.2773886286152851,0.011389606874719394,0.15858356212581573,0.01893731379654073,44,2,2023-02,Red Bull Racing
norris,-0.4039062168077683,-0.005548340711419252,0.0642228660387586,0.010326337195131739,42,2,2023-02,McLaren
ocon,-0.10796770593147598,0.004637129986988165,0.08450462337826352,0.007839601140218836,43,2,2023-02,Alpine
perez,1.6148453844300026,-0.011444159432702977,0.08614416419585093,0.009039289749020634,43,2,2023-02,Red Bull Racing
piastri,-0.3021414380707759,-0.01113154872037354,0.20896973265421892,0.010563322883408771,43,1,2023-02,McLaren
russell,0.6718154595844907,0.010183963081165138,0.0545440487151123,0.006382912652554437,44,2,2023-02,Mercedes
sainz,0.48415804348172586,0.002863378189385691,0.14182295909931794,0.00958849489191098,42,2,2023-02,Ferrari
sargeant,-0.649211021699415,-0.012923355805672564,0.11076355174849106,0.01391822193123823,44,2,2023-02,Williams
tsunoda,-0.5403759028856193,0.013705683942350656,0.050487181246325015,0.006739411352375148,44,2,2023-02,AlphaTauri
zhou,-0.3047083703120221,-0.006999268746841824,0.07491872027338711,0.00833190564977309,42,3,2023-02,Alfa Romeo
alonso,0.37085606874963795,0.03180731480315317,0.08194342744068281,0.007472656962237799,44,2,2023-03,Aston Martin
bottas,-0.5257870486068076,0.00030444757304347314,0.10499351796330915,0.0072384141938169454,43,2,2023-03,Alfa Romeo
de_vries,-1.399655375115524,-0.12454832618753515,0.2544021856137765,0.04003666161094754,38,3,2023-03,AlphaTauri
gasly,0.5714458986962334,0.02191427170733161,0.09012162656076299,0.007465704580034971,44,2,2023-03,Alpine
hamilton,0.44827753654402724,0.026531836497604044,0.10789990180581167,0.007038011743360948,43,2,2023-03,Mercedes
hulkenberg,0.34215142257933606,0.009676701800906032,0.07307218816187801,0.007003805502506179,42,2,2023-03,Haas F1 Team
kevin_magnussen,-0.371075876061102,0.010039899653428927,0.1499706979210561,0.009539883072739055,40,2,2023-03,Haas F1 Team
max_verstappen,0.9295937324283589,0.007084436343196707,0.08392681824510438,0.00659408733484688,41,2,2023-03,Red Bull Racing
norris,0.3209449757450522,0.01372901449690532,0.0985823916632863,0.007798114869666817,43,2,2023-03,McLaren
ocon,0.324421200815317,0.016842358968744742,0.20310319324978449,0.009776931844000861,41,2,2023-03,Alpine
perez,0.4494412401308491,0.028894271018424053,0.1219826135100344,0.008305140733282822,43,2,2023-03,Red Bull Racing
piastri,-0.2635260854973509,0.01245880013036442,0.09492466094001421,0.007075186252331485,40,2,2023-03,McLaren
sainz,0.8703974780003957,0.007041646608110616,0.06109441106177275,0.006484100979661666,43,2,2023-03,Ferrari
sargeant,-1.326087273569175,-0.112339475913334,0.21056325675673884,0.04276000482073047,40,3,2023-03,Williams
stroll,0.5063804556610682,0.014885295982095828,0.1076991975966384,0.007743831068978921,44,2,2023-03,Aston Martin
tsunoda,-0.8932333311711423,0.016089231185976813,0.11291084021632221,0.007901485944425812,41,2,2023-03,AlphaTauri
zhou,-0.35454501932917426,0.019588275331583402,0.14272510518630868,0.008270263431169718,43,2,2023-03,Alfa Romeo
albon,-0.4897977498395827,0.0001633571023715337,0.048899120919650235,0.0030502733880316706,41,2,2023-04,Williams
alonso,0.6160844833008509,0.02251649372633462,0.06187745349386899,0.004759986351663877,43,2,2023-04,Aston Martin
bottas,-1.0615918297489468,-0.01715859601618713,0.06116765058660784,0.008591538962812114,38,4,2023-04,Alfa Romeo
gasly,-0.10954637503808273,-0.0044760900051520865,0.10423926120043778,0.01616697244356519,39,3,2023-04,Alpine
hamilton,0.5262073982680034,0.00025168063487163454,0.04803743804718991,0.0038920201722009553,42,2,2023-04,Mercedes
hulkenberg,-0.3347124981111387,-0.00036929071284588484,0.15723064667356787,0.0066037782763946375,41,1,2023-04,Haas F1 Team
kevin_magnussen,-0.44902279100986053,0.001688871465655609,0.06085685608288846,0.00472162732763827,43,2,2023-04,Haas F1 Team
leclerc,0.6964281478637925,0.014709596121002495,0.038493617914931125,0.0027593200171022597,43,2,2023-04,Ferrari
max_verstappen,1.3100924685153355,-0.00395606040738655,0.06790863655354024,0.00534635105298631,43,2,2023-04,Red Bull Racing
norris,-0.15943006368216892,-0.005077432326124951,0.07004653517974391,0.005072458344634148,42,2,2023-04,McLaren
ocon,-0.5006937745017517,0.0071897757160946955,0.11904847454043527,0.00470947440016714,42,1,2023-04,Alpine
perez,1.4225241807603832,-0.009513004587444026,0.06492801162988376,0.004612373659583105,42,2,2023-04,Red Bull Racing
piastri,-0.45592482985325944,-0.005838480307899516,0.07362792658037169,0.00449683601232753,41,2,2023-04,McLaren
russell,0.1864325692241078,0.00932582204086355,0.05632155650416409,0.00447135035572453,42,2,2023-04,Mercedes
sainz,0.40126498749707673,-0.004053043695019962,0.052600903770091495,0.003759073444862177,43,2,2023-04,Ferrari
sargeant,-0.7763135924059721,3.951217849263182e-05,0.06739543011277313,0.004553221459112738,41,2,2023-04,Williams
stroll,0.3517199103106573,-0.003920821699249175,0.03886867313580596,0.002951434309580058,43,2,2023-04,Aston Martin
tsunoda,-0.25840910928788435,-0.0041489403625584705,0.07637533256537259,0.0052428530358978286,41,2,2023-04,AlphaTauri
zhou,-0.9153115322615598,0.0026266511341809825,0.035128850468858386,0.005147825691426186,27,2,2023-04,Alfa Romeo
albon,-0.1379842077349053,-0.015591065060397504,0.07147855924417852,0.006514106076695296,53,2,2023-05,Williams
alonso,0.3643814500787185,-0.0028571310139053167,0.08904655521999914,0.009771855081791576,53,2,2023-05,Aston Martin
bottas,-0.24264101928676124,-0.0026398964249606076,0.0520491417317781,0.004141799381131077,53,2,2023-05,Alfa Romeo
de_vries,-0.5937659611810954,0.009317190273016283,0.07818102021928844,0.005882162376443835,51,2,2023-05,AlphaTauri
gasly,0.15442713148158432,-0.010907685814267428,0.04649838838192324,0.003019167315185228,53,2,2023-05,Alpine
hamilton,0.12722897164269925,0.006286375258985597,0.039132712270913854,0.0028106656594840415,53,2,2023-05,Mercedes
hulkenberg,-0.1684567941188595,-0.007716937405281513,0.06820516960392073,0.0060622859885982395,53,2,2023-05,Haas F1 Team
kevin_magnussen,-0.01872406931774312,-0.0067910765727841015,0.08998039435986074,0.006107510939622292,53,2,2023-05,Haas F1 Team
leclerc,0.006716378257831834,0.012360831571569,0.08363455548709889,0.005177627221942831,53,2,2023-05,Ferrari
max_verstappen,0.8768613356147557,0.019790113317461864,0.04660988083521861,0.0037475197816181456,53,2,2023-05,Red Bull Racing
norris,0.004163055351448619,-0.016541787085487206,0.08044931944144967,0.003509232248222483,51,1,2023-05,McLaren
ocon,0.013567926375931127,-0.0006464415321225346,0.09527699881675854,0.006566202350289573,53,2,2023-05,Alpine
perez,0.6647323832454817,0.009845372538378614,0.08521494518278769,0.006437114056018819,53,2,2023-05,Red Bull Racing
piastri,-0.8927551188823737,-0.000981958703072685,0.23441775510771887,0.010807201863059978,52,2,2023-05,McLaren
russell,0.36568144188068147,0.0076906863045914965,0.04049454656532404,0.003372245216316722,50,2,2023-05,Mercedes
sainz,0.33351929873219993,-0.00046331062017670663,0.0686948838287535,0.005528617672490324,53,2,2023-05,Ferrari
sargeant,-0.4935640485050119,-0.004237688533356456,0.09969562075145323,0.00361005931893283,52,1,2023-05,Williams
stroll,-0.006254770406227572,0.015118521513964343,0.06811189673403988,0.004647567798148358,50,2,2023-05,Aston Martin
tsunoda,-0.1370703811645368,0.014771002134847794,0.05671553666803613,0.005224079323695886,53,2,2023-05,AlphaTauri
zhou,-0.2200630020638193,-0.025805114147002896,0.07732473364103233,0.008335133683861712,53,2,2023-05,Alfa Romeo
albon,-0.7137515118699806,0.020875115467971384,0.06856584838038834,0.007918559159115268,59,3,2023-07,Williams
alonso,0.0462310269260256,0.012408463057665742,0.09490801770555962,0.011824790840098198,60,3,2023-07,Aston Martin
bottas,-0.7688964025893853,0.013128305717404587,0.13598837624402027,0.014089684738773228,59,3,2023-07,Alfa Romeo
de_vries,-0.13958818272359402,0.01812654366496841,0.06554672495681316,0.00817102949277979,59,3,2023-07,AlphaTauri
gasly,0.1857810947285367,-0.007853950330724724,0.0823987797480649,0.010299557727025538,60,3,2023-07,Alpine
hamilton,0.8218263603856564,0.01318452177834073,0.06560062803408585,0.009122584526245535,60,3,2023-07,Mercedes
hulkenberg,-0.23280067645896674,-0.05960120672257528,0.0876520339421604,0.01845602743346087,57,4,2023-07,Haas F1 Team
kevin_magnussen,-0.4069962454673666,-0.09032569859518713,0.06333916641302642,0.010193017444119198,57,4,2023-07,Haas F1 Team
leclerc,-0.17364687142141283,0.08184209336740239,0.1283272998909599,0.007843855758112313,60,3,2023-07,Ferrari
max_verstappen,0.9595508870874616,0.010737952842956339,0.06482425067665039,0.006634059583947231,60,3,2023-07,Red Bull Racing
norris,-0.044145748719574995,-0.02852618969837717,0.15732359505379434,0.01634794021031659,58,3,2023-07,McLaren
ocon,-0.08024058769414916,0.01992820841926435,0.07159760580100533,0.01004771815203197,60,3,2023-07,Alpine
perez,0.5746541414466895,-0.008989140344439206,0.07257708434671596,0.012021694063358498,60,3,2023-07,Red Bull Racing
piastri,-0.2083731586214534,-0.0045074334376454805,0.07660170749090482,0.013377952893661681,59,3,2023-07,McLaren
russell,0.5786515549893727,-0.005489275744909046,0.06486016071617876,0.010502250876187662,60,3,2023-07,Mercedes
sainz,0.3136271850813476,-0.00645231438017424,0.051021354351688,0.007675025635414729,60,3,2023-07,Ferrari
sargeant,-0.9061961225956059,-0.041734632631526505,0.051399860456944765,0.008849149636954951,59,3,2023-07,Williams
stroll,0.013899492667785063,0.025065964306418886,0.09664138013961451,0.010229004566845048,60,3,2023-07,Aston Martin
tsunoda,0.12557880554604822,0.02038721213770922,0.06992411019875341,0.0074605700981166066,57,3,2023-07,AlphaTauri
zhou,0.05483495930256704,0.01779546112545677,0.06010377746417601,0.007408458297915891,57,3,2023-07,Alfa Romeo
albon,-0.5257480886030274,0.019177775175287702,0.06250970631178954,0.0028041538555915097,58,2,2023-08,Williams
alonso,0.9840295415952638,-0.02360692936998065,0.05172868681604034,0.0051699903858928265,55,3,2023-08,Aston Martin
bottas,-0.18492230843343394,0.0008083142794810885,0.09704962512790613,0.007832044036744625,54,2,2023-08,Alfa Romeo
de_vries,-0.6627135002864692,-0.014003756952728562,0.07640400291615365,0.00557367116480081,54,3,2023-08,AlphaTauri
gasly,-0.26710621659937045,0.020241649445694874,0.04766739148560795,0.0045691621614574185,55,3,2023-08,Alpine
hamilton,0.8685088623949146,-0.028117955657916895,0.0636950494422626,0.006758563052081433,55,3,2023-08,Mercedes
hulkenberg,-0.6388035920408455,-0.026227103753005555,0.06419602689166089,0.006605893912935693,55,3,2023-08,Haas F1 Team
kevin_magnussen,-0.6975326496920802,0.002849526502113918,0.05592399141960308,0.007088586838432149,52,3,2023-08,Haas F1 Team
leclerc,0.6177510706244422,0.011182730176464227,0.1242765514161153,0.009964853761002562,56,2,2023-08,Ferrari
max_verstappen,1.1304790356816214,-0.012343507987888351,0.0570611679694503,0.005736431753318905,54,3,2023-08,Red Bull Racing
norris,-0.05545232519267568,0.0013537610757750826,0.07445788900005759,0.005439317767047413,57,3,2023-08,McLaren
ocon,-0.23671051620274047,0.007620290371563886,0.04382458177641267,0.005287980673806112,54,3,2023-08,Alpine
perez,0.36757818047003027,0.007151966312673001,0.09501026745549981,0.00886254439469805,54,2,2023-08,Red Bull Racing
piastri,-0.36414266933022355,0.009465117350643336,0.04555972584044856,0.004671853117005323,56,3,2023-08,McLaren
russell,-0.2592891510146675,0.020327684824992052,0.12804527067746016,0.009049840095488855,40,2,2023-08,Mercedes
sainz,0.4899825453649454,0.015305756455420393,0.15559107408975695,0.012532946234528426,56,2,2023-08,Ferrari
stroll,-0.11213078866882573,0.011716315251846597,0.06223680255044699,0.004940438439433859,57,3,2023-08,Aston Martin
tsunoda,0.20088898479287293,-0.02729977665136194,0.07645908621576344,0.006542290981976211,23,1,2023-08,AlphaTauri
zhou,-0.6546664148597316,0.004398143150925758,0.055731643421631887,0.005638812785058692,55,3,2023-08,Alfa Romeo
albon,-0.0827569945078195,0.010652576221405103,0.049897506540548364,0.004945441488295999,43,2,2023-10,Williams
alonso,-0.05958935817331856,0.01719344436019345,0.060181729971832194,0.005349583763393165,43,2,2023-10,Aston Martin
bottas,-0.7267915874713389,0.023151222959687055,0.07799266909924335,0.00997206909321567,43,2,2023-10,Alfa Romeo
de_vries,-0.6739032544878284,0.004658815750157603,0.06981778084360998,0.011784380314650452,41,3,2023-10,AlphaTauri
gasly,0.14520916576452247,0.004446024425375245,0.0704284060742352,0.006720222209515116,34,2,2023-10,Alpine
hamilton,0.4465627289620516,0.0034879619989181647,0.06865711646644401,0.005893813545007945,43,2,2023-10,Mercedes
hulkenberg,-0.6398094463687325,0.010599652823546562,0.04666794661391463,0.006873985689151364,41,3,2023-10,Haas F1 Team
kevin_magnussen,-0.8421159103141178,0.006448808243900667,0.04742193199969316,0.005424571696058564,27,1,2023-10,Haas F1 Team
leclerc,0.1729318325918502,0.0037663481796469563,0.057752013165145145,0.01245182866983653,41,3,2023-10,Ferrari
max_verstappen,1.075049846590748,-0.026667840599606706,0.06847960843141374,0.006498091404895788,43,2,2023-10,Red Bull Racing
norris,0.8453787022003685,-0.026874076231631665,0.06873534848683399,0.006497347711581112,43,2,2023-10,McLaren
perez,0.212315467091637,0.016125069796349135,0.05399694973027206,0.006909975530017551,41,2,2023-10,Red Bull Racing
piastri,0.7719143054198345,-0.023206228409931525,0.06629896295774824,0.007378084561959158,41,2,2023-10,McLaren
russell,0.6602403263779346,-0.02011576373619382,0.08146615650865201,0.008438456061626543,41,2,2023-10,Mercedes
sainz,0.3398807765204054,-0.0001673869352489081,0.06459373475042149,0.00796074745065465,41,2,2023-10,Ferrari
sargeant,-0.3488693348118099,0.010452257780423652,0.05645095073312513,0.007244261529427389,41,2,2023-10,Williams
stroll,-0.03208742161909556,-0.010179700938875363,0.08635582178635996,0.009171198262838303,39,2,2023-10,Aston Martin
tsunoda,-0.6441781268743312,-0.015535140141724895,0.04082688994331419,0.008402168460480688,41,3,2023-10,AlphaTauri
zhou,-0.6193817168909614,0.0117639544536093,0.037497870344428454,0.007377437404182188,41,3,2023-10,Alfa Romeo
albon,-0.5351102788604805,0.03368366414450435,0.08134110710461835,0.0064389035101979145,62,3,2023-11,Williams
alonso,-0.04641201652687987,0.020364286106953927,0.0749713245394591,0.008983456155261593,63,3,2023-11,Aston Martin
bottas,0.01569402871945408,0.011874875564286368,0.08215636786382201,0.006996605490194485,62,3,2023-11,Alfa Romeo
hamilton,0.5689552313338764,0.014126165876027871,0.07590612667913993,0.00874637402939307,63,3,2023-11,Mercedes
hulkenberg,-0.5057852090639581,-0.01661728255189269,0.08762850326034408,0.008830528800873786,62,3,2023-11,Haas F1 Team
kevin_magnussen,-0.7643628881074199,-0.0546725495762849,0.07133737789378293,0.00866579951939938,62,3,2023-11,Haas F1 Team
leclerc,0.328873011620018,-0.005402604278359209,0.07338611774830404,0.01020484008789174,63,3,2023-11,Ferrari
max_verstappen,0.7831647879043635,0.034278110690040435,0.0759377815574879,0.007775293845091639,63,3,2023-11,Red Bull Racing
norris,0.528671102091137,-0.03336722859984526,0.050783178539516506,0.007539562806702248,63,3,2023-11,McLaren
perez,0.8472194626154022,0.005582620860053393,0.12470672908985392,0.01594009951010609,60,3,2023-11,Red Bull Racing
piastri,0.2963174886853985,-0.050064281071206786,0.05683932075839061,0.008050882567779754,60,3,2023-11,McLaren
ricciardo,-0.45756045071293566,0.016588136692370352,0.04458387519621472,0.0055822756520093626,62,3,2023-11,AlphaTauri
russell,0.17434006105063976,0.00025636556384655423,0.086689070566643,0.010795654295550456,63,3,2023-11,Mercedes
sainz,0.22229199550635453,-0.00010645200887089007,0.09967763046645728,0.011250938874333443,63,3,2023-11,Ferrari
sargeant,-0.5575865576353196,0.00806310740381274,0.08005204808124285,0.009610990228432136,59,3,2023-11,Williams
stroll,0.1082436708976045,0.00778380235600145,0.07834652235786156,0.006501941420173921,61,3,2023-11,Aston Martin
tsunoda,-0.5139597643216769,0.0074632373661090365,0.08861490122498492,0.006762232796063403,62,3,2023-11,AlphaTauri
zhou,-0.49299367519557896,0.00016602546245330502,0.09293588584429603,0.008087357593463285,62,3,2023-11,Alfa Romeo
albon,0.131016457179292,0.0049831460925568,0.1059493954909996,0.008089056682776322,47,2,2023-14,Williams
alonso,-0.13457965181013914,0.02959676399806969,0.061896134204925055,0.006860523939445613,47,2,2023-14,Aston Martin
bottas,-0.168416262928978,-0.009460161310690541,0.07741071503964218,0.008716921617250498,44,2,2023-14,Alfa Romeo
gasly,-0.3989093103272793,0.037799458351518114,0.07042102377327213,0.010667522934237963,45,3,2023-14,Alpine
hamilton,0.12811200928943955,0.018830489041937137,0.0928197890922508,0.011888935766752281,44,2,2023-14,Mercedes
hulkenberg,-0.3369891997723774,-0.02955765903928247,0.07575563151559937,0.008966979707775807,45,3,2023-14,Haas F1 Team
kevin_magnussen,-0.8970624228159494,0.04244601075868738,0.07444449810222131,0.014759680580596096,45,3,2023-14,Haas F1 Team
lawson,-0.18197003711553267,0.004039534167025249,0.04666148637534384,0.00808651079428647,45,3,2023-14,AlphaTauri
leclerc,0.7324574269486048,-0.023383123440758286,0.08540397384854594,0.012030767177886198,47,2,2023-14,Ferrari
max_verstappen,0.8977569386157014,-0.009753034752754425,0.06726095202395198,0.008317933188405718,47,2,2023-14,Red Bull Racing
norris,0.13839993352504826,-0.009288159286334686,0.07125820267340122,0.0069471087120729,45,2,2023-14,McLaren
ocon,-0.7471504555827997,-0.04406135442327015,0.06278096017576774,0.012424390384692103,31,2,2023-14,Alpine
perez,0.7456441002107848,-0.0013329049413101264,0.08551638437672572,0.010449799885293624,47,2,2023-14,Red Bull Racing
piastri,0.10547622094177417,-0.010696682387036655,0.048263212361193415,0.008432658222250306,43,3,2023-14,McLaren
russell,0.45357899720156053,0.004793077137926104,0.08956555220311617,0.007769131813863408,46,2,2023-14,Mercedes
sainz,0.7023524582107297,-0.025892753862042723,0.07137164852310063,0.009152809991500135,47,2,2023-14,Ferrari
sargeant,-0.26110449389734997,0.0011612107678302779,0.06364107100460478,0.005612331693826883,44,2,2023-14,Williams
stroll,-0.5049291790362924,0.00038160500475427003,0.08974846719075333,0.008910948046463887,47,2,2023-14,Aston Martin
zhou,-0.4036835288362376,0.019394538123175053,0.06286449358093663,0.010354303449274824,45,3,2023-14,Alfa Romeo
albon,-0.41560457626146086,0.03108358589129772,0.08386565119367027,0.013105458373725926,41,3,2023-15,Williams
alonso,-0.3915865910803172,0.007124539262964018,0.07979731397121603,0.018475901438093432,47,3,2023-15,Aston Martin
bottas,-0.5707678334089056,-0.0030519922979883388,0.1261347874979515,0.009219781301610361,35,2,2023-15,Alfa Romeo
gasly,-0.02080195493300041,0.03125195367758409,0.11922638565545914,0.01100153942217399,45,2,2023-15,Alpine
hamilton,0.7256956567909056,0.005658179562756431,0.07877731992622812,0.014276580174698187,49,3,2023-15,Mercedes
hulkenberg,-0.174944673262189,-0.040470999178795104,0.12433398921382449,0.010827371114391552,47,2,2023-15,Haas F1 Team
kevin_magnussen,-0.5229015080048393,-0.06560329900551615,0.1049275761173609,0.020743858659251574,45,3,2023-15,Haas F1 Team
lawson,-0.3451498950748554,0.0007683279046045641,0.08831725109268185,0.009353568864646085,46,2,2023-15,AlphaTauri
leclerc,0.7693036468398682,-0.036438858729169694,0.23267807639452429,0.018840737128036154,49,2,2023-15,Ferrari
max_verstappen,0.8632172624927494,-0.02670686691221097,0.09018602787770835,0.007686175977154489,46,2,2023-15,Red Bull Racing
norris,0.4902654003127609,0.058696908265946195,0.11560720169895775,0.008812319959442783,49,2,2023-15,McLaren
ocon,0.06259103424070211,0.013423207265527197,0.11946586768749123,0.022082335668395802,33,2,2023-15,Alpine
perez,0.550242857357647,-0.020131443982368248,0.13370542775238645,0.010080505440556801,37,2,2023-15,Red Bull Racing
piastri,-0.28359291144603666,0.034430982352808,0.12219726329636325,0.011025723108172594,48,2,2023-15,McLaren
russell,0.6837753738892098,0.007470511908945814,0.07838704586810775,0.014852478233988319,47,3,2023-15,Mercedes
sainz,-0.02060821379883826,0.03916801943774489,0.10706305341310116,0.008060645946284344,47,2,2023-15,Ferrari
sargeant,-0.7276211687897758,0.0006289913298700503,0.09291476408322467,0.011915360290273024,47,3,2023-15,Williams
zhou,-0.6715119058636233,-0.037301746754000394,0.15741871053521475,0.012113998390072106,47,2,2023-15,Alfa Romeo
albon,-1.2293595431709048,0.05202550630826609,0.06791045197967899,0.021659492780369445,16,2,2023-16,Williams
alonso,0.2588649501203373,-0.024845079908850085,0.04975351622225776,0.0061492524816881364,42,3,2023-16,Aston Martin
gasly,-0.10590269929181487,-0.03530537944774707,0.03596360875059412,0.007724057643787782,41,3,2023-16,Alpine
hamilton,0.38351897380863165,-0.016244839470990077,0.05979802807336491,0.015284032009105736,40,3,2023-16,Mercedes
hulkenberg,-0.4370637278344386,0.0044964131971038795,0.03604292885048458,0.00889274630844469,38,4,2023-16,Haas F1 Team
kevin_magnussen,-0.6925876462243743,-0.03121352280246384,0.05879270475999708,0.013582627990082696,41,3,2023-16,Haas F1 Team
lawson,-0.5754052015736719,0.05889116525169697,0.06677373530917607,0.00842467335049037,40,3,2023-16,AlphaTauri
leclerc,0.40459943752623306,-0.02603178537067348,0.04889700411518012,0.012436660959789557,38,3,2023-16,Ferrari
max_verstappen,1.2392094835507752,-0.010784719005933932,0.07682211894695752,0.015494818307342867,40,3,2023-16,Red Bull Racing
norris,1.0136286254493834,-0.03195333708471307,0.05671355340078164,0.012816965284558895,41,3,2023-16,McLaren
ocon,-0.1503373838770907,0.010242283058058535,0.05963341896958269,0.008638592940752405,43,2,2023-16,Alpine
piastri,0.49198784447051447,0.019827378717143226,0.0664302450506518,0.012663373386349574,43,3,2023-16,McLaren
russell,0.2010529643118347,0.009695089186677039,0.05634614277612967,0.007721420200052096,37,2,2023-16,Mercedes
sainz,0.40514331562901695,-0.021225579529587466,0.046980878854043596,0.011394358277733637,41,3,2023-16,Ferrari
tsunoda,-0.49294790910287634,-0.02405235256069152,0.07633053702113278,0.012461071086211755,40,3,2023-16,AlphaTauri
zhou,-0.7144014837915554,0.06647875946270489,0.06219080055025589,0.00949470546993489,40,3,2023-16,Alfa Romeo
albon,-0.16098508532691078,0.07634320308889897,0.11003464055149588,0.02692809350135698,45,4,2023-17,Williams
alonso,0.4315481950300514,0.019175018347179162,0.04894900634276392,0.01032327961213604,43,4,2023-17,Aston Martin
bottas,-0.6778052980764883,-0.007439854486115949,0.05134715721774068,0.012874696465507185,47,3,2023-17,Alfa Romeo
gasly,0.39490326179455965,0.003233438067211769,0.08656563442091586,0.01926458284934872,41,4,2023-17,Alpine
hulkenberg,-0.5475822230540629,-0.0229518161148215,0.08615495154724924,0.017347423247185103,44,4,2023-17,Haas F1 Team
kevin_magnussen,-1.230610761991508,-0.014796695542809046,0.09741065493452859,0.018529444961646872,45,3,2023-17,Haas F1 Team
lawson,-1.525440546632323,0.05791630603077991,0.10466194182199205,0.024258808716807034,46,3,2023-17,AlphaTauri
leclerc,0.6288781688890218,-0.016861233501259565,0.08288621594722485,0.016502062048933567,44,4,2023-17,Ferrari
max_verstappen,1.2242696402050395,0.008363179869806836,0.05794857557541519,0.009709330688255847,43,4,2023-17,Red Bull Racing
norris,1.3562319820296396,-0.05463730496364794,0.07709863864952216,0.013382849419417807,44,4,2023-17,McLaren
ocon,0.12832648165795882,0.03493873419775648,0.08489461166639557,0.017158407341394396,44,4,2023-17,Alpine
perez,0.08847620839501713,0.09208745087997361,0.13186291940769396,0.03230728799453131,44,4,2023-17,Red Bull Racing
piastri,1.173338777137734,-0.020074849879023637,0.047101159038924346,0.009980332354063403,44,4,2023-17,McLaren
russell,1.0772188835503733,0.01875495333250199,0.07468009053458793,0.014350872475386956,45,4,2023-17,Mercedes
sargeant,-0.8242545879672148,-0.09317201462045321,0.05984791138509206,0.01890996552230033,29,3,2023-17,Williams
stroll,-0.35957865513818527,-0.04248053769839577,0.060115180152963646,0.012492668205761366,44,3,2023-17,Aston Martin
tsunoda,-0.9268612295602343,-0.05934325276741281,0.08515345564413265,0.019519532288096147,44,4,2023-17,AlphaTauri
zhou,-0.2500732109424682,0.020945275759830614,0.036526731732392,0.010842911944069087,44,4,2023-17,Alfa Romeo
albon,-0.23036031298829795,0.010380416305574812,0.06564129719380518,0.00921589542683096,50,3,2023-18,Williams
alonso,0.08115791090599478,0.02745345250345029,0.03525309480213843,0.006355073286639339,41,3,2023-18,Aston Martin
bottas,-0.5190239072196257,-0.0033949732983660566,0.09618117207915568,0.012082326551858676,50,3,2023-18,Alfa Romeo
gasly,-0.043382892902292636,0.004412168559123873,0.04748280417864789,0.009293538997528378,50,3,2023-18,Alpine
hamilton,0.7358834630657074,-0.005607926285088584,0.0431946850194944,0.008696279554590552,50,3,2023-18,Mercedes
hulkenberg,-0.3057693061882434,-0.01020968623195987,0.1022400931637609,0.014703655486261532,50,3,2023-18,Haas F1 Team
kevin_magnussen,-0.8854200630508464,0.01598028657352287,0.10529426992041005,0.014485033194215144,49,3,2023-18,Haas F1 Team
leclerc,0.38484892687785205,0.00048513479908193075,0.0650577948955274,0.007312333314990098,49,2,2023-18,Ferrari
max_verstappen,0.8197734886095029,-0.022111540674673837,0.04061131050248845,0.0075588788396954995,47,3,2023-18,Red Bull Racing
norris,0.597581597421939,-0.03815347677577479,0.06777041614966642,0.012472607311637818,50,3,2023-18,McLaren
perez,0.49733889057026875,0.0044994029690209394,0.05472121025367516,0.010678797361615738,50,3,2023-18,Red Bull Racing
ricciardo,-0.7208300614697525,-0.015909827585999424,0.11188987521638215,0.016074395166117226,49,3,2023-18,AlphaTauri
russell,0.3233444695677887,-0.01510798786179341,0.03357610929232406,0.006525669041204541,50,3,2023-18,Mercedes
sainz,0.5111214230857102,-0.012954067372851354,0.053218478724335175,0.010513810312704598,50,3,2023-18,Ferrari
sargeant,-0.4723038171325438,-0.021719590490211972,0.050169227573762645,0.007924297454403597,47,3,2023-18,Williams
stroll,0.1259957353695243,0.025725320870780465,0.049012537172441764,0.009057092788419051,47,3,2023-18,Aston Martin
tsunoda,-0.2187447856276737,0.04024481182226832,0.05855664448601008,0.011570956866171078,48,3,2023-18,AlphaTauri
zhou,-0.6812107588950125,0.015988082173895767,0.0852664961976165,0.012330908302592319,49,3,2023-18,Alfa Romeo
albon,-0.4758681783148609,0.018323744093471844,0.1489511402253739,0.011306281246366621,59,2,2023-19,Williams
alonso,-0.7656162034908446,0.004556826698059263,0.09704895553515373,0.011494954252307593,33,3,2023-19,Aston Martin
bottas,-0.3519463514406526,-0.012167277249723385,0.12278422361389213,0.00826547170314575,56,2,2023-19,Alfa Romeo
gasly,-0.25398464091400946,0.006917720898796026,0.08497573456554794,0.0072766753252090435,56,3,2023-19,Alpine
hamilton,0.6985156587576197,0.01449900721191913,0.09171591846309567,0.007753524896645942,58,3,2023-19,Mercedes
hulkenberg,-0.5461741929679058,-0.02822629689979369,0.07291349846512514,0.007924121667230001,56,3,2023-19,Haas F1 Team
kevin_magnussen,-0.3675810019648214,-0.06176125439660293,0.09006990783517431,0.012669816835239971,22,2,2023-19,Haas F1 Team
leclerc,0.7190129023606863,0.007628397515560353,0.07770890401029057,0.005601669601963998,58,2,2023-19,Ferrari
max_verstappen,1.1716652143488906,-0.004501650551382214,0.055090075702344254,0.006376674197807608,58,3,2023-19,Red Bull Racing
norris,0.34844339384527023,0.03641553243957299,0.12434774903448884,0.008980995589249405,57,3,2023-19,McLaren
ocon,-0.553827906740015,0.001597554123546202,0.11081196044658632,0.008658426213159563,58,2,2023-19,Alpine
piastri,0.22756283720518466,0.011351278307298346,0.04950902103727943,0.004372033055536839,56,3,2023-19,McLaren
ricciardo,0.36717447301533923,0.014755943671410449,0.0776735446991388,0.005779645782951513,58,3,2023-19,AlphaTauri
russell,0.4232340528649765,0.00700148233711248,0.067383145760508,0.005169410972825717,58,3,2023-19,Mercedes
sainz,0.5222490724778007,0.014574530038222067,0.08056384146997579,0.005713000516143551,58,3,2023-19,Ferrari
sargeant,-0.5843339520041533,0.00517012663959579,0.09520920569434957,0.008326812231643194,53,3,2023-19,Williams
stroll,-0.35008388997513007,-0.0010311184980770216,0.1343994386318813,0.010093701838475973,52,2,2023-19,Aston Martin
tsunoda,0.38944758793271705,-0.04680136643181074,0.08462764128445582,0.008878465786216837,54,3,2023-19,AlphaTauri
zhou,-0.617888874996091,0.011696820052825047,0.13174336359412475,0.0069664442348099966,56,3,2023-19,Alfa Romeo
albon,0.09907720741958245,-0.05147638506075819,0.15296950836168624,0.016694491021538575,33,2,2023-21,Williams
alonso,-0.007828327874707011,-0.004313091875019548,0.12219093342578259,0.017126534842335624,35,2,2023-21,Aston Martin
bottas,-2.369921773623122,0.03449992150806222,0.26328852768181543,0.04263541537638677,32,2,2023-21,Alfa Romeo
gasly,0.3851580814158735,-0.054600446244315426,0.24625313774807434,0.029599332619182937,32,2,2023-21,Alpine
hamilton,0.4383052957380962,0.062468382594365046,0.1217438249351911,0.024812456918343738,32,3,2023-21,Mercedes
hulkenberg,-0.5725864885351665,0.004326319864194461,0.14548189237427017,0.044004115055356084,28,3,2023-21,Haas F1 Team
kevin_magnussen,-0.4719787940140544,-0.024648354107248693,0.08847546469793639,0.01475274825152839,34,3,2023-21,Haas F1 Team
leclerc,0.8797909369638487,0.04265388170785259,0.10810111136625108,0.014396069300161986,32,2,2023-21,Ferrari
max_verstappen,1.2287534910394435,0.022563333207893665,0.08736203773147998,0.017466244892506578,31,3,2023-21,Red Bull Racing
ocon,0.5768794821733718,-0.023786398875895454,0.10429989550426777,0.01376457765734658,34,2,2023-21,Alpine
perez,0.8673548521830505,0.0145864820601177,0.12824590946314943,0.022448592671394704,35,2,2023-21,Red Bull Racing
piastri,0.6158510554387823,0.0027088774075688105,0.1088244325223771,0.013745549865682938,29,3,2023-21,McLaren
ricciardo,-0.6522369247398285,-0.00476794309630052,0.18778528546450532,0.025293773297973544,32,2,2023-21,AlphaTauri
russell,0.46788363384050824,0.05668757990661638,0.08416290716183968,0.012010015946160999,32,3,2023-21,Mercedes
sainz,0.049250908628431025,0.03228735213814099,0.11015711913929542,0.019123129762635124,35,2,2023-21,Ferrari
sargeant,-0.006588890352716398,-0.049203057982547704,0.14181364070270275,0.01371943161793816,33,2,2023-21,Williams
stroll,0.2579703779577661,0.010674008267316959,0.09545304756382422,0.01476449432040506,35,2,2023-21,Aston Martin
tsunoda,-1.5286606053290037,0.0033666830304776574,0.21430905787981647,0.02930870631562134,27,3,2023-21,AlphaTauri
zhou,-0.2564735183301553,-0.07402714445052117,0.1531574046897979,0.02088138293353539,35,2,2023-21,Alfa Romeo
albon,-0.3287826161374766,0.003735427314080132,0.029793485672796365,0.005041569116279999,49,3,2023-22,Williams
alonso,0.37447669723319654,0.0009671660907774838,0.03066265872489791,0.0046609052247365695,50,3,2023-22,Aston Martin
bottas,-0.757441730430729,-0.02303573906744689,0.13299920045291325,0.014115650704225673,53,2,2023-22,Alfa Romeo
gasly,-0.36046533479524795,-0.008901758335778238,0.05580548015344533,0.008257168302425974,49,3,2023-22,Alpine
hamilton,0.28585120619850957,0.0090599464309187,0.04685683975641872,0.009226708332593415,48,3,2023-22,Mercedes
hulkenberg,-0.5791687211389351,-0.024564946957863796,0.08069307204200823,0.012850654900177748,52,3,2023-22,Haas F1 Team
kevin_magnussen,-0.8236962110271902,0.010580196451014125,0.1178628509961046,0.007969020912607884,49,3,2023-22,Haas F1 Team
leclerc,0.5511280001750457,0.011661412022067243,0.040459467124279246,0.007553990506886654,52,3,2023-22,Ferrari
max_verstappen,0.7204255644174288,0.029181053565516233,0.03079360159992918,0.0034779154824295306,49,3,2023-22,Red Bull Racing
norris,0.46949992395448237,0.012133236965365914,0.05938439347308251,0.009177388289312298,49,3,2023-22,McLaren
ocon,-0.061870121522454746,-0.00729640871371309,0.05466177630166476,0.004794965560433772,54,2,2023-22,Alpine
perez,0.6901065182745943,0.008700211134646776,0.0459867346311365,0.008576466508663873,49,3,2023-22,Red Bull Racing
piastri,0.23087500975008635,0.0009303064350203128,0.0385761513137264,0.007458998688441287,52,3,2023-22,McLaren
ricciardo,0.07412667633689018,0.024614303855585353,0.10551133136669376,0.015520353359095743,52,3,2023-22,AlphaTauri
russell,0.5418934779682588,0.012979179944442334,0.058923401024202744,0.010183366744725492,52,3,2023-22,Mercedes
sainz,-0.17405935317158316,-0.001408821686230165,0.06188856274565156,0.007219404461161305,51,2,2023-22,Ferrari
sargeant,-0.37043595463870327,-0.034949603375130374,0.037299591622107386,0.006160748134515152,46,3,2023-22,Williams
stroll,-0.03522417473971645,-0.027913060068676557,0.04665953840610019,0.008247652540326745,52,3,2023-22,Aston Martin
tsunoda,0.09120613568472913,0.00876226873955729,0.06184462079378057,0.005373648546339777,54,2,2023-22,AlphaTauri
zhou,-0.5384449923911849,-0.005234370744152794,0.057115295479107216,0.009121814919441522,46,3,2023-22,Alfa Romeo
albon,-0.607158477942892,0.0003246349676195609,0.04376143349890083,0.009227865348468778,49,3,2024-01,Williams
alonso,0.01963930127351876,0.00781234688805896,0.0559203152177119,0.010237945841923241,50,3,2024-01,Aston Martin
bottas,-0.7762930226768348,0.007162360364061623,0.07948346107696158,0.013978274628425562,49,3,2024-01,Kick Sauber
gasly,-0.6422347031225566,-0.006743709572855358,0.030782331769047756,0.006214068304997898,47,4,2024-01,Alpine
hamilton,0.40353751409731414,0.021168388305206152,0.06403619937329721,0.010876265290089547,50,3,2024-01,Mercedes
hulkenberg,-0.037140117947905116,0.015804866740570054,0.03670649434027609,0.006218305727302935,47,3,2024-01,Haas F1 Team
kevin_magnussen,-0.4835430155500936,-0.020505007388269127,0.03323445646591781,0.005870209207331149,49,3,2024-01,Haas F1 Team
leclerc,0.6962037586520635,-0.000688776027046864,0.040025836742014674,0.007021802834331301,50,3,2024-01,Ferrari
max_verstappen,1.2919931433053913,-0.003711655121110183,0.05544204190791621,0.007943870238744193,49,3,2024-01,Red Bull Racing
norris,0.4334948133767163,-0.0013978894083610082,0.02826131860716218,0.005535536393748382,50,3,2024-01,McLaren
ocon,-0.8308911209868777,-0.01724981841223985,0.04892405894077847,0.007141924707957307,50,3,2024-01,Alpine
perez,0.9194100877157867,0.013077871600168715,0.035198929748799394,0.005388661447069873,50,3,2024-01,Red Bull Racing
piastri,0.39448609184976285,-0.01191893625480107,0.030529207409906438,0.006239159801113593,50,3,2024-01,McLaren
ricciardo,-0.3353518799583137,-0.012360843009634494,0.04417647061988986,0.008710387301067634,49,3,2024-01,RB
russell,0.42965224455858225,0.003524399944447451,0.0675542366609793,0.01161953306149752,50,3,2024-01,Mercedes
sainz,0.815442989043927,0.003308493470084303,0.035694667833837915,0.0052612847215885526,50,3,2024-01,Ferrari
sargeant,-0.7120722400238044,-0.005592183669131859,0.09837151458787921,0.021194710417635924,47,4,2024-01,Williams
stroll,-0.11004290939681896,0.007118191711524421,0.039367665033251925,0.005538481862939888,50,3,2024-01,Aston Martin
tsunoda,-0.4563776779798863,0.0025371321222230373,0.03736286161947587,0.00789919439664416,49,3,2024-01,RB
zhou,-0.4127547782870796,-0.001669867250514459,0.04302512122062325,0.007181596117340482,50,3,2024-01,Kick Sauber
albon,-0.9462618911052688,0.03907434428825838,0.36752044723481775,0.01911523046749887,41,2,2024-02,Williams
alonso,0.6052572405594212,0.009542082172545263,0.09361416641551164,0.006272725451407339,42,2,2024-02,Aston Martin
bearman,0.3290302237048638,0.018773084223048304,0.07472252307288402,0.004987823622725128,44,2,2024-02,Ferrari
bottas,-1.0779305620565314,-0.02223260824154189,0.11972496594206752,0.01851117639027224,41,3,2024-02,Kick Sauber
hamilton,0.345424899415132,-0.02201961835755343,0.09596109963551334,0.008999003816103128,42,2,2024-02,Mercedes
hulkenberg,-0.5902436490844045,-0.018837830573889984,0.09563552856725888,0.00927046926977984,42,2,2024-02,Haas F1 Team
kevin_magnussen,-1.1880984690320286,0.05568965153026566,0.4262464969604998,0.024981098809682203,38,2,2024-02,Haas F1 Team
leclerc,1.1506444883794784,-0.0061387578703569964,0.08042338063201569,0.005729098460559044,45,2,2024-02,Ferrari
max_verstappen,1.84610617734555,-0.03456166381227673,0.10440673385547031,0.007111889540713715,45,2,2024-02,Red Bull Racing
norris,0.5222407577168118,-0.03028933256105406,0.08251022629941566,0.008961685918180784,41,2,2024-02,McLaren
ocon,-0.5870348243393615,0.0025889778491709828,0.29227318295864807,0.018558744394045302,43,2,2024-02,Alpine
perez,1.6496756327031716,-0.0263588212690097,0.07446956870007705,0.0054431310232855015,43,2,2024-02,Red Bull Racing
piastri,1.0447691509524424,-0.0033252374829233697,0.06403414147203307,0.00472682661111662,45,2,2024-02,McLaren
ricciardo,-1.0122829887769385,0.017897612587127944,0.16939784645402065,0.010978211745562013,42,2,2024-02,RB
russell,0.6097466526980401,0.008597739778690529,0.07801848981482382,0.005641025690814028,44,2,2024-02,Mercedes
sargeant,-0.7885286364669158,0.011422745101100397,0.23519433261570658,0.015271873025842502,43,2,2024-02,Williams
tsunoda,-0.5613768967095337,-0.0020470155927330355,0.261948396176795,0.016298170325287027,40,2,2024-02,RB
zhou,-1.3511373059039284,0.0022246482311317553,0.11413606912800082,0.00841946487970675,41,2,2024-02,Kick Sauber
albon,-0.60652973606422,0.01709124469079172,0.11193564810938525,0.01605908308342955,48,3,2024-03,Williams
alonso,0.052333869576481284,0.024483153954375766,0.0844191981789791,0.016805218309418335,50,3,2024-03,Aston Martin
bottas,-0.3143810692102421,0.00520740310431457,0.07966811581034722,0.00989220301416318,47,3,2024-03,Kick Sauber
gasly,-0.6253629998329977,-0.015225209721799957,0.06270881521443206,0.010855027619418605,50,3,2024-03,Alpine
hulkenberg,-0.59035151488475,-0.030155507643779264,0.0745977534522072,0.014526941168465717,51,3,2024-03,Haas F1 Team
kevin_magnussen,-0.41705804505844113,-0.008199698198145686,0.08033935485022137,0.010447170319178196,49,3,2024-03,Haas F1 Team
leclerc,0.9812546105901532,0.018710699324804195,0.06782251746807126,0.009137756020396764,49,3,2024-03,Ferrari
norris,0.9176621688195947,0.016826708257483683,0.04062600017228497,0.006340917546909608,49,3,2024-03,McLaren
ocon,-0.40505555073376814,-0.0410924198157641,0.043501092372996604,0.005879263902020366,47,4,2024-03,Alpine
perez,0.42803588370887796,-0.026334641553233132,0.09125769607443301,0.01652851185066587,49,3,2024-03,Red Bull Racing
piastri,0.8443320322657708,0.0010754401586747925,0.05610020636194707,0.00702572027376216,49,3,2024-03,McLaren
ricciardo,-0.4096275923019132,0.02230121413504306,0.13877035928430415,0.018157769435402513,48,3,2024-03,RB
russell,0.11606852623168046,0.013483982319646273,0.05620635708200022,0.005833288381879312,46,3,2024-03,Mercedes
sainz,1.0038627599582928,-3.743553671285704e-05,0.08467797346693035,0.013176318752646658,50,3,2024-03,Ferrari
stroll,-0.07438300691644328,-0.010328260807764708,0.1082623896962946,0.010007067840087789,49,3,2024-03,Aston Martin
tsunoda,-0.26808104075200273,-0.019478363460774903,0.07183480192847831,0.00924736901641693,49,3,2024-03,RB
zhou,-0.6327192953960733,0.03167169079284056,0.05819456107323243,0.005658067662099516,47,3,2024-03,Kick Sauber
alonso,0.31408234420148357,0.0016716333011341238,0.04982747281709257,0.007620966387333191,44,3,2024-04,Aston Martin
bottas,-0.16578272133609834,-0.006493132243919689,0.12058285540040221,0.017387392688516988,42,3,2024-04,Kick Sauber
gasly,-1.7358257862366873,-0.014504911532435882,0.15664930420383327,0.033827630722813064,43,3,2024-04,Alpine
hamilton,0.38243670608054353,-0.04421158177475046,0.050973202508421994,0.013806962480991933,43,3,2024-04,Mercedes
hulkenberg,-0.2068922005991315,-0.02315047689581412,0.0772124895567411,0.011188730279260773,43,3,2024-04,Haas F1 Team
kevin_magnussen,-0.7971917595399935,0.024655025132828474,0.1048295910317056,0.01376272320309583,44,2,2024-04,Haas F1 Team
leclerc,0.663381479390056,0.06742255993532889,0.08704581483400234,0.01057745885379823,46,2,2024-04,Ferrari
max_verstappen,1.0673095593100792,-0.02252498083452653,0.06651363389823312,0.012049883958794774,44,3,2024-04,Red Bull Racing
norris,0.8336226083189496,0.03920246626414642,0.09434837892608533,0.01389927338544421,44,3,2024-04,McLaren
ocon,-1.4899332608920315,0.017770335495361222,0.07411547351363482,0.01735079373015144,43,3,2024-04,Alpine
perez,0.8788260292053077,-0.02056815425396155,0.05229863264294833,0.010637456932492542,44,3,2024-04,Red Bull Racing
piastri,0.6401679738858967,-0.013038302922387057,0.060465121248978494,0.012615558471970913,41,3,2024-04,McLaren
russell,0.49840349484401286,-0.021775530235146195,0.051265310065644484,0.011623071089416136,40,3,2024-04,Mercedes
sainz,0.877081315140117,-0.021176304025269765,0.04909300355596206,0.011478139223237344,44,3,2024-04,Ferrari
sargeant,-0.6759573429601009,0.04061589196695542,0.06610068945846388,0.014586695798182425,42,4,2024-04,Williams
stroll,-0.6917227585987507,-0.034783207195133115,0.14589540353193195,0.027998435493564944,41,4,2024-04,Aston Martin
tsunoda,-0.3920056802136523,0.03088866981758981,0.10898691382104503,0.014103073859516707,42,3,2024-04,RB
albon,-0.6251748708146272,0.018531979999065275,0.03854579770443427,0.004998238669820922,37,3,2024-05,Williams
alonso,0.013034771124828093,0.0006094430102464264,0.1233728601378646,0.02774317016134704,38,4,2024-05,Aston Martin
gasly,-0.6599636117914836,-0.017001038111441966,0.05186950947525252,0.010471027765405398,32,4,2024-05,Alpine
hamilton,-0.13860615730628767,0.018916619208198506,0.05727683347014366,0.005390163328109698,40,3,2024-05,Mercedes
hulkenberg,-0.3333564781283891,-0.0004424147447852668,0.0510744070662027,0.005283876312037142,35,3,2024-05,Haas F1 Team
kevin_magnussen,-0.9363024418915362,0.05475737583651882,0.09073064680860513,0.013519039161809682,40,3,2024-05,Haas F1 Team
leclerc,0.9631549204665185,0.01680212651300991,0.10395550025608132,0.009104324290501857,42,2,2024-05,Ferrari
max_verstappen,1.6871310452845822,0.001683897509057588,0.04800310439153524,0.004963105232156127,40,3,2024-05,Red Bull Racing
norris,1.2885547411424918,0.004877818510800071,0.10229709142824835,0.009631430016947553,43,2,2024-05,McLaren
ocon,-0.47953791901500953,0.004071938537024946,0.04335659255455894,0.005552422331706629,40,3,2024-05,Alpine
perez,1.0932640863861858,0.0014325541636933357,0.02918730513449549,0.004367949244272345,40,3,2024-05,Red Bull Racing
piastri,0.15545256224157522,-0.03888760833889929,0.06241287009331086,0.010456029606123516,40,3,2024-05,McLaren
ricciardo,-0.2685107907792187,0.018512178058058073,0.11289169739779412,0.022738920939618237,16,2,2024-05,RB
russell,0.3499313435886563,0.008923671495631304,0.06760067604216141,0.0071635659059738396,40,3,2024-05,Mercedes
sainz,0.5657528768435228,0.039331304814284235,0.0989007897641431,0.006882214959372257,40,2,2024-05,Ferrari
sargeant,-0.963960724805037,-0.02673886434607559,0.060895239583607756,0.008078633282919127,37,3,2024-05,Williams
stroll,-0.1571741585707398,-0.03408366761719964,0.04859003876891492,0.006975372715565574,36,4,2024-05,Aston Martin
tsunoda,-0.4940592221242835,-0.01110603355818962,0.11286425313426263,0.02447340137063179,16,2,2024-05,RB
zhou,-1.0596299718517508,-0.0601912809389971,0.11471782810040201,0.022882497406388248,38,4,2024-05,Kick Sauber
albon,-0.23497976061590173,0.012500607361094967,0.04555160740698128,0.004380968726551213,39,3,2024-06,Williams
alonso,-0.3587070300209449,0.007762585816328365,0.16018477979803447,0.01387473241765317,48,2,2024-06,Aston Martin
bottas,-0.6803932031448503,-0.010358772766344337,0.05210965952268492,0.006981371689426513,46,3,2024-06,Kick Sauber
gasly,-0.1376397091906524,0.0031606634538210825,0.07235777711747941,0.005562275685562841,46,2,2024-06,Alpine
hamilton,0.12901664453530087,0.03478913892542555,0.12743532917546233,0.010189943577918739,46,2,2024-06,Mercedes
hulkenberg,-0.400349235903183,-0.004187640289723866,0.09642302796705687,0.010043635549740628,46,3,2024-06,Haas F1 Team
kevin_magnussen,-0.41274206455849993,-0.017167808875436428,0.08627260562115815,0.009253975941316238,48,3,2024-06,Haas F1 Team
leclerc,0.8342483743611282,0.007727492355675502,0.04876537791801345,0.005464705226733583,46,2,2024-06,Ferrari
max_verstappen,0.7846234396281946,0.001339588289170756,0.06949328729775091,0.007385296650459519,48,2,2024-06,Red Bull Racing
norris,0.7849510731085187,0.007719345789464229,0.1036081410813568,0.013490110975666358,47,2,2024-06,McLaren
ocon,-0.2731551525537749,0.0075323854623395685,0.09339707839437764,0.010245245552991061,48,2,2024-06,Alpine
perez,0.4558297084843707,0.006023351604853715,0.10429867355788826,0.007575670261595117,46,3,2024-06,Red Bull Racing
piastri,0.6876723895186077,-0.04774925732544612,0.10649428771863347,0.014610519706957762,39,3,2024-06,McLaren
ricciardo,-0.6213771243632766,0.010248063566855186,0.08644662821038558,0.007672171228914679,48,2,2024-06,RB
russell,0.13867109883901513,-0.01674563962051784,0.0852655279942711,0.007676541007326303,46,2,2024-06,Mercedes
sainz,0.7699692673385234,-0.002590288872845698,0.05479471107652322,0.005595490514407293,41,2,2024-06,Ferrari
sargeant,-0.45183804477434353,-0.01903901163133111,0.05554375176974098,0.012625849051583878,19,2,2024-06,Williams
stroll,-0.3503926801419922,0.007200580291546171,0.058803499565284446,0.00897408882843733,41,3,2024-06,Aston Martin
tsunoda,-0.08406721686261592,0.004977676261598323,0.0902532082045407,0.00957875451393333,48,2,2024-06,RB
zhou,-0.5793407736836238,0.006856940203471978,0.0674179480091826,0.009098502243191428,48,2,2024-06,Kick Sauber
albon,-0.4812914390531675,0.05780028131383659,0.07932726772315836,0.008137601534623836,40,4,2024-07,Williams
alonso,-0.46591150446784835,-0.028929469080570744,0.13681269025066534,0.014171129316025979,54,4,2024-07,Aston Martin
bottas,-0.32619296234800255,-0.033189313498888026,0.11609211516658141,0.005450723346848619,58,2,2024-07,Kick Sauber
gasly,-0.4595615818680927,-0.04077586294481529,0.09271327197016649,0.014580897010835361,56,3,2024-07,Alpine
hamilton,0.5916872459137037,0.0032268104496206984,0.0560037863437998,0.005770976203328903,59,2,2024-07,Mercedes
hulkenberg,-0.5713054346977402,-0.0015301122640639306,0.07798677011758837,0.005709309796111625,58,2,2024-07,Haas F1 Team
kevin_magnussen,-0.5569734905625175,0.018299730603647354,0.08658456042827867,0.008692002861565898,58,2,2024-07,Haas F1 Team
leclerc,1.0692438284994472,0.003961557133861628,0.051744128214182915,0.004793772745428003,59,2,2024-07,Ferrari
max_verstappen,1.0007454431835976,0.005960821542896802,0.06743355301158017,0.006081255429551099,59,2,2024-07,Red Bull Racing
norris,0.9530130749981369,0.031375692546187925,0.10158554238585389,0.006547930253533736,59,2,2024-07,McLaren
ocon,-0.835206577143792,-0.009329762914214487,0.07085353939133203,0.00869005169841127,55,2,2024-07,Alpine
perez,0.303072954227246,-0.004126334938650007,0.10847618988210714,0.00721968171001825,59,2,2024-07,Red Bull Racing
piastri,1.077656282186908,-0.0011258243778777405,0.0812953742230135,0.007129282215702304,59,2,2024-07,McLaren
ricciardo,-0.44990820126296877,0.012933576780847014,0.09148390335360856,0.006096224117894306,58,2,2024-07,RB
russell,0.5482999549157845,-0.004076960590020204,0.046937006247454276,0.006290149973745068,57,3,2024-07,Mercedes
sainz,0.7690084811257853,-0.0073738187714052356,0.0642811440954716,0.00562921366258493,59,2,2024-07,Ferrari
sargeant,-0.9094290819472655,-0.017231294650070825,0.11946160410927481,0.010841157803805906,58,2,2024-07,Williams
stroll,-0.0673517990685526,0.01875236532696918,0.05646392036571847,0.004887228521391051,59,2,2024-07,Aston Martin
tsunoda,-0.3307874960525723,0.0015118429438483877,0.09963244888134107,0.005768809766121528,58,2,2024-07,RB
zhou,-0.8588076965780889,-0.00613392461113918,0.06280028896572559,0.005888840624392555,55,2,2024-07,Kick Sauber
albon,-0.36194926589513665,-0.0012712769711664363,0.27961009709828505,0.010409100728921513,72,1,2024-08,Williams
alonso,-0.6440849230278707,-0.019935702290406723,0.3212525764630845,0.016762302421054632,71,1,2024-08,Aston Martin
bottas,-1.1746696337010363,-0.004441984944565237,0.254624387120015,0.01301852339430183,69,2,2024-08,Kick Sauber
gasly,-0.21838332735544186,-0.03559241071439453,0.3824815997500073,0.017219478875918154,72,1,2024-08,Alpine
hamilton,0.5465462634301721,0.018701426594934376,0.2979828171577655,0.016615756725099188,73,2,2024-08,Mercedes
leclerc,0.8107253994030268,0.019981174052205706,0.30275209413237575,0.010686104034516933,73,1,2024-08,Ferrari
max_verstappen,0.8234586315855386,0.00033211230681610016,0.3138014413018907,0.01669389584650906,73,2,2024-08,Red Bull Racing
norris,0.9442510563927677,0.019456540462031744,0.2720339130737955,0.00990284982390573,74,1,2024-08,McLaren
piastri,1.246341059241745,0.009355021604374545,0.2705193532863927,0.010521916275240073,71,1,2024-08,McLaren
ricciardo,-1.0267411476184312,0.00957973130806614,0.31106449944496484,0.01069557645609023,70,1,2024-08,RB
russell,0.36768663861339035,0.020603832245428198,0.37237340661930163,0.017902580922193424,73,1,2024-08,Mercedes
sainz,1.0141012640313516,0.012335750920332431,0.28155549522897694,0.011027451774310098,71,1,2024-08,Ferrari
sargeant,-0.4536032505813514,-0.04137717560601347,0.33038574564303713,0.015634931538473673,69,2,2024-08,Williams
stroll,-0.5573447622102429,0.009482381897334542,0.2940522671791331,0.01825399002242915,67,3,2024-08,Aston Martin
tsunoda,-0.558463008290815,0.0060000654133655395,0.35962263622319446,0.011713066401322594,72,1,2024-08,RB
zhou,-0.7578709940176658,-0.02320948627834293,0.32194711579988056,0.012388494311639775,69,2,2024-08,Kick Sauber
albon,-0.4822966823476702,0.0010363002942003381,0.11576037820968595,0.0079475425295809,62,3,2024-13,Williams
alonso,-0.35365725114754987,0.048281509381941715,0.1430652938127021,0.012833412331008057,63,3,2024-13,Aston Martin
bottas,-0.7108404003364077,0.013939570766850946,0.11616938432766426,0.012866203477987259,61,3,2024-13,Kick Sauber
gasly,-0.6667043956485796,0.017288700705332966,0.061355858898888796,0.007051494804289255,27,2,2024-13,Alpine
hamilton,0.6805830293776761,0.010312075915102987,0.09680509726014724,0.012762352670432664,61,3,2024-13,Mercedes
hulkenberg,-0.35043889829699937,-0.011247229471922231,0.130703932248768,0.011706542582569559,62,2,2024-13,Haas F1 Team
kevin_magnussen,-0.5395749516004964,-0.013072151024708527,0.12448165713166838,0.011504136391278123,62,3,2024-13,Haas F1 Team
leclerc,0.6104907556227958,0.0011732255331103926,0.0900200899936768,0.00985579046864368,63,3,2024-13,Ferrari
max_verstappen,0.8816509513173537,-0.03974667242343216,0.07425495119095393,0.010766780066224948,61,3,2024-13,Red Bull Racing
norris,1.005267680618949,-0.0022231197698813314,0.0664226858200916,0.009826025893059661,63,3,2024-13,McLaren
ocon,-0.5651902964156019,-0.007823054020994185,0.09656693918474607,0.010875635384888418,59,4,2024-13,Alpine
perez,0.7201022500292172,-0.03205882864603235,0.12175429024996641,0.01656151405061419,63,3,2024-13,Red Bull Racing
piastri,0.9000571729375529,-0.015448446893292705,0.09588046002851813,0.013278797648144004,63,3,2024-13,McLaren
ricciardo,-0.08114131090686161,0.011687424542113595,0.14043187404303303,0.013320725739655042,62,3,2024-13,RB
russell,0.5722053712651866,-0.011446699236347873,0.09849582802905048,0.012935437157846163,63,3,2024-13,Mercedes
sainz,0.4680678165419382,-0.009087902396419194,0.06858757740238368,0.009135027149591657,63,3,2024-13,Ferrari
sargeant,-0.5486775363967544,-0.009939476670099073,0.08158401044886046,0.010891086902650612,60,4,2024-13,Williams
stroll,0.019207113504448814,0.015627418197252503,0.09937347224765548,0.012267412189046903,63,3,2024-13,Aston Martin
tsunoda,-0.5059467348706321,0.04303024146991334,0.15948221290350006,0.010405082835709319,65,2,2024-13,RB
zhou,-1.053163683247563,-0.010282886252689149,0.10401043263485661,0.010277840105240268,62,3,2024-13,Kick Sauber
albon,-0.4206399423005588,-0.027831594417656924,0.05071150440798056,0.009033435183306567,37,3,2024-14,Williams
alonso,-0.10936273523891091,0.0668183992394158,0.06888296749731738,0.009558173238234423,39,2,2024-14,Aston Martin
bottas,-0.5156540226274551,0.0038054126681488776,0.0510583911807211,0.009176458584165924,37,3,2024-14,Kick Sauber
gasly,-0.4906949633902856,-0.022096688278903404,0.052146662657631536,0.012047290569158379,37,3,2024-14,Alpine
hamilton,0.664004723857222,-0.021927623410055316,0.042028094900627526,0.00877167257406826,37,3,2024-14,Mercedes
hulkenberg,-0.6653289653498955,0.001581669259762098,0.09620098267774276,0.013352524812470547,37,3,2024-14,Haas F1 Team
kevin_magnussen,-0.6488109982034491,0.013031156933325475,0.07306770778205256,0.010569542810050812,39,2,2024-14,Haas F1 Team
leclerc,0.45201486654549033,-0.0405709271291952,0.04663848440197715,0.011239373194084145,37,3,2024-14,Ferrari
max_verstappen,0.8314405136197487,-0.003187773195748797,0.08254637538130016,0.01715318273514701,37,3,2024-14,Red Bull Racing
norris,0.6031995133293824,-0.019948580012822514,0.045400243037200146,0.010867721708969496,38,3,2024-14,McLaren
ocon,-0.12644672923130196,0.016507805619120325,0.09842727769714776,0.0201335903468088,37,3,2024-14,Alpine
perez,0.2494162842418856,-0.05486994988045757,0.03807347741601483,0.008309066867195179,35,3,2024-14,Red Bull Racing
piastri,0.7206073517264326,0.01085808459152822,0.06234742747233323,0.011741229291386941,37,3,2024-14,McLaren
ricciardo,0.003899414415103941,0.012934693611700965,0.08594407689085933,0.020388060724341205,37,3,2024-14,RB
russell,0.7219498350536422,0.012169211575870809,0.05590939733105108,0.006778677913269771,39,2,2024-14,Mercedes
sainz,0.3703319796427354,0.004270458284328121,0.0666227946689448,0.011999644574313635,37,3,2024-14,Ferrari
sargeant,-0.792128917426989,-0.01292880027131696,0.045260068645052304,0.010391201987124551,37,3,2024-14,Williams
stroll,-0.16135693735410184,0.053051718896227174,0.0846391874605152,0.009744144959172057,39,2,2024-14,Aston Martin
tsunoda,-0.6864402713086959,0.00833332591672889,0.09667134612008078,0.021019129542586487,40,2,2024-14,RB
albon,-0.277716470297688,0.0026805630617100624,0.0695784154955512,0.006422927259135829,65,3,2024-15,Williams
alonso,-0.25306579150736475,0.012571839838584271,0.1445276476019738,0.011146826308110076,67,2,2024-15,Aston Martin
bottas,-1.1683343614090036,-0.03006216721930265,0.0812612448664046,0.009794333234751552,64,3,2024-15,Kick Sauber
gasly,-0.1921863878344796,0.01777905826521149,0.09282522482714681,0.007854524485208226,67,2,2024-15,Alpine
hamilton,0.707904122197633,0.015744710017005083,0.0870292389103896,0.013378044086357179,66,3,2024-15,Mercedes
hulkenberg,-0.1710993926178901,0.009217840111197374,0.1197288309208991,0.005473388061811827,67,2,2024-15,Haas F1 Team
kevin_magnussen,-0.5516384904341829,-0.007886404879601948,0.11160236099026376,0.00769148784683313,67,2,2024-15,Haas F1 Team
leclerc,0.818831318139702,0.014503985605972115,0.04403392531955755,0.0031515457548447947,68,2,2024-15,Ferrari
max_verstappen,0.8004561936379764,-0.0007386231979367879,0.044946777245113735,0.0029254545801193424,68,2,2024-15,Red Bull Racing
norris,1.2794232252054383,0.0001884692009063555,0.08330840077582481,0.00501578964685616,68,2,2024-15,McLaren
ocon,-0.5751202761640677,-0.002435037475019263,0.07163197835494751,0.005223463137615739,67,2,2024-15,Alpine
perez,0.6881595687762165,0.0035252830078675,0.07598844710161747,0.005807335086604192,68,2,2024-15,Red Bull Racing
piastri,1.0077246325048863,0.0016191205913560053,0.10090809830539582,0.006256908521204137,68,2,2024-15,McLaren
ricciardo,-0.4267977516835024,0.027191063883006305,0.07461087278503606,0.005216919815258251,67,2,2024-15,RB
russell,0.6247344829353789,0.003369131200226539,0.06991202391160414,0.008991880798181216,66,3,2024-15,Mercedes
sainz,0.7790947955659413,0.007519919487026584,0.07346688670881955,0.006474836175061608,68,2,2024-15,Ferrari
sargeant,-0.8152776500740564,-0.005372326190519252,0.08496575085839872,0.006516778209435329,67,2,2024-15,Williams
stroll,-0.21214521639273176,-0.0003090790027922446,0.10966199367164547,0.008155301520457413,67,2,2024-15,Aston Martin
tsunoda,-0.4673083642604262,-0.03294939641207216,0.11813689699087859,0.011787592817501634,65,3,2024-15,RB
zhou,-1.5956381862877809,-0.03615794989282538,0.1047485518017648,0.015438234051045201,64,3,2024-15,Kick Sauber
albon,-0.5113828765765794,0.016992257521637816,0.07576243167740339,0.007658867593695477,49,2,2024-16,Williams
alonso,-0.1021521827064798,-0.004696080483046965,0.06890017045713191,0.014122930037430386,47,3,2024-16,Aston Martin
bottas,-1.2342568748852099,0.0003928717809765954,0.16455982801822652,0.01320909272866314,48,2,2024-16,Kick Sauber
colapinto,-0.6602200460973915,0.0048463799716609475,0.0819366246373863,0.009017268299963415,49,2,2024-16,Williams
gasly,-0.8292086895306268,-0.02593108865827302,0.15114463024385988,0.028158177053733597,43,3,2024-16,Alpine
hamilton,0.8369266808848569,0.05370904010407042,0.07803290173353278,0.013894358028156015,47,3,2024-16,Mercedes
hulkenberg,-0.23996904693385512,-0.02784884944977682,0.08075630387635067,0.010504121936673015,43,2,2024-16,Haas F1 Team
kevin_magnussen,-0.28092674849642935,0.03326091300889379,0.08417912725542966,0.00790296120015402,46,2,2024-16,Haas F1 Team
leclerc,1.169194607548163,-0.006939686204517109,0.06998612477351274,0.005741808283607572,49,2,2024-16,Ferrari
max_verstappen,0.5209014843039651,-0.031812388783586484,0.05210071887840473,0.010232623196912653,47,3,2024-16,Red Bull Racing
norris,1.1698119712838633,0.04325506807005332,0.05098189574762033,0.011498275348688898,47,3,2024-16,McLaren
ocon,-1.0085009474309243,-0.01419436788010751,0.08802370385498999,0.010029583356229398,48,2,2024-16,Alpine
perez,0.2401978266830357,-0.024706061047596855,0.08766616054942139,0.016638540822090958,47,3,2024-16,Red Bull Racing
piastri,1.178431126672416,0.014850469442213455,0.06999139190512874,0.014459895762123424,47,3,2024-16,McLaren
ricciardo,-0.26833483214015286,0.0008259323292929173,0.06396747785580864,0.005077946397339801,47,2,2024-16,RB
russell,0.7531890878951105,0.07356384053261307,0.09271503532434965,0.01670053305387533,47,3,2024-16,Mercedes
sainz,0.7924060962828378,-0.02046972217556751,0.09991818762443017,0.010751331611555144,49,2,2024-16,Ferrari
stroll,-0.5175527863702551,-0.04531928748635837,0.06997498979871562,0.01657845165987219,44,3,2024-16,Aston Martin
zhou,-1.0085538503863423,-0.03977924059258174,0.10431794799329976,0.009805982717468405,48,2,2024-16,Kick Sauber
albon,-0.026966494045793155,0.0028525386629716133,0.14932486685834304,0.01503661931696611,44,2,2024-17,Williams
alonso,-0.12005547254579568,0.018271999120988095,0.09072142287906845,0.008423803654135385,44,2,2024-17,Aston Martin
bearman,-0.19886448031271703,0.021703687952730786,0.1512754935418024,0.01577250805919159,44,2,2024-17,Haas F1 Team
bottas,-1.1005695092867738,0.02306121120267782,0.06621977217145895,0.004694954798803053,44,2,2024-17,Kick Sauber
colapinto,-0.09098581339610828,0.005255005891714713,0.11317910879100332,0.009555393390172735,44,2,2024-17,Williams
gasly,-0.4072820377014863,0.008298650580557097,0.1177468656174658,0.006188831878363489,46,1,2024-17,Alpine
hamilton,0.1764501655407245,0.007790537729106848,0.12834655440811107,0.012191166122630125,44,2,2024-17,Mercedes
hulkenberg,0.026696494304240592,-0.012810219048835,0.07499198261151023,0.006551138190405245,44,2,2024-17,Haas F1 Team
leclerc,1.0408991556677063,-0.045562535501603135,0.07904494966711056,0.006725418122377481,45,2,2024-17,Ferrari
max_verstappen,0.5978230446027251,-0.005546524365070884,0.1516271316500644,0.01276008257556711,44,2,2024-17,Red Bull Racing
norris,0.6118448504171512,-0.0047240049630461155,0.07521417607123757,0.00702647917186847,45,2,2024-17,McLaren
ocon,-1.0207555783259736,0.017023865034801498,0.1334800384120301,0.006036066925187543,46,1,2024-17,Alpine
perez,0.9788019827459675,-0.021819132832620294,0.08795754208409964,0.00905485348737793,42,2,2024-17,Red Bull Racing
piastri,0.8910326716934678,-0.03619727542162918,0.07044726647155897,0.006277845777031391,45,2,2024-17,McLaren
ricciardo,-0.8049035601260557,0.009282467217729563,0.3493667226873466,0.017597218558888742,46,1,2024-17,RB
russell,0.34901145385998866,0.024469023246713937,0.08720073200136982,0.005913180029087045,45,2,2024-17,Mercedes
sainz,0.6701105170325976,-0.005428364947507671,0.06471632780159439,0.006601002335638897,42,2,2024-17,Ferrari
stroll,-0.5361414957099897,-0.025309970243302473,0.09527164894406591,0.013319792557517907,37,2,2024-17,Aston Martin
zhou,-1.0361458944138757,0.01938904068362277,0.0617327469962284,0.005540065621758789,45,2,2024-17,Kick Sauber
alonso,0.005429934783215407,0.023171680075546083,0.08620771715616099,0.006562642687413968,57,2,2024-18,Aston Martin
bottas,-0.806175942079955,0.013615563769187808,0.08409208597465924,0.0077749969669783005,57,2,2024-18,Kick Sauber
colapinto,0.0414038566399893,-0.004323075845659788,0.06722399267185827,0.006996186593476174,57,2,2024-18,Williams
gasly,-0.5697837622949353,-0.03600135553183838,0.13400513491053473,0.012439280931739582,54,2,2024-18,Alpine
hamilton,0.4486456997327708,-0.006983426650093896,0.13921875696006059,0.009188316052833176,58,2,2024-18,Mercedes
hulkenberg,0.06251769582592848,-0.008539039090388348,0.062488587078355445,0.005723038714966858,55,2,2024-18,Haas F1 Team
kevin_magnussen,-0.5341386601783035,-0.019547338584435033,0.07997784119479218,0.010922153594082733,49,3,2024-18,Haas F1 Team
leclerc,0.6865885420101772,-0.012987556350672572,0.14509093120468539,0.009999012357409607,58,2,2024-18,Ferrari
max_verstappen,0.8160481025936628,0.024680362144527013,0.1029972991398497,0.008597240462862326,58,2,2024-18,Red Bull Racing
norris,1.228035277719874,0.017513697624326516,0.14602866182802401,0.01321247367184235,58,2,2024-18,McLaren
ocon,-0.4960779439974574,-0.009799483658550448,0.0989851349893812,0.009335865174451565,57,2,2024-18,Alpine
perez,-0.007069471343541189,0.004277176071579111,0.09711738905616306,0.009350457640653715,57,2,2024-18,Red Bull Racing
piastri,0.6688555551961081,0.015469360402255314,0.08807795317137654,0.006730378627551633,58,2,2024-18,McLaren
ricciardo,-0.5107646593278075,-0.020482940209850378,0.11429328402898245,0.011639775237946346,53,4,2024-18,RB
russell,0.5189583230213607,0.005458869197788527,0.07625124327722119,0.007465068475964798,58,2,2024-18,Mercedes
sainz,0.13886356256108634,0.02797801989325764,0.08767727706958395,0.005964931985824326,58,2,2024-18,Ferrari
stroll,-0.59866332887579,0.006729593293370015,0.07345202438566514,0.005963033091152152,57,2,2024-18,Aston Martin
tsunoda,-0.3115516865724986,-0.016146233896506948,0.0816688763992739,0.00810669162534055,57,2,2024-18,RB
zhou,-0.7811210954138852,-0.004083872653842233,0.09921153604154123,0.00947748510972089,57,2,2024-18,Kick Sauber
albon,-0.6478621606295837,0.005352870102908836,0.06996345769120059,0.012295731196475805,33,2,2024-19,Williams
alonso,-0.5032104502180821,-0.003643841906568212,0.0668418945628347,0.007408723837873072,45,2,2024-19,Aston Martin
bottas,-0.5954806772561289,-0.04269372507842605,0.0734368001738897,0.005800162398731222,42,2,2024-19,Kick Sauber
colapinto,0.005284533722732673,0.010754369127024467,0.057637524479161845,0.0056369045326188335,46,2,2024-19,Williams
gasly,-0.39664817655376905,0.023635578951024784,0.07092977498592296,0.005305644603974942,43,2,2024-19,Alpine
hulkenberg,0.09915963013676925,0.00985264959329981,0.04928671069044847,0.005518295396027362,46,2,2024-19,Haas F1 Team
kevin_magnussen,-0.10767471976380362,-0.014288234363286738,0.05659614001278576,0.01066853735040746,41,3,2024-19,Haas F1 Team
lawson,-0.17959087834568088,0.018373296505440347,0.05751557254999883,0.005417239533174834,46,2,2024-19,RB
leclerc,1.1295462318561973,-0.01964114020465648,0.06353393419550006,0.006855606908744653,46,2,2024-19,Ferrari
max_verstappen,0.9916779379922782,-0.022598896103839188,0.062295912932129,0.0069934027490750564,44,2,2024-19,Red Bull Racing
norris,1.0249463413804778,0.005498561874867392,0.0869485070651455,0.010104547498447714,44,2,2024-19,McLaren
ocon,-0.6598056402460029,-0.0074068926087311965,0.04859983201228841,0.006063337286648802,42,3,2024-19,Alpine
perez,0.20193410561073888,0.000550139290942094,0.0630323274329739,0.0067019169729197765,46,2,2024-19,Red Bull Racing
piastri,0.6849959872846308,0.012599957569939348,0.0976728178392759,0.010621132806498887,46,2,2024-19,McLaren
russell,0.4189388095576886,0.02148668295951748,0.10074309891009056,0.007973516277857352,44,2,2024-19,Mercedes
sainz,1.1542750857873507,-0.015907609158662316,0.06754080417658515,0.006783925776495381,47,2,2024-19,Ferrari
stroll,-0.8456992297638387,0.004544874909469593,0.04903775921860957,0.005381438965585184,41,2,2024-19,Aston Martin
tsunoda,-0.42102173729001996,0.017707202356292064,0.129899663006002,0.011089058830431616,42,2,2024-19,RB
zhou,-1.3537649932619542,-0.004175843816556024,0.05543214535566061,0.008857998129040144,43,3,2024-19,Kick Sauber
bottas,-0.7726533454310689,-0.0030126243890565745,0.07483488807607948,0.004479252537877217,61,2,2024-20,Kick Sauber
colapinto,-0.4019029335886994,-0.007851034022985776,0.09288695482714596,0.006634006119234444,58,2,2024-20,Williams
gasly,-0.4742124715919315,0.0011862554057984155,0.10837897827753672,0.007739235604155162,61,2,2024-20,Alpine
hamilton,0.5087300524366083,0.011588692335117595,0.09678415629674356,0.0067954357667618405,62,2,2024-20,Mercedes
hulkenberg,-0.19859597041890173,0.002837545567721321,0.0898115457488471,0.005422566380284676,61,2,2024-20,Haas F1 Team
kevin_magnussen,0.056694051599197215,0.0141309254404114,0.10229830159489674,0.006940124129160468,62,2,2024-20,Haas F1 Team
lawson,-0.32153290487452396,-0.01657050130576525,0.15792147983700633,0.011225219388000838,55,3,2024-20,RB
leclerc,1.207721797797433,-0.018861713105845602,0.07708924414171003,0.005322576460140046,60,2,2024-20,Ferrari
max_verstappen,0.5253099812308262,-0.0020728836127947197,0.07225174882656905,0.004662904270217965,57,2,2024-20,Red Bull Racing
norris,1.1161703357259924,0.017199060227391937,0.06226226430227745,0.004446546587261057,59,2,2024-20,McLaren
ocon,-0.6428160773936923,-0.006919545261977291,0.08455234299413478,0.004575936959308228,61,2,2024-20,Alpine
perez,-0.6557512778925854,-0.042113619095386357,0.09608498941235577,0.01204724646152658,55,3,2024-20,Red Bull Racing
piastri,0.3192156226021629,0.023117564974157633,0.1053005823800836,0.009567889139183964,62,2,2024-20,McLaren
russell,0.4279297281874645,0.00013219734263659588,0.09709034095844479,0.0063437529904091326,62,2,2024-20,Mercedes
sainz,0.9907288266166885,0.014712724043033708,0.07657738123466576,0.004879480564290418,62,2,2024-20,Ferrari
stroll,-0.7575152258118008,0.02440730649147797,0.13064969112361052,0.008332396582153019,58,2,2024-20,Aston Martin
zhou,-0.9275201891931706,-0.011910351033934997,0.1105164293181503,0.007477030530247918,61,2,2024-20,Kick Sauber
albon,0.2835226704169008,0.07662664446100607,0.1644278612873813,0.03848768250187215,19,2,2024-22,Williams
alonso,-0.12019430705698711,-0.03341719921108195,0.1303848602750933,0.01719949969652931,44,3,2024-22,Aston Martin
bottas,-0.8430324846488443,-0.060648575154435794,0.22626036255068874,0.04338797545477537,41,3,2024-22,Kick Sauber
colapinto,-0.3482947851268152,0.0020199254360112745,0.13859322061505475,0.01978125111651244,44,3,2024-22,Williams
hamilton,1.0053733437547892,0.02079187504694921,0.09835698111541769,0.018785826942452826,43,3,2024-22,Mercedes
hulkenberg,-0.3099740909956777,-0.02938152209359833,0.11975705818810131,0.024286047012464087,44,3,2024-22,Haas F1 Team
kevin_magnussen,-0.6227851669991571,0.04918733085408582,0.18644664850049356,0.015775259421797888,44,2,2024-22,Haas F1 Team
lawson,-0.6756677348013944,-0.046159629019026274,0.04929643165667341,0.008762213933448145,37,3,2024-22,RB
leclerc,0.6955281743474683,0.027869748636063327,0.11732847633321847,0.020701128612188226,42,3,2024-22,Ferrari
max_verstappen,0.48221541705917004,0.018780846261514147,0.07547151005078537,0.01651764702737846,43,3,2024-22,Red Bull Racing
norris,0.33869724479184926,0.02182742839465017,0.12994844984759907,0.022831008357016933,42,3,2024-22,McLaren
ocon,-0.3474809984884102,-0.047186182487438846,0.09487599642146106,0.011406462759014174,39,3,2024-22,Alpine
perez,-0.011099550937978986,0.013230790002731849,0.13571186248598216,0.03088231961944595,44,3,2024-22,Red Bull Racing
piastri,0.00880659312616136,-0.010286542022395664,0.08906352307990914,0.017109744404878894,43,3,2024-22,McLaren
russell,0.8088494848170765,0.013034115516705289,0.084760103910875,0.012147118386870114,42,3,2024-22,Mercedes
sainz,0.667947007607141,0.03997581815521277,0.077669749052845,0.013621790182245793,43,3,2024-22,Ferrari
stroll,-0.32178969095527266,0.005020899308648338,0.08605832345296391,0.01377242168525645,44,3,2024-22,Aston Martin
tsunoda,-0.3407297870903071,-0.0038474314950742855,0.093049723165721,0.016606533064334763,44,3,2024-22,RB
zhou,-0.349891338819711,-0.05743834059052712,0.09624929904600099,0.016436399772788133,42,3,2024-22,Kick Sauber
albon,-0.9578019253572951,0.012015942878511779,0.07020718604062383,0.005689007926601458,35,2,2024-23,Williams
alonso,-0.4036810827380835,0.009801216348022182,0.1240289350131478,0.009673130296350488,42,2,2024-23,Aston Martin
bottas,-0.8814446961624798,-0.07230868509287233,0.13037467136898592,0.012972361554994987,38,3,2024-23,Kick Sauber
gasly,-0.07910671741429154,0.010602838885374402,0.11027423115628289,0.009379969910600854,42,2,2024-23,Alpine
hamilton,0.08195652349435345,0.00814129237467913,0.09544631916691763,0.009229771246721506,39,3,2024-23,Mercedes
hulkenberg,-0.8267475581197746,0.012523550188419288,0.11528378818880251,0.010210928416955579,25,2,2024-23,Haas F1 Team
kevin_magnussen,-0.15233402526652162,-0.02279705528283503,0.05399653989320949,0.0051367521164930475,32,3,2024-23,Haas F1 Team
lawson,-1.0965745657791361,0.004161997456178637,0.09603482001862643,0.006736882433862949,41,2,2024-23,RB
leclerc,0.7302543115723248,0.014400809864797151,0.09322112242400923,0.0076117369767123985,41,2,2024-23,Ferrari
max_verstappen,1.2530667440651388,0.0004220717447820238,0.06885607532502998,0.005978711213483252,41,2,2024-23,Red Bull Racing
norris,1.4116254040356686,-0.0017376535682410016,0.12818178247571765,0.00970283023490512,40,3,2024-23,McLaren
perez,0.19947479617192665,0.0012188575021675058,0.06311670307711192,0.005334335848868342,28,1,2024-23,Red Bull Racing
piastri,1.1035196339450655,-0.007318761965791995,0.06378569100016937,0.006625669544374064,40,2,2024-23,McLaren
russell,0.8152309689428474,-0.0019599993345632977,0.055698553513478834,0.007978256161168092,40,3,2024-23,Mercedes
sainz,0.6915649073971846,0.009121589394502874,0.06629860462345796,0.005725920713538279,40,2,2024-23,Ferrari
tsunoda,-1.2425543392252418,0.002859269736684808,0.13494977113347215,0.009829337545675321,39,2,2024-23,RB
zhou,-0.6464483795616864,0.020852718870183876,0.06060004567934853,0.00580897829194131,42,2,2024-23,Kick Sauber
albon,-0.31471757478275575,0.005929158381130104,0.08591687416950972,0.005206659326101517,50,2,2024-24,Williams
alonso,-0.08824237777648769,-0.001041325480618755,0.04285972222826559,0.005240882128895152,48,3,2024-24,Aston Martin
bottas,-0.06096676828579678,-0.05820098469481161,0.1087020645522756,0.01444174009279132,22,2,2024-24,Kick Sauber
colapinto,-0.2137828079299079,-0.005004788407171989,0.11744665539461625,0.021246232466246337,17,1,2024-24,Williams
doohan,-0.8973435543394161,0.009728533372918118,0.06770841873208745,0.007918002933712769,49,2,2024-24,Alpine
gasly,-0.0659192582827095,0.005178485499571798,0.05968451190148109,0.004447996367885922,49,2,2024-24,Alpine
hamilton,0.39796661936822486,0.029443227255970733,0.050739376729279875,0.0047271689862536095,50,2,2024-24,Mercedes
hulkenberg,0.04930324688538801,0.0004658065463316744,0.08536601280349539,0.005144181973637588,49,2,2024-24,Haas F1 Team
kevin_magnussen,-0.4584875231259584,-0.06546574149950464,0.05233851652335504,0.009715374664915706,46,3,2024-24,Haas F1 Team
lawson,-0.5208437838682805,0.010119479982332577,0.07832710717566094,0.006744436805083091,44,3,2024-24,RB
leclerc,0.5029670097406984,0.025975159678788537,0.07472994594239446,0.006890569675653194,49,2,2024-24,Ferrari
max_verstappen,0.3999587845349186,0.01555770346042111,0.05749664632132706,0.006603960130732509,51,2,2024-24,Red Bull Racing
norris,0.91140486774802,0.0179446682964141,0.06051842385918511,0.006970665613826761,50,2,2024-24,McLaren
piastri,0.5695008916652704,0.0025574741935826964,0.06427402757684088,0.007765834474045375,47,2,2024-24,McLaren
russell,0.403072919355529,0.004989679139230444,0.03772211747076398,0.004075872021239902,49,2,2024-24,Mercedes
sainz,0.8125178034166305,0.014177427984786245,0.05786119251107195,0.005811658277524513,51,2,2024-24,Ferrari
stroll,-0.3662090270191196,-0.024367734990739284,0.05443445948501078,0.009830408041400078,48,3,2024-24,Aston Martin
tsunoda,-0.6592713077600387,-0.0010341491060398963,0.07773401413557221,0.007652411157073688,50,2,2024-24,RB
zhou,-0.4009081595442083,0.013047920387408027,0.04153281128026393,0.00704229194836965,47,3,2024-24,Kick Sauber
albon,-0.1620519129175163,0.017643554177649314,0.07609623898666894,0.006449661173850215,49,2,2025-02,Williams
antonelli,-0.1965400473264486,0.023671265195902038,0.06288179214913985,0.00439387908010059,50,2,2025-02,Mercedes
bearman,-0.16704668179250529,0.04310597616252296,0.06826745518315133,0.008365129008526938,49,2,2025-02,Haas F1 Team
bortoleto,-0.17300055099672546,-0.08193790287516856,0.10770507158650457,0.010255268038184374,49,2,2025-02,Kick Sauber
doohan,-0.3689615150008991,0.010755757958013114,0.06578835418492548,0.00457257531434543,46,2,2025-02,Alpine
gasly,-0.30842005633646696,0.020770609584913693,0.08979387873142938,0.005366276198708339,49,2,2025-02,Alpine
hadjar,-0.19864154995239455,-0.010401426433811981,0.07210205159435785,0.012841005285473401,44,3,2025-02,Racing Bulls
hamilton,0.5262133436616165,-0.016829593230074855,0.0344817866842506,0.0050840966617678,48,3,2025-02,Ferrari
hulkenberg,-0.8495649879714101,-0.03503532236264248,0.13313802063989683,0.01315769844430975,48,2,2025-02,Kick Sauber
lawson,-0.28264491514777645,-0.03423046661356208,0.044690796706832285,0.007479850160747651,47,3,2025-02,Red Bull Racing
leclerc,0.6731950687810017,-0.013678030606104261,0.06380785842742734,0.005739188247995447,50,2,2025-02,Ferrari
max_verstappen,0.34701760453705033,0.02778966277930107,0.06540299933945574,0.0040738352000944614,50,2,2025-02,Red Bull Racing
norris,0.7484195629686952,0.0088697745146076,0.08341317043785909,0.007006498501795554,50,2,2025-02,McLaren
ocon,-0.09377066103386666,0.02242829972731372,0.06884495709281077,0.004637653150664464,49,2,2025-02,Haas F1 Team
piastri,0.8147663663327498,0.007921374907547057,0.050917241915790196,0.003901806330861878,50,2,2025-02,McLaren
russell,0.6040435509629293,0.00514606985668117,0.06419688096033616,0.004589105272930119,50,2,2025-02,Mercedes
sainz,-0.2382060869595844,-0.006198052059565837,0.05354265399374678,0.004894758629261239,49,2,2025-02,Williams
stroll,-0.448271937426578,0.013223058704029535,0.09126587250407726,0.008800654194082635,49,2,2025-02,Aston Martin
tsunoda,-0.22653459438187012,-0.0030146093875511905,0.06437952906984296,0.012606402107012459,44,4,2025-02,Racing Bulls
albon,0.04010791802198538,0.020558613254825088,0.06171360661551315,0.006620329494034836,49,2,2025-03,Williams
alonso,-0.15067070426753876,-0.00391145896733535,0.02658053671743621,0.0028284028167670744,49,2,2025-03,Aston Martin
antonelli,0.4891726107061394,0.013676166472706842,0.05085747126087342,0.0064282413386343605,49,2,2025-03,Mercedes
bearman,-0.11842138119974344,-0.005262627592958195,0.05703271373683966,0.007640169254342665,49,2,2025-03,Haas F1 Team
bortoleto,-0.5666377557562678,0.005620911098865207,0.06825698742345264,0.007514893992084197,49,2,2025-03,Kick Sauber
doohan,-0.46631376874950176,-0.014456207504340977,0.05275647222343984,0.00394025291771611,49,2,2025-03,Alpine
gasly,-0.14428097817980204,-0.006640217542166198,0.036615542161126315,0.0042849779128678565,49,2,2025-03,Alpine
hadjar,0.0796913664668284,0.01603346769549733,0.04110824477636587,0.004948217798630668,49,2,2025-03,Racing Bulls
hamilton,0.33084993739550617,-0.01264358566405057,0.0543498020439318,0.006332957888296882,49,2,2025-03,Ferrari
hulkenberg,-0.4711569054377497,-0.02039662869484373,0.07553400718957365,0.007229427953483993,49,2,2025-03,Kick Sauber
lawson,-0.5526527253098843,0.009536058500361592,0.05089959869074896,0.004763432744409635,49,2,2025-03,Racing Bulls
leclerc,0.5197299816524211,-0.014079397967983236,0.0360184853737334,0.00423056808829408,49,2,2025-03,Ferrari
max_verstappen,0.7222381039278604,-0.0008551720489462927,0.02595898377356318,0.002944605780201217,46,2,2025-03,Red Bull Racing
norris,0.7625412484551851,0.003066482266114036,0.032077495177766195,0.0032253821430761995,46,2,2025-03,McLaren
ocon,-0.6351810582312609,0.005265934739084745,0.03765531264802186,0.004219788578993879,49,2,2025-03,Haas F1 Team
piastri,0.7878613650970533,0.008730679197725834,0.04066787236183127,0.0042860628405784005,49,2,2025-03,McLaren
russell,0.5047905017479913,0.0002799021279788552,0.04028941025469967,0.004385193034476231,49,2,2025-03,Mercedes
sainz,-0.2729380716079185,-0.01097921543900248,0.0714713563953658,0.006807032434581049,49,2,2025-03,Williams
stroll,-0.7030187025290345,0.002718818077083386,0.0761234768094046,0.010437832189589978,46,3,2025-03,Aston Martin
tsunoda,-0.15571098220226748,0.0037374779913841097,0.03237310609711684,0.003735587678615173,49,2,2025-03,Red Bull Racing
albon,-0.3022858821702419,-0.008079443370879905,0.068766215321785,0.014310211234961989,49,3,2025-04,Williams
alonso,-0.7080666371956371,0.0039104714280893925,0.046514202901830864,0.008613045992253616,49,3,2025-04,Aston Martin
antonelli,0.19706005466542487,-0.01989968812970439,0.0673375316729654,0.010520682888521364,44,4,2025-04,Mercedes
bearman,-0.42040035061988595,-0.007448836529288353,0.04813307711086463,0.01018952041425637,49,3,2025-04,Haas F1 Team
bortoleto,-0.9173790000255444,0.001010924930395462,0.05057946281311167,0.00888361414226885,49,3,2025-04,Kick Sauber
doohan,0.022189760563163463,-0.014033001041239841,0.05956229063995502,0.008270411146088119,47,3,2025-04,Alpine
gasly,0.5177481960609863,-0.01502317876605944,0.058945916777989965,0.009591041647746124,47,3,2025-04,Alpine
hadjar,-0.28214096049927173,0.020522126466328446,0.0665530506312082,0.00775009389209595,47,3,2025-04,Racing Bulls
hamilton,0.38322944017091665,-0.029980615900763317,0.06898086209308778,0.011284984263363171,49,3,2025-04,Ferrari
hulkenberg,-0.4430802513362529,0.036896705129952995,0.05055625926324248,0.006324848091261196,44,3,2025-04,Kick Sauber
lawson,-0.526941815891048,0.003326421260163425,0.03364942559027529,0.005976769876357667,40,3,2025-04,Racing Bulls
leclerc,0.6478937012673831,-0.018318133089755804,0.04462642708252795,0.008263614112817633,49,3,2025-04,Ferrari
max_verstappen,0.6326913826651723,0.006855978963024197,0.06258864585699837,0.008153705971352166,46,3,2025-04,Red Bull Racing
norris,0.9438997390887942,0.019197164592206713,0.036050550491799026,0.007544148056173925,49,3,2025-04,McLaren
ocon,0.18542336774258583,0.002777012902467065,0.04478228049167413,0.00624604960847707,47,3,2025-04,Haas F1 Team
piastri,0.792752181033435,0.04706780441921293,0.057192913884566696,0.008742741666417888,48,3,2025-04,McLaren
russell,0.5211453897116771,0.04344641622341544,0.06941384171276556,0.013444448177332416,30,3,2025-04,Mercedes
sainz,-0.2677613279665061,-0.0693882464646271,0.06327071771611793,0.014350326681410926,29,3,2025-04,Williams
stroll,-0.9396616826778347,0.008616198486717751,0.060113030338892724,0.008125063589762083,43,3,2025-04,Aston Martin
tsunoda,-0.03631530458731613,-0.011456081509655717,0.04321483833772844,0.007552813725952469,49,3,2025-04,Red Bull Racing
albon,-0.0856311004918491,0.004448624639422198,0.053963357182340126,0.005384964011098046,44,2,2025-05,Williams
alonso,-0.4714873219844401,0.026198891405877573,0.10661796736511135,0.008799429281445793,41,2,2025-05,Aston Martin
antonelli,0.45196972832982774,0.0006598887926412321,0.07292970200294871,0.008113929669071703,44,2,2025-05,Mercedes
bearman,-0.5679543015029914,0.029973739628606503,0.10473520814746717,0.00878389993063211,44,2,2025-05,Haas F1 Team
bortoleto,-1.1466748428606643,0.004754555644766405,0.2116318184660257,0.010960403979531854,42,1,2025-05,Kick Sauber
doohan,-0.6800680023125383,-0.07444742539138594,0.14989408627442458,0.014099916252625697,40,2,2025-05,Alpine
hadjar,-0.1842662116203357,0.007439183732311981,0.09535965371905174,0.010423957155774571,44,2,2025-05,Racing Bulls
hamilton,0.3710963513826817,0.011772119303370018,0.081069445086568,0.009571303251909616,44,2,2025-05,Ferrari
hulkenberg,-0.7706783626067377,-0.01448537474912603,0.08216980834547788,0.009555742331178056,43,2,2025-05,Kick Sauber
lawson,-0.4731433116131417,0.055822171033584785,0.0718336953247931,0.006633552560643685,41,2,2025-05,Racing Bulls
leclerc,0.9798954158245999,0.027647636275472235,0.11837029626028614,0.01425118606941949,44,2,2025-05,Ferrari
max_verstappen,1.1989911848704051,-0.0051985626009261,0.04281749471327715,0.004221834760269401,43,2,2025-05,Red Bull Racing
norris,0.9779780316744747,0.0211442265529343,0.04983960492584219,0.005494035672116145,44,2,2025-05,McLaren
ocon,-0.8026151683142081,-0.000784538144781406,0.1138983381810199,0.006097005352456003,46,1,2025-05,Haas F1 Team
piastri,1.272120485048921,-0.02284144436635571,0.04030542460713674,0.004295632558362278,44,2,2025-05,McLaren
russell,0.8000761056638573,-0.053644367453748,0.07644999868122929,0.011632492219259476,44,2,2025-05,Mercedes
sainz,-0.1428294190567918,-0.00687408071358236,0.06721664416634562,0.0073810412142107,44,2,2025-05,Williams
stroll,-0.7267792604310698,-0.011585243589081706,0.0956521768574133,0.006119519014808638,43,2,2025-05,Aston Martin
albon,0.08085548424200978,-0.02335984285868578,0.07292580498005866,0.011650208466006316,44,3,2025-07,Williams
alonso,-0.21617647040377821,-0.022960201818338813,0.08785303332096883,0.009541422382702185,46,3,2025-07,Aston Martin
antonelli,-0.19500321287107286,0.018367372468559698,0.11486641110570671,0.016592490933598474,37,2,2025-07,Mercedes
bearman,-0.00010696931461068315,0.005016274387544928,0.13268083413289317,0.012878393244775056,47,2,2025-07,Haas F1 Team
bortoleto,-0.6787397303495653,-0.0319897201685829,0.06435251223865095,0.010061229856445857,46,4,2025-07,Kick Sauber
colapinto,-0.523779719575959,-0.06740702372903606,0.08988779875553278,0.01581105158742843,46,3,2025-07,Alpine
gasly,-0.31767217131094305,0.013838468276167928,0.1314790033306634,0.014350554765799224,46,3,2025-07,Alpine
hadjar,-0.13467250070187525,-0.018930371933273876,0.08628570905032465,0.014009109550537191,49,3,2025-07,Racing Bulls
hamilton,0.3132304277512537,-0.011979562425676785,0.11074605836346868,0.012778496680577399,49,3,2025-07,Ferrari
hulkenberg,-0.6311937786155715,0.026598979969105624,0.17048574511808826,0.015259333159418055,48,2,2025-07,Kick Sauber
lawson,-0.33793448040712787,0.023184315643117882,0.10144866325227306,0.014968665506055084,46,3,2025-07,Racing Bulls
leclerc,0.745655275853244,0.019033996661900615,0.07933583803010508,0.010817724243575664,44,3,2025-07,Ferrari
max_verstappen,0.8769706119651248,-0.0070695798040248115,0.08954915969944909,0.009279297854319139,48,3,2025-07,Red Bull Racing
norris,0.8157265485062799,0.005443310489286701,0.09039547952849297,0.01349439377740598,47,3,2025-07,McLaren
ocon,-0.1739460092308417,-0.03758175242522668,0.22349923507831743,0.0303095795171778,22,1,2025-07,Haas F1 Team
piastri,0.9011418226703831,0.03743218095909365,0.08093655377678403,0.008882291334608926,48,3,2025-07,McLaren
russell,0.1815218143293948,0.03294844427296248,0.08725698298592569,0.01051372544376672,46,3,2025-07,Mercedes
sainz,0.11645498090482426,0.04010225332505629,0.14290964136267137,0.013119186921476343,43,3,2025-07,Williams
stroll,-0.42955803978979107,-0.022703306766742787,0.1321612243715014,0.01260652522419696,46,3,2025-07,Aston Martin
tsunoda,-0.39277388365137733,0.022015765476792626,0.20659727350783505,0.015422747328368635,45,2,2025-07,Red Bull Racing
albon,-2.203138271750391,0.14628894654153513,0.4309133904632529,0.02965229070160631,62,3,2025-08,Williams
alonso,-0.4562648540608205,0.1232917281986583,0.22601366818736074,0.04509759579621367,23,2,2025-08,Aston Martin
antonelli,-0.09116786352225792,-0.03260914727177355,0.4122028281417418,0.0149727642279416,60,2,2025-08,Mercedes
bearman,0.48540127555718704,-0.05378014448568863,0.4049827453202885,0.0213220874291763,64,2,2025-08,Haas F1 Team
bortoleto,-0.24755992485944223,-0.07842130388267257,0.2570320675578997,0.020682997769538906,61,3,2025-08,Kick Sauber
colapinto,-0.3203914643509598,-0.04156234505592493,0.22892325010082665,0.018279460178413524,62,3,2025-08,Alpine
hadjar,-0.46282391830455655,-0.02937063556656702,0.24757772075751128,0.012362059066113908,63,3,2025-08,Racing Bulls
hamilton,0.12979773620055435,-0.004953024612956436,0.35917642459485827,0.024769348142521457,64,3,2025-08,Ferrari
hulkenberg,-1.042528180957477,0.051120934490220704,0.33654136424832964,0.03502392605642578,60,3,2025-08,Kick Sauber
lawson,-0.9883046739580224,0.03126540582195059,0.46051631025798545,0.03785970241154246,63,3,2025-08,Racing Bulls
leclerc,2.288209591167744,-0.037103517919073514,0.22980980232964476,0.025911826178501206,64,3,2025-08,Ferrari
max_verstappen,2.1770194412851573,-0.08494649520633457,0.3012219424507938,0.019758888067468,65,2,2025-08,Red Bull Racing
norris,1.4090620977504957,-0.024111472667734224,0.2562910618611365,0.025325911383383092,63,3,2025-08,McLaren
ocon,0.12287348050039093,-0.0211691354835305,0.25137718363158157,0.017624976353208973,63,3,2025-08,Haas F1 Team
piastri,1.412904583220501,0.04220756170223028,0.22605376131363447,0.02126587591196525,64,3,2025-08,McLaren
russell,-0.12996302859570108,0.0013699944399124808,0.22651318793542016,0.014844771028643377,60,3,2025-08,Mercedes
sainz,-1.2195760781072544,0.023338272716038944,0.73175681286464,0.03903504704573971,62,3,2025-08,Williams
stroll,-0.3086974203414914,-0.019843963223800942,0.192894030233204,0.015493517690470391,60,3,2025-08,Aston Martin
tsunoda,-0.5548525268736548,0.008988341465510419,0.4008726428663306,0.013398574437476806,63,2,2025-08,Red Bull Racing
albon,-0.27404397194482494,-0.0255288703343643,0.07139343720467287,0.01890813834825835,20,2,2025-09,Williams
alonso,-0.1670840852408511,-0.02236418463986162,0.07906489553466783,0.014039119659014528,52,4,2025-09,Aston Martin
antonelli,0.3221586699975773,0.019831960578216897,0.0725354695974072,0.008939299949514794,45,2,2025-09,Mercedes
bearman,-0.6283801765078755,0.03347403111286039,0.0675685223884824,0.012363173620701714,47,4,2025-09,Haas F1 Team
bortoleto,-0.5235600599682717,-0.0047614295752633935,0.09032160595603379,0.012791785267567354,53,3,2025-09,Kick Sauber
colapinto,-1.5202676769141628,-0.05400229177144587,0.08996133276129871,0.017382024030875066,52,4,2025-09,Alpine
gasly,-0.6135168170090701,0.04320043685201114,0.10357794315434674,0.017586552537985765,53,4,2025-09,Alpine
hadjar,0.0744870949498288,0.02589093803550518,0.045276761015134455,0.006135060368378651,53,4,2025-09,Racing Bulls
hamilton,0.77182913976653,0.0029783653856111335,0.06707836042794246,0.00874955865388929,54,4,2025-09,Ferrari
hulkenberg,-0.25020768859412973,0.04894365010142682,0.07005113947263204,0.007317506326906696,53,4,2025-09,Kick Sauber
lawson,-0.4487885220715342,0.04728184666981744,0.06930340978379969,0.00830725351247912,42,3,2025-09,Racing Bulls
leclerc,0.9064781294809419,-0.00296556722443481,0.0771547198307475,0.015094664808009015,52,4,2025-09,Ferrari
max_verstappen,1.2090913160770609,-0.09485573959480109,0.07528204103874002,0.01865924514517434,47,4,2025-09,Red Bull Racing
norris,1.3144066365580245,0.017436706002534493,0.05162411060827402,0.00608323413790697,54,4,2025-09,McLaren
ocon,-0.7423585816693152,-0.0664578260021082,0.07994092519771485,0.01455098593641598,53,3,2025-09,Haas F1 Team
piastri,1.3239808347164281,0.03199596722297665,0.0804280488716133,0.011903815269994723,53,4,2025-09,McLaren
russell,0.5806863607964128,0.0007265718683872359,0.039947934999817795,0.008738149935027632,49,3,2025-09,Mercedes
sainz,-0.657615735093221,0.049676025155107995,0.057165288849872986,0.00967855385784249,53,4,2025-09,Williams
tsunoda,-0.6772948673295485,-0.050500589842176036,0.04590216076143958,0.011481712223503308,51,5,2025-09,Red Bull Racing
alonso,0.039740218150617346,0.008726239267095674,0.10441325921565522,0.0072637104353844755,62,2,2025-11,Aston Martin
bearman,-0.5278764527469848,0.010621015457370651,0.0595801737099017,0.00728146610954203,57,3,2025-11,Haas F1 Team
bortoleto,-0.11489159979308189,0.022150024750543465,0.0855268116663263,0.009682273861730399,60,3,2025-11,Kick Sauber
colapinto,-0.4555270428991705,-0.03679304746508441,0.055746108890665155,0.006272586555690173,49,3,2025-11,Alpine
gasly,-0.6373819073730977,-0.01785203349948003,0.09519557586828704,0.010532309052347909,60,3,2025-11,Alpine
hadjar,-0.49538744242596855,-0.02548768509546509,0.187400590296673,0.014069049828530873,62,2,2025-11,Racing Bulls
hamilton,0.6521230554492744,-0.01521438779800602,0.06736786347990907,0.009559586413215556,61,3,2025-11,Ferrari
hulkenberg,-0.30558335268735715,0.05876992715070614,0.09651358864332461,0.011354506289477265,60,3,2025-11,Kick Sauber
lawson,-0.19913302391098064,0.019338005227788738,0.06955484767914208,0.005877728709255145,63,2,2025-11,Racing Bulls
leclerc,0.825727844040863,0.005973235451867757,0.09580446140528535,0.013190701007296437,61,3,2025-11,Ferrari
norris,1.2350141747382035,-0.011700426410262312,0.09009730502212353,0.008037042508593746,60,3,2025-11,McLaren
ocon,-0.27682512059977693,0.008156853946113178,0.07316726472673074,0.006403048100995636,57,3,2025-11,Haas F1 Team
piastri,1.3756922596645702,-0.03899058265432756,0.08771747284349174,0.01005944164887424,61,3,2025-11,McLaren
russell,-0.16557666201258736,0.030343587807095423,0.14427528882627783,0.021191978288016854,61,3,2025-11,Mercedes
stroll,-0.50648524733695,-0.03149325063800171,0.07057878054884498,0.009357212397830066,57,3,2025-11,Aston Martin
tsunoda,-0.44362970025757326,0.013452524502046119,0.07718942801642766,0.010392481264113284,55,4,2025-11,Red Bull Racing
albon,-0.5336086857898467,-0.03382217634486848,0.1091319923685586,0.011190749461702353,63,3,2025-14,Williams
alonso,-0.2667684924895275,0.042405857214183516,0.16762075567895376,0.012337095172062747,66,2,2025-14,Aston Martin
antonelli,-0.09926884473449538,0.03213754887242539,0.14685779570596139,0.010926134628262345,65,2,2025-14,Mercedes
bearman,-0.8975768278618624,-0.0008702272603795871,0.11585463731532648,0.013775127540821946,43,2,2025-14,Haas F1 Team
bortoleto,-0.009121157214785458,0.016806889195876605,0.0918760694811195,0.007083483962755194,66,2,2025-14,Kick Sauber
colapinto,-0.332272665505594,-0.015810854335236414,0.11310494165686749,0.009870634385943454,63,3,2025-14,Alpine
gasly,-0.47003599709849636,-0.004563851486842442,0.09050543797526003,0.007406492337758997,62,2,2025-14,Alpine
hadjar,0.005410200986569524,0.023465580970054377,0.10422176219557974,0.007930787929653503,65,2,2025-14,Racing Bulls
hamilton,0.12369026507039771,0.012422077388271717,0.1418487403211644,0.010425966169403743,62,2,2025-14,Ferrari
hulkenberg,0.03350567509114377,0.005275248056640834,0.13748377081981097,0.010704995338464349,60,3,2025-14,Kick Sauber
lawson,0.026533774190603876,0.032966592466209275,0.07532137833093672,0.006415421737988863,66,2,2025-14,Racing Bulls
leclerc,0.4249152759496334,-0.06890615114612739,0.1192380557968366,0.012714348855870066,61,3,2025-14,Ferrari
max_verstappen,0.22730770844550108,-0.010959733933857387,0.10530927439964337,0.01437486743198454,61,3,2025-14,Red Bull Racing
norris,1.0979115627010896,0.013577927915514952,0.099311045688789,0.007724621580406043,66,2,2025-14,McLaren
ocon,-0.287882201714973,-0.001825735168193711,0.18289520162982012,0.009412883367379813,65,2,2025-14,Haas F1 Team
piastri,1.1500036648238972,0.0018418940183987029,0.06858588892219981,0.008067130964205069,64,3,2025-14,McLaren
russell,0.7275291485885184,-0.02161224314647609,0.06895280220205408,0.008094063594711277,61,3,2025-14,Mercedes
sainz,-0.2958023026676274,-0.021965814799954943,0.10057477973208089,0.010570353684083735,60,3,2025-14,Williams
stroll,0.0206419143851565,0.016556001388434403,0.09204995579980044,0.007101507639143358,66,2,2025-14,Aston Martin
tsunoda,-0.645112015155304,-0.01711882986407335,0.09444644938544473,0.009603396945519264,60,3,2025-14,Red Bull Racing
albon,-0.030691126204257957,-0.002196009914332237,0.040947360137679086,0.005179781792539971,54,3,2025-15,Williams
alonso,-0.22473382997769842,-0.029934265714144998,0.09161661873968881,0.017004635222004308,48,3,2025-15,Aston Martin
antonelli,0.21591564204363656,0.02650387373268857,0.0841613333339145,0.01029173347180146,52,3,2025-15,Mercedes
bearman,-0.6415658632678095,0.03099200110610854,0.16772171868078334,0.0089883216802352,52,2,2025-15,Haas F1 Team
bortoleto,-0.9639718765608781,-0.0031885906785462277,0.0754870585210363,0.008659057576788979,45,3,2025-15,Kick Sauber
colapinto,-0.8004263163736483,0.009083121488935569,0.09533304009224075,0.009405183086164308,49,4,2025-15,Alpine
gasly,-0.5483313737838456,-0.0099675735948835,0.10424975821982484,0.009203031383825862,50,2,2025-15,Alpine
hadjar,0.7082982554992336,-0.0044941779142618505,0.08894811393685205,0.009509592694616221,54,3,2025-15,Racing Bulls
hamilton,0.7005442108501956,0.00610030584987185,0.1313389756975279,0.02655575875207787,18,1,2025-15,Ferrari
hulkenberg,-1.0633780395380832,0.032940524750648,0.1486650201460457,0.022227705040298563,49,3,2025-15,Kick Sauber
lawson,0.04579143349481485,-0.05334015349794448,0.07238459024767993,0.009856927875818237,51,3,2025-15,Racing Bulls
leclerc,0.7611613511932767,-0.017069276485644953,0.13400326677942856,0.013606960363486364,38,2,2025-15,Ferrari
max_verstappen,0.5853230602046104,0.026078478258029957,0.0899851966236091,0.009546970112830892,54,3,2025-15,Red Bull Racing
norris,1.4575205573108272,0.01784736723152301,0.16575050989472917,0.017814905468763256,48,3,2025-15,McLaren
ocon,-0.9027133332001809,0.02807683347631638,0.18825426029716408,0.01098978664754169,52,2,2025-15,Haas F1 Team
piastri,1.6526520501517263,-0.005657999296623934,0.09563463717628665,0.01217684265059272,50,3,2025-15,McLaren
russell,0.443442172189225,-0.03345733838849439,0.05854593816321701,0.005728710777906678,52,3,2025-15,Mercedes
sainz,-0.06618958728279689,-0.02813120774923188,0.07068937086537774,0.009310579841931224,50,4,2025-15,Williams
stroll,-0.5906423274986867,0.011330775668478382,0.15646343086304837,0.009624262305378183,47,3,2025-15,Aston Martin
tsunoda,-0.7380050592496594,-0.001516688328491795,0.0779243449461033,0.008029582875034698,47,3,2025-15,Red Bull Racing
albon,-0.10973207763175302,0.020469391646963035,0.05702743052445196,0.004538444842079954,45,2,2025-16,Williams
alonso,-0.23477342806185764,0.030456547333369326,0.06004282970703505,0.010228062551912198,18,1,2025-16,Aston Martin
antonelli,-0.05935998796576336,0.0018697376742091917,0.047687806867153036,0.005160787919676482,45,2,2025-16,Mercedes
bearman,-0.2568921632287072,0.014136202894840362,0.05060614736836804,0.005887332480706144,46,2,2025-16,Haas F1 Team
bortoleto,-0.26713755530783134,0.008371897457245807,0.06852633951954529,0.0071081968116469925,48,2,2025-16,Kick Sauber
colapinto,-0.7125509347093646,-0.009665991028486011,0.05711391489405952,0.005824326538878178,47,2,2025-16,Alpine
gasly,-0.6158766540098571,0.008950329567717581,0.05696360974945093,0.0035569758717240614,47,2,2025-16,Alpine
hadjar,-0.27991808597373596,0.013447266239287596,0.038850027803569345,0.004738497538414649,48,2,2025-16,Racing Bulls
hamilton,0.3367115045962751,-0.009436589463291074,0.03425517581974776,0.003332157959123264,45,2,2025-16,Ferrari
lawson,-0.23039421427578796,-0.005956254421099601,0.0842963634262643,0.006205894895882077,48,2,2025-16,Racing Bulls
leclerc,0.28940137804899857,0.01256097415631318,0.0401138793287592,0.004310108706160535,48,2,2025-16,Ferrari
max_verstappen,1.0820653504861648,-0.021451150835755918,0.052153278815847554,0.004787177324608833,47,2,2025-16,Red Bull Racing
norris,0.8762681442393692,-0.012826854995368654,0.04587269639039316,0.003162157911900408,47,2,2025-16,McLaren
ocon,-0.0924221552419141,-0.010243572125297279,0.07224440271206425,0.00359154694087231,45,1,2025-16,Haas F1 Team
piastri,0.5596571352363604,0.006960778485976531,0.05144835935230433,0.0037224667963495863,48,2,2025-16,McLaren
russell,0.375671217499951,-0.01603416196133637,0.044138072675798785,0.005424547669250081,48,2,2025-16,Mercedes
sainz,-0.024086401156278137,-0.011912323358609596,0.04482231329138069,0.004891271844554263,46,2,2025-16,Williams
stroll,-0.0671510176620369,-0.008239240402530386,0.07031599459733043,0.003650578344623015,44,2,2025-16,Aston Martin
tsunoda,-0.5694800548822325,-0.011456986864147707,0.049909785278611056,0.00639888308674467,45,2,2025-16,Red Bull Racing
albon,-0.21188684073089817,0.028076031195560007,0.10119481376884244,0.01004469832318499,40,2,2025-17,Williams
alonso,-0.48889050151624064,0.01568569386171386,0.06957330700515649,0.0070749519049582155,41,2,2025-17,Aston Martin
antonelli,0.5734265817232982,0.009808442928951742,0.05545817262474222,0.005605183282626703,42,2,2025-17,Mercedes
bearman,0.04674034118271428,-0.030009283834344425,0.06236753911406554,0.009432735305655398,41,2,2025-17,Haas F1 Team
bortoleto,-0.23979495405914364,-0.0032620352255565283,0.061704805781646,0.006820912351743112,41,2,2025-17,Kick Sauber
colapinto,-0.9514743257909537,-0.019882738606752666,0.05195777819397294,0.004802167733350437,40,2,2025-17,Alpine
gasly,-0.9761434193376768,0.0012809409180246575,0.1203382185055537,0.009608925233615062,40,2,2025-17,Alpine
hadjar,0.24569636768432607,-0.012425476571908685,0.05216796359979212,0.006443651727503433,41,2,2025-17,Racing Bulls
hamilton,0.4438822465770626,-0.012189969651464523,0.051002035414874095,0.0044220736064177184,41,2,2025-17,Ferrari
hulkenberg,-0.21664191254046292,-0.012581582035066381,0.04390187293466046,0.005284139202251358,39,2,2025-17,Kick Sauber
lawson,0.22253493174518757,-0.0033612339508334935,0.03904076513564621,0.003812561684633948,40,2,2025-17,Racing Bulls
leclerc,0.5525147229802299,-0.01694539184705269,0.0803535129395004,0.007387480226786566,41,2,2025-17,Ferrari
max_verstappen,0.7788452295245669,0.002272347144200264,0.05079610011156933,0.0033361697700987135,40,2,2025-17,Red Bull Racing
norris,0.35730040773143507,0.018508978836208244,0.052506690876480064,0.00542553613119225,41,2,2025-17,McLaren
ocon,-0.5421723009714972,3.251057447683364e-05,0.1016957837142988,0.00490411608806821,41,1,2025-17,Haas F1 Team
russell,0.6431491847095803,0.005176194124806487,0.059052855093239695,0.004901249572890778,40,2,2025-17,Mercedes
sainz,0.3555352972771337,0.008734431643226619,0.06278858577710143,0.006154623857671585,40,2,2025-17,Williams
stroll,-0.8450493315097896,0.0065557342160202856,0.05559620138011492,0.004868643872515108,41,2,2025-17,Aston Martin
tsunoda,0.25242827532112816,0.014526406279790398,0.06014581360188815,0.004598687947608003,40,2,2025-17,Red Bull Racing
albon,-0.15912550968563183,-0.003920702102541332,0.08650735380582268,0.01314141780986176,47,3,2025-19,Williams
alonso,-0.42117068059785645,0.024441639506298272,0.0831548227277381,0.008128145584904949,48,2,2025-19,Aston Martin
antonelli,0.19771313970286536,-0.001692968398377512,0.12418525349920624,0.011966899376202935,48,2,2025-19,Mercedes
bearman,-0.08900171364556447,0.0007772845516945985,0.06681034567693758,0.006451953254169824,48,2,2025-19,Haas F1 Team
bortoleto,-0.4931145893327978,-0.05203998679037866,0.08139308996123036,0.015525833549299073,44,3,2025-19,Kick Sauber
colapinto,-0.7825938824934168,0.003852980825463442,0.06062573673752189,0.006898274987305947,47,2,2025-19,Alpine
gasly,-0.5771630958656422,-0.037696414988708876,0.098918133880878,0.009725156097505353,47,2,2025-19,Alpine
hadjar,-0.4123268146273068,0.0015258040138362043,0.08954575633825305,0.012423502590807323,48,2,2025-19,Racing Bulls
hamilton,0.6858353161038664,-0.016269501839852322,0.06559149567347611,0.006087853973619636,46,2,2025-19,Ferrari
hulkenberg,-0.24992435047786493,0.033669276128195286,0.08925727580975615,0.00827656788430842,49,2,2025-19,Kick Sauber
lawson,-0.3909288018066908,0.01291187047284956,0.05524236163230335,0.006227567392799228,48,2,2025-19,Racing Bulls
leclerc,0.6567076387417738,0.0034365579733510202,0.1140634329737684,0.01034629035429351,47,2,2025-19,Ferrari
max_verstappen,0.8661507473834666,0.007893147320644698,0.07920814470474807,0.006055630607202821,47,2,2025-19,Red Bull Racing
norris,0.9826184096861446,0.009594957550936565,0.10511863433896722,0.008286466768248802,47,2,2025-19,McLaren
ocon,-0.2727529113293566,-0.003917691803159482,0.07513063510089961,0.0057558832839020085,48,2,2025-19,Haas F1 Team
piastri,0.3856551665998957,-0.0004717780685114638,0.06149652538565751,0.006260019048471484,47,2,2025-19,McLaren
russell,0.3752374682394319,-0.0032247753627293848,0.05674350000915932,0.0051820008338673085,49,2,2025-19,Mercedes
stroll,-0.22796616713478896,0.017497589906942865,0.06325636620700834,0.006034888910490214,48,2,2025-19,Aston Martin
tsunoda,-0.07384936946052628,0.003632711104046507,0.05481031028385666,0.005637853292375249,48,2,2025-19,Red Bull Racing
albon,0.016672036922249278,-0.023035576148180706,0.09980444718920504,0.0114575189648756,63,2,2025-20,Williams
alonso,-0.2375679789556614,-0.08858835389925716,0.08585505556084957,0.01966960777597038,24,2,2025-20,Aston Martin
antonelli,0.39893870564802236,0.0179590118625308,0.04768718304233885,0.006031425021591119,61,3,2025-20,Mercedes
bearman,0.2601074000975149,0.012812734988941796,0.05453772396120028,0.006764714811552149,61,3,2025-20,Haas F1 Team
bortoleto,-0.11460648154007069,0.0022406789287024304,0.0767032163730037,0.006743891599574083,63,2,2025-20,Kick Sauber
colapinto,-0.7347234926425007,-0.012323218653932539,0.06353904560527163,0.00989275925245994,62,2,2025-20,Alpine
gasly,-1.1811846649644941,0.02336164401715931,0.07110879706217953,0.005991935941167571,62,2,2025-20,Alpine
hadjar,-0.20944842140516112,0.00070345332448217,0.08550033747682872,0.007427110598625724,63,2,2025-20,Racing Bulls
hamilton,0.5140384346372372,-0.020576969762049327,0.0839459491740831,0.010773262216196063,58,3,2025-20,Ferrari
hulkenberg,-0.942924207036742,-0.0003437533966633294,0.16372793737726588,0.02527127064707165,19,1,2025-20,Kick Sauber
leclerc,0.34294061922942165,0.016570330024715238,0.09462937608992303,0.0064455123189341304,63,2,2025-20,Ferrari
max_verstappen,0.652107423262258,0.010500567036242067,0.05914711310156177,0.00489080055289625,60,2,2025-20,Red Bull Racing
norris,0.8550353723430894,0.01075530184676625,0.07334326902106103,0.006101851196577947,64,2,2025-20,McLaren
ocon,-0.22979538678442663,0.03373749063672708,0.0704143667416455,0.0058421103763159265,60,2,2025-20,Haas F1 Team
piastri,0.6768799754903937,0.005090926772490831,0.07794928598065254,0.010517418393516999,59,3,2025-20,McLaren
russell,0.4963426967907859,-0.013018932110396023,0.06178706029860142,0.007379428286261159,61,3,2025-20,Mercedes
sainz,0.09815171002939882,0.006274484162958532,0.07254034874513034,0.008859985666238778,53,4,2025-20,Williams
stroll,-0.4103611088249029,0.002007667088403539,0.06916107703701047,0.00909417425347047,61,3,2025-20,Aston Martin
tsunoda,-0.25060263229641144,0.01587251328035906,0.08384008146199781,0.007393764171823611,63,2,2025-20,Red Bull Racing
albon,-0.04162279667900082,0.002689813104548713,0.11574148289945188,0.007058791959213547,58,3,2025-21,Williams
alonso,-0.2990607203827161,-0.0038365879853465043,0.08748609279792646,0.010251405246099594,58,3,2025-21,Aston Martin
antonelli,0.37949683835483494,0.02213530854845874,0.07169412029066509,0.008200630972563235,55,3,2025-21,Mercedes
bearman,0.12039801489883173,0.025494844534922716,0.09127778936185335,0.007607407371910574,58,3,2025-21,Haas F1 Team
colapinto,-0.27096362484882697,0.005845104266166381,0.05868772870655153,0.007299262345892687,55,3,2025-21,Alpine
gasly,0.018679536349551218,0.0020329523902551075,0.10699322350825606,0.010120765452475389,58,3,2025-21,Alpine
hadjar,-0.13810973921270409,-0.0036824068768194804,0.10167294861602726,0.011474038781338642,56,3,2025-21,Racing Bulls
hamilton,-0.9915250366840862,-0.06372685979855419,0.1188282615611164,0.027224945902359486,20,3,2025-21,Ferrari
hulkenberg,-0.056153419313445974,0.015891831933662986,0.1374494880371135,0.011299926087898423,60,2,2025-21,Kick Sauber
lawson,-0.14620990598115569,0.010249515247327708,0.11423727832054033,0.006149346529168113,58,2,2025-21,Racing Bulls
max_verstappen,0.4960992327026652,-0.02845566247784029,0.0541285714080309,0.012008501156608672,58,3,2025-21,Red Bull Racing
norris,0.3391807586945328,0.04303244687308602,0.07091978185746255,0.007766934006597826,57,3,2025-21,McLaren
ocon,-0.28374522277780245,0.025593930259407396,0.06974846336486631,0.006509461102467762,59,2,2025-21,Haas F1 Team
piastri,0.8181634748533033,0.0019731477607084183,0.06790266165460242,0.005712525090256586,55,3,2025-21,McLaren
russell,0.4098602392926016,0.007596585084967519,0.06778026490459926,0.005564522738050859,58,3,2025-21,Mercedes
sainz,-0.22860190634459565,-0.022437424931380293,0.0891544937068119,0.011780097560113433,55,3,2025-21,Williams
stroll,0.23447598308012907,-0.011697466186610026,0.07888013987984034,0.0079149113039133,56,3,2025-21,Aston Martin
tsunoda,-0.36036170600211426,-0.02869907174696092,0.05967702846681853,0.0077261084834771695,56,3,2025-21,Red Bull Racing
albon,0.19970426874199632,-0.03277158840006832,0.17834462020013392,0.032997010372043285,25,2,2025-22,Williams
alonso,-0.5420788759523489,-0.034906701391223253,0.15897428474276395,0.017672065484332238,42,2,2025-22,Aston Martin
antonelli,0.38146079916300313,0.021929626559443534,0.0986121893955492,0.00552438442733681,43,1,2025-22,Mercedes
bearman,-0.5263861364612893,0.004605066534579101,0.09287008119209168,0.00966395756929892,41,2,2025-22,Haas F1 Team
colapinto,-1.1127468389257462,-0.0009912669327054799,0.09563614096932024,0.014028877340714844,40,2,2025-22,Alpine
gasly,-0.44476007583438615,-0.010660186422631016,0.09999189837296438,0.0055566095638663856,43,1,2025-22,Alpine
hadjar,0.0402867901435463,0.002852456082877687,0.08226938588158689,0.007320848823826325,41,2,2025-22,Racing Bulls
hamilton,-0.17043589761352498,0.04035180882408438,0.06861298544504098,0.007226983060412918,39,2,2025-22,Ferrari
hulkenberg,-0.05032692103734113,0.023692063515438073,0.05440951804392307,0.007039063041661557,41,2,2025-22,Kick Sauber
lawson,-0.4506951817194719,-0.005244144970628591,0.08553610620128213,0.01118594936642977,40,2,2025-22,Racing Bulls
leclerc,0.5039197667200249,-0.014241443625017218,0.047286775921166826,0.007840855462038979,41,2,2025-22,Ferrari
max_verstappen,0.8230251405153525,0.01851043687612531,0.05746203140432019,0.007570919437452032,40,2,2025-22,Red Bull Racing
norris,0.664662343381876,0.02563275046918729,0.08602486361893324,0.012252307314312596,41,2,2025-22,McLaren
ocon,-0.24444862836324993,0.006791140897630679,0.05156303099544695,0.0071599524282392295,41,2,2025-22,Haas F1 Team
piastri,0.3841858765896028,0.01783555103819435,0.04906821643644369,0.0059765311718923,41,2,2025-22,McLaren
russell,0.4968132358410773,-0.03455354538502233,0.036350672968883724,0.004472596431504194,41,2,2025-22,Mercedes
sainz,0.22563814965469442,0.0007351838184157869,0.05771240887681071,0.007280933406811831,41,2,2025-22,Williams
tsunoda,-0.17781781484381542,-0.029567207488680018,0.09871066548546767,0.01494697038684747,41,2,2025-22,Red Bull Racing
albon,-0.3665857951752115,0.004880879043455945,0.06063920869331574,0.007859084036147485,49,3,2025-23,Williams
alonso,-0.2853753468815137,0.028301283709918447,0.08689499633217407,0.010791045383928149,49,3,2025-23,Aston Martin
antonelli,0.6231764852702424,-0.01289036523634391,0.03406351824935458,0.005242305778768564,49,3,2025-23,Mercedes
bearman,-0.07882733828788963,-0.015967184444677228,0.042197382157324145,0.006866417118875731,32,3,2025-23,Haas F1 Team
bortoleto,-0.5714403852635892,-0.009863894343468425,0.0711197312634532,0.010327772162576417,49,3,2025-23,Kick Sauber
colapinto,-0.7766340704512766,-0.01199463490574778,0.04370105171713549,0.006428317224159942,48,3,2025-23,Alpine
gasly,-0.6719460324999041,-0.022544156447534484,0.03388945784123046,0.0045277079201402155,48,3,2025-23,Alpine
hadjar,-0.07050290185191842,0.014556862617585688,0.041928871044321823,0.0062394500133294345,46,3,2025-23,Racing Bulls
hamilton,-0.4517236097508719,-0.011001053364894504,0.05632352564539012,0.006837255309830127,49,3,2025-23,Ferrari
lawson,-0.1981695742740891,0.006662818642943748,0.058035550774113424,0.007891921670006106,49,3,2025-23,Racing Bulls
leclerc,-0.06317098216667132,-0.012370639926899761,0.059266708315511264,0.008526277023843468,49,3,2025-23,Ferrari
max_verstappen,1.0285189775433452,0.027089366980348452,0.06490481428501323,0.009325860655174717,49,3,2025-23,Red Bull Racing
norris,1.065067141821556,0.021767782085066613,0.10328420726508947,0.01575733148933066,47,3,2025-23,McLaren
ocon,-0.6717172876264363,-0.025169875056745526,0.06019145395523814,0.008330892555704461,48,3,2025-23,Haas F1 Team
piastri,1.4042534765876298,0.019876512721138696,0.12332766675984572,0.020636107539972314,46,3,2025-23,McLaren
russell,0.1551966370097153,-0.0033078563674547243,0.05480855619175516,0.0066991224900857516,49,3,2025-23,Mercedes
sainz,0.4250417396427221,-0.017797017535460778,0.04409046919468238,0.0056762120945595485,49,3,2025-23,Williams
stroll,-0.2659635771017331,0.008969342850944376,0.04098511502491231,0.006121087663551911,43,4,2025-23,Aston Martin
tsunoda,-0.22919755654410545,0.010801828977825147,0.07063230940036742,0.00953138082627431,49,3,2025-23,Red Bull Racing
albon,-0.19453301874100493,-0.016701115630397636,0.07884255418086401,0.00961054032670541,50,3,2025-24,Williams
alonso,-0.29820077796461153,0.01973342500268924,0.12030544735504495,0.009783230813772492,54,2,2025-24,Aston Martin
antonelli,-0.09767374275308016,-0.017275771628336486,0.10058921507299438,0.010243787748552693,51,2,2025-24,Mercedes
bearman,-0.23877478679660363,0.020766201843000067,0.0512283795180949,0.0034560086622198657,46,2,2025-24,Haas F1 Team
bortoleto,-0.11314755026246215,-0.005348055606672699,0.07256973543726283,0.005715514796594803,54,2,2025-24,Kick Sauber
colapinto,-0.6981767781740185,-0.031700127317310284,0.058425420850527494,0.008456892017225154,51,3,2025-24,Alpine
gasly,-0.42185783097882495,-0.03314679859880176,0.0366227672842368,0.005232056029835881,48,3,2025-24,Alpine
hadjar,-0.47954166924568054,0.001910566989087984,0.08802699206031465,0.006285313240667804,53,2,2025-24,Racing Bulls
hamilton,0.20114832036818087,-0.009702725909098982,0.06821707106563168,0.009279750189673006,50,3,2025-24,Ferrari
hulkenberg,0.3156930200458814,-0.024117870837410096,0.1317209367863042,0.014457183570034057,49,3,2025-24,Kick Sauber
lawson,-0.5492340944407434,0.006036333643741929,0.10106456971620095,0.00820027951744751,44,2,2025-24,Racing Bulls
leclerc,0.797418540020648,0.0067486695776450036,0.1045668001824791,0.017238875786566663,50,3,2025-24,Ferrari
max_verstappen,0.7845000934346468,0.004955571156189418,0.08994878985505497,0.00876539925744785,54,2,2025-24,Red Bull Racing
norris,0.7597454648210028,0.0574062616616077,0.06853342359730248,0.010503519032739852,47,3,2025-24,McLaren
ocon,-0.04627719421558696,0.005553892857720542,0.10505953920055495,0.00916544851491574,54,2,2025-24,Haas F1 Team
piastri,0.6698852441253861,0.010373294650384033,0.055786270380529614,0.00432832747712122,54,2,2025-24,McLaren
russell,0.05954883250572507,0.008195147712951965,0.06310728613974337,0.00502466752249547,51,2,2025-24,Mercedes
sainz,-0.2899338630649144,0.011417464794023145,0.10017926284642391,0.008179733065153112,50,2,2025-24,Williams
stroll,0.11734020659037925,-0.0011981215813916223,0.08540963217053928,0.00617099475052238,44,2,2025-24,Aston Martin
tsunoda,-0.27792841527431666,-0.01390624277962146,0.08814704215140909,0.01036542950313371,49,2,2025-24,Red Bull Racing
albon,-1.066682572434987,-0.024443632798164316,0.1335864008556908,0.019712503642004695,46,3,2026-01,Williams
antonelli,1.920630087039633,0.0438704935059616,0.09610781538724406,0.007295789385491178,47,2,2026-01,Mercedes
arvid_lindblad,0.011202877254510635,0.005810333707453864,0.07737628942355554,0.007824129834739,46,2,2026-01,Racing Bulls
bearman,0.4928604414969765,0.005163305201033076,0.10885989726811732,0.008160841287479292,46,2,2026-01,Haas F1 Team
bortoleto,2.237983633812668e-05,0.011802659977370334,0.11315543446757269,0.019992880872444014,46,3,2026-01,Audi
colapinto,-0.7526581083724622,0.035276794657562324,0.30391731094348123,0.016694949060436007,40,3,2026-01,Alpine
gasly,0.13147049550308265,0.004407367147348563,0.16743365422033926,0.009371551545003258,43,2,2026-01,Alpine
hamilton,1.5770995083771653,0.03136436832032284,0.0970393954297151,0.01111929135372433,46,2,2026-01,Ferrari
lawson,-0.5806950255418089,0.024971819156929243,0.08088510543309176,0.013712806590563838,45,3,2026-01,Racing Bulls
leclerc,1.374663248204366,0.03603104429843661,0.07326311137051872,0.007178106293472281,44,2,2026-01,Ferrari
max_verstappen,1.176562413013853,-0.04441605173337139,0.09607778123691998,0.014318817954049852,45,3,2026-01,Red Bull Racing
norris,1.104902370355592,0.01558853133760334,0.0825087944365405,0.011567551630322465,46,3,2026-01,McLaren
ocon,0.011011700845522276,0.036156124042361334,0.15223487000696767,0.011249568991452984,43,2,2026-01,Haas F1 Team
perez,-3.350374096735321,-0.05060340199565784,0.16812586757513978,0.031496761716901134,42,3,2026-01,Cadillac
russell,2.0574473956765527,0.030629716344763514,0.08493985310815036,0.006735422214182391,48,2,2026-01,Mercedes
sainz,-1.0567948259380469,-0.0661901942965439,0.1701409877057255,0.028449820642659163,42,4,2026-01,Williams
stroll,-3.0506682885809666,-0.09541927687340925,0.1018507309072346,0.02044334154867021,26,5,2026-01,Aston Martin
alonso,-2.0750497088489293,0.04001901401720231,0.08579656018508225,0.00838464250686273,22,1,2026-02,Aston Martin
antonelli,1.6484846848748997,0.003135335574089175,0.06654341790292902,0.003806540919313957,45,2,2026-02,Mercedes
arvid_lindblad,-0.15606506671401504,-0.008766215971456,0.07697990950948919,0.005710431292564771,37,2,2026-02,Racing Bulls
bearman,0.18297551070809176,0.006273203646380836,0.08411568800400482,0.004752175427680733,44,2,2026-02,Haas F1 Team
bottas,-1.7157295269335502,-0.014301055140133918,0.04892596645304397,0.003155958156374443,42,2,2026-02,Cadillac
colapinto,0.06372108118423503,-0.005420494133991399,0.05690626952369443,0.005986704716865936,42,2,2026-02,Alpine
gasly,0.3361803820569503,0.007266058616715192,0.09040186157836085,0.006022557884789767,43,2,2026-02,Alpine
hadjar,0.04749922538837997,-0.010975911296789882,0.13668408843115587,0.008570655820884348,44,2,2026-02,Red Bull Racing
hamilton,1.257568722071813,-0.00842626879064235,0.10871132795378764,0.006340445069148549,46,2,2026-02,Ferrari
hulkenberg,-0.04301058220787418,0.00264664075343201,0.06456065643294094,0.006851518987509655,41,2,2026-02,Audi
lawson,-0.3151592815271893,0.010031273840813003,0.047687494342648934,0.0027117348375937213,40,2,2026-02,Racing Bulls
leclerc,1.3561424275212701,-0.016088568512593777,0.08652057841125997,0.00504318053498563,46,2,2026-02,Ferrari
max_verstappen,0.1380497709152208,0.015960812578557783,0.07319444886324392,0.00550675452273358,32,2,2026-02,Red Bull Racing
ocon,-0.11085673517698985,0.011145952032655441,0.08743023064205507,0.014483381402641103,38,3,2026-02,Haas F1 Team
perez,-1.7467792017390011,-0.017276166510130538,0.11247107247634047,0.008815522437610279,41,2,2026-02,Cadillac
russell,1.7842165002383972,-0.005546012913430522,0.09082593204335171,0.006249912706693207,46,2,2026-02,Mercedes
sainz,-0.6521882018117107,-0.009677597790677346,0.0550395387440446,0.0032516830669582016,43,2,2026-02,Williams
albon,-0.755582124956047,0.02516504368650383,0.04030369637398726,0.007866012170161614,36,2,2026-03,Williams
alonso,-2.223898384791604,-0.0009840563957006707,0.07018163343919515,0.012879627173800302,43,2,2026-03,Aston Martin
antonelli,1.741312832454564,0.011320611271182758,0.09768956525874078,0.01011197139098897,44,2,2026-03,Mercedes
arvid_lindblad,-0.16401780777068442,0.003011842027617666,0.10641233992953315,0.008147445825524657,42,2,2026-03,Racing Bulls
bortoleto,-0.3013362120433738,0.00354710462853184,0.0857248622679382,0.008401085571103471,44,2,2026-03,Audi
bottas,-2.162251576077362,0.0009434658408673316,0.13584351040054277,0.012204083117086116,40,2,2026-03,Cadillac
colapinto,-0.22435335050034738,0.0018159254207483835,0.0715190261111705,0.006590260240784074,39,2,2026-03,Alpine
gasly,0.7355830306163929,-0.01546808799958612,0.049654276199585484,0.006042351552211043,45,2,2026-03,Alpine
hadjar,-0.05681456331363732,7.573724865104353e-05,0.12622700920180357,0.011961154199165594,42,2,2026-03,Red Bull Racing
hamilton,1.2310334800515728,-0.031018724089396453,0.09118412226530402,0.010289697753942508,45,2,2026-03,Ferrari
hulkenberg,-0.2077183590065363,0.0444473894367635,0.08977673862176644,0.011154079581113517,44,2,2026-03,Audi
lawson,-0.1500144049428465,-0.0035660670973585926,0.058096834800127804,0.00649566213276052,43,2,2026-03,Racing Bulls
leclerc,1.343956717936662,0.010840315586406031,0.06541303009278329,0.006144849826187276,43,2,2026-03,Ferrari
max_verstappen,0.7332875749889327,0.0016023608273904935,0.06096447382396255,0.00682042103022982,45,2,2026-03,Red Bull Racing
norris,1.3599091661476774,-0.0023156149373060944,0.07944779410056566,0.006652061522647027,43,2,2026-03,McLaren
ocon,0.1923621641498922,-0.010803249291146143,0.0897824204995059,0.0076447157334863045,42,2,2026-03,Haas F1 Team
perez,-1.5686748080159116,-0.0015796713735968457,0.04050495316222998,0.005078758995817578,44,2,2026-03,Cadillac
piastri,1.4360754193415095,-0.0013309744982419533,0.042881059440150714,0.003879359020366761,43,2,2026-03,McLaren
russell,1.603262197600101,-0.013279947262524426,0.08189124143386321,0.007369243862579525,44,2,2026-03,Mercedes
sainz,-0.6582623306683668,0.012513653117625846,0.08517639074891244,0.010978250143446886,44,2,2026-03,Williams
stroll,-1.9038586612005859,-0.034937056147431415,0.0527256252779108,0.009149152134422921,19,1,2026-03,Aston Martin
albon,-1.2205866618199692,0.050401021118897674,0.25106910834755647,0.020236138425803723,60,3,2026-06,Williams
alonso,-2.0252573279238932,-0.2382660889375151,0.3019824433173274,0.029675269133641255,60,3,2026-06,Aston Martin
antonelli,2.0705254310954,0.055977571506062154,0.14477040956530085,0.01170206399139296,62,3,2026-06,Mercedes
arvid_lindblad,0.27887206738833603,0.006837664680922631,0.1847839611922316,0.009164784865275666,62,2,2026-06,Racing Bulls
bearman,-0.7938638471018643,0.03649007548757301,0.48785652228855453,0.07376946830071536,22,1,2026-06,Haas F1 Team
bortoleto,-0.32537676098329504,0.029762455323922146,0.24539422240207293,0.02054400755972909,58,3,2026-06,Audi
colapinto,-0.744249290574267,0.0379231112758114,0.20413092767739632,0.017121378582080335,57,3,2026-06,Alpine
gasly,-0.17794858253950818,0.04906345276988057,0.16998557064493336,0.0108364481075409,61,3,2026-06,Alpine
hadjar,0.30440860552382887,-0.005402445248652507,0.1564563267465834,0.015638855025482176,61,3,2026-06,Red Bull Racing
hamilton,1.5561525741808042,0.018433309864748795,0.11887597325201403,0.012772582050904317,62,3,2026-06,Ferrari
hulkenberg,0.16202358391593008,-0.029673024280870694,0.2921216738624628,0.024358755360231552,58,3,2026-06,Audi
lawson,-0.7887350402137845,0.0537672141667065,0.13180068690291782,0.009883736173171174,60,3,2026-06,Racing Bulls
leclerc,1.5656918738325918,0.03820481734663496,0.12319972568657128,0.009881865243527809,56,2,2026-06,Ferrari
norris,1.8148718024717914,0.06530139432404282,0.1774337653767046,0.011978601639789869,39,1,2026-06,McLaren
ocon,0.3319188582962094,-0.05389631001413585,0.16479203958734007,0.01316887756784653,60,3,2026-06,Haas F1 Team
perez,-0.5938425097482666,-0.018158783815253696,0.25641299672266815,0.014904324089581766,57,4,2026-06,Cadillac
piastri,0.6461318304660022,0.010895653259042702,0.17254702045591347,0.010749952849821455,61,3,2026-06,McLaren
russell,1.2610956556490445,0.06899485509905225,0.22479785849474526,0.020784255400581257,59,3,2026-06,Mercedes
sainz,-1.1041197132952794,0.04940581096495579,0.547904014593527,0.023795363015192587,54,2,2026-06,Williams
stroll,-2.2177125486198115,-0.22606175489182556,0.328432251735973,0.029403078436732545,50,2,2026-06,Aston Martin
albon,-1.534970578909306,0.017442927270495862,0.08198531234412453,0.017363051237371665,42,4,2026-07,Williams
alonso,-2.6196418308308345,-0.006947715185392094,0.10344624852089865,0.023234638058218203,31,2,2026-07,Aston Martin
antonelli,1.9817711536365543,-0.0005536096540760087,0.06869854915164061,0.011476331885279368,50,3,2026-07,Mercedes
arvid_lindblad,-0.5512688043346831,0.034053933642868545,0.11170845767394295,0.01776820179246804,52,3,2026-07,Racing Bulls
bearman,-1.1499213246766389,-0.020159579026716144,0.17034805055330246,0.036979152655080595,32,2,2026-07,Haas F1 Team
bortoleto,-1.1180793339995165,-0.010413046051771162,0.1486433149789637,0.026859432576478506,46,4,2026-07,Audi
colapinto,-0.49005775318810024,0.04238873307863701,0.09070644988634574,0.015286400700007766,52,3,2026-07,Alpine
gasly,-0.4305444998043841,-0.009226629265996666,0.08910583820432225,0.014363579848575505,54,3,2026-07,Alpine
hadjar,0.7097427266453422,0.00883265067149171,0.07027359269693585,0.010435005195523725,46,4,2026-07,Red Bull Racing
hamilton,2.1381573185832385,-0.026288017294131365,0.04715947640669812,0.008884133707655504,53,4,2026-07,Ferrari
hulkenberg,-0.4486695175683658,0.011688818458225298,0.13869170257089555,0.0350476145917278,23,2,2026-07,Audi
lawson,-0.3540757186510966,0.02484462517771448,0.07684679201092325,0.012768492993666085,52,3,2026-07,Racing Bulls
leclerc,1.5744216235052648,-0.022221245840100944,0.08608775518636567,0.014812444408653083,52,3,2026-07,Ferrari
max_verstappen,1.7118984113358753,0.020700570528154983,0.051505606426298076,0.011625292529230427,53,4,2026-07,Red Bull Racing
norris,1.9589261557830138,-0.0023866714326704445,0.05980207031954262,0.009454357997571258,53,3,2026-07,McLaren
ocon,-1.3335636680261134,-0.04491744782299338,0.14935540790168136,0.020504791500472005,45,3,2026-07,Haas F1 Team
perez,-2.3446305165026127,-0.04343091139519585,0.12841426963390018,0.026078517295029507,50,4,2026-07,Cadillac
piastri,1.3909539089825533,-0.00047518985307485814,0.08395267506731256,0.014498229400278128,53,3,2026-07,McLaren
russell,2.0313340570337473,-0.01883992779490166,0.07392762459535099,0.009670715995450887,53,3,2026-07,Mercedes
sainz,-1.1217818090139366,0.04590773178943271,0.09284865074693789,0.016079297169127933,49,4,2026-07,Williams
albon,-1.4371910572766606,-0.027310161786242272,0.10468342748502969,0.015318172072604948,58,3,2026-08,Williams
alonso,-2.6334522861381955,0.006265244673510494,0.11934744862941221,0.01707032707526379,60,3,2026-08,Aston Martin
antonelli,1.6905194388310059,0.015378926849737205,0.06285588714055058,0.007851030208909234,63,3,2026-08,Mercedes
arvid_lindblad,0.05989810405620327,-0.009477312966746178,0.07675513563675207,0.011005718150859906,58,3,2026-08,Racing Bulls
bearman,-0.9685179448392136,-0.007999707313369221,0.10183880029014472,0.014987296332673547,61,3,2026-08,Haas F1 Team
bortoleto,-0.16177132391250854,0.014267913471198677,0.07875497993145522,0.012131825806580713,56,3,2026-08,Audi
colapinto,-0.703700786381914,0.01036446442002633,0.1340586824371561,0.01658575228945766,58,3,2026-08,Alpine
gasly,-0.3402976116251914,0.03752566531898712,0.07370317905061534,0.011638737436030368,56,4,2026-08,Alpine
hadjar,1.2051218524156497,0.005379305476056105,0.08328636117376313,0.008081106577665491,57,3,2026-08,Red Bull Racing
hamilton,1.4075075760511724,-0.03495261937396058,0.07146735373009681,0.010384598305495263,58,4,2026-08,Ferrari
hulkenberg,-0.40119278956318466,0.04367859331642695,0.14766058888463163,0.019656680170967958,59,3,2026-08,Audi
lawson,0.1225961683633372,0.016025371204562315,0.07819901106836229,0.013348297037315122,58,3,2026-08,Racing Bulls
leclerc,1.1596207750621415,0.03540026477249538,0.09725187202991276,0.017485259865895695,58,4,2026-08,Ferrari
max_verstappen,1.794684107236099,-0.0040724224097807085,0.09643809375015223,0.011338002175044014,57,3,2026-08,Red Bull Racing
norris,1.182002487285586,0.009106643419491266,0.054790691246405204,0.008172959071962294,60,3,2026-08,McLaren
ocon,-1.1877101321220567,-0.01932962316413637,0.15326013522401294,0.01485450934698682,55,3,2026-08,Haas F1 Team
piastri,1.3879037762884507,-0.014746188737511913,0.0924660649841888,0.010187452024929324,60,3,2026-08,McLaren
russell,1.6658223717089158,-0.008176764496829726,0.08110379513325067,0.01043707553516854,58,3,2026-08,Mercedes
sainz,-1.4577538770852756,-0.05271063767867629,0.16993512889004203,0.034804960782044696,17,2,2026-08,Williams
stroll,-2.384088848354361,-0.014616954995238608,0.07941359430213028,0.013237640316197076,39,2,2026-08,Aston Martin
albon,-1.0229547328599446,-0.07735537125390751,0.05911184333080321,0.030065912432649725,26,4,2026-09,Williams
alonso,-2.822747878251884,-0.01776017938220472,0.07138611141789301,0.013401490899270736,37,2,2026-09,Aston Martin
antonelli,1.9077121019542382,0.022889073264624582,0.06451403044169216,0.006484148356384339,34,3,2026-09,Mercedes
arvid_lindblad,0.46581725938310115,-0.01829109787182792,0.06649136237620168,0.008554438974832957,38,2,2026-09,Racing Bulls
bearman,-0.7610759262689925,-0.00970604085790544,0.08688484825303561,0.010051673187954578,36,2,2026-09,Haas F1 Team
bortoleto,0.24787368538611934,-0.003187596952340943,0.0494196231214795,0.008508003808908775,38,2,2026-09,Audi
bottas,-1.8355218829656919,-0.027748499293833565,0.08344134439640655,0.011186219733271219,37,2,2026-09,Cadillac
colapinto,-0.10945570187313633,0.019419282247636227,0.0970091790904415,0.017343236812264327,38,2,2026-09,Alpine
gasly,-0.025325172471515014,0.023277712665354944,0.07668775984951098,0.012703959122724382,37,2,2026-09,Alpine
hadjar,0.85661740804619,-0.024785354011513994,0.05385723043772795,0.01203856401533399,38,3,2026-09,Red Bull Racing
hamilton,1.6172068375636048,-0.014995649568704639,0.10072497739174838,0.01804110771070503,38,2,2026-09,Ferrari
hulkenberg,0.031153013335599722,0.06853875651149582,0.07532336731689364,0.017877099852353723,27,2,2026-09,Audi
lawson,0.3778068693854185,0.007884386989684355,0.04296941615364176,0.006861746054050266,38,2,2026-09,Racing Bulls
leclerc,1.763691939562776,-0.0010193821079313437,0.045713243973991693,0.0069565717909018075,38,2,2026-09,Ferrari
max_verstappen,1.4009685372144027,-0.008293667285538986,0.038058665680035644,0.00700602132950382,32,3,2026-09,Red Bull Racing
norris,1.1904178420611957,0.011348689262968337,0.0509759014041419,0.00818921106716792,38,3,2026-09,McLaren
ocon,-0.7358170380085632,0.02570853591542427,0.05773231024970668,0.009798111449148713,39,2,2026-09,Haas F1 Team
perez,-1.3500293864484956,0.009147060068592727,0.07337974696244391,0.013392566621821438,39,2,2026-09,Cadillac
piastri,1.1343094804160239,-0.011447501526102577,0.10296799724665878,0.012340664347747976,37,2,2026-09,McLaren
russell,1.515463435916317,-0.02473016133257916,0.06622288082864958,0.013293225885344716,35,3,2026-09,Mercedes
sainz,-0.7413031869214068,0.02025262466430694,0.10769345163736567,0.017667266876777145,38,2,2026-09,Williams
stroll,-3.1048075041553576,0.030854379854302783,0.08784615507620046,0.013791803067348946,36,2,2026-09,Aston Martin
albon,-1.0119658626020838,-0.0035453343589852268,0.07199603093028467,0.00852967481176212,33,2,2026-10,Williams
alonso,-3.2733107407122817,0.030913837072963378,0.17083089574397511,0.05003972834343129,29,3,2026-10,Aston Martin
antonelli,1.3030192826326927,0.023378154075046467,0.07367129225051679,0.019472344512140544,33,2,2026-10,Mercedes
arvid_lindblad,0.31700607145314824,0.0027805099449091106,0.05239294315397584,0.008349598142284443,29,2,2026-10,Racing Bulls
bearman,-0.4098134844009065,-0.01706946977505338,0.07245953412061427,0.013299755019403961,34,2,2026-10,Haas F1 Team
bortoleto,0.16414366523902651,-0.018553205527348973,0.0901693455734573,0.014522305873014021,31,2,2026-10,Audi
bottas,-1.934014665791598,0.0014974580725907053,0.11153214350875565,0.013411480923393811,31,2,2026-10,Cadillac
colapinto,-0.19261695382911626,0.0029032092848831495,0.0657653835764018,0.008047853134268685,32,2,2026-10,Alpine
gasly,-0.021013697125692177,0.007440833829138253,0.09911134115759548,0.011432434887244745,32,2,2026-10,Alpine
hadjar,1.093807156555808,0.008437231713423157,0.07451003337514928,0.010601752709024824,34,2,2026-10,Red Bull Racing
hamilton,1.2463308338147885,-0.02514473294135333,0.06984525334595403,0.010520151470818225,33,2,2026-10,Ferrari
hulkenberg,-0.3864907701844929,0.047773749300432725,0.06803697464802375,0.013100147615943757,34,2,2026-10,Audi
lawson,-0.19236422389410263,0.023761022933606338,0.09467263708114962,0.016263884586972952,31,2,2026-10,Racing Bulls
leclerc,1.2058707325083646,-0.001425292987214207,0.07308939725267002,0.012282212961056155,31,2,2026-10,Ferrari
max_verstappen,1.243242101269369,-0.02040136662412735,0.06047117705922156,0.009678995962664706,34,2,2026-10,Red Bull Racing
norris,1.0855336911254523,0.014784355482464553,0.049010933030818084,0.006855192757569141,31,2,2026-10,McLaren
ocon,-0.6479333367238649,-0.01574063545834374,0.05131163825491555,0.007905393105790534,33,2,2026-10,Haas F1 Team
piastri,0.9218800871643371,-0.06543491054876487,0.06993751912950968,0.01029673977015916,32,2,2026-10,McLaren
sainz,-0.5113098864988483,0.0036445865117332313,0.08845107399524421,0.010342143488694385,31,2,2026-10,Williams
albon,-1.9464139834585195,0.04530437520741314,0.08302964638832785,0.009503201464053939,60,3,2026-11,Williams
alonso,-0.4524196867923178,-0.020731717291720526,0.11061143629916849,0.01239122660163155,59,3,2026-11,Aston Martin
antonelli,1.580838213387052,0.03181821806046924,0.0967475197627937,0.01197357139870263,60,3,2026-11,Mercedes
arvid_lindblad,-0.16263139842615315,0.02110780646916032,0.1494161613825693,0.009703053477762081,59,2,2026-11,Racing Bulls
bearman,-1.4013955961069997,-0.04020050103710938,0.09170094031580986,0.011407935251571603,55,3,2026-11,Haas F1 Team
bortoleto,-0.07889430998262142,0.0006062352566352722,0.15452444405696725,0.011432842006000886,60,2,2026-11,Audi
colapinto,-0.8366210240942418,-0.013135205771516507,0.06112249477294213,0.00851856743500589,58,3,2026-11,Alpine
gasly,-0.4776219154440199,-0.05467056040021346,0.06147113993605234,0.012347045722996042,59,4,2026-11,Alpine
hadjar,0.823834525568377,-0.0010653249639198184,0.09078500682646276,0.010885960910604987,59,3,2026-11,Red Bull Racing
hamilton,1.6549524775302586,0.024146801423427282,0.06466650303144927,0.009494876731722456,60,4,2026-11,Ferrari
hulkenberg,-0.01590563212929741,0.03316130243574938,0.11137698384346498,0.01884821106907637,58,3,2026-11,Audi
lawson,-0.10759549516536848,0.0024421182150910978,0.06569707016168749,0.011083925831777877,58,3,2026-11,Racing Bulls
leclerc,1.5469682142407226,-0.04228300220697168,0.06858831115059387,0.0133909841640144,60,4,2026-11,Ferrari
max_verstappen,1.5069114508521118,0.017116537356232635,0.05049853735168414,0.006031370168614327,60,3,2026-11,Red Bull Racing
norris,1.8848699139426053,-0.019934577279848716,0.07093282220756542,0.013976518505783766,60,4,2026-11,McLaren
ocon,-1.1700229975417062,0.039797594848120836,0.09797328199691258,0.009247519795150745,57,3,2026-11,Haas F1 Team
perez,-2.5906899273149513,-0.04809105477052512,0.06968586351100885,0.01557708993314394,19,1,2026-11,Cadillac
piastri,1.5408235261703205,-0.023765980003126137,0.06764019837987921,0.015319192250621866,43,3,2026-11,McLaren
russell,1.0025588085266672,0.02416376846853851,0.09716912640612387,0.01196502858698554,60,3,2026-11,Mercedes
sainz,-1.7034170812002438,-0.024466235020589762,0.07891969251434643,0.014691971467439311,55,4,2026-11,Williams
stroll,-0.5981280825616744,0.04867940100470335,0.06999108501655185,0.008404024973165248,60,3,2026-11,Aston Martin
albon,-0.5642525355023862,0.002941988891363716,0.09634294050544571,0.006952555105549635,40,2,2026-13,Williams
antonelli,1.5435351103890569,0.01245968142435833,0.08344542001692108,0.01093532421758432,44,2,2026-13,Mercedes
arvid_lindblad,0.41928168226831697,-0.008855439823920504,0.08206156418519155,0.00658790767239882,43,1,2026-13,Racing Bulls
bearman,-0.1040200826459774,-0.02856189901720557,0.11505396878080822,0.006814421983051911,43,1,2026-13,Haas F1 Team
bortoleto,-0.14234528545767364,0.005893441105253754,0.12656212465587036,0.007202327891692908,43,1,2026-13,Audi
bottas,-2.062018349016296,0.00842271149060259,0.08777245422766383,0.014607428397208522,41,2,2026-13,Cadillac
colapinto,-0.12186247819039395,0.02421820360355537,0.133074020905754,0.00758335614859988,43,1,2026-13,Alpine
gasly,0.6319609375386208,0.004795615409683378,0.17299528415472873,0.009927750531343506,43,1,2026-13,Alpine
hamilton,0.8372049929438403,-0.0015346100407168063,0.10307815018270852,0.007583433614823248,44,1,2026-13,Ferrari
hulkenberg,-0.12162930781565477,0.03097893620691378,0.12814903991034662,0.014815167375026318,40,2,2026-13,Audi
lawson,0.360644952453638,0.008573961425810659,0.11262759925723805,0.007863243187706473,40,2,2026-13,Red Bull Racing
max_verstappen,1.14810739425211,-0.02909262524257877,0.11569952460753113,0.014916221225627175,44,2,2026-13,Red Bull Racing
norris,0.9905443654173934,0.0053067647610453616,0.1793066500378352,0.009284210727824486,43,1,2026-13,McLaren
ocon,-0.6124899955169123,-0.035070315919991484,0.09299621079184502,0.011275642377859283,42,2,2026-13,Haas F1 Team
perez,-1.9355006671855008,0.015170162087365439,0.10685181650708866,0.01530779192743874,43,2,2026-13,Cadillac
piastri,1.0597100441105445,-0.011067406727855608,0.10871880155563847,0.007562856984700801,44,1,2026-13,McLaren
russell,1.2464082816218678,0.0071126098688191796,0.09696429524585433,0.006568227993590047,44,2,2026-13,Mercedes
sainz,-0.33088495418118863,0.006635255847543047,0.05391295813119139,0.006792592023380428,43,2,2026-13,Williams
stroll,-2.43349160359054,-0.009973696428289543,0.10236124663054348,0.019206547316675503,17,1,2026-13,Aston Martin
tsunoda,0.1910974981071355,-0.008353338921756322,0.09905513765622441,0.006953380069737158,43,1,2026-13,Racing Bulls
albon,-1.410193110702947,-0.003594001558518932,0.11196086368052646,0.008720858137784766,51,2,2026-14,Williams
alonso,-1.3217177061383378,-0.053431887745488425,0.10966188386583806,0.021749751699133214,46,3,2026-14,Aston Martin
antonelli,2.0270283988986884,-0.026207023767983027,0.12151989524144235,0.009571597371584143,51,2,2026-14,Mercedes
arvid_lindblad,0.7509955577139915,-0.020589537815922286,0.11323581440496917,0.008147810515033032,49,2,2026-14,Racing Bulls
bearman,-0.6126742441897208,0.043168145675798165,0.17929415917543332,0.014491309260416828,46,3,2026-14,Haas F1 Team
bortoleto,0.10170391682972821,0.0026459435446190907,0.1440755746006654,0.008634319310513444,49,2,2026-14,Audi
bottas,-3.15893944635161,0.01336027109898303,0.18858366369280738,0.01989955330169097,42,3,2026-14,Cadillac
colapinto,0.09601014193058593,0.023922824420426626,0.11029330497846244,0.00843975434786547,52,2,2026-14,Alpine
gasly,0.24189982051560857,-0.0013635240318522132,0.2709981017705173,0.01128309559488304,50,1,2026-14,Alpine
hulkenberg,0.2816989874845479,0.007217049303648283,0.10831585599160475,0.00796128328810899,49,2,2026-14,Audi
lawson,0.5970252268595696,0.002687021306493377,0.08663825020909502,0.006292360559935057,50,2,2026-14,Red Bull Racing
leclerc,1.7409709665853468,-0.006712417078035236,0.12274981551412571,0.006993184350221044,49,2,2026-14,Ferrari
max_verstappen,1.5797931051468617,-0.0008716247801553098,0.08956104724626988,0.006083937525842053,52,2,2026-14,Red Bull Racing
norris,2.108078736161207,0.01442819401052451,0.08431286578597537,0.007711141841324432,50,2,2026-14,McLaren
ocon,-0.0797070164812059,-0.007172287857575031,0.11954875288816154,0.010265331804714272,51,2,2026-14,Haas F1 Team
perez,-2.058935858092402,-0.16741590359701694,0.14581168322885743,0.036532447555396474,21,2,2026-14,Cadillac
piastri,0.35858269234218965,0.051425017881024306,0.105208562796993,0.007972210591502686,50,2,2026-14,McLaren
russell,1.7139260596872092,0.01446009185798517,0.0786113276996315,0.014078809772942815,50,3,2026-14,Mercedes
sainz,-2.2487846222956813,0.08667271325673223,0.08698415509330787,0.017954982248999052,27,3,2026-14,Williams
tsunoda,-0.70676160590363,0.027370935876312598,0.11202954527109589,0.01060066334195211,43,2,2026-14,Racing Bulls
albon,-0.26305417421228927,0.008547641938095887,0.07339872107652406,0.00936661364151951,23,1,2026-15,Williams
alonso,-2.403536363064508,0.014499472072237313,0.14274856926483487,0.031569940837504036,15,1,2026-15,Aston Martin
antonelli,0.5311668371646594,0.034941082970064055,0.13585958018077116,0.014128072266035782,36,2,2026-15,Mercedes
arvid_lindblad,-0.3120718252822434,0.004613028751057638,0.05533681755390736,0.008296406317814347,35,2,2026-15,Racing Bulls
bearman,-0.19828295051398595,-0.00833871248456551,0.057172093545329226,0.007324847847663162,35,2,2026-15,Haas F1 Team
bortoleto,-0.33391074410449234,-0.0003829418627394471,0.06711280673639339,0.0074072067182381456,36,2,2026-15,Audi
bottas,-2.1817147217471975,-0.039712400130937436,0.0656963984438149,0.008425176517348016,29,2,2026-15,Cadillac
colapinto,0.38554328792928966,-0.031428935543513545,0.08901260627313831,0.010140430417115699,26,1,2026-15,Alpine
gasly,0.6086405260416338,-0.005734580152400286,0.03815484285557534,0.005485384128519215,27,1,2026-15,Alpine
hadjar,0.920430955945083,0.008893773820083675,0.03901403496421737,0.005839397922476435,37,2,2026-15,Red Bull Racing
hamilton,0.47703883986894063,0.002586472634670725,0.10770787237370902,0.011622982339414407,37,2,2026-15,Ferrari
hulkenberg,-0.4180133264129037,-0.016906055825487862,0.0688154231613247,0.009927384290399315,36,2,2026-15,Audi
lawson,-0.4098793489482846,0.00567802474581848,0.049746541585116495,0.008114359298980604,34,2,2026-15,Racing Bulls
leclerc,0.7581839147938984,0.0008535405529419698,0.04564446884440414,0.006494160874489876,37,2,2026-15,Ferrari
max_verstappen,1.4046564643382402,-0.004774657292858184,0.07398385653544738,0.009850094011460942,37,2,2026-15,Red Bull Racing
norris,0.8675473047630788,-0.01640050841971473,0.09719197755047797,0.01112328083530572,27,1,2026-15,McLaren
ocon,-0.36011240971966524,0.02083852733890397,0.04955851423257084,0.006877455664716655,35,2,2026-15,Haas F1 Team
perez,-0.5733147247757128,-0.02036777217671336,0.08227905054313633,0.00807250006625883,36,2,2026-15,Cadillac
piastri,0.5103105535372624,0.01649951583229882,0.06561024845255826,0.008060050178822399,37,2,2026-15,McLaren
russell,1.450140480561118,0.005653874645158999,0.0771753574780024,0.008898449620119977,36,2,2026-15,Mercedes
sainz,-0.4597685761619209,0.020441608587598845,0.04928950479058222,0.007324579379379854,34,3,2026-15,Williams
