event_id,team,a,b,pace_gap,deg_gap,pace_gap_se,deg_gap_se,pace_deg_cov,n_laps_a,n_laps_b
2010-01,brackley,michael_schumacher,rosberg,-0.030854198231835883,0.005176602725764659,0.07042492556622415,0.006259446825856847,-0.0003342985944322565,45,45
2010-01,faenza,alguersuari,buemi,-0.2976453886173358,-0.04675398308408307,0.08429777169739024,0.012166632581687343,-0.00019484944952514866,43,40
2010-01,ferrari,alonso,massa,0.006808141968389636,0.042382361964646176,0.07874294638057801,0.010215341423332091,-0.0002482414571906837,45,45
2010-01,leafield,kovalainen,trulli,-0.10212990727615923,-0.014823992430471833,0.14426028314842404,0.02001755741314436,-0.0005848907261054948,43,37
2010-01,mclaren,button,hamilton,-0.6380964898898616,0.0455538722705215,0.09249133567702161,0.010892296967548962,-0.00028315900569765156,45,45
2010-01,red_bull,vettel,webber,-0.05465822612263449,-0.08589099927490984,0.21297061901471176,0.024068436565005555,-0.0010429539180959453,45,45
2010-01,silverstone,liuzzi,sutil,0.2796060736188342,-0.012764263515793572,0.08436760226489846,0.007733305263994526,-0.00021178256511101334,45,45
2010-01,williams,barrichello,hulkenberg,1.2604259764666348,0.0888397747897941,0.15593346899494775,0.025455162344079935,-0.0004227733093852636,45,42
2010-03,enstone,kubica,petrov,1.488579297050775,0.04628717527981019,0.13725601657007683,0.027151035876630564,0.002085594774345127,52,26
2010-03,faenza,alguersuari,buemi,-0.181245767295943,-0.019306262969275068,0.11137384363365387,0.015448489384811998,-8.317638687919641e-05,52,50
2010-03,ferrari,alonso,massa,-0.3996232540054774,0.042554797421060275,0.18518231057218687,0.014419879091144531,-0.0015869895299449519,48,52
2010-03,hrt,bruno_senna,chandhok,-0.4237223094778342,0.017532345809069705,0.28598848984473246,0.024297807485415886,-0.003108169591859624,46,48
2010-03,leafield,kovalainen,trulli,0.9141168162756168,0.1182478132744883,0.30793415787284045,0.061082926760898056,0.00435708633279813,38,36
2010-03,mclaren,button,hamilton,-0.3765784278330855,0.0023864766931485093,0.12062012981174888,0.011034489203803705,-0.0005960239029218279,52,52
2010-03,red_bull,vettel,webber,-0.2948805074964196,0.019564940159795263,0.12057226129244082,0.011899847976512216,-0.0006219755089351185,52,52
2010-03,williams,barrichello,hulkenberg,-0.6600040413643223,0.026164422144514532,0.09761199236638238,0.00720047033384617,-0.00046499759618191214,49,52
2010-05,banbury,glock,grassi,0.9891006352399621,0.014608263699489865,0.17916682817161833,0.02463742310899211,-0.0006991880127252385,59,54
2010-05,brackley,michael_schumacher,rosberg,0.6289808600913689,-0.04499785739781003,0.10372350499318177,0.01481055699592022,0.00014630026332592157,62,59
2010-05,enstone,kubica,petrov,0.8042139209783323,-0.011414182927383498,0.10835765513499762,0.007101207154339078,-0.0003067626121124647,62,61
2010-05,faenza,alguersuari,buemi,0.5942852677698478,0.11926230703521726,0.12767013141355138,0.020952910451235696,0.0011748840023258049,60,31
2010-05,ferrari,alonso,massa,0.7518981637070441,0.0009129234599762892,0.0935765081678428,0.0057879998481268,-0.0002508261908981429,62,62
2010-05,mclaren,button,hamilton,-0.7001371803871217,-0.009574811988344978,0.10670025598205665,0.005807469761167458,-0.00041760613160504435,62,58
2010-05,red_bull,vettel,webber,-0.36204650431545327,0.018745574324065928,0.11111902752292535,0.006654948739657826,-0.00035480847809198594,60,62
2010-05,silverstone,liuzzi,sutil,-1.2133513634158573,0.017611016113705164,0.0744663294326188,0.005074030176032699,-0.0001603294643692982,57,62
2010-05,williams,barrichello,hulkenberg,0.8966714598495861,-0.003513588421245384,0.10888992434314743,0.00855121328778248,-0.000329381682494946,61,58
2010-07,banbury,glock,grassi,1.6505040291706008,0.09693756414784216,0.2730211919631644,0.03187542507600184,-0.003212154659533665,47,50
2010-07,brackley,michael_schumacher,rosberg,-0.029775199046807588,-0.006717695462203854,0.08722089081381473,0.00560984702148163,-0.00025907579046047485,54,54
2010-07,enstone,kubica,petrov,0.13407961341372876,0.00999562000443871,0.07776807712565896,0.004507443522547417,-0.00023500402435406288,54,51
2010-07,faenza,alguersuari,buemi,0.7078742994591255,-0.008648873936100976,0.10981205776513206,0.006620937470115462,-0.00032820172785875945,52,51
2010-07,ferrari,alonso,massa,0.01170492193440098,3.929994796272873e-05,0.09943957073972302,0.0065596903052635575,-0.0003245092637462628,54,54
2010-07,hinwil,kobayashi,rosa,0.6018137984667348,-0.03899821034793238,0.18510468103359826,0.009763681774296337,-0.000801501536596318,54,54
2010-07,hrt,bruno_senna,chandhok,0.9385331775354424,0.02191543807811014,0.16731572772997533,0.028751665927157586,-0.00047806294821779065,38,43
2010-07,leafield,kovalainen,trulli,0.37746556546200805,-0.039497039161289105,0.11060331658981135,0.011646249241017164,-0.0007523667125527839,28,27
2010-07,mclaren,button,hamilton,-0.347138998545929,-2.9582602367517197e-05,0.19865666950626693,0.016102595839558705,-0.0013716145740564347,54,54
2010-07,red_bull,vettel,webber,0.5148247570575155,0.01612325309122647,0.07814365774401313,0.010267243931565499,-7.673947050398945e-05,33,52
2010-07,silverstone,liuzzi,sutil,-0.7343561903715764,-0.023469662455458826,0.10813800307714819,0.006048680690968102,-0.00030900480576836315,53,54
2010-07,williams,barrichello,hulkenberg,0.6788921876639,0.024498530177600897,0.29288882200358035,0.025869266628933043,-0.002933324823299558,51,51
2010-08,banbury,glock,grassi,0.12880683347350752,0.10606037557817749,0.4557077765559383,0.09670998248810209,0.030742141983052567,40,52
2010-08,brackley,michael_schumacher,rosberg,-0.40401617169204795,-0.14750127094507692,0.392722320477816,0.03249830206172296,-0.006166341558992243,62,64
2010-08,enstone,kubica,petrov,2.6897494126562673,-0.06270187582965414,0.21841433589512743,0.0259990012608616,-0.0008923869654581927,62,60
2010-08,faenza,alguersuari,buemi,-0.12074386825887551,0.05608444660898848,0.1642070058390406,0.03141112975236139,0.0003211755651233157,61,61
2010-08,ferrari,alonso,massa,0.6210967909484713,0.09579928065931465,0.21249631469579677,0.029200579251417218,-0.0011048192916348564,64,61
2010-08,leafield,kovalainen,trulli,-0.16583499550597303,-0.05683043909310914,0.24570496111621729,0.03951680526634134,0.0021603943312012404,60,34
2010-08,mclaren,button,hamilton,-0.1535233692593545,0.014014088550085006,0.20101675733603633,0.012777662196065069,-0.0016318613548265007,64,64
2010-08,red_bull,vettel,webber,0.3964997765558613,-0.030299918383597912,0.24189489177259332,0.021380044539370476,-0.002000859970871342,64,64
2010-08,silverstone,liuzzi,sutil,-0.10810110399206296,0.02623558372653989,0.2307981146703703,0.02022136563347296,-0.0022927186859310967,65,63
2010-08,williams,barrichello,hulkenberg,0.198150658356505,0.007758647178233824,0.20005533358532965,0.022354622023279574,-0.00017375800177493376,61,61
2010-09,banbury,glock,grassi,0.8429733962412436,-0.05526132954388446,0.13785970817195586,0.021081468431306503,0.0005581019027020822,41,45
2010-09,brackley,michael_schumacher,rosberg,0.6010693686939117,-0.006981479556295023,0.08973518163165495,0.0064130259304798435,-0.00032229205947606905,46,46
2010-09,enstone,kubica,petrov,0.7007124966438558,-0.002598303523868223,0.1800941638405525,0.007104390835916306,-0.0010832197620679377,48,48
2010-09,faenza,alguersuari,buemi,-0.4390373945527575,0.008263888603026279,0.11681748245698383,0.004563248836696213,-0.0004284562890016256,48,48
2010-09,ferrari,alonso,massa,0.1291096450595528,0.00412954720731773,0.25044952111634283,0.009026252432334852,-0.0018916874574713275,48,48
2010-09,hinwil,kobayashi,rosa,-0.11991636921213356,0.028814717560126102,0.25013851672140164,0.009131469595281062,-0.0018784333807521283,46,48
2010-09,hrt,bruno_senna,chandhok,0.3677234689646123,-0.012258249166021196,0.23115236962174437,0.012124830580471356,-0.002031678149149651,44,46
2010-09,mclaren,button,hamilton,-0.45316884240794164,0.010030054177808445,0.15471638417801375,0.010706383786658589,-0.0010191628214549274,48,46
2010-09,silverstone,liuzzi,sutil,-0.3858730135138746,0.003169854948684825,0.15323569294478762,0.005575587724297305,-0.0006853115665982672,48,48
2010-09,williams,barrichello,hulkenberg,0.10070473206842945,-0.0010806859207496897,0.18261678566733494,0.008048559885464398,-0.0011783041224935446,48,38
2010-10,brackley,michael_schumacher,rosberg,0.008208014936876618,-0.027625748839185116,0.12838462110552656,0.00841576827839029,-0.00055006230684039,44,44
2010-10,faenza,alguersuari,buemi,0.1385334292084015,0.00920482281918067,0.11054277493261334,0.012325037472809336,-0.00029588316975905673,36,44
2010-10,ferrari,alonso,massa,-0.06730511864963962,0.039291309626295456,0.24845613135146447,0.020993690731581287,-0.001953943862106732,42,42
2010-10,hinwil,kobayashi,rosa,0.2631316597107447,-0.06377784686385679,0.13453449021488104,0.02183154574938396,0.0018393425585008752,44,22
2010-10,hrt,chandhok,yamamoto,0.3008457690470534,-0.05882177442577807,0.21316968165185363,0.03121273426337037,-0.0010100774503124055,40,41
2010-10,leafield,kovalainen,trulli,0.38859825550222693,-0.0013220285729068082,0.13249316590357538,0.016851910335805412,-0.0011637440186964654,43,43
2010-10,mclaren,button,hamilton,-0.8058423502849648,0.031732400171059744,0.17135430810515198,0.014630540389100255,-0.0014141117250301494,44,44
2010-10,red_bull,vettel,webber,-0.681968349636235,-0.00150750528980792,0.16938063209135562,0.01336608343068083,-0.001423641864442541,44,44
2010-10,silverstone,liuzzi,sutil,-1.6952547537309413,0.07210137501760466,0.23335155692713322,0.014046840422633284,-0.0019038520573355353,46,44
2010-10,williams,barrichello,hulkenberg,0.020127327961926178,-0.011534421063636488,0.1447557514654771,0.008597571790330345,-0.000611629701614018,44,46
2010-11,banbury,glock,grassi,0.3266778000656405,0.0032348394145998993,0.32232795594681846,0.018862732015085624,-0.0041001306772902564,60,44
2010-11,brackley,michael_schumacher,rosberg,0.12490479011708555,-0.01543018047623912,0.14613420545475586,0.010027894296053289,-0.0008395434999670784,62,62
2010-11,enstone,kubica,petrov,-0.00894047601372494,0.005996132778906427,0.14966842586460366,0.011172222448725198,-0.0008146352039575977,62,62
2010-11,ferrari,alonso,massa,0.03676256918257703,0.0077964040468787715,0.14699056697952875,0.007663457319710743,-0.0006627050870046007,63,63
2010-11,hinwil,kobayashi,rosa,0.28720222365229214,-0.013703919830589939,0.13827132503339476,0.00812004051134055,-0.0004983110971243843,62,60
2010-11,hrt,bruno_senna,yamamoto,-0.04500846915960288,-0.055719606013268974,0.164739608050246,0.033146412578968124,0.0003827281826474129,57,15
2010-11,mclaren,button,hamilton,-0.0999743807195621,0.005300360816368643,0.10805469123896595,0.006243140935630223,-0.00044223738682957694,63,63
2010-11,red_bull,vettel,webber,0.356752937201511,0.015980177360163855,0.15489347955982458,0.008020831317488781,-0.0007402317019425444,63,63
2010-11,silverstone,liuzzi,sutil,-0.3729431183279124,0.046396871953725216,0.3075935239780154,0.020338794929688965,-0.0035475658928087904,57,57
2010-11,williams,barrichello,hulkenberg,-0.4676878122353508,0.047706654067928206,0.2102186186284103,0.016836443426864214,-0.0018412373943345363,62,62
2010-12,banbury,glock,grassi,-0.1421265931153166,0.014581329214540695,0.36501826628637807,0.013981884021176408,-0.003589428384416411,59,58
2010-12,enstone,kubica,petrov,-0.03395709458113805,0.0280891565186248,0.21607884658857213,0.03595957018028471,-0.0015181588056071475,15,65
2010-12,ferrari,alonso,massa,0.2230634548215309,0.0032722764764621104,0.19487052383752315,0.006699682146640571,-0.0009472869570652681,65,63
2010-12,hinwil,kobayashi,rosa,0.06695792541972811,-0.0019055954068193381,0.19097159059450614,0.0057048668013179125,-0.000879704761430768,64,63
2010-12,hrt,bruno_senna,yamamoto,0.7072126097331077,0.026936182899552574,0.24846618075940938,0.013365363325672985,-0.0019354222189683955,60,57
2010-12,leafield,kovalainen,trulli,0.11963308540176154,-0.004460602296240788,0.16543101910534772,0.010194015541766755,-0.0010636643121698956,60,58
2010-12,mclaren,button,hamilton,-1.184149415622878,-0.003553273446483457,0.1565240110413511,0.020793457952079594,0.00012829167748068803,61,16
2010-12,red_bull,vettel,webber,0.6635508136237878,-0.04800928410492006,0.26534402803742074,0.014302646481046292,-0.0028391075830443563,65,63
2010-12,williams,barrichello,hulkenberg,-0.016039830180376247,-0.0016273779460559412,0.1832146303414859,0.006569200451273671,-0.0009002152671710928,62,65
2010-14,banbury,glock,grassi,0.26435465263144087,0.0013257154763085532,0.09819227788220472,0.013447364074906239,-0.0003536521142716181,47,45
2010-14,brackley,michael_schumacher,rosberg,-0.2141259077445341,-0.0065338895535445585,0.06268458197431344,0.00501609717764368,-0.00015035150076358092,49,49
2010-14,enstone,kubica,petrov,1.0011259639829428,-0.011280173762136858,0.13132314470365014,0.007410629494999666,-0.0006074996116710781,49,49
2010-14,faenza,alguersuari,buemi,-0.38854250676059376,0.024334675151306273,0.12906808654237636,0.018026911550104212,-0.0005567050938459787,46,49
2010-14,ferrari,alonso,massa,0.1718614830688343,-0.0031105681444827393,0.08232032832153918,0.007058184062815072,-0.0002543129200356416,49,49
2010-14,leafield,kovalainen,trulli,-0.13826727652532567,-0.024295452488741542,0.1562579752687972,0.019803229396637992,-0.0005039739098885909,47,36
2010-14,red_bull,vettel,webber,-0.16842175295564377,0.012964680368397263,0.08543214947628446,0.005296032768242868,-0.00027194492897599735,50,49
2010-14,silverstone,liuzzi,sutil,-0.15810278193082272,0.02317694211391369,0.09664075572661301,0.008967712347328278,-0.0005006194802428955,49,46
2010-14,williams,barrichello,hulkenberg,-0.6486362203047419,-0.0023891244894625324,0.07378119544299977,0.005765613058721342,-0.0002378347624457549,49,49
2010-16,brackley,michael_schumacher,rosberg,0.497931899286582,0.00923675430485038,0.1373854140320311,0.012644042280168353,-0.001144306833798597,43,37
2010-16,faenza,alguersuari,buemi,0.14545079787238613,-0.03168232089209466,0.13201898848715507,0.018072897144315037,-0.0013792775004818395,40,43
2010-16,hinwil,heidfeld,kobayashi,-0.3715728149894053,-0.015499976534736393,0.17072236638649915,0.0170021568199597,-0.0018753047616865857,43,43
2010-16,hrt,bruno_senna,yamamoto,-0.16737840007883742,0.10678258877907854,0.7234500422379294,0.04153673522695798,-0.023871541985951525,43,39
2010-16,leafield,kovalainen,trulli,-0.6045038182210818,0.09678454339270592,0.7259443487061413,0.031490653330309204,-0.01821346581071458,42,41
2010-16,mclaren,button,hamilton,0.0780946411300214,0.05933244081780841,0.1650691287878117,0.019977491430388794,-0.0022274769355883645,43,43
2010-16,red_bull,vettel,webber,-0.15500987708800573,0.01881803352993483,0.17885918019715957,0.022198132449086923,-0.002628415057897598,43,43
2010-18,banbury,glock,grassi,0.8474855279647224,-0.056857592329690926,0.17953444342173105,0.02475155291072212,-0.0007678132668215754,57,44
2010-18,brackley,michael_schumacher,rosberg,-0.26944088606779704,-0.019982058317860707,0.13848838693168528,0.01030688090125137,-0.0006651568095313373,62,62
2010-18,enstone,kubica,petrov,0.4552173237984532,0.02227503318680174,0.18274224642777667,0.008751004042233203,-0.0010225754582267941,61,60
2010-18,faenza,alguersuari,buemi,0.26729215834200865,0.01817966331153642,0.12374464226528407,0.008671556875302203,-0.0005747529744359118,61,61
2010-18,ferrari,alonso,massa,0.2521384137207954,0.06736295210160431,0.17618205012373045,0.009752931856964355,-0.0008432971558195066,62,60
2010-18,hinwil,heidfeld,kobayashi,-0.012444875262849209,-0.005925512919296785,0.1709933887773542,0.007618321327484767,-0.001015618863611889,60,61
2010-18,hrt,bruno_senna,klien,0.19967422688655923,-0.01819066388048929,0.10077432565265752,0.012379124320970738,-0.0005012210534532954,58,48
2010-18,leafield,kovalainen,trulli,-0.40314635747259486,0.0003908852862244405,0.12540397419425012,0.02206791306861764,-0.0008717338156335832,58,57
2010-18,mclaren,button,hamilton,-0.2491555048441112,0.008666797526382441,0.22026454769896792,0.01255364998154863,-0.0014077568454764322,62,62
2010-18,red_bull,vettel,webber,0.0013307264127155882,-0.0008623528517290868,0.17429170648542924,0.011472693704900717,-0.001125433180419341,62,62
2010-18,silverstone,liuzzi,sutil,0.1441458367583405,-0.028956475416881844,0.19795912946322022,0.012043013776817884,-0.0012063336295723706,42,63
2010-18,williams,barrichello,hulkenberg,0.586628661232842,-0.053400228995359234,0.11919044781185362,0.013574980632719788,-0.0003793091042523382,58,61
2010-19,banbury,glock,grassi,0.7498368760664715,-0.0022623185010992586,0.16435289127488031,0.009006672948027008,-0.001152687525761645,33,46
2010-19,enstone,kubica,petrov,0.25845822141757346,0.005803059022267132,0.0997241454904077,0.004544615567033568,-0.00032679590407450293,46,48
2010-19,faenza,alguersuari,buemi,-0.04863101766026756,0.0027305655254128494,0.08963498988770803,0.005461866036869987,-0.0002906530862332891,48,46
2010-19,ferrari,alonso,massa,0.09381659833165368,0.004457923866100888,0.10887472947635747,0.007457618116669609,-0.0005105359209463922,46,46
2010-19,hinwil,heidfeld,kobayashi,0.1127123258375935,0.01270994523596869,0.12640867627292005,0.011836409607553312,-0.0008313936950851428,46,46
2010-19,hrt,bruno_senna,klien,-0.13249368959343055,0.02321373831275797,0.324833252508699,0.013575954036623001,-0.0037278490418219804,46,46
2010-19,leafield,kovalainen,trulli,-0.13469341895654896,0.030528716696334834,0.16112938622529652,0.012481597939121033,-0.0012118474899464105,45,38
2010-19,mclaren,button,hamilton,-0.14717519682620184,0.009371605590910936,0.13850645089353666,0.012782834911705563,-0.0010620566845205885,46,46
2010-19,red_bull,vettel,webber,0.7545928693486132,-0.033433655646613825,0.16249470719369033,0.011514599497834819,-0.0011017359863195037,46,46
2010-19,williams,barrichello,hulkenberg,-0.10026561326644118,-0.012054849651710775,0.12098759204184532,0.009767230499836327,-0.0007226554837233877,46,46
2011-01,banbury,ambrosio,glock,-0.960163618697401,0.016716655801014224,0.2766091567692579,0.04130084072951454,-0.00021662627379442714,47,43
2011-01,enstone,heidfeld,petrov,-2.3141466354086955,-0.13314027879858809,0.16321327153475298,0.0328643896664283,0.00025069025179298205,51,52
2011-01,faenza,alguersuari,buemi,-0.23068666263702936,-0.1430031620870656,0.1987663471373589,0.033362272070695885,0.0008199847034984861,50,51
2011-01,ferrari,alonso,massa,0.8141723715845388,-0.02307832994360015,0.09994165064878016,0.02000228307559516,0.000703589803467561,50,50
2011-01,hinwil,kobayashi,perez,0.1513252551702145,-0.005365919975510947,0.21188318461720929,0.02798341768060809,-0.0017305422827390657,52,54
2011-01,leafield,kovalainen,trulli,0.8877181116104598,0.02676323189255525,0.12136736183306322,0.026885079913166122,0.0011877234113382561,15,50
2011-01,mclaren,button,hamilton,-0.1835086050810113,0.11000133362267789,0.09543178450517291,0.015501146357331432,-0.0003347313016801016,50,52
2011-01,red_bull,vettel,webber,0.5538630993444515,-0.0053619933877392945,0.09607963532560479,0.017381428750162336,0.0006809399814927154,52,50
2011-01,silverstone,resta,sutil,-0.5237538194898945,-0.016867122429016668,0.14720369749894774,0.029235081965172497,0.00026016062931606216,51,51
2011-03,banbury,ambrosio,glock,0.3411197657881324,-0.030591156623818283,0.12962684472578956,0.02749495257697645,0.0011455854063992415,48,46
2011-03,brackley,michael_schumacher,rosberg,-0.10378808924889715,0.06829651845396428,0.09846550636924023,0.019840724106423756,0.0006032855095765577,48,48
2011-03,enstone,heidfeld,petrov,0.011519845471262502,-0.008047318463390574,0.12060985891555033,0.023508070162706243,-6.482827091996537e-05,50,50
2011-03,ferrari,alonso,massa,-0.2741837806635773,0.03637513293565209,0.07548958053308424,0.015102322598780488,0.00010836840366900978,50,50
2011-03,hinwil,kobayashi,perez,0.14592549039634117,-0.015704731789856874,0.16400000238327422,0.02917372274908755,0.0014103310199044812,50,45
2011-03,hrt,karthikeyan,liuzzi,0.03146411426788864,-0.014382930469688858,0.13822440716515955,0.021936034323999987,-0.00020635897962831956,50,46
2011-03,leafield,kovalainen,trulli,0.23866321268617008,0.028810535014227256,0.12496149246409377,0.023763090646448295,-0.00037719273219586334,49,49
2011-03,mclaren,button,hamilton,-0.3225115988094607,-0.025524492218944317,0.12461461195462518,0.029672886055170197,0.0018793773296204225,48,48
2011-03,red_bull,vettel,webber,-0.3308149754944778,-0.013092756112155437,0.17361344822283306,0.04323745210909968,0.003136803735456499,50,48
2011-03,silverstone,resta,sutil,0.12444390667852351,-0.00450536752073849,0.10334477804308895,0.01873645391757989,0.0005971385313816096,50,47
2011-03,williams,barrichello,maldonado,0.42991525614442405,0.07602035898394327,0.15210690883546674,0.030112765045710383,0.000745134395481502,50,47
2011-04,brackley,michael_schumacher,rosberg,-0.28423492553606144,0.02270543744976429,0.0913455670354757,0.0231386810564446,0.0012685141073179016,48,48
2011-04,enstone,heidfeld,petrov,0.2668038108597537,-0.01211569499086193,0.11774859995418727,0.030182429293360954,0.0025138193672183205,48,48
2011-04,faenza,alguersuari,buemi,-0.3983138704509521,-0.08118673740883048,0.1230461694868026,0.027146103657791798,0.0016343844681897869,47,50
2011-04,ferrari,alonso,massa,0.9434047777517143,0.07034883447084053,0.1161278817879551,0.025431176696230923,0.0024683033606045252,48,48
2011-04,hinwil,kobayashi,perez,0.13042685643429253,0.10953765251779796,0.11135004510985942,0.02421876348535569,0.0009465712621281991,50,48
2011-04,hrt,karthikeyan,liuzzi,0.5146439470329947,0.09328661678882377,0.12195352218099924,0.026126092988555852,0.0011303263065633785,47,44
2011-04,leafield,kovalainen,trulli,-0.10024614653512853,-0.0003534220975611735,0.1700032613714601,0.034675828782941,0.0024287799255767665,48,49
2011-04,mclaren,button,hamilton,-1.1032601312943968,-0.08776686086821273,0.12847427137283077,0.025889276340334322,0.0020928452807420775,50,48
2011-04,red_bull,vettel,webber,0.6361276123685273,0.11835146217088857,0.12711320174044613,0.027427285720745907,0.0027919177927574453,48,48
2011-04,silverstone,resta,sutil,-0.010559169971716797,0.04517962778267626,0.16464945672520387,0.03710099632318856,0.0045048801917205615,34,49
2011-04,williams,barrichello,maldonado,0.4295241717882524,0.022916355188236537,0.1566763977229188,0.03520623432650917,0.0038368519497381398,49,47
2011-05,banbury,ambrosio,glock,-0.7245376321681296,-0.11628993699327517,0.1422368338895958,0.027387639885346062,0.00045503867364456705,54,55
2011-05,brackley,michael_schumacher,rosberg,-0.3628231846996548,0.015134388286637934,0.13514486353892863,0.023811259947034362,0.0007492235397158977,57,57
2011-05,enstone,heidfeld,petrov,0.6572773188881506,-0.09881171530029897,0.21373197310569178,0.04240818211280871,0.004729563734330515,57,57
2011-05,faenza,alguersuari,buemi,-0.25625342302952836,-0.040028908894022705,0.1593032351425784,0.03116012740214321,0.002716936612378184,54,57
2011-05,ferrari,alonso,massa,0.5223309114153274,-0.026578319467807126,0.20798202910767236,0.037034732755980966,0.004291780407225369,55,47
2011-05,hinwil,kobayashi,perez,0.3185074550045288,0.010238756959971118,0.22629699735997186,0.04044286091494508,-0.00024765708148971914,58,57
2011-05,hrt,karthikeyan,liuzzi,-1.712332553618193,-0.24849077522976332,0.20252868117209036,0.037180236302957755,0.0029962405632977624,51,21
2011-05,leafield,kovalainen,trulli,0.20905356487850568,0.021165860148884733,0.23719118320278615,0.047264804371361456,0.007080639778112481,37,56
2011-05,mclaren,button,hamilton,-0.7577510316621572,0.021827464717678546,0.11962297003521585,0.022069136025464835,0.0009805369819973202,58,56
2011-05,red_bull,vettel,webber,0.7197984806245699,0.08060720181079817,0.20248821125491573,0.034087678113681824,0.005188796396238767,56,56
2011-05,silverstone,resta,sutil,-0.14831348884152323,-0.007947233703519407,0.17042143456299275,0.03566701803300978,0.002325923529738596,57,57
2011-05,williams,barrichello,maldonado,-0.500433107343808,-0.12406878975012409,0.13235013211578664,0.03177937569342484,0.0028865762331416436,54,55
2011-06,banbury,ambrosio,glock,-1.0990390126221259,-0.11022765017131511,0.18642310228494094,0.021174160088898202,-0.0014339738649881753,58,23
2011-06,brackley,michael_schumacher,rosberg,0.2010803889664744,-0.00478925720973894,0.22336260635164645,0.05569792753146785,0.004909057138656743,25,57
2011-06,enstone,heidfeld,petrov,-0.39611710192112715,0.023607458197588194,0.3534641036040126,0.029593205114853784,-0.006706271477839395,63,55
2011-06,faenza,alguersuari,buemi,-0.06597486277178155,-0.03147355079819797,0.2568245396208089,0.02401860714387714,-0.003755155088944853,51,61
2011-06,ferrari,alonso,massa,1.220087289037656,0.10262704535798998,0.2503495828376751,0.03258193950215716,-0.0021188651469877624,62,26
2011-06,hrt,karthikeyan,liuzzi,0.19761041908971322,-0.11366499502447006,0.4468754465715295,0.04438936613686828,-0.008650871450322485,52,58
2011-06,leafield,kovalainen,trulli,0.1984777129200288,-0.015787113447354395,0.2573194036839844,0.03320131886824956,-0.0022308161092271,57,57
2011-06,mclaren,button,hamilton,1.613227956411822,0.011708808787925018,0.30717126816985313,0.042975255425923085,-0.0023408603327364657,60,58
2011-06,red_bull,vettel,webber,1.1958523643854346,0.008671846350689185,0.23510363476967294,0.021444369197906956,-0.001381116574372794,62,60
2011-06,silverstone,resta,sutil,-0.48437164471917005,0.04079577964453396,0.22627538789682822,0.02129576987763869,-0.002310944308316917,57,63
2011-06,williams,barrichello,maldonado,-0.4547153112315555,0.06139559317460119,0.24251298759390508,0.033101672957184025,-0.0019942931496205957,62,56
2011-08,banbury,ambrosio,glock,-0.30665247823345476,-0.06150430352748683,0.1499166764036793,0.028038000184347833,2.31514076591275e-05,49,49
2011-08,brackley,michael_schumacher,rosberg,-0.4407203769951688,-0.04480257021649592,0.09621356841439382,0.01935617078648136,0.0008125458026564762,49,49
2011-08,enstone,heidfeld,petrov,0.29526098865190187,0.07432639162777344,0.1485829208091207,0.03510204619151907,0.0034894135849782093,48,48
2011-08,faenza,alguersuari,buemi,0.3022078516252436,0.01721751526684695,0.11886274073078741,0.023593562175721325,0.0008097041411572617,50,48
2011-08,ferrari,alonso,massa,0.7263417498914115,0.06159262418455974,0.0983535441323413,0.01739645025338898,0.0007770931065461096,49,49
2011-08,hinwil,kobayashi,perez,-0.0745678156567624,-0.04634250177797561,0.2114495662667057,0.026137724510051186,-0.0011299418667587492,50,52
2011-08,hrt,karthikeyan,liuzzi,-1.3997045971364064,-0.1656224009605647,0.16738978123912382,0.03911328226118345,0.004273634298077077,45,46
2011-08,leafield,kovalainen,trulli,0.7033589664600004,0.10173310405688328,0.20180729114066218,0.04424504757135228,0.003303231795825482,47,49
2011-08,mclaren,button,hamilton,-0.10771657251671019,0.05256237830029888,0.11368813379239229,0.023836885238869798,0.0014988849959188628,49,49
2011-08,red_bull,vettel,webber,0.3188152183366344,0.0058164331024143055,0.08351047820902929,0.017113530614951647,0.0009929265666867775,49,49
2011-08,silverstone,resta,sutil,-0.4589396175534444,-0.04953348702938831,0.07583837543469363,0.01615757723989037,0.0008126553277903488,48,48
2011-08,williams,barrichello,maldonado,0.37664241602501336,0.03906295206045769,0.12722837641184484,0.02680715402951352,0.001632183736314117,48,48
2011-09,banbury,ambrosio,glock,-0.3709393476102183,-0.05151047766050709,0.6190358722542413,0.11833722016460219,-0.01659516344112541,34,33
2011-09,brackley,michael_schumacher,rosberg,0.18601324136026698,-0.05507415743635323,0.3452184090825513,0.0552378305105389,-0.0029410588663822718,34,36
2011-09,enstone,heidfeld,petrov,-0.023302312023467775,-0.10140996456554385,0.2943465441557523,0.045111040530954445,-0.004908136297478413,36,36
2011-09,ferrari,alonso,massa,0.7715403073141665,0.030655346912695842,0.33735567785399695,0.07191201702421268,0.01328091475407259,34,33
2011-09,hrt,liuzzi,ricciardo,1.0295368851183548,0.364998832070508,0.5142274769408012,0.08216569852078605,-0.012239819641062369,34,30
2011-09,mclaren,button,hamilton,1.1151818089971468,0.2099228536985925,0.3513127408848133,0.07358191241192782,0.015841045374487033,21,34
2011-09,red_bull,vettel,webber,-0.1966516829844518,-0.09311490827705221,0.2431532029916565,0.05989864340563766,0.00684576797910904,33,34
2011-09,silverstone,resta,sutil,-1.2434005234105885,0.00981062347604493,0.2351238995151214,0.044137444193477524,0.0012502908904322583,33,34
2011-09,williams,barrichello,maldonado,0.20637087737444437,-0.10951541756739447,0.37398832817847943,0.06588072926090202,0.002059897486103978,35,33
2011-11,banbury,ambrosio,glock,-0.42522663400794736,0.19221702669560825,0.28594983401079355,0.07132018872912435,0.0052567544776834325,42,43
2011-11,faenza,alguersuari,buemi,0.22639775965442493,-0.04879507810687661,0.3579421000006972,0.06747964908713881,0.005960237597247246,49,49
2011-11,ferrari,alonso,massa,1.2622117622402504,0.24948594893292003,0.4340423676631911,0.09463591123144674,0.030469568695020956,49,48
2011-11,hinwil,kobayashi,perez,0.12591754351998452,-0.2614853552256873,0.4608251902178293,0.08438317138574733,0.012619239782315909,48,44
2011-11,hrt,liuzzi,ricciardo,-0.5506943632950647,-0.14382038542921216,0.2966595361535534,0.06038757360705438,0.0036036412029653167,39,44
2011-11,mclaren,button,hamilton,0.004026750184504824,0.1411272222907759,0.3121439135460216,0.07268838678747912,0.009310775613412831,50,43
2011-11,red_bull,vettel,webber,-0.2510057452240275,0.01318900874572737,0.3535644902397772,0.07152071582862493,0.00944064636265569,50,47
2011-11,silverstone,resta,sutil,0.2118731575997267,0.021248120871296683,0.3152020862881714,0.06483852035193746,-0.003028221507552604,49,46
2011-11,williams,barrichello,maldonado,1.251899024109027,0.12584391956752827,0.3191657527454917,0.06795231570649876,0.009750887116424415,44,44
2011-13,faenza,alguersuari,buemi,0.17073292382239708,-0.0034952068901589473,0.0869198129274668,0.016709741216092838,-0.00018486051484880846,43,43
2011-13,ferrari,alonso,massa,0.2924909905384052,-0.03745439195351785,0.07514709416201396,0.01428242383647348,2.6094265115757094e-05,44,43
2011-13,leafield,kovalainen,trulli,-0.08993794033306646,0.07856202283140112,0.08883093667973947,0.01607123704136423,0.00022330836307842453,42,42
2011-13,mclaren,button,hamilton,0.05375865642722344,0.025450990696377546,0.08423760795865813,0.01887539940374991,0.00010967843014268479,44,44
2011-13,williams,barrichello,maldonado,-0.19056550963245822,-0.04455960846339413,0.11952001182369038,0.01608979210925787,-0.000543665848497831,45,43
2011-14,brackley,michael_schumacher,rosberg,0.5481958929587203,0.12732829864563322,0.31997250683802675,0.06882009109346357,0.017487535880582883,20,49
2011-14,enstone,bruno_senna,petrov,0.2432583239465509,-0.04636208657229765,0.3383363954190174,0.082022188142832,0.00940210152756607,46,48
2011-14,faenza,alguersuari,buemi,-0.9690361005083116,-0.12104195045610755,0.17414692490452133,0.034480223817466106,0.0026948099765136714,40,49
2011-14,ferrari,alonso,massa,0.9973456070939304,0.16716465542812559,0.1768844141221682,0.03623222635540668,0.004026592433977833,48,46
2011-14,hinwil,kobayashi,perez,-1.1686260311445538,-0.1076506140299145,0.13989126502940405,0.025681641744425263,0.0019366858311271789,46,51
2011-14,hrt,liuzzi,ricciardo,0.3391729455459922,0.22214547399158246,0.2729792619491456,0.04276098034238862,-0.0016917263101250584,42,43
2011-14,leafield,kovalainen,trulli,0.5225006123917968,0.03004795718190975,0.31067464015606955,0.057965611434435176,0.004433285230746651,46,30
2011-14,mclaren,button,hamilton,0.6813582123030111,0.03251091418436336,0.17790590705383005,0.04128097735275842,0.004569339926672599,50,46
2011-14,red_bull,vettel,webber,0.6531294619438794,-0.10925587171584045,0.12563181688332983,0.02571216569103757,0.0003407134241921334,50,50
2011-14,silverstone,resta,sutil,0.20046660179378206,-0.007994549968552422,0.13933752563449564,0.021982189445298297,-0.00017990816899053424,52,51
2011-14,williams,barrichello,maldonado,-0.2812048855310589,-0.06827168618483181,0.2323900994718489,0.03848817676673299,0.0018661219697162995,51,47
2011-15,banbury,ambrosio,glock,-0.1094752308115754,-0.0567540440651217,0.13888223362354354,0.0316991719328716,0.0033511850045411253,39,37
2011-15,brackley,michael_schumacher,rosberg,0.5107396687929687,0.021391909398388066,0.1602956683826296,0.040089851971862316,0.0028655198379529557,42,42
2011-15,enstone,bruno_senna,petrov,-0.42146533344518466,-0.01324245064035462,0.17275282233045405,0.03197952557578695,5.336429790841729e-05,42,42
2011-15,ferrari,alonso,massa,0.7138537377340843,0.09086532545236162,0.12032844549508505,0.028532049325710174,0.0019657411144390767,40,40
2011-15,hinwil,kobayashi,perez,-0.8827031735194688,0.06991625366438392,0.13645136073252664,0.02541848976680707,-0.00031519806896573746,44,42
2011-15,hrt,liuzzi,ricciardo,-2.4657081155963985,-0.24172630682060453,0.22262756513769977,0.0425879112894502,0.006755609946583577,37,38
2011-15,leafield,kovalainen,trulli,0.4568055793331539,0.040401211222859446,0.07891108692482038,0.019889900092296457,0.0010537905401338114,40,42
2011-15,mclaren,button,hamilton,0.6087629320446317,0.046612296429906996,0.14793744082493177,0.03201875092154133,0.003568522669772928,40,40
2011-15,red_bull,vettel,webber,0.25397368157902367,-0.008091430303035718,0.08449097307634551,0.018638752519655657,0.000924958036085807,40,40
2011-15,silverstone,resta,sutil,-0.43056515653818694,0.0045712600923653035,0.10873775170985726,0.026268907805386463,0.001728002636257852,42,41
2011-15,williams,barrichello,maldonado,0.33204919693504853,0.10251901249848094,0.10701964151322611,0.025093218861342782,0.0017226236214984067,42,42
2011-16,banbury,ambrosio,glock,-0.34811917430498784,0.022925563007504535,0.12198915173519663,0.02486251683220772,0.00024242185703187124,44,44
2011-16,faenza,alguersuari,buemi,0.16960563105232018,0.002147048865445589,0.07619436065022293,0.01529186951869644,-0.00032203958265950505,46,43
2011-16,ferrari,alonso,massa,0.25677282977409877,-0.01774907610171672,0.08685446785652519,0.017488551907891132,8.312979589141356e-06,44,44
2011-16,hinwil,kobayashi,perez,-0.2000323822862418,0.010063481231356995,0.13470336612823286,0.025709228249464287,0.0006029227180465623,40,43
2011-16,hrt,liuzzi,ricciardo,-0.8581824429681437,-0.03384619609034001,0.16061673619942296,0.02751335673270803,-0.0021068106469208456,41,44
2011-16,leafield,kovalainen,trulli,0.4590098250555994,0.0016464388862280632,0.09724523648827879,0.01608414178114042,-0.0004341579049493748,42,42
2011-16,mclaren,button,hamilton,-0.09867204306029742,0.026535694912934074,0.07790404347493218,0.01351880130790239,-0.00018485611640804697,44,44
2011-16,red_bull,vettel,webber,-0.08280041390113135,-0.0563341454012931,0.09980705685327057,0.01809448606267926,-0.00020545945114589556,45,44
2011-16,silverstone,resta,sutil,0.11514410761775262,-0.014765927224840825,0.0994378497406422,0.018339943128220657,-0.0006973702176888016,44,45
2011-16,williams,barrichello,maldonado,-0.07360655350250409,-0.04892938582741002,0.1210130808452571,0.024467076370211442,0.001397056448505905,43,18
2011-17,brackley,michael_schumacher,rosberg,-0.03459034461497268,0.011897691431050128,0.09454228550124248,0.013019418708343396,-0.0004522350529452019,54,54
2011-17,enstone,bruno_senna,petrov,-1.0756127867494167,0.0450188785315071,0.1694581887085901,0.015418304353059882,-0.001213520940941087,53,53
2011-17,faenza,alguersuari,buemi,-0.02557826952966613,-0.015608589379479731,0.1268923563879957,0.031059703459301813,0.00026229127627455033,53,18
2011-17,ferrari,alonso,massa,0.04898975856854726,-0.07708184341794,0.225695969401907,0.05423401694242425,-0.0008699705951428445,54,26
2011-17,hrt,karthikeyan,ricciardo,-0.4200807468451031,0.0025889004175853048,0.1497030295111935,0.021184706789383563,-0.0010238223460437522,51,50
2011-17,leafield,kovalainen,trulli,2.9321299288432012,0.0831361325767963,0.38962598725949804,0.049985844272504555,-0.009258648319185875,52,49
2011-17,mclaren,button,hamilton,0.532474724930611,0.018236959138327402,0.12058549068942526,0.019750895109431284,-0.0004571729818229284,54,52
2011-17,red_bull,vettel,webber,0.20194482766854205,0.008278477002164775,0.1226897539155289,0.019586745782766233,-0.0006732354476367912,54,54
2011-17,silverstone,resta,sutil,0.17762995360393885,0.010459601920367156,0.09327805611980869,0.019266720153041983,7.386521272038349e-05,51,53
2011-18,brackley,michael_schumacher,rosberg,-0.31438857566765954,0.004927475370973711,0.07717495886304455,0.011857654937893201,2.972510274590171e-05,49,49
2011-18,enstone,bruno_senna,petrov,-0.7838544111892763,0.02479779719158648,0.18740117464878814,0.036413697890758226,-0.00021618386088087388,47,48
2011-18,faenza,alguersuari,buemi,-0.36540450691151316,-0.004637395784251486,0.130851521942364,0.02835149690732709,0.001382132226734807,48,15
2011-18,ferrari,alonso,massa,0.4918278841350898,0.04441155269285263,0.09189225286948853,0.01587513437335253,6.926955390434617e-05,49,49
2011-18,hinwil,kobayashi,perez,0.34211318237773214,0.021280907547282096,0.2504942108678885,0.029641509499445055,-0.0031615088067299055,48,48
2011-18,hrt,liuzzi,ricciardo,-1.370006910692252,-0.03506747650653419,0.1448805863946812,0.02029755263154919,-0.0003052070254600328,49,38
2011-18,leafield,kovalainen,trulli,0.713633533059618,-0.03282484207630053,0.19417345397232644,0.030975336423089694,-0.0008675419379140762,48,47
2011-18,mclaren,button,hamilton,-0.33330496342109583,0.02488775594672732,0.08354439086988595,0.01633127278548122,0.0001034346416878994,49,49
2011-18,silverstone,resta,sutil,-0.6568037697343752,-0.021564110124356994,0.1696199640719605,0.020911126942741293,-0.001130291236536356,51,49
2011-18,williams,barrichello,maldonado,0.6311964281119217,0.0072932729326133944,0.12549018408347087,0.01886608010958781,0.0003355470423659644,48,48
2012-01,banbury,glock,pic,0.6799495906346187,-0.05672775432957544,0.2778727753241016,0.048190148802224525,-0.005111189888305857,46,38
2012-01,faenza,ricciardo,vergne,0.05230762556416013,-0.022178883511283554,0.19370401789796288,0.041177615070888275,-0.0008272977441826754,47,47
2012-01,ferrari,alonso,massa,1.2372768990234833,0.0634878554978775,0.09352315700553043,0.018523996399189648,0.0004725456022370795,46,32
2012-01,hinwil,kobayashi,perez,-0.35336430938115365,0.005036730861548905,0.1687936008112924,0.01934958081711979,-0.0015290248557652856,47,48
2012-01,leafield,kovalainen,petrov,-0.3740532429391594,-0.07828866580358622,0.1946209782447023,0.04110077366987565,0.00014517697987622176,30,28
2012-01,mclaren,button,hamilton,0.019871929921512654,-0.01621806231182865,0.15541725383429075,0.02818867775434013,-0.001438130107568397,47,47
2012-01,red_bull,vettel,webber,-0.045141696161141054,-0.014376405095899655,0.10676969922339653,0.02173273331329747,-0.00048036971048217057,48,48
2012-01,williams,bruno_senna,maldonado,-1.2279902947354246,0.004752908433223846,0.1100846626244351,0.018949180003884774,-0.0001758815403718193,36,45
2012-03,banbury,glock,pic,-0.013154575067850338,-0.10964401447075499,0.068348133744846,0.014512973831305514,-7.140536549808767e-05,49,47
2012-03,enstone,grosjean,raikkonen,0.15159484093638054,0.08088028800228997,0.1105218467235508,0.019138888486117386,0.0006144590797058355,50,50
2012-03,faenza,ricciardo,vergne,-0.40013414024255056,0.0034427869401169042,0.07972436449820132,0.016367575743728522,-5.683158817498142e-05,50,48
2012-03,ferrari,alonso,massa,0.4717406780513972,-0.040516945434819096,0.06752123171818347,0.016171365954456417,0.000630965331169843,48,50
2012-03,hinwil,kobayashi,perez,0.05574003561096119,0.0020068761580187555,0.10579174493885808,0.022115262331049126,0.0004879677012263301,48,50
2012-03,hrt,karthikeyan,rosa,-0.9111445509785097,-0.07994365707173098,0.14055158430118964,0.030965542073796933,0.00036775874448842337,48,49
2012-03,leafield,kovalainen,petrov,-0.34569362756428224,0.002762186784619973,0.1258645739490879,0.02746815983329015,0.0015322370654215515,45,49
2012-03,mclaren,button,hamilton,-0.07907839145263063,0.03621346568006434,0.09762598686846985,0.022490698285155018,0.0015514215962278575,48,48
2012-03,red_bull,vettel,webber,-0.08995125917474134,0.006088571693773859,0.08268484304811691,0.01606766851239272,0.00017411656367496118,50,48
2012-03,silverstone,hulkenberg,resta,0.024227633829266515,0.0424086605541005,0.07146660479504888,0.011327847444372595,-0.00016854072774952518,50,50
2012-03,williams,bruno_senna,maldonado,-0.1666122373971709,0.006993140808857656,0.08212901802316018,0.013383062807791722,-0.00026706248137189605,50,50
2012-04,banbury,glock,pic,-1.2857957516573415,-0.07944101184374872,0.11218493575531381,0.02431256160405849,0.0021196744985962123,47,18
2012-04,brackley,michael_schumacher,rosberg,-0.29965329879414937,-0.023144673891886042,0.07293129320445114,0.013204348383117471,0.00038935940231416504,49,49
2012-04,enstone,grosjean,raikkonen,-0.2955852772674401,0.01514844699447726,0.08313231635853999,0.016005666019209594,0.0006530813877521636,49,49
2012-04,faenza,ricciardo,vergne,0.04322323180986687,0.07253734861820654,0.10989971621919707,0.02362655654128735,0.0011887355583615788,48,49
2012-04,ferrari,alonso,massa,0.18542964086168895,0.0792133934918017,0.061060791856250206,0.012179603959490292,0.0002780906510414397,49,49
2012-04,hinwil,kobayashi,perez,-0.30937762077476416,-0.009752027551583442,0.06873610888306711,0.014422012943773193,0.0003676694364052993,49,49
2012-04,hrt,karthikeyan,rosa,-0.06116809109149024,0.010068768263671535,0.17816720714184744,0.036826884594320895,0.005655523115911504,45,47
2012-04,leafield,kovalainen,petrov,0.28450912341225115,0.0334179545713435,0.10527254420826625,0.02252229159161947,0.0016368747836717661,47,48
2012-04,mclaren,button,hamilton,-0.25926698444045004,0.032508971802460374,0.11903873262776656,0.021996748410448737,0.001628364393641136,45,49
2012-04,red_bull,vettel,webber,0.5332476329870046,0.0029531263647695205,0.08414144018006987,0.02002732112922368,0.0011413405177010966,49,49
2012-04,silverstone,hulkenberg,resta,-0.18633514298953546,0.053547825988544684,0.06430700693489018,0.011441424760934533,7.358291464309014e-05,49,51
2012-04,williams,bruno_senna,maldonado,-0.14266901259116477,0.0954734710511812,0.16066712623679,0.03014144822780808,0.004333844404156822,44,19
2012-05,banbury,glock,pic,-0.06867112469656411,-0.03095954964702169,0.10680565371696432,0.020847482491763304,0.0016079850922737409,56,26
2012-05,enstone,grosjean,raikkonen,-0.08815767921092266,0.0453419462887945,0.09066131441713109,0.014616486231993851,9.259609676211543e-05,58,58
2012-05,faenza,ricciardo,vergne,-0.13486872236853498,0.019096099178526893,0.09643883657309148,0.017902342090930463,0.00043888621967427615,57,57
2012-05,ferrari,alonso,massa,1.0132060726816312,-0.03671609345813934,0.09893205623338706,0.018494423777141868,0.0002552802622642729,58,56
2012-05,hinwil,kobayashi,perez,0.06741159528695495,0.09761992560689076,0.11241051106074544,0.02087272471678913,0.00025083036295662386,58,30
2012-05,hrt,karthikeyan,rosa,0.45004277034156903,0.03373200730101223,0.2722706242564383,0.051075579087664885,0.012179289903908014,15,53
2012-05,leafield,kovalainen,petrov,0.2832038985570937,0.04834938645125049,0.10078359044927435,0.021996736556730633,0.00048275383926670213,57,57
2012-05,mclaren,button,hamilton,-0.09217515724147063,-0.08147434197838782,0.11825865739982708,0.017082789997891795,0.00020505338819587677,58,60
2012-05,red_bull,vettel,webber,0.09998057516925585,0.061409007829241684,0.08065792039657034,0.013613718734682352,0.00017687681399802886,56,57
2012-05,silverstone,hulkenberg,resta,0.4270175443276072,0.013658227554886243,0.0806753428844665,0.012474366123319357,0.00019124357154212728,57,57
2012-07,banbury,glock,pic,-0.03333501505516612,-0.0020811203930559685,0.20832188187687548,0.023602412764231136,-0.001998069165232315,48,63
2012-07,brackley,michael_schumacher,rosberg,-0.26096561412509645,0.02223914954083217,0.12937893524850674,0.015153231802038394,-0.0006305549014879228,37,64
2012-07,enstone,grosjean,raikkonen,0.6247755684181131,-0.030744358844754793,0.1559035044782318,0.008914038363347013,-0.0008855187235044831,66,66
2012-07,faenza,ricciardo,vergne,0.3172354728903673,-0.001987099012052851,0.13579146491834612,0.014151107119976445,-0.0008401254090458669,63,61
2012-07,ferrari,alonso,massa,0.2609508099183162,-0.03622159545360293,0.24365202180386833,0.01359146495968694,-0.0018839285688508128,66,63
2012-07,hinwil,kobayashi,perez,-0.16789010899662904,-0.024553816858870953,0.18558696032777353,0.01197738941810872,-0.001574045563055924,66,66
2012-07,hrt,karthikeyan,rosa,-0.44431060932221245,-0.08128901657339371,0.14902336547764922,0.028864288599159585,-0.00017096423092128994,18,20
2012-07,leafield,kovalainen,petrov,0.008992424007933209,0.005438512269810417,0.1364420295021896,0.021683907412698922,-0.0008853534759403681,63,63
2012-07,mclaren,button,hamilton,-1.3267274803977256,-0.045984141951990964,0.11040899789437135,0.015594439339670602,-0.00021143279272537686,61,64
2012-07,red_bull,vettel,webber,0.3478807154085992,-0.022213623955438466,0.1123056106546478,0.008939739571817753,-0.0003386994049194538,64,64
2012-07,silverstone,hulkenberg,resta,0.2919579769034696,-0.05914973191683209,0.11112977406482082,0.017165873380582692,-0.0005152303329312044,64,64
2012-07,williams,bruno_senna,maldonado,-0.6911736553299854,0.0011636741051163357,0.14104117492401705,0.009133297284093577,-0.0008807875897801664,65,66
2012-08,brackley,michael_schumacher,rosberg,0.06076505967183654,-0.04041484837291609,0.11854779094842798,0.020237330465637315,-3.334085716086862e-05,44,44
2012-08,enstone,grosjean,raikkonen,0.17808550409198232,0.04962734917622262,0.24153812784527162,0.04655386236392944,0.0033330826148266412,27,46
2012-08,faenza,ricciardo,vergne,0.8993494548965831,0.012458432399667041,0.13036815642333013,0.02680238773248562,0.0016469838354593131,43,20
2012-08,ferrari,alonso,massa,1.040276446763162,0.0823861813244262,0.15114216221177598,0.025693264398017498,0.0005947059012318141,46,41
2012-08,hinwil,kobayashi,perez,0.11231667281381097,-0.0030226438862375193,0.20446885162652909,0.03469127874665483,0.004550992250280806,22,44
2012-08,hrt,karthikeyan,rosa,-0.7033905353553722,0.0017010900947049823,0.1616902287088866,0.035543896326188984,0.003181628269781025,43,45
2012-08,leafield,kovalainen,petrov,-0.0575887222415461,-0.11389884954937471,0.1389243571551385,0.028977522323603757,0.000507343806122977,45,42
2012-08,mclaren,button,hamilton,-0.2564217823335305,-0.022179525549312906,0.09054662765377011,0.012324366326824782,-7.513029085270669e-05,44,42
2012-08,red_bull,vettel,webber,0.8330091474176349,0.03585349602316605,0.12634927365238582,0.019195144582162715,0.0005188937867510547,24,44
2012-08,silverstone,hulkenberg,resta,0.12824701885555412,-0.02492348378934195,0.21071978596243862,0.024343632662825253,-0.001660408909245015,46,46
2012-08,williams,bruno_senna,maldonado,-0.6702894818715681,0.05671546530144428,0.12630160933327544,0.014827854502552949,-0.0007697432700223629,44,45
2012-10,banbury,glock,pic,-0.970025512509487,-0.028195208125817658,0.15193992904466203,0.024944382579965122,-0.0008052194201484824,58,59
2012-10,brackley,michael_schumacher,rosberg,0.08265084582259008,-0.03190137470729826,0.08313234931458992,0.016696643745729177,0.00029467111614705593,59,59
2012-10,enstone,grosjean,raikkonen,-1.0100572255735967,-0.010059986976596491,0.11361260773494078,0.01603379252088142,-0.0005681169566291117,59,61
2012-10,faenza,ricciardo,vergne,-0.1742775415020384,-0.03784908766105821,0.14374145871614125,0.018597248593919584,-0.000966184580646585,61,59
2012-10,ferrari,alonso,massa,0.2807282327771603,0.049271323298606784,0.06662280634786905,0.01086753137394212,-0.00015174077065282048,61,60
2012-10,hinwil,kobayashi,perez,0.13916934187700014,0.010628947053569652,0.11582015543391175,0.016398982503249476,-0.0006344894936118307,61,61
2012-10,hrt,karthikeyan,rosa,0.07029473096195193,-0.038810567033447846,0.16243933212472464,0.026169218409296327,-0.0011588060878673521,58,58
2012-10,leafield,kovalainen,petrov,-0.14555144425021305,0.034213504084520396,0.10197778674181532,0.02704603614592187,0.0009134538404367607,55,58
2012-10,mclaren,button,hamilton,0.6197871865052043,-0.01268582687950602,0.10947407302212891,0.012843009819818388,-0.0002925053590317171,61,45
2012-10,red_bull,vettel,webber,0.7649161286293873,-0.02254219401217128,0.08555669717057765,0.012830945931880675,-0.00028199730151107536,61,61
2012-10,silverstone,hulkenberg,resta,0.376430835271006,-0.020499818780189583,0.10355251146923782,0.014559824487972953,-0.00038441373893754967,59,61
2012-10,williams,bruno_senna,maldonado,0.6984006504295455,0.047435996870336394,0.12408719186792008,0.021033774376492932,0.0001594778127453594,59,58
2012-11,banbury,glock,pic,-1.1933228217127443,0.07150891768849421,0.22303601853771055,0.03846674160108363,-0.0012289794632637657,59,61
2012-11,brackley,michael_schumacher,rosberg,-0.8660241973506608,0.019156872502583133,0.10155417749387387,0.013174862141499358,-0.0006515358964938391,51,63
2012-11,enstone,grosjean,raikkonen,-0.17431374257603993,-0.06207203707524256,0.08198739834763209,0.009824490225756178,-0.00031916930384023965,63,63
2012-11,faenza,ricciardo,vergne,-0.2540122542364178,-0.010481480524371811,0.08464341220747296,0.0177734711260427,0.0003865018346705358,60,58
2012-11,ferrari,alonso,massa,-0.19700878463920957,0.03618144920002217,0.1035458957709439,0.013586500198260196,-0.0005343662391268242,63,63
2012-11,hinwil,kobayashi,perez,-0.20504624164426943,-0.03168132742479368,0.1648274556853483,0.02246533191783902,-0.0014508516495952818,61,63
2012-11,hrt,karthikeyan,rosa,-0.43308877090728215,0.040389881598288935,0.2018099435229246,0.03707489408973294,-0.0006718700880886779,48,60
2012-11,leafield,kovalainen,petrov,0.5418247914062092,-0.012190056453318387,0.0846513668750166,0.021900845725227863,0.0002796563342180199,60,59
2012-11,mclaren,button,hamilton,0.04779032966086616,-0.007665592048672232,0.10093031235240145,0.015118590789835533,-0.00020536311065840948,61,63
2012-11,red_bull,vettel,webber,0.3471243318420667,-0.024935984640852338,0.07322860478565288,0.014337072744566056,0.0002988518558723311,61,61
2012-11,silverstone,hulkenberg,resta,-0.26747271022845354,0.013787749501714186,0.12780291839633404,0.01966604492760206,-0.0008019100565472471,63,63
2012-11,williams,bruno_senna,maldonado,0.2562164733948995,-0.025773310320029053,0.06197794134890276,0.00886865572189286,-0.000241587780847254,63,61
2012-12,banbury,glock,pic,0.06224801632329058,0.052061787649819134,0.1250286776213785,0.027512202469984964,0.0007065319676651228,33,35
2012-12,brackley,michael_schumacher,rosberg,0.4146419682748253,0.1159736012100393,0.10646758606908473,0.021544163180034787,0.0003599858508602928,34,34
2012-12,faenza,ricciardo,vergne,-0.2507390539379036,0.0028301701713365768,0.12510409875178194,0.043501146283305626,0.0019095791299360424,34,34
2012-12,hrt,karthikeyan,rosa,0.5377815309120519,0.1381206913510122,0.13628605344357572,0.031904022745696294,0.0031138465463268895,19,33
2012-12,leafield,kovalainen,petrov,-0.07525420889854262,-0.031188554546319427,0.12812072304599045,0.03360328886652896,0.0025656865681206605,33,33
2012-12,red_bull,vettel,webber,-0.0973357098612535,-0.0243660182632014,0.1760156752059573,0.03594750910534434,0.0005017266183868421,36,34
2012-12,silverstone,hulkenberg,resta,0.564576433413625,0.024246908930438134,0.1514177790775593,0.038196368649743045,0.0032639695669645745,34,34
2012-13,banbury,glock,pic,-0.31706930807638356,0.0121064628393113,0.07761587492339694,0.011718616475320008,-0.0002810362573824051,46,46
2012-13,brackley,michael_schumacher,rosberg,-0.12470196761210417,-0.017816099224192694,0.0727435626552346,0.015125621680096691,8.398122359539095e-05,47,47
2012-13,enstone,ambrosio,raikkonen,-0.8741802821802104,-0.0031732773477160386,0.14888988676436618,0.0176313087393393,-0.0014173297037595577,49,49
2012-13,ferrari,alonso,massa,0.18720020861340458,0.03244468821319334,0.11325440496378222,0.01386844528246174,-0.0005333005780173523,49,49
2012-13,hinwil,kobayashi,perez,-0.8139223199908323,-0.012393007092349438,0.13268461180013066,0.014145699693015224,-0.0011029811234200715,49,49
2012-13,hrt,karthikeyan,rosa,0.17730245335305694,-0.04801451268798507,0.19317452336928692,0.023321681875283867,-0.002546647254903393,48,48
2012-13,leafield,kovalainen,petrov,-0.12929743550619854,0.031490934450565666,0.06041352325699259,0.011383607151840409,7.326293839827185e-05,46,46
2012-13,mclaren,button,hamilton,0.03823566453938243,0.0445681525449028,0.06840076671587134,0.009602733710162634,-8.408423580992278e-05,26,49
2012-13,red_bull,vettel,webber,0.23558083327509305,0.05323894774543355,0.11803020731686299,0.022922198634940976,0.000764327434082819,39,45
2012-13,silverstone,hulkenberg,resta,-0.1255040904677865,0.012131459299493108,0.0880839366091713,0.011561701845331613,-0.000377000037592826,44,49
2012-13,williams,bruno_senna,maldonado,-0.22623975791324502,0.0018047614615716995,0.10902929397977072,0.015283947820310098,-0.0006275802508293547,49,47
2012-14,banbury,glock,pic,0.5937923980674253,0.05261345100824416,0.18637702007684187,0.016864486236769376,-0.0013782543787334886,41,43
2012-14,brackley,michael_schumacher,rosberg,-0.2325029215926421,-0.02998087899413493,0.10257905703968176,0.02026483237900152,0.0005108322688282262,29,44
2012-14,enstone,grosjean,raikkonen,-0.1723057861958387,0.009044344566271567,0.08691488747232252,0.010554372244856867,-0.0006034524564985648,44,43
2012-14,faenza,ricciardo,vergne,-0.34692136798597484,0.12305388082642044,0.11956560132013994,0.022830221482684557,8.133792534180972e-05,42,27
2012-14,ferrari,alonso,massa,-0.004192699689655743,0.12327602719815345,0.2309957695825686,0.024439762559780805,-0.004032504251180656,42,43
2012-14,hinwil,kobayashi,perez,-0.9926626988149885,0.07822027020122013,0.18906711265580925,0.03682944303408323,0.001857894733871717,40,44
2012-14,hrt,karthikeyan,rosa,0.1329096918756867,0.18895002300441477,0.28071117916758814,0.058955888350274356,0.004572536589147207,23,40
2012-14,leafield,kovalainen,petrov,0.48275248341703336,0.014786601253718779,0.14127800946761343,0.03277204596105791,0.002081890268031438,40,38
2012-14,mclaren,button,hamilton,0.591974866289179,0.15388876479788544,0.1349951127289835,0.027418951154145037,0.0024066888886103777,44,17
2012-14,red_bull,vettel,webber,0.6930324768319525,0.0052869879951727705,0.16586692017954627,0.02729797553824487,0.0014429927780822086,44,42
2012-14,silverstone,hulkenberg,resta,-0.7138465989395959,-0.20782295909464188,0.09720746295843737,0.02032352214112218,3.161040089714357e-05,42,44
2012-14,williams,bruno_senna,maldonado,-0.32427394518374,-0.07090084820810805,0.15869924019924916,0.032455668700824385,0.00308569960453267,38,27
2012-15,banbury,glock,pic,0.292291978811029,0.08536210562022517,0.1597724286518711,0.03737725676057168,0.00039900873871665324,44,26
2012-15,enstone,grosjean,raikkonen,-0.24308271471446752,-0.04059358023014997,0.14363697708818252,0.020700847702101313,-0.000830744883658668,43,45
2012-15,faenza,ricciardo,vergne,0.18278411734823485,0.0670701037906869,0.1061048870741133,0.022512818518587656,0.000104447586050658,45,45
2012-15,hrt,karthikeyan,rosa,-0.18711622698613395,-0.0027335662778505687,0.16821829971267882,0.050758956449226185,0.0022813415979194744,23,44
2012-15,leafield,kovalainen,petrov,0.5357472113734038,0.037018159180287946,0.07126129918755908,0.01311404192645682,-5.739361404783917e-05,44,42
2012-15,mclaren,button,hamilton,0.49635433385278216,0.015478759906191894,0.08300104733004748,0.014656398200147788,-0.0004055049625405556,45,45
2012-15,red_bull,vettel,webber,0.9266982603753194,-0.06952846572682403,0.09103416003883105,0.0117956698455706,-0.0001822678461435351,45,47
2012-15,silverstone,hulkenberg,resta,0.6034474859791343,0.009900854524905384,0.05444450974876642,0.012388518695751733,1.4021010542942198e-05,45,45
2012-15,williams,bruno_senna,maldonado,-0.18286076830310344,-0.01621735119414376,0.13960198149498926,0.029752952442863766,0.002469311315439758,43,45
2012-16,banbury,glock,pic,0.5904010137447404,-0.20749004175201713,0.17374682252016155,0.03908673577865562,0.00012169855294298445,48,47
2012-16,enstone,grosjean,raikkonen,-0.1066846185257797,-0.04587491121545158,0.14437823032849725,0.02641326361493189,0.0007319942880398547,49,49
2012-16,faenza,ricciardo,vergne,-0.022423376654676863,-0.06829290660225884,0.11908924773608237,0.02199053635469198,-0.0002222504002099754,49,49
2012-16,ferrari,alonso,massa,-0.0679770134012816,0.024189847275560096,0.07310912079781892,0.018687065319416444,0.000220934415563738,49,49
2012-16,leafield,kovalainen,petrov,-0.017849331998889717,-0.04218167540290424,0.13797010872793725,0.022951520509312533,7.767295926163562e-05,48,48
2012-16,red_bull,vettel,webber,0.061934665056864846,-0.04459684592497282,0.11522569215999637,0.02009009508210405,0.0003781807911458078,49,49
2012-16,silverstone,hulkenberg,resta,0.48104228701851354,0.033248138359715684,0.10757478701981447,0.019139557373092857,0.00026055897693245305,49,49
2012-16,williams,bruno_senna,maldonado,0.5584732393471302,-0.015031650597497559,0.09200818467326964,0.013915616155779457,-0.0003008608361907151,49,51
2012-17,banbury,glock,pic,-0.3747236902431126,0.005748329885107657,0.13751827092652796,0.013695938939702714,-0.0012953828474116657,54,55
2012-17,brackley,michael_schumacher,rosberg,0.16553669471818636,-0.0024243713764561248,0.14518005865588796,0.01353924353293247,-0.000845114621976468,47,56
2012-17,enstone,grosjean,raikkonen,-0.29037225833856284,-0.009518496124601886,0.08638034005835722,0.008894682007265134,-0.0003305944454234713,56,56
2012-17,faenza,ricciardo,vergne,0.10447555041655845,0.05331097515939859,0.1332810813409473,0.012398106946913137,-0.000885043011574711,56,54
2012-17,ferrari,alonso,massa,0.5424177814622275,0.007398561384530655,0.08858110152811481,0.009071438424475312,-0.0004433392943249259,56,56
2012-17,hinwil,kobayashi,perez,0.4814936630396627,0.05808257783270232,0.1871539200549021,0.033318520511637945,0.0015606937841104735,56,15
2012-17,hrt,karthikeyan,rosa,-0.12606807622016003,-0.008251111639577924,0.19369422137383072,0.02037976465543774,-0.0016686484098630105,54,36
2012-17,leafield,kovalainen,petrov,-0.20928461061342118,0.026081912777995042,0.1163945211019145,0.010666020563728614,-0.0006686310276855746,55,55
2012-17,mclaren,button,hamilton,-0.23841121232560702,-0.0018413813040588645,0.05633724203960592,0.006584616786128537,-0.00018655004031151138,56,56
2012-17,red_bull,vettel,webber,0.13056119270059674,0.009552714084476499,0.10052603025373381,0.010309732017174033,-0.0005315855674501422,56,56
2012-17,silverstone,hulkenberg,resta,0.6307495142310882,-0.031984058799753204,0.0743797134902082,0.00750813052702083,-0.0003127533350423686,56,56
2012-17,williams,bruno_senna,maldonado,-0.043793917518096026,0.041979734183990564,0.1427576758781536,0.014948210417496005,-0.0010918340011277104,56,53
2012-18,banbury,glock,pic,0.09201603882409626,-0.022075883388250478,0.09587223040886579,0.011197393088613386,-0.0003084360381222653,39,27
2012-18,enstone,grosjean,raikkonen,-0.946339802504254,-0.023876220764029066,0.0837529443022762,0.01312384165803007,-0.00010773459268759454,25,39
2012-18,faenza,ricciardo,vergne,0.025655129107495317,-0.0002655177730588876,0.09689325512025361,0.016278539697198786,3.990324180759684e-06,38,39
2012-18,ferrari,alonso,massa,0.4986645312897028,0.037394890977784485,0.10836292529449396,0.010046115590091161,-0.0005556966951877257,39,39
2012-18,hinwil,kobayashi,perez,-0.40523710061147283,-0.007588538229488434,0.09920606590007754,0.012194509158284733,6.785946797104808e-05,39,36
2012-18,leafield,kovalainen,petrov,0.7268567155336804,0.001761634280612892,0.09618661387642448,0.010244183154168893,-0.0004614620378126367,39,38
2012-18,red_bull,vettel,webber,0.06623694300571858,0.026529458243137405,0.19259467670662142,0.018991433851078605,-0.0013234559465014294,39,24
2012-18,williams,bruno_senna,maldonado,-0.5406041222818436,0.023463487503424613,0.19527011510030162,0.020576885228603688,-0.001880260878321094,39,39
2012-19,banbury,glock,pic,0.5024916700878179,-0.03328083068422533,0.18705162325139668,0.022403368745504273,-0.0013848728212325976,51,50
2012-19,brackley,michael_schumacher,rosberg,-0.5624353095495509,0.004943433781303325,0.14373241442830023,0.019738366141363907,-0.0007759227071434606,49,52
2012-19,enstone,grosjean,raikkonen,0.4497470563217214,-0.01298501805799357,0.20403578634549355,0.017332348748019963,-0.0018032894911811047,51,52
2012-19,ferrari,alonso,massa,0.0032626308134120485,-0.026060496571964072,0.20242830739869416,0.019666374875622977,-0.0023954982175218207,52,52
2012-19,hinwil,kobayashi,perez,-0.4505057542724448,0.026281339236140663,0.22654074599183774,0.015905479756379487,-0.0026578517134695045,51,52
2012-19,hrt,karthikeyan,rosa,0.11934551228492118,-0.004227663422066111,0.18469705794944952,0.02084691165746147,-0.002249533042892404,50,50
2012-19,leafield,kovalainen,petrov,0.06316031403734446,0.003030439547660163,0.19608203359413715,0.021980288629843532,-0.0021110463230690655,51,51
2012-19,mclaren,button,hamilton,-0.8130116833583962,0.03873274210590283,0.16663982989800524,0.015791729818308432,-0.001048288633214308,52,52
2012-19,silverstone,hulkenberg,resta,0.3071498115497626,-0.0027722710620547916,0.16840059660946552,0.015325122320171724,-0.00121630952336573,52,49
2012-19,williams,bruno_senna,maldonado,0.4023725860685462,-0.04541010950069935,0.2618593027809789,0.017664127645017253,-0.0032797042138583343,52,52
2013-01,banbury,chilton,jules_bianchi,-0.5567757593956961,-0.06021911259868118,0.24910776208221858,0.048112613301132166,0.004048047196454284,48,49
2013-01,brackley,hamilton,rosberg,-0.12033359258944254,-0.12629112252314695,0.3759682572915556,0.07069776148324947,0.02157309384076032,50,20
2013-01,enstone,grosjean,raikkonen,-0.8405137345565354,-0.073515133722859,0.16387286108497404,0.028522783128916478,0.0009789729830443762,50,52
2013-01,faenza,ricciardo,vergne,-0.5485860386173156,-0.048124649822503196,0.23935473684710248,0.048116925635311635,0.007419791246759748,31,50
2013-01,ferrari,alonso,massa,0.5100381515511272,0.09685510781331697,0.18739160201929564,0.03562738172226647,0.002330175741201351,50,50
2013-01,leafield,garde,pic,-1.2463336010868051,-0.120129626578942,0.27148324696148024,0.04487417604704524,0.004138467036149278,48,50
2013-01,mclaren,button,perez,-0.0746255371193563,-0.05669220177176707,0.14172350754455482,0.026399329195184697,0.0012693172751566675,50,50
2013-01,red_bull,vettel,webber,0.1000114865990509,-0.03626764778675928,0.1528564202627419,0.029056410120268387,0.0006051550268412962,50,50
2013-01,silverstone,resta,sutil,-0.3277136153864522,-0.04787460649089337,0.15977620156599398,0.02272848024532245,-0.0009559139684601866,52,52
2013-01,williams,bottas,maldonado,0.5525206186784364,0.10395128011375204,0.16474612063919394,0.038479231947612345,0.004306146474671115,49,18
2013-03,banbury,chilton,jules_bianchi,-0.6284343991177029,-0.025984541276856676,0.10321057520137318,0.019843528927574693,0.0011541047783852677,47,47
2013-03,brackley,hamilton,rosberg,0.7388583243343553,0.04932412103171916,0.18584092718972003,0.0321436321805658,0.0030180751270985243,48,15
2013-03,enstone,grosjean,raikkonen,-0.9611106828909872,-0.03484243426266709,0.09536738434758986,0.018764645344365834,0.00045594609137323086,48,48
2013-03,faenza,ricciardo,vergne,0.48405414996505614,0.009363050529133915,0.07762704335233915,0.015584046265817128,0.00027427683002300215,48,48
2013-03,ferrari,alonso,massa,0.7302909586727461,0.024510011550739286,0.1196644935235777,0.024947191257881494,0.0007916631467636395,48,48
2013-03,leafield,garde,pic,-1.441287445086532,-0.11439442701780372,0.08881479378734446,0.01714691457907564,0.0006201938450432131,47,47
2013-03,mclaren,button,perez,0.19080302033940177,0.06997187568923877,0.14210813651612977,0.020113733846941446,-0.0005008615764674394,50,50
2013-03,williams,bottas,maldonado,0.1642003936431412,-0.04089818038640265,0.09996443111373264,0.02007365599495255,0.0008559289033834596,48,48
2013-04,banbury,chilton,jules_bianchi,-0.16842377254978902,-0.0343422765658907,0.1105138350038927,0.022212279878266662,0.0018982441397785985,46,46
2013-04,brackley,hamilton,rosberg,0.1408360005680741,0.02133064226024483,0.11841712809831834,0.025841609303161716,0.002305772054160206,49,47
2013-04,enstone,grosjean,raikkonen,0.1836325125302628,-0.04424485030448411,0.08184142004472117,0.016382068841838546,0.000487056875562089,49,51
2013-04,ferrari,alonso,massa,0.9278732989752347,0.1253085650073953,0.10062646722263885,0.017998186432150096,0.0011408454331422637,48,47
2013-04,hinwil,gutierrez,hulkenberg,-0.2579560168810554,-0.015905267747847257,0.09894646842277173,0.0235736384891911,0.0015053990601627168,47,49
2013-04,leafield,garde,pic,-1.9008015212583131,-0.10902713550111366,0.16177013596993023,0.03273038222930303,0.004337125456327517,43,48
2013-04,mclaren,button,perez,-0.4188863261757362,-0.05152294934658952,0.15387030450956204,0.029865691017331022,0.003024477158478995,47,49
2013-04,red_bull,vettel,webber,0.5599553364750433,0.01129978259576031,0.13299652490540576,0.029555595944055477,0.002041849630972094,49,49
2013-04,silverstone,resta,sutil,-0.4501198068203939,0.010497049365720906,0.06317118815690063,0.010913457882798324,-0.00012843935117451126,51,50
2013-04,williams,bottas,maldonado,-0.02344512181262809,0.008660761283772134,0.0726496118171409,0.018023915176579915,0.000529602497091928,49,49
2013-05,banbury,chilton,jules_bianchi,-1.008074575758918,-0.05684259200167731,0.1555321360357529,0.03582597696822871,0.003065397912106228,56,54
2013-05,brackley,hamilton,rosberg,-0.24229891620411223,-0.08656665433675742,0.21357155939349962,0.0449215717223031,0.0035706929290300424,55,58
2013-05,faenza,ricciardo,vergne,-0.711888761502282,-0.168979556846032,0.14114270277159235,0.03214131955194889,0.002854902680690486,55,39
2013-05,ferrari,alonso,massa,0.55572083007035,0.06632387145913779,0.10745798266113368,0.02296896526266646,0.0012923652725430293,56,56
2013-05,hinwil,gutierrez,hulkenberg,-0.6597794719721353,-0.10448268416019524,0.18073468279495494,0.038692188210665064,0.004834376135516875,55,52
2013-05,leafield,garde,pic,-0.664293572231832,-0.1825599033130923,0.4365492073106056,0.08474116660217589,0.033941144469971374,15,57
2013-05,mclaren,button,perez,0.17966034836495665,0.13422895629942008,0.13683685785494545,0.029930943469086944,0.002333207494950289,58,56
2013-05,red_bull,vettel,webber,0.22852196806461234,0.08966051383767348,0.14784218015854006,0.03352384381377442,0.003581236877036864,56,56
2013-05,silverstone,resta,sutil,-0.3215961152410751,0.041895161702717676,0.1199662148970247,0.021841824197985,0.0014688697149502744,56,55
2013-05,williams,bottas,maldonado,-0.9905451318322346,-0.11121412246757881,0.19249993206894858,0.03687763931406738,0.0031772576845279744,57,53
2013-06,banbury,chilton,jules_bianchi,0.3304158392004348,-0.10066572868556878,0.26224310363864073,0.03833268930966457,-0.001120131659413519,55,37
2013-06,brackley,hamilton,rosberg,0.47829964582476886,-0.008824643448023944,0.22202003461231845,0.018574997169439864,-0.002705454377006176,58,58
2013-06,enstone,grosjean,raikkonen,-1.4180222383122643,0.06313012951981478,0.3190102390194735,0.030085789054294994,-0.004788794432622211,46,54
2013-06,faenza,ricciardo,vergne,-0.12149467175502579,-0.03323403267899511,0.3208167965556543,0.037392421350774974,-0.00526848455565881,42,57
2013-06,ferrari,alonso,massa,-0.18311449444132638,0.10910474036229356,0.359170057987043,0.027441805209768026,-0.0055914847280197025,56,24
2013-06,hinwil,gutierrez,hulkenberg,-0.3905955381773997,0.025510255516027702,0.27965267960887763,0.028351541289945683,-0.004714302506635317,56,56
2013-06,mclaren,button,perez,0.18323773335440569,-0.031950703852363704,0.27933908490469606,0.020526050510123833,-0.0033560205859688784,56,49
2013-06,red_bull,vettel,webber,-0.4917482014448996,0.02783768198003639,0.30493290862840244,0.019743439673064023,-0.003685190104213422,58,56
2013-06,silverstone,resta,sutil,0.3624518631969109,-0.05588665042453918,0.37615142710825944,0.022277994588894116,-0.004797566565570481,56,58
2013-06,williams,bottas,maldonado,-0.939035128231976,0.08903412569811273,0.2721604408259001,0.02158291047953058,-0.003295004321547709,58,29
2013-08,banbury,chilton,jules_bianchi,-1.436987827258252,0.015433773447872036,0.10468858155753549,0.020602405349667223,0.00027550556171858804,32,32
2013-08,brackley,hamilton,rosberg,-0.5025237942674723,-0.00038244539855314397,0.11917983646123219,0.0201159667048958,0.0007478354165189594,34,34
2013-08,enstone,grosjean,raikkonen,-0.6798752497406043,0.00502173434011255,0.19828552270579766,0.0409528053822393,0.0042580799929233205,31,34
2013-08,faenza,ricciardo,vergne,1.0093571858784895,-0.12286606342393092,0.25625242663697984,0.04997484237507977,0.009835146404537476,34,20
2013-08,ferrari,alonso,massa,0.7543262514528872,0.05800314872451384,0.15614864910695278,0.028701352858513513,0.00365706871532348,33,33
2013-08,hinwil,gutierrez,hulkenberg,-0.19515967988215957,-0.0029733166763052134,0.16852807008487777,0.04122126126424918,0.0034185555034040036,30,32
2013-08,leafield,garde,pic,-1.7374279842458993,-0.0552941382756762,0.0928767049361074,0.02304348377730251,0.0009083242944956678,31,34
2013-08,mclaren,button,perez,-0.37633929042314984,-0.01307006787996215,0.14665855890834675,0.025173055069671855,0.00011912985490714863,34,29
2013-08,red_bull,vettel,webber,0.5980611959491324,0.021430678024817466,0.14723354892033105,0.024290357239108717,0.0008100312703647655,27,34
2013-08,silverstone,resta,sutil,-0.5656682977824569,0.08545114314312552,0.09532331615881334,0.013872404186139501,0.00017691357822596055,34,34
2013-08,williams,bottas,maldonado,-0.24547521149637774,-0.022517538525129277,0.14476321857646648,0.02224328380864354,-0.0018256127069213198,35,35
2013-09,brackley,hamilton,rosberg,0.6783487576103573,0.005372487033124443,0.14085070306897227,0.02261081736723329,-0.0018095963918379147,45,47
2013-09,enstone,grosjean,raikkonen,-0.06452803930287998,-0.03234320326577994,0.07745305355252044,0.013795462055198568,3.630805152855515e-05,47,47
2013-09,faenza,ricciardo,vergne,0.8730305853019049,0.012137495401455839,0.12324801112211167,0.022321247763597295,0.0014854325623931788,45,16
2013-09,hinwil,gutierrez,hulkenberg,-0.3946624528765581,-0.007809482817827285,0.10036671484059231,0.019545230123029594,0.0003274087919661873,45,45
2013-09,leafield,garde,pic,-0.41967261331566386,-0.045167106468851526,0.10057972794136129,0.018816832449050004,0.0003439946127795093,44,46
2013-09,mclaren,button,perez,0.19364848717854527,0.022036700970367296,0.09824598090021769,0.011014922921658444,-0.0008029183193005294,47,49
2013-09,red_bull,vettel,webber,0.4186236745453602,0.025789326585450523,0.11337929923722045,0.021233153817309062,8.259837616962553e-05,47,46
2013-09,silverstone,resta,sutil,0.16014394038520685,0.011278414568594353,0.0944848869876837,0.013681068300719886,-0.0003380152458310341,49,47
2013-09,williams,bottas,maldonado,-0.3843535860772172,0.026441547839148427,0.10295444353725226,0.01149598911256124,-0.0006371004337951422,46,47
2013-10,banbury,chilton,jules_bianchi,-0.6671084075167033,-0.017950630091966485,0.20191439718997886,0.04279401844653098,0.000647636652022623,59,59
2013-10,brackley,hamilton,rosberg,0.41867356787601695,-0.030024616896187295,0.10550635496537245,0.01923597633697951,0.0005374969514096644,62,54
2013-10,enstone,grosjean,raikkonen,0.2600773020483724,-0.024911687732894316,0.10681450275888722,0.015243444334293704,0.0005565627348892257,60,64
2013-10,faenza,ricciardo,vergne,-0.26819031520710546,-0.01703124343345558,0.09729956885101976,0.013469630855758412,-0.0001013699133116095,63,61
2013-10,ferrari,alonso,massa,0.17491360377376086,0.038772901280649585,0.11553900845305833,0.02406362722929498,0.00025341318657841534,62,62
2013-10,hinwil,gutierrez,hulkenberg,0.13085424898899353,0.0712237021915349,0.1449219630377598,0.02168426874618543,-0.000370382011016702,22,61
2013-10,leafield,garde,pic,0.22811556619954176,-0.0253963084955745,0.19930142421147778,0.030869206002035885,-0.0001490434385362006,60,62
2013-10,mclaren,button,perez,0.3297508902274865,0.03147278723594138,0.1580121351908192,0.019679362618327177,-0.0010262860110434647,64,63
2013-10,red_bull,vettel,webber,0.18434747311338828,-0.03855052646038762,0.1474182953508859,0.026763983542183175,0.000626231275033867,62,62
2013-10,silverstone,resta,sutil,-0.34788741112655197,-0.1407700721996313,0.10993671900722782,0.02751059389029556,0.0007203578348147948,55,15
2013-10,williams,bottas,maldonado,-0.7170250350742808,-0.023170512775080337,0.12644839942102473,0.023525769113290323,0.001315225559915165,33,61
2013-11,banbury,chilton,jules_bianchi,-0.4713241967465027,-0.009835146562321984,0.16540394315661092,0.04094051111016532,0.004247602033549442,34,37
2013-11,brackley,hamilton,rosberg,0.07209966200864304,-0.012474988582702962,0.14866888444554183,0.031951128143307916,0.0026121986407950533,38,38
2013-11,enstone,grosjean,raikkonen,-0.3003260135936507,-0.050085515956121006,0.11260581731094185,0.028167329933567305,0.0007564521556980522,40,19
2013-11,faenza,ricciardo,vergne,0.13919105633981532,-0.03426411074306418,0.16191739738498523,0.03417802939488702,0.0033019362095424516,38,38
2013-11,ferrari,alonso,massa,0.3110434112871652,-0.049101674185589195,0.06942066593164897,0.014365325575769266,0.0004096709238685697,38,38
2013-11,hinwil,gutierrez,hulkenberg,0.045679388109702734,-0.008278324617956412,0.11010594358293029,0.023184574211301243,0.0015961586646739215,36,38
2013-11,mclaren,button,perez,0.47803420695065146,-0.025492959525252074,0.07774892658134427,0.01461916201373715,-1.711722810923049e-05,38,38
2013-11,red_bull,vettel,webber,0.22418564965129317,-0.014631158118293075,0.07682477239415172,0.016543445776836183,0.0006328706260468381,38,38
2013-11,silverstone,resta,sutil,-0.29818233130333377,-0.0036771710877445407,0.2630993446182873,0.048598938847927764,0.011254181662946372,20,38
2013-11,williams,bottas,maldonado,-0.09396233829562523,0.01838019894897025,0.10386274375938022,0.02294434588547347,0.0015660797356205057,38,35
2013-13,banbury,chilton,jules_bianchi,-0.05861344859907103,0.036890515270717184,0.11288668643490432,0.02376417829321257,0.0014693741413162112,46,43
2013-13,brackley,hamilton,rosberg,0.20767740226049014,0.01113783127483517,0.12399689694086938,0.015753207466687798,-0.0008231735068648501,48,48
2013-13,enstone,grosjean,raikkonen,0.21694097767668907,0.05816213981541629,0.1639812801471574,0.031519380643353995,0.0027974625525711955,22,50
2013-13,faenza,ricciardo,vergne,-0.030019926977603695,0.182197318144109,0.30170742286214575,0.06045115044827237,0.010272083188972199,17,47
2013-13,ferrari,alonso,massa,0.3532726896113477,0.021306315951443278,0.16410933594490834,0.027082128428983103,-0.0012204550161721626,50,48
2013-13,hinwil,gutierrez,hulkenberg,-0.6375901054861929,-0.043810983718415575,0.22008830467006718,0.02713452828844429,-0.0008355928142224058,50,50
2013-13,leafield,garde,pic,-0.23888365697729164,-0.04517904384627547,0.11018761369050355,0.028077488891066482,0.00012536960828221712,47,47
2013-13,mclaren,button,perez,-0.02653104071768775,0.0016311817274369533,0.21676601728496475,0.027567047209783115,0.0006809490802087392,50,50
2013-13,red_bull,vettel,webber,0.6118525552083266,0.029178494680964784,0.13136447058111114,0.016553983366752345,-0.00019613401658314983,48,45
2013-13,silverstone,resta,sutil,0.4989932361518779,0.23023203212625698,0.13100003827339657,0.02456721205405164,-0.00014376227933198438,39,48
2013-13,williams,bottas,maldonado,-0.10445401708828972,0.0990243579933881,0.14734614641162413,0.03263658807464369,0.0016246966518856881,47,48
2013-14,banbury,chilton,jules_bianchi,-0.0660233782048345,-0.027698566462795088,0.09160617598346756,0.014284261438746155,-0.00042773193289283616,39,39
2013-14,brackley,hamilton,rosberg,0.23188709667712892,-0.07194536973832266,0.1884604628509403,0.024507126301712874,-0.0016286735577880572,38,38
2013-14,enstone,grosjean,raikkonen,0.15217932847090188,-0.024990831584936535,0.08892529394062101,0.0112576556909729,-0.00028703651783031,40,38
2013-14,faenza,ricciardo,vergne,0.7847714371763959,0.10973890458746563,0.162017867911378,0.0318993651884733,0.0014453713351378892,37,36
2013-14,ferrari,alonso,massa,0.6184375667381952,-0.02844859390851262,0.0971747287226395,0.013247592026285095,-0.000615922062283692,38,38
2013-14,hinwil,gutierrez,hulkenberg,-0.5482351734364953,0.026706837167642536,0.10872094230281812,0.01574132668922342,6.19769795796754e-05,40,38
2013-14,leafield,garde,pic,-0.2346053756287405,0.04642176324533008,0.12116031154399458,0.016701166078153664,-0.0008233587738717381,38,39
2013-14,mclaren,button,perez,0.44089559369492376,-0.009349661528362932,0.10764947077647372,0.01346884260391934,-0.00028213692678469944,38,40
2013-14,red_bull,vettel,webber,0.42982464583348934,-0.08700229898052703,0.12320022656582777,0.02677823443148164,0.0009155367968693926,40,26
2013-14,silverstone,resta,sutil,-0.14103257825887833,-0.07852461677554656,0.13245097884120458,0.019492345881581066,0.0012315407537358777,18,30
2013-14,williams,bottas,maldonado,-0.576437171457413,0.013628878413551981,0.12006308425036406,0.014168469878493047,-0.0006599854857689138,38,38
2013-15,enstone,grosjean,raikkonen,0.19324527001831515,-0.03212238700930209,0.11846466337812632,0.02023401112716819,0.00045805580129089916,47,47
2013-15,faenza,ricciardo,vergne,-0.3637317963600454,0.013908826128516433,0.10611662305159301,0.02156726118465726,0.0011564393971463815,44,44
2013-15,ferrari,alonso,massa,0.8578893339075233,0.10280383028926754,0.19753496001674054,0.037400517586518876,0.0021702768010793566,47,45
2013-15,hinwil,gutierrez,hulkenberg,-0.2738080630683535,0.0012004421982461655,0.09954932474770269,0.015117727495002913,9.761197604032156e-05,47,47
2013-15,mclaren,button,perez,0.22091102860185502,0.09269874924502053,0.09609911524014675,0.023242077805836096,0.001104710057806853,45,44
2013-15,red_bull,vettel,webber,-0.15712015639116372,0.029688601019158937,0.06722205584480599,0.013309053674353179,-8.405872049158194e-05,47,45
2013-15,silverstone,resta,sutil,-0.07788984573497948,0.05004701784033738,0.11090080094147008,0.01877473572292533,0.0001824620448465248,47,46
2013-15,williams,bottas,maldonado,-0.38281366233834685,0.02416219085363477,0.12457978728940194,0.020295358929371267,0.0004195160617895862,46,46
2013-16,banbury,chilton,jules_bianchi,-0.33744788592213704,-0.0029992875336989078,0.11163206558777397,0.012999641385639128,-0.0005479148704175368,52,52
2013-16,brackley,hamilton,rosberg,-0.08965835381327514,0.006503890401411916,0.1340349900723384,0.019778207071092742,-0.0006265443561832346,54,54
2013-16,enstone,grosjean,raikkonen,-0.5322169672232255,0.03595607807809276,0.22872065197139294,0.009871965966959918,-0.0016884898642480595,56,54
2013-16,faenza,ricciardo,vergne,0.41336150580450715,-0.004927925701850633,0.13446128408339975,0.01253903559241772,-0.0008800868375132201,54,54
2013-16,ferrari,alonso,massa,0.0761965508761725,0.0028300696964330685,0.1052117531490447,0.013474201647736321,-0.0006612030762766745,52,54
2013-16,hinwil,gutierrez,hulkenberg,-0.475810708419991,0.014523526801657027,0.12171676143474897,0.020681566805782915,-0.000153168368793906,51,46
2013-16,mclaren,button,perez,-0.41205404110198085,-0.0008405513396512188,0.08380193584419078,0.010682414368331849,-0.0002899322171538128,51,54
2013-16,red_bull,vettel,webber,0.05966936025711189,-0.036223145959420666,0.1812914990233643,0.02014159088707618,-0.0016887282482201335,54,31
2013-16,silverstone,resta,sutil,0.20568032687612356,-0.00017681564981848752,0.19782374791688245,0.013800342424592361,-0.0016191406134576161,55,56
2013-16,williams,bottas,maldonado,-0.13254494520411386,-0.015898213198313527,0.12029443431439872,0.01524853756397736,-0.0005429527256002555,53,54
2013-17,banbury,chilton,jules_bianchi,-0.2261300710663101,-0.017302101666715405,0.1236801470005794,0.018421972610950094,-0.0006382659604523209,47,47
2013-17,brackley,hamilton,rosberg,-0.5908473910638348,-0.02179505060375131,0.10212145463684462,0.01733489119014915,-0.0002272734764625809,49,49
2013-17,faenza,ricciardo,vergne,-0.08174094800630755,0.050832358956404484,0.19391470445400083,0.02595897217513296,-0.0008461840536953247,48,48
2013-17,ferrari,alonso,massa,0.3674626060988547,0.01649842566259585,0.11814520716192224,0.02288097109490654,0.0006372220600119789,49,49
2013-17,hinwil,gutierrez,hulkenberg,-0.19265366537683803,0.06062884366398827,0.10860482771361242,0.018745396853204532,0.0002680323323149006,49,46
2013-17,leafield,garde,pic,0.27797397047899697,-0.0030693156214536,0.20663619281526666,0.030875094949990328,-0.000152253962358056,48,48
2013-17,mclaren,button,perez,-0.047198165784716584,0.012136118232548121,0.11458607667150496,0.010848072060312474,-0.00016576492288465102,49,49
2013-17,red_bull,vettel,webber,0.5154061069118339,-0.056245718118481225,0.13135573625975777,0.012447450287822948,-0.00048672453766093835,49,49
2013-17,silverstone,resta,sutil,-0.0911193999916621,0.053849622376915596,0.1096607374680354,0.011486714355798773,-0.0007429426999888356,51,51
2013-17,williams,bottas,maldonado,-0.015754317205755708,-0.004440148555822934,0.09611861640666589,0.014987294738195541,-0.00026236574023826915,48,49
2013-18,banbury,chilton,jules_bianchi,-0.9109262578889281,-0.035482074440923383,0.16953949165904975,0.02750836550788539,-0.0005333180852656698,45,47
2013-18,brackley,hamilton,rosberg,0.604903931066946,-0.03355083523815271,0.10852226206855814,0.010383344257826029,-0.0007470451289884198,48,48
2013-18,enstone,grosjean,kovalainen,0.8192114688965592,0.01830308315777153,0.1166173029425835,0.018179447056775776,-0.0003786786128752618,48,46
2013-18,faenza,ricciardo,vergne,0.12410915841353787,-0.023875970417041925,0.1131842710037974,0.011806939917616251,-0.0008352972094599523,48,48
2013-18,ferrari,alonso,massa,0.7077403215025082,0.012761082134881363,0.06867410099502866,0.009254680891581425,-0.0002563565399773291,48,46
2013-18,hinwil,gutierrez,hulkenberg,-0.2790427442767389,-0.040107610316284265,0.09153182082151755,0.009194634613636045,-0.00037050925628936076,48,48
2013-18,leafield,garde,pic,0.19235714788741998,-0.021030774203503442,0.10541012139848041,0.012445240117815524,-0.0007233518302770151,47,45
2013-18,mclaren,button,perez,-0.8265072122583428,0.048508218450131965,0.12708039574878685,0.014955211806332667,-0.0011326788508843983,48,48
2013-18,red_bull,vettel,webber,0.17222812591023828,-0.022686494026377124,0.1487139654470734,0.014885179238434888,-0.0013371423295266034,48,48
2013-18,williams,bottas,maldonado,0.29485194574933027,0.038725222477703714,0.3356572593982502,0.01987728049241861,-0.004474220721564977,48,47
2014-03,banbury,chilton,jules_bianchi,1.7554582162127628,0.14699948362401186,0.13156461472805328,0.026819865116770144,0.0019495037258822703,43,37
2014-03,brackley,hamilton,rosberg,0.1575062122717914,-0.005264148180849748,0.08567094350335694,0.014700458068924668,-0.00022465642283422236,46,46
2014-03,enstone,grosjean,maldonado,0.06165095156972941,-0.02841842628296809,0.07529591792941025,0.015326542662256554,0.0004874360535850574,42,43
2014-03,ferrari,alonso,raikkonen,0.084391396463596,-0.01702367930997925,0.08865552041648574,0.01790369256415517,0.0007763445052342519,44,44
2014-03,leafield,ericsson,kobayashi,-0.469546553117429,0.001961699001776951,0.1605702580081831,0.03466171800484695,0.002621121352424277,24,43
2014-03,mclaren,button,kevin_magnussen,0.8192955726466565,0.06781270553463625,0.1592270762731833,0.03204060298784881,0.0020674590322029797,40,32
2014-03,red_bull,ricciardo,vettel,0.05917546522737638,0.017976307422869098,0.1360634299362481,0.02198570082811726,-0.0010471904734285517,44,44
2014-03,silverstone,hulkenberg,perez,-0.07637938426184165,-0.020678873123791575,0.16198378229135776,0.025432339340458767,-0.00042710840964002903,44,44
2014-03,williams,bottas,massa,0.03864625294990698,0.009844976850117482,0.08282620247718653,0.018542843656619762,0.00017493260666351295,43,42
2014-04,banbury,chilton,jules_bianchi,-0.41921793039417765,-0.010616936906230334,0.07392686792246778,0.017678195403268277,0.0005411706879268176,46,49
2014-04,brackley,hamilton,rosberg,0.06328331430703837,0.0225265186820085,0.10903163458086074,0.017616327982561304,-0.00025722619454123175,50,50
2014-04,enstone,grosjean,maldonado,0.26549490356638894,-0.06514190895476946,0.2144155412659232,0.04127085685027516,0.0035098599220770594,22,49
2014-04,faenza,kvyat,vergne,0.2886428321930661,0.031615148818617045,0.0986966575739608,0.01723674544172039,-0.00010570555758670758,49,49
2014-04,ferrari,alonso,raikkonen,0.7533405263617017,0.020296686374662087,0.09392726297414052,0.015136379850469615,-0.0005058361793374696,50,50
2014-04,leafield,ericsson,kobayashi,-1.188632592046196,-0.07448741630542854,0.1327393529663151,0.027249407003478054,0.002159326892769706,46,47
2014-04,mclaren,button,kevin_magnussen,0.1369040410909174,0.044488612458027765,0.10890491427368426,0.016510313147053732,-0.0006331359672621672,49,49
2014-04,red_bull,ricciardo,vettel,0.41588404038568116,0.03686443429553288,0.10385408951062333,0.01786962783355029,-0.0002941490185082993,50,50
2014-04,silverstone,hulkenberg,perez,0.23396010221064845,0.02300264603710985,0.0804640047032425,0.013707159340168765,-8.71271574125953e-05,50,50
2014-04,williams,bottas,massa,0.4497778222886166,0.062348673948523795,0.08345161618622579,0.015275029970049427,-0.00020910981566519253,50,49
2014-05,banbury,chilton,jules_bianchi,0.041917673914182885,-0.015850927702512285,0.09330804270351323,0.01871652663225582,-4.541355035061208e-05,56,58
2014-05,brackley,hamilton,rosberg,-0.10512444623137696,-0.022077092776001284,0.06895313611872467,0.011542102758052931,-0.00017600043817439908,60,60
2014-05,enstone,grosjean,maldonado,0.22927894977788962,0.006119356139043075,0.11546379871265967,0.012619178732662436,-0.0005721520040346668,59,59
2014-05,faenza,kvyat,vergne,0.5907863938562231,0.0759499169103236,0.11293905587211531,0.02272662098159755,0.0014310880720555224,57,18
2014-05,ferrari,alonso,raikkonen,0.4018002532361304,0.04984709508282048,0.07063455284844959,0.013419837748429152,-0.00013476244881522234,58,59
2014-05,hinwil,gutierrez,sutil,-0.20959449611840425,0.014432035057887552,0.1265012836060036,0.019119423274323706,0.00026972331343226683,57,59
2014-05,leafield,ericsson,kobayashi,-0.753109257321054,-0.04703871303202878,0.10452471854792107,0.018781600802055858,-0.00027551448162401864,58,27
2014-05,mclaren,button,kevin_magnussen,0.013579448231436392,0.005681194594149078,0.1189102164424597,0.018293776160766703,-0.000896697816047177,59,59
2014-05,red_bull,ricciardo,vettel,0.03101321493899678,0.016166800566864648,0.10436457553175434,0.015758144631069514,-0.0005598805346624204,60,58
2014-05,silverstone,hulkenberg,perez,-0.4081659499400472,-0.024363514108652895,0.060175997167392775,0.009026131921570032,-0.0001670952886723937,59,59
2014-05,williams,bottas,massa,0.3106479091985881,0.06456390786286292,0.09345936639941156,0.017818706584402245,0.0005355764291183565,60,57
2014-06,banbury,chilton,jules_bianchi,-1.5629113276348316,-0.06148257100813687,0.28271841672542186,0.019753262745247194,-0.002452538808551641,58,65
2014-06,brackley,hamilton,rosberg,1.293749821434849,-0.05108667613182536,0.21910720173942133,0.009869548544005562,-0.00180324144690457,67,67
2014-06,ferrari,alonso,raikkonen,0.304801600067129,0.01178102191859409,0.19667242681607536,0.014346461234245045,-0.0017751052800339567,67,64
2014-06,hinwil,gutierrez,sutil,1.3442383576098575,-0.18159470321025722,0.3202285959800201,0.062400610899294065,-0.006370556392344007,45,16
2014-06,leafield,ericsson,kobayashi,1.2942332753158272,0.07614097320302068,0.17664721111756237,0.01929308114155357,-0.0019638188652523468,63,59
2014-06,mclaren,button,kevin_magnussen,0.2636691202206525,-0.021349430726531837,0.20448747340876677,0.011855504724228175,-0.0017620647213083351,65,65
2014-06,williams,bottas,massa,-0.08944173308471087,0.03521617761148831,0.23798683621771372,0.019116174649381028,-0.0029012444381534396,42,64
2014-07,brackley,hamilton,rosberg,1.4664302702248464,-0.09574098977755974,0.5369029657998287,0.0802388717200265,-0.024792072554498674,34,57
2014-07,faenza,kvyat,vergne,-0.08412463855181984,-0.02279138715562601,0.12409067119432185,0.01951449792326747,-0.000509930699154777,33,57
2014-07,ferrari,alonso,raikkonen,0.33406619842883345,0.0003407272211786161,0.1760909416664431,0.0233152292220144,-0.0020350818068671345,57,57
2014-07,hinwil,gutierrez,sutil,-0.38483997697071604,0.03512663070266909,0.16618872427578563,0.01753245294687823,-0.0016806548970225788,51,55
2014-07,mclaren,button,kevin_magnussen,0.22763818745381292,0.03855412927671676,0.1543108162737285,0.01613782112374672,-0.0013171394176866046,57,57
2014-07,red_bull,ricciardo,vettel,-0.09262394304841315,0.029416297208362155,0.12066340727102375,0.010811416167339273,-0.0007255178212442642,57,57
2014-07,silverstone,hulkenberg,perez,-0.6169693182560845,0.043260703767053516,0.14977634464980186,0.010193214823649523,-0.0009312365616771179,59,56
2014-07,williams,bottas,massa,-0.24605923061313295,-0.04823796931935878,0.20161632172170604,0.020073079676062276,-0.0016632065482111644,57,54
2014-09,banbury,chilton,jules_bianchi,-0.07999577036787198,-0.029028990803510096,0.22700951859592872,0.028872159472924888,-0.0030753605835572868,44,45
2014-09,brackley,hamilton,rosberg,-0.48963905759744364,0.061979402864458355,0.17705142737733118,0.031158449967127574,0.0006416365835198599,44,21
2014-09,enstone,grosjean,maldonado,0.6798774024651338,-0.006071023324389302,0.11704260649344411,0.013431180358031772,-0.0008785289407810381,45,43
2014-09,faenza,kvyat,vergne,0.39902889378329653,-0.03135730799306746,0.11130510213722722,0.015097555557249594,-0.00023226432560026575,44,45
2014-09,mclaren,button,kevin_magnussen,-0.045692933221472665,0.0335707589441631,0.0834487525146067,0.010261582018625773,-0.00039980702802226345,46,46
2014-09,red_bull,ricciardo,vettel,-0.1671543181734083,0.010323183582257922,0.10946274501957626,0.010049495010170335,-0.00046918472399150703,46,44
2014-09,silverstone,hulkenberg,perez,0.09381631022428988,0.0053796274316352255,0.14115430416910446,0.019084169462456294,-0.0012361883101007672,46,45
2014-10,banbury,chilton,jules_bianchi,-0.7412730180653759,-0.07741373404307729,0.09680033317086792,0.02104445458922333,6.202442342038926e-05,55,58
2014-10,brackley,hamilton,rosberg,-0.0453214614672115,-0.014297995526011298,0.16244549956822285,0.02631081176149201,7.362519328943302e-05,57,59
2014-10,enstone,grosjean,maldonado,-0.7355026602456978,0.0737445993463069,0.17576110180639234,0.02771655923518308,-0.0025039686503494146,20,58
2014-10,faenza,kvyat,vergne,-0.09920654100278349,-0.022159506706038282,0.14422530982920626,0.024401876175329896,0.0009710751163430737,34,56
2014-10,ferrari,alonso,raikkonen,1.0511123877324964,-0.01140421182115725,0.17288692648992238,0.031833440026131546,-0.0003127234517282859,57,56
2014-10,hinwil,gutierrez,sutil,-0.05786905381729024,0.026130744440512665,0.1066129414524116,0.02743279498726819,0.0012543739006388637,56,37
2014-10,leafield,ericsson,kobayashi,-0.08689779990875723,-0.025898408845832777,0.1620044376244315,0.026320940366287914,0.00027180663559284564,56,55
2014-10,mclaren,button,kevin_magnussen,0.08227729421008156,0.020293203042146768,0.08919771909875776,0.009976577027124484,-0.000367292414005726,57,58
2014-10,red_bull,ricciardo,vettel,0.05745734611039277,-0.023146787179024964,0.14324644623225938,0.027101242511297766,0.0007278874797882752,57,57
2014-10,silverstone,hulkenberg,perez,0.4334485467515269,0.07506494033550792,0.14359814263654558,0.025036999686900232,-1.694337624478276e-05,59,56
2014-13,brackley,hamilton,rosberg,0.21762870601742978,-0.030501484301814798,0.10802957686411295,0.01284990903901637,-0.0007783894578701573,49,49
2014-13,enstone,grosjean,maldonado,-0.7164253830299866,0.027894813599986634,0.09998351966024328,0.010660738513339523,-0.0005398161480203269,48,48
2014-13,faenza,kvyat,vergne,0.21457461772384814,0.009890139939201625,0.08187694226372297,0.009197922845649461,-0.00036611856302646206,49,49
2014-13,ferrari,alonso,raikkonen,0.26814140457749325,0.016614184805830476,0.10587782280368824,0.01473819877938025,-9.721271801461621e-06,22,49
2014-13,hinwil,gutierrez,sutil,0.09410290945244415,-0.009884746704171055,0.09908440024450532,0.011871291698283902,-0.0003339690321088915,43,48
2014-13,leafield,ericsson,kobayashi,-0.7498104365415965,-0.028047250691492446,0.18017937232197936,0.019307836804904725,-0.001307540339581309,47,48
2014-13,mclaren,button,kevin_magnussen,0.12896181013416075,0.007498677855321843,0.0961302603401192,0.012527418242096286,-0.0005171440031758074,49,49
2014-13,red_bull,ricciardo,vettel,0.0774872125222511,0.031209175963363422,0.11212974824391995,0.01259244433307337,-0.0005791940442893057,49,49
2014-13,silverstone,hulkenberg,perez,-0.44119771365101124,0.026741450159405378,0.10914826772159349,0.012341961235098132,-0.0006187318896932328,49,49
2014-13,williams,bottas,massa,-0.21678895082299254,0.04347010014262383,0.12158029011389687,0.012883023178491415,-0.0007720955110693369,49,49
2014-14,banbury,chilton,jules_bianchi,-1.1098738165185926,0.01705715015985615,0.12046244421543363,0.02544443741720691,0.0007208589403608322,42,45
2014-14,enstone,grosjean,maldonado,0.29767121174058886,0.022470997678627702,0.1403080535065703,0.02567081574799285,0.0017002525994500263,45,45
2014-14,faenza,kvyat,vergne,-0.7634833478087575,-0.02625468970548942,0.20688576619299254,0.0472551748480045,0.007451905109344031,44,44
2014-14,ferrari,alonso,raikkonen,0.6379475710241962,0.06855537115961852,0.11973367297522884,0.015891679176503786,-0.0001580095855696704,46,46
2014-14,mclaren,button,kevin_magnussen,0.09689032918271301,-0.01044388742943586,0.10786546004772546,0.019885819933800588,-2.752100504706471e-05,38,44
2014-14,red_bull,ricciardo,vettel,-0.1925416836736431,0.0208229190152205,0.08832457775060594,0.012287999914692456,3.8159235080800676e-05,46,46
2014-14,silverstone,hulkenberg,perez,0.47392759695258196,0.014107189519552005,0.12043097241387368,0.0322163409818791,0.0011908041790876177,46,44
2014-14,williams,bottas,massa,-0.11708815072204559,-0.035647352334749,0.09478119530391045,0.008179790883954756,-0.00010942047901618228,46,46
2014-16,brackley,hamilton,rosberg,0.38859900294475236,-0.017402820979285916,0.10384305411823372,0.009119492701812108,-0.0004339664974214764,49,50
2014-16,enstone,grosjean,maldonado,0.7904995427197525,-0.06423599936967817,0.1591999113308787,0.02149577873768558,-0.001099065785773248,48,48
2014-16,faenza,kvyat,vergne,0.5994388493674485,-0.004460805685299107,0.1530801308035361,0.02641868551717789,-6.28881938828233e-05,46,49
2014-16,ferrari,alonso,raikkonen,0.2695429699057519,-0.022606930439569684,0.10866254824042373,0.015201818545907455,-0.0007829629645345148,49,49
2014-16,hinwil,gutierrez,sutil,0.015666580580665057,-0.000842777056698496,0.23423804400079878,0.014178459657550336,-0.0023675173721051023,48,48
2014-16,leafield,ericsson,kobayashi,1.0429025598156874,-0.061399675980782525,0.12863956353752826,0.021511982312744583,-0.0008895272375365886,45,17
2014-16,mclaren,button,kevin_magnussen,0.2802416003336069,0.013711922395514442,0.09241366103790032,0.011072228882171218,-0.0006622953417084675,49,49
2014-16,red_bull,ricciardo,vettel,0.3421493866891109,-0.006317315167485127,0.09598281216784287,0.00907597381364914,-0.00038555264263620445,49,49
2014-16,silverstone,hulkenberg,perez,-0.09250729983695172,0.018870708559193927,0.08996863636611722,0.011355448569853379,-0.00048383364457451456,49,49
2014-16,williams,bottas,massa,0.2833464362092657,0.015448369353025543,0.18332975974462384,0.022230587865712977,-0.0015134459636553165,49,48
2014-17,brackley,hamilton,rosberg,0.04958832249932699,0.010344115539484028,0.09680109436068544,0.018572617189187478,-3.0298502581918913e-05,46,46
2014-17,enstone,grosjean,maldonado,-0.08913940194925435,-0.010740136976092718,0.09750541604472847,0.018942145761939352,-9.747486144195582e-05,45,46
2014-17,faenza,kvyat,vergne,-0.1367428086970286,-0.024237110726208308,0.0895683891168171,0.013601771934958241,-0.0003775902864454638,43,46
2014-17,ferrari,alonso,raikkonen,0.1355201049103788,0.01299760864051331,0.16605650365479016,0.025141223840837484,-0.0018771042809999552,46,43
2014-17,mclaren,button,kevin_magnussen,-0.03374075636191859,-0.019277182505921427,0.07480591197661529,0.008636241859428932,-0.00036130613053745144,47,48
2014-17,red_bull,ricciardo,vettel,1.0800003626804546,0.03573631325366203,0.10022435907019578,0.015819381427414302,-0.0003972095197657182,46,46
2014-17,williams,bottas,massa,-0.19244204095293105,0.03776398974997025,0.10032828484933344,0.015577971796762105,-3.979057006017852e-05,46,46
2014-19,brackley,hamilton,rosberg,1.221573745197715,0.20466592973922412,0.3917749187407836,0.05849232798468136,0.005106362624748747,49,47
2014-19,enstone,grosjean,maldonado,-0.03511072595687076,-0.019533189167113052,0.06781854833168602,0.01116916313902709,0.00025648408052912234,47,20
2014-19,ferrari,alonso,raikkonen,0.025711379965472264,-0.008608565786674571,0.08596509524020599,0.0101293123993786,-0.0003423362102077411,49,49
2014-19,hinwil,gutierrez,sutil,0.09687977274797765,-0.0260460511319571,0.07287686039408878,0.013709014755449122,0.000150872620626541,48,46
2014-19,leafield,kobayashi,stevens,0.36930072087151045,-0.05016171948894521,0.15590921269574057,0.02550600283935407,-0.0013842982140671888,33,48
2014-19,mclaren,button,kevin_magnussen,0.508610385375062,-0.03675506101339754,0.08110481188046036,0.011801043386621916,-0.0001355817707732399,49,49
2014-19,red_bull,ricciardo,vettel,0.4796099702035498,-0.028402628587172817,0.08003532842770229,0.012471021992158016,6.958702796305563e-05,49,49
2014-19,silverstone,hulkenberg,perez,0.15566881671823474,0.010603614119063104,0.048596425249137945,0.008534483840880035,5.046077837385527e-05,49,49
2014-19,williams,bottas,massa,-0.33750108216011054,0.007814184463486529,0.11719508643186136,0.015393165442131249,-5.5653549798420594e-05,49,49
2015-01,brackley,hamilton,rosberg,-0.10778812861787568,0.015649195183248123,0.09147033269139937,0.009473004678080389,-0.00039312744855675425,51,51
2015-01,faenza,max_verstappen,sainz,-0.2746093296962545,0.022990712843138115,0.16190333895092768,0.021068524606754634,-0.0014687579306648863,25,50
2015-01,ferrari,raikkonen,vettel,0.12246575263337911,0.03669085668459939,0.14487200591942753,0.021850569689714747,-0.0007566944889224842,31,51
2015-01,hinwil,ericsson,nasr,-0.49108225460248256,-0.053883431587389466,0.1454553041167597,0.019561985723925587,-0.0010400924980068697,48,51
2015-01,silverstone,hulkenberg,perez,0.05575188989498081,0.029249221192991157,0.18733370556458734,0.019448493921153883,-0.001533387876994115,48,49
2015-02,brackley,hamilton,rosberg,-0.036050319562969335,-0.0010890539006099265,0.12299063668049486,0.02626667670664101,0.0016300631844543055,46,46
2015-02,enstone,grosjean,maldonado,-0.0909983041131513,-0.052016461467746744,0.10237816641170705,0.022762264962625067,0.0004612974505234439,43,32
2015-02,faenza,max_verstappen,sainz,0.01747631729712107,-0.016862192011837585,0.09962759326485725,0.02121046566836938,0.0002399421851362592,46,45
2015-02,ferrari,raikkonen,vettel,-0.5155093793466516,-0.03323947550889106,0.07028541694309914,0.013621532199345435,-0.00013796216810359115,44,46
2015-02,red_bull,kvyat,ricciardo,0.14625445907640194,0.011468504287466765,0.12552257165217387,0.024156909493131203,0.00085754105797441,45,45
2015-02,silverstone,hulkenberg,perez,0.03594699871654805,-0.019367212445307813,0.11881724808575143,0.027852304594640262,0.0001326362054924508,43,45
2015-02,williams,bottas,massa,0.282875538866845,-0.0229182604028475,0.12887658190608062,0.023825717411726944,0.0012147892337517458,46,46
2015-03,banbury,merhi,stevens,-0.20874422106893054,0.005780412102981414,0.1762817442972542,0.0275436145861068,0.0009488980647562742,45,45
2015-03,brackley,hamilton,rosberg,0.0999310258119479,0.05601899704769152,0.06419421936535775,0.014936909361826992,0.00018270237792493917,47,47
2015-03,enstone,grosjean,maldonado,-0.05562637913386603,-0.006403176617885309,0.07016345647304686,0.012777385856107621,0.00012621919958863545,47,39
2015-03,faenza,max_verstappen,sainz,0.3812335493704596,0.0701611513173482,0.11066411424787194,0.02245541497562079,0.0007762752915824365,44,46
2015-03,ferrari,raikkonen,vettel,-0.022126453502984145,6.219252313921508e-05,0.07303168129488545,0.01591435238347707,0.00026799981186292703,47,47
2015-03,hinwil,ericsson,nasr,-0.2521936809982437,-0.04351575267322702,0.08010120622557289,0.013989117769412638,0.00016924892988400456,47,47
2015-03,mclaren,alonso,button,0.00544715208325075,0.028070785250520036,0.15563646873347062,0.02785141722763087,-0.0005772702292412414,47,47
2015-03,williams,bottas,massa,-0.14551437421133606,-0.0009412496843764773,0.07336413178943223,0.013815175844897271,-0.00011514643068915136,47,47
2015-04,banbury,merhi,stevens,-0.9113108833604917,-0.06711029023467434,0.12378286596735892,0.02528519708061624,0.0005910700553978397,48,49
2015-04,brackley,hamilton,rosberg,0.037704378324132204,0.03360796801508621,0.10737672973700053,0.02076665918783141,6.966103728704557e-05,51,51
2015-04,enstone,grosjean,maldonado,-0.28138543870897614,-0.003954997951189754,0.08736990722337383,0.015893648958044952,-4.5227307221140515e-05,51,48
2015-04,faenza,max_verstappen,sainz,0.009728793107110945,0.05396814905249436,0.1391982310668812,0.022236162835131537,0.00014525741332656173,26,23
2015-04,ferrari,raikkonen,vettel,0.17043977996647386,0.02757904496418062,0.07734880792052902,0.01394639951801736,-4.917599836409358e-05,51,49
2015-04,hinwil,ericsson,nasr,0.013546280296416024,-0.006249409483628177,0.14742483725959726,0.029870547450419567,0.0030632501930322794,48,48
2015-04,red_bull,kvyat,ricciardo,-0.5351856465728961,-0.04729441364431031,0.07798303489036586,0.015238253546890634,-8.6856071609515e-05,50,51
2015-04,silverstone,hulkenberg,perez,-0.44530377440465463,-0.004112245166138839,0.10027978137999667,0.024585720303629727,0.0014833788056735746,48,50
2015-04,williams,bottas,massa,0.6097197414365625,0.003454022255183698,0.11093320799839158,0.017644912600114547,-0.0003656923782620402,51,50
2015-05,banbury,merhi,stevens,-0.9749966714238592,-0.015506065620623233,0.15483898024332288,0.03348733021009989,0.0020551412582752505,54,55
2015-05,brackley,hamilton,rosberg,0.06776365590427158,-0.057888532544397964,0.15182626202906502,0.02514433284549698,0.00015459081821464016,58,60
2015-05,enstone,grosjean,maldonado,-0.223497294557242,-0.0026839999140165494,0.10017835828740643,0.012762728474269599,-0.00033202602736598087,59,37
2015-05,faenza,max_verstappen,sainz,0.002402904253976712,-0.024156376569167914,0.10158130103081366,0.015025147587395503,-0.00025696528762824046,59,59
2015-05,ferrari,raikkonen,vettel,-0.1853804802701866,0.010828025237857752,0.12041174842041125,0.016731059730175003,-0.00017123907974658282,60,60
2015-05,hinwil,ericsson,nasr,-0.15813370019611717,0.033798844075558776,0.09208205878137714,0.012733628901821246,-0.0003989940345431908,59,59
2015-05,mclaren,alonso,button,0.009690722714645272,-0.003743858844344361,0.10187470543828037,0.023610088425962315,0.0010478757991171082,20,57
2015-05,red_bull,kvyat,ricciardo,-0.40307984028869603,-0.01260898744782546,0.11773845515726505,0.01362477684817566,-0.00043979840558244386,59,59
2015-05,silverstone,hulkenberg,perez,0.29918292627653775,-0.026871291575034678,0.11197736921461941,0.015480995894279634,-0.0006512231013714791,57,59
2015-05,williams,bottas,massa,0.20748874642502457,-0.015025967866992979,0.07127160794722234,0.012856335487163298,2.2276819662776222e-05,60,58
2015-06,banbury,merhi,stevens,1.3099858253888774,-0.027931394112448105,0.5052282025601108,0.037384379920159694,-0.01079810341293343,60,58
2015-06,brackley,hamilton,rosberg,0.2655735628359708,-0.01580463350358835,0.1776540723961142,0.015514200585229324,-0.0015575710756610271,65,65
2015-06,faenza,max_verstappen,sainz,0.674874936986639,0.025915686705080265,0.2647461623127127,0.018837004478198856,-0.0017333511895147146,53,65
2015-06,ferrari,raikkonen,vettel,-0.3942633260818019,0.010874294071068658,0.16233707293157731,0.011072352290772185,-0.0010624026489784646,65,65
2015-06,hinwil,ericsson,nasr,-0.03514515081803571,0.005475491868232971,0.21117207422257347,0.02319955969081636,-0.0020519811304186594,63,65
2015-06,mclaren,alonso,button,-0.40067457513557697,0.030621831404280764,0.24292424110778013,0.02462639835575076,-0.0014673147194474872,35,65
2015-06,red_bull,kvyat,ricciardo,0.0978833698374546,-0.011305653624984757,0.14529097738399546,0.011757159893495945,-0.0010097741945170823,65,65
2015-06,silverstone,hulkenberg,perez,0.04731945763827933,-0.0034358172963754458,0.13620217386844194,0.011098367115111328,-0.0008960321960072691,64,65
2015-06,williams,bottas,massa,0.8271138169050842,-0.010810265670786995,0.30104878608326074,0.030811155465501536,-0.003814676086244876,63,62
2015-07,banbury,merhi,stevens,-0.1180480067440679,0.031220266820156495,0.25167424934629173,0.022250521927601286,-0.002663111927440509,49,61
2015-07,brackley,hamilton,rosberg,-0.015318409440926217,0.003160208339825943,0.11177063658625265,0.009486869563497834,-0.0005488278584350717,66,66
2015-07,enstone,grosjean,maldonado,-0.14617523892338102,0.018964135511214897,0.10876990038475852,0.007220950089341533,-0.0004031951526289541,64,66
2015-07,faenza,max_verstappen,sainz,-0.022650017385749593,-0.0023146769133844114,0.1824629762032208,0.013061372469157236,-0.0015034133158883733,65,65
2015-07,ferrari,raikkonen,vettel,-0.18944166920181105,-0.019866443678749013,0.11922651374391087,0.011642955985857314,-0.0006225291923162648,64,64
2015-07,hinwil,ericsson,nasr,0.36172493087418056,0.01359787904979215,0.1523789907515685,0.011210750329827572,-0.0009807454431424647,65,64
2015-07,mclaren,alonso,button,0.11585428930379871,0.025525972044411205,0.2230656964497275,0.015694615653431897,-0.0018794839982111912,37,46
2015-07,red_bull,kvyat,ricciardo,-0.04584998450349545,0.04410958944190489,0.10656202078275558,0.007122339279923493,-0.0004489765903175425,65,65
2015-07,silverstone,hulkenberg,perez,0.09982899971110168,0.040501527960783934,0.13013325777566573,0.0077484552402076025,-0.0005849344020255235,64,65
2015-07,williams,bottas,massa,0.19643396855847606,-0.00989098297006219,0.14070923799196572,0.011751752587196457,-0.0009738667757147244,66,66
2015-09,banbury,merhi,stevens,-0.44844461048658557,-0.019831729242816412,0.2567509885238577,0.02142383132588965,-0.004294238041572665,27,28
2015-09,brackley,hamilton,rosberg,0.04511683726853377,-0.011876312971358133,0.3853460705424982,0.07234186009063756,-0.004552723216815774,34,35
2015-09,ferrari,raikkonen,vettel,0.04025589335448054,0.21641313145804594,0.43910513649940836,0.0729146650080323,-0.00575195523847571,31,34
2015-09,silverstone,hulkenberg,perez,0.07512170284235176,0.03389399018879394,0.48091133363280586,0.08290468625382069,-0.01667825365291684,34,33
2015-09,williams,bottas,massa,0.414332607587766,0.022041380770306623,0.6181055044801325,0.09404544008299429,-0.03338539554279068,35,35
2015-10,banbury,merhi,stevens,0.4311086365054706,0.06943867396502945,0.18619556576721827,0.026939943039927826,-0.00033575515091893715,52,52
2015-10,brackley,hamilton,rosberg,0.1409438049737448,0.0386096315649469,0.24870601963962183,0.036978245309973935,0.0005793737561390219,54,56
2015-10,enstone,grosjean,maldonado,0.0444604866409507,0.17297420736159586,0.14780388163523053,0.030571002734115324,0.0019865105427963265,57,55
2015-10,faenza,max_verstappen,sainz,0.4257653841674001,-0.012187325885497202,0.10892474557250936,0.02133851052947642,0.0012333625478196573,54,46
2015-10,ferrari,raikkonen,vettel,-0.11455449768544135,0.0058338049895497734,0.08185502289004443,0.012046412500457564,-0.0002718165509384677,41,58
2015-10,hinwil,ericsson,nasr,0.05777639473355023,0.025234115369521942,0.10729456356529618,0.020166542825021547,0.00043346627952540746,56,56
2015-10,mclaren,alonso,button,0.4153626344549969,0.03911987966942865,0.09821982853634639,0.017293752857091303,-2.9380118048057278e-05,57,57
2015-10,red_bull,kvyat,ricciardo,-0.612236859756762,-0.002716400035720712,0.12602407219296133,0.02615189714947093,-0.00029117477617201956,56,56
2015-10,silverstone,hulkenberg,perez,0.7970071493064814,-0.011745789221413783,0.0990413110546841,0.02217476363529629,0.0010339521441062609,33,37
2015-10,williams,bottas,massa,0.8438887987835706,0.056522080396935695,0.12906701711095792,0.027146347427871823,0.001579588805442666,54,54
2015-12,banbury,merhi,stevens,-0.3733800528517728,-0.0016173037724489525,0.09709649719958277,0.014265342517419177,-0.0005759672181746107,47,47
2015-12,brackley,hamilton,rosberg,0.4409466832265774,-0.031157544098084244,0.11045889751715166,0.011513379542109235,-0.0005033721177964337,49,46
2015-12,faenza,max_verstappen,sainz,-0.06429259932324799,-0.016497640420871075,0.12185549814380739,0.022456613561180155,4.39255345007377e-05,45,46
2015-12,ferrari,raikkonen,vettel,-0.7005739278074116,0.02928927551040572,0.10367186500754878,0.012681766730425186,-0.0006599768811543379,49,49
2015-12,hinwil,ericsson,nasr,0.6139117603684784,-0.009310371919047423,0.07837242829727141,0.010500350642849803,-0.00027534799552408803,48,47
2015-12,mclaren,alonso,button,0.018920628541328366,-0.006571512488169118,0.09507437459447388,0.012972941496570824,-0.0005064843899056275,42,48
2015-12,red_bull,kvyat,ricciardo,0.01732985673521395,-0.026357900220505187,0.08977180939480946,0.012438578572634008,-0.0004357036026834104,48,48
2015-12,silverstone,hulkenberg,perez,-0.4127971569371136,0.003836780510148463,0.09112750223707447,0.010708894504135282,-0.0004265412288308939,48,49
2015-12,williams,bottas,massa,0.03894135477935623,0.018491727528907265,0.14816510499588803,0.013292894397490634,-0.001128517356099356,49,49
2015-13,banbury,rossi,stevens,0.3417669199558704,0.04889035655740048,0.09150678096144277,0.018361948724230727,-0.00044250339677419717,44,44
2015-13,brackley,hamilton,rosberg,-0.06018896665126605,-0.03352051135264761,0.10772136381785964,0.028611765154926125,0.0013835794925899426,20,47
2015-13,enstone,grosjean,maldonado,0.22851160540491758,-0.01617393304481396,0.1302522149659048,0.01799068586796669,0.00024632234003640587,39,41
2015-13,faenza,max_verstappen,sainz,0.42839049549830516,-0.013099345816468322,0.16993084734780456,0.026905611816351187,0.0008949346601504819,45,43
2015-13,ferrari,raikkonen,vettel,-0.10274883853721306,-0.052879659948628505,0.15022903394602583,0.02659361356895411,-0.0004421626843009262,47,47
2015-13,hinwil,ericsson,nasr,-0.19678076962068863,-0.0576328881822616,0.08756316589766158,0.013671739467987542,-0.0004147873708792201,42,45
2015-13,mclaren,alonso,button,0.08277010220080172,0.011455872150897876,0.08352729647100196,0.013779543968331946,-7.27093271729242e-05,20,35
2015-13,red_bull,kvyat,ricciardo,-0.5106561405003021,-0.07849352269501876,0.08608303415282219,0.013193675331918342,6.9086942056625005e-06,44,47
2015-13,williams,bottas,massa,0.6909219220120921,0.03468419483645714,0.048760067250871314,0.015120745975105048,0.00018306513490038296,47,18
2015-14,banbury,rossi,stevens,0.32917801988424555,-0.05103558726245416,0.12442327385752568,0.023014994411667735,0.0006229042861449599,45,42
2015-14,brackley,hamilton,rosberg,0.21959713088994648,0.014149584032748797,0.11413847547507786,0.020468387910769766,0.0005841484707317912,47,47
2015-14,enstone,grosjean,maldonado,-0.06306117111224174,0.0013420144446228965,0.06326596910221292,0.010653002265435625,-1.0433458031854628e-05,47,47
2015-14,faenza,max_verstappen,sainz,0.1806081645255126,0.09455196015160264,0.17201236790542201,0.02510280118442363,-0.0005357073846645613,47,46
2015-14,ferrari,raikkonen,vettel,-0.0007312645915935612,-0.0036325999871889003,0.07794489769819955,0.014559744157853206,7.895431880202477e-05,47,47
2015-14,hinwil,ericsson,nasr,0.3807770492018039,-0.09205842271949807,0.10215545422205799,0.01881685567355582,0.000959767834778704,46,40
2015-14,mclaren,alonso,button,0.44995057633085445,0.08119174720872713,0.10717698831685668,0.01835038461565115,-7.861569718745405e-05,46,46
2015-14,red_bull,kvyat,ricciardo,-0.7212668145566932,0.023404027699696725,0.17072634695263939,0.030961529674836456,0.0027728600010290595,44,47
2015-14,silverstone,hulkenberg,perez,0.5908311571342845,-0.0008482637820732553,0.11446671759071195,0.023348765148568557,0.0006600722037357618,45,45
2015-14,williams,bottas,massa,1.4309946032332106,0.07344218634064856,0.19366478965010353,0.03938316912755621,0.002132084880585048,47,44
2015-15,banbury,merhi,stevens,0.2748125370013854,-0.0037291077402980266,0.17277016853478938,0.02295223900699567,9.030417575237359e-05,41,39
2015-15,faenza,max_verstappen,sainz,-0.09169556821554697,-0.1151281162043773,0.1398366363460126,0.016458213717264206,-0.00118444865024974,40,32
2015-15,ferrari,raikkonen,vettel,-0.3684130276341049,0.02058011579482355,0.15028210398007968,0.013369758540021157,-0.0012464638289568745,40,40
2015-15,mclaren,alonso,button,0.02788797861699377,0.01721590076197943,0.158301889058155,0.011857701178504678,-0.0010566968803221355,42,42
2015-15,red_bull,kvyat,ricciardo,-0.09712065658574798,-0.0090988388166226,0.1232392740760266,0.00904644345876275,-0.0006400693599823498,40,34
2015-15,williams,bottas,massa,0.5193379507657351,0.015371997471303411,0.11004298669079815,0.014625625103975732,-0.000650021817046213,37,40
2015-17,banbury,rossi,stevens,0.09089395134526246,-0.040068467891968856,0.16190986586488837,0.02398455201395435,-0.002011904884550801,56,56
2015-17,brackley,hamilton,rosberg,0.29058775551859184,-0.01645228564383061,0.08379163307481584,0.010834365955076083,-0.00029567481180330687,58,58
2015-17,enstone,grosjean,maldonado,-0.2051913699711695,0.010558002400440249,0.13129165898905015,0.009098833636287879,-0.0007414427209957567,60,60
2015-17,faenza,max_verstappen,sainz,-0.21213687671998704,-0.01646426203579343,0.08903664154512168,0.011719512744919091,-0.00027024112615112704,60,57
2015-17,ferrari,raikkonen,vettel,-1.3882595731465706,0.04639922411748709,0.11004662684478415,0.021055773343637684,0.00021707503633526244,17,42
2015-17,hinwil,ericsson,nasr,0.2497395818540175,0.01654757975089227,0.16931721411619538,0.01903491779145181,-0.0006038688840522945,57,45
2015-17,red_bull,kvyat,ricciardo,0.07871622390949373,0.012883030444005628,0.15214410820956914,0.022123143884238673,-0.0018348894054418259,60,60
2015-17,silverstone,hulkenberg,perez,-0.05010804982898731,0.03648044093617098,0.1701616659326381,0.009137989244331462,-0.0008878117011502192,60,60
2015-17,williams,bottas,massa,0.06649180173855118,0.022713157603205525,0.11763568554486284,0.008517672177394551,-0.0005008088130180312,60,60
2015-19,banbury,merhi,stevens,-0.7884688547737855,-0.12951313017809923,0.1617039675139545,0.02268866348862757,-0.001288612288411627,48,47
2015-19,brackley,hamilton,rosberg,0.045766860888142746,0.019682971717254583,0.08487992002901114,0.010255607056291555,-0.00042907128854479054,49,49
2015-19,faenza,max_verstappen,sainz,-0.27743176965811733,-0.04876820541971044,0.13990191811001942,0.02866313570725106,0.002507777933121688,46,49
2015-19,ferrari,raikkonen,vettel,0.3889591695065495,0.00740907872959665,0.11786029863392998,0.02214592558057355,-0.0004554007707832419,49,49
2015-19,hinwil,ericsson,nasr,-0.3829475454612029,0.054648793592682265,0.09604303513742837,0.01894455091764319,-1.682483936013252e-05,48,46
2015-19,mclaren,alonso,button,-0.09534427947308283,0.05061729109187407,0.10782651060677463,0.01324107080458524,-8.745554923911413e-05,42,48
2015-19,red_bull,kvyat,ricciardo,-0.22404804747443524,-0.04793776514316522,0.07149206879769965,0.009539363477381286,-0.0001559831267878405,49,49
2015-19,silverstone,hulkenberg,perez,-0.49388933831243725,0.040283863644844375,0.060531712389240336,0.008007384099053725,-0.0001168758260760531,49,49
2015-19,williams,bottas,massa,-0.040249752867588584,-0.03210171531824929,0.09098356678288778,0.015681256998282486,0.00026036082801831256,47,49
2016-01,brackley,hamilton,rosberg,-0.46097945735901,0.04108557549003754,0.27410205328547316,0.018551081478872782,-0.0030043844648023946,50,49
2016-01,enstone,jolyon_palmer,kevin_magnussen,0.6445672365339234,-0.05960491270402489,0.19179943264263868,0.01411288152673291,-0.0017345740511520353,49,48
2016-01,faenza,max_verstappen,sainz,0.13692620183151238,-0.013514151302198657,0.22016382949464042,0.04294297328419028,0.005766003058962245,47,47
2016-01,hinwil,ericsson,nasr,-0.9720775244802344,-0.1522888907279229,0.2443128774406121,0.03804738165573125,0.0070425087964632255,26,48
2016-01,silverstone,hulkenberg,perez,0.29518344577583866,-0.0035786195535230172,0.12430436714266972,0.009591114078082287,-0.0007127072515057281,50,50
2016-01,williams,bottas,massa,-0.6360916420050249,0.03812587062647477,0.14475962563679737,0.00895432640511245,-0.0004707749844469568,51,49
2016-02,banbury,haryanto,wehrlein,-0.45489933154714,0.061092294226978934,0.10321915182761288,0.0207065288584412,0.001115804458168624,48,48
2016-02,brackley,hamilton,rosberg,-0.6966741461362009,-0.09431122988412177,0.15637027222455976,0.034878703088786725,0.003160255323174627,49,49
2016-02,faenza,max_verstappen,sainz,1.5881617390888754,0.05523353077819175,0.1304954866455768,0.02546098809066387,0.0016700942752677474,49,20
2016-02,hinwil,ericsson,nasr,0.0978318888402292,0.05293153483065475,0.10173193422445345,0.019758520524987472,0.0005795712950470567,50,48
2016-02,red_bull,kvyat,ricciardo,-0.5217474457952546,-0.014478212061736717,0.07149076737801573,0.014894508464037635,0.0005183397483414761,48,49
2016-02,silverstone,hulkenberg,perez,0.06088380812804167,0.14851021004142945,0.15264236914605356,0.026324628349537967,4.5818296826061025e-05,47,48
2016-02,williams,bottas,massa,0.2187630346045747,-0.0007143917710604186,0.08929343496065187,0.014348159322560719,-0.00014985953921481748,49,50
2016-03,banbury,haryanto,wehrlein,-0.6511035419967278,-0.04413955212786719,0.09085262491552051,0.02221630969642313,0.0005715883846238689,41,41
2016-03,brackley,hamilton,rosberg,-0.8344022866430405,-0.058593700878509236,0.1393457952160036,0.021110899276907465,-0.0008914920290260571,43,44
2016-03,enstone,jolyon_palmer,kevin_magnussen,-0.6831613200729456,-0.0751142858415278,0.1797156077892583,0.03411581955610527,0.0021725534362828786,41,43
2016-03,faenza,max_verstappen,sainz,0.09868580745897293,-0.02296376360503649,0.11524533546981448,0.02038622175472131,0.0004304541471746057,44,44
2016-03,ferrari,raikkonen,vettel,-0.1433656620349233,0.021993118607063045,0.13013681146378053,0.024445122169438133,-0.0002041821366689633,43,44
2016-03,haas,grosjean,gutierrez,-0.34892006739399267,-0.06635953224584966,0.15177340535367148,0.035035789079916564,0.004547519649810784,40,41
2016-03,hinwil,ericsson,nasr,0.09430685887147239,0.06618710168964997,0.13407355872725027,0.023987693476807053,-0.0014478134758854479,45,42
2016-03,mclaren,alonso,button,-0.1047157352835359,0.06661468319491777,0.131877541408743,0.02101307412943982,0.0001644650256614796,44,44
2016-03,red_bull,kvyat,ricciardo,-0.1690144470434961,-0.044819883921001814,0.06924612286014437,0.01669557308151811,0.00023717266754232137,44,43
2016-03,silverstone,hulkenberg,perez,-0.07137225028212724,0.02353983719947142,0.12912155297444422,0.021204890546875056,0.0006362011199237131,41,44
2016-03,williams,bottas,massa,-0.10878314582899265,-0.017320591776064348,0.12328769088302155,0.018572957139045873,-0.00021264030039728875,44,44
2016-04,brackley,hamilton,rosberg,-0.0009379525833392854,-0.034199968006268955,0.1857069885001392,0.019669989853968433,-0.001628982629794794,46,46
2016-04,enstone,jolyon_palmer,kevin_magnussen,-0.23076303289876132,-0.023464577237395284,0.10600410932771909,0.008950698694770984,-0.0005023501503289036,45,45
2016-04,faenza,max_verstappen,sainz,0.5381973647806525,-0.006868358334212787,0.19170077642879965,0.011979785452306522,-0.001359222304600427,24,45
2016-04,haas,grosjean,gutierrez,1.2757773533255672,-0.02343750414963841,0.13463542364349296,0.010677699452451336,-0.0008160416457267218,45,45
2016-04,hinwil,ericsson,nasr,0.2659639836169355,0.011195916247787041,0.1861359207708501,0.016115335959787584,-0.0017131512101530388,45,45
2016-04,mclaren,alonso,button,0.04768400757577915,-0.024123194517474904,0.1380046672143687,0.0149569647505546,-0.0009610406169946446,45,45
2016-04,red_bull,kvyat,ricciardo,-0.04079804498026507,-0.019870279509116948,0.16033946421897402,0.012841700803446708,-0.0010377851212786534,45,45
2016-04,williams,bottas,massa,0.13211547065610618,0.007491173578547228,0.13250427814940743,0.015125213523099,-0.0005598356110679234,46,44
2016-05,banbury,haryanto,wehrlein,-0.012748716986324737,-0.02808828809985968,0.11819965351811301,0.017361592086305565,-0.0005366294307068507,56,56
2016-05,enstone,jolyon_palmer,kevin_magnussen,0.18705437167261818,0.02890176304181831,0.13825313333510122,0.01781686699223428,-0.00017501707364815883,56,54
2016-05,faenza,kvyat,sainz,-0.07668814091583542,0.010246099712898138,0.09713036327222511,0.014665070807417517,-0.00013821239795409356,54,57
2016-05,ferrari,raikkonen,vettel,0.16849216180038118,0.02722466130202239,0.11884169083489089,0.017033882162740224,0.0001236880209168216,57,55
2016-05,haas,grosjean,gutierrez,0.015753649714663365,0.008859963322400993,0.17890766662051316,0.03063965647127141,0.0010425450946322647,42,56
2016-05,hinwil,ericsson,nasr,0.31840080869322684,-0.03758805393778797,0.08496482532505131,0.012937338852684494,-0.0002441890037862654,54,56
2016-05,mclaren,alonso,button,0.08244234424546382,-0.0040726600214938125,0.1314910899234456,0.0168324348677511,-0.000569657030619685,34,56
2016-05,red_bull,max_verstappen,ricciardo,0.2288619824116762,0.012815088237042638,0.08557231980459383,0.014848286786356734,0.00011873370741911125,57,54
2016-05,williams,bottas,massa,0.14521117054021282,0.0479494279858,0.14700151587960442,0.020059224665713422,-0.0007348681220978303,57,55
2016-07,banbury,haryanto,wehrlein,-0.5556662707351054,-0.027357274913326596,0.12225548162349181,0.016630514212236727,-0.0005283230072140178,59,61
2016-07,brackley,hamilton,rosberg,0.4652702114505487,0.019129563124590465,0.18442992628793045,0.01791503739793471,-0.0013732056303885816,64,62
2016-07,faenza,kvyat,sainz,-0.6555446748555748,-0.0008207143575619247,0.1049878589322731,0.013046241212553248,-0.000507666947591434,61,61
2016-07,ferrari,raikkonen,vettel,-0.8424897697974636,0.004702712180698954,0.08503656037310202,0.009159025027007717,-0.0002262529125515862,64,64
2016-07,haas,grosjean,gutierrez,0.33951463518929875,-0.021289483301943066,0.10590688500929243,0.015077113645244573,-0.00022661191478808671,58,60
2016-07,hinwil,ericsson,nasr,0.5597664486524405,-0.030217039402159918,0.12333419791250054,0.014348650751790473,-0.0005861133456648533,59,60
2016-07,red_bull,max_verstappen,ricciardo,-0.03254405414040873,0.007132380152580664,0.11044736725483247,0.011944248166996652,-0.000562999439449171,62,62
2016-07,silverstone,hulkenberg,perez,0.11987623905915712,-0.03269609144100019,0.10996967951385608,0.01359100590678084,-0.0004757386520500054,61,61
2016-07,williams,bottas,massa,0.43499447664452723,0.020107921605576506,0.1132873812584802,0.01778269986665178,5.7732687371960134e-05,64,27
2016-08,banbury,haryanto,wehrlein,0.5487712705720698,-0.11158050921393459,0.2677663566120672,0.02460295200790479,-0.0021774977142788227,46,32
2016-08,brackley,hamilton,rosberg,-0.6606403777028989,-0.02928908611300858,0.13954233441213446,0.013940694719764595,-0.0009035231838064723,47,47
2016-08,enstone,jolyon_palmer,kevin_magnussen,-0.39580647727552754,-0.027822321652228782,0.17785788748194947,0.0187182238281788,-0.0008244737049427602,44,46
2016-08,ferrari,raikkonen,vettel,0.029462331835747646,0.026214783183617085,0.13307150231587211,0.011554411440256694,-0.0006023550914818559,47,47
2016-08,haas,grosjean,gutierrez,0.35447148783474514,-0.026565325170480554,0.1754852049598907,0.027850981412800672,-0.00014848827368288406,44,44
2016-08,hinwil,ericsson,nasr,-0.7902983171380131,-0.014708425202033526,0.13053655713094492,0.018990695344770235,-0.00018298756610186245,44,44
2016-08,mclaren,alonso,button,-0.21220321599019926,-0.030444034167149255,0.11243972913052712,0.017850951872408878,-0.00012476875512960108,34,45
2016-08,red_bull,max_verstappen,ricciardo,-0.028346899514442025,0.0602602298882083,0.14190042673350248,0.013111926803075293,-0.0010781887570817054,45,45
2016-08,silverstone,hulkenberg,perez,-0.6568940945354214,-0.03452132006683621,0.19579132615972067,0.01764720782527669,-0.002085986951448513,47,47
2016-08,williams,bottas,massa,0.2130071960867455,0.07639939155764351,0.16289842474977403,0.0229710733449939,-0.0006822625468668586,47,45
2016-09,banbury,haryanto,wehrlein,-0.7205573665191509,0.03534032062536163,0.19295057613617544,0.02974916570706785,-0.001624332705964108,59,57
2016-09,brackley,hamilton,rosberg,-0.2067589435825723,-0.02764788415748953,0.14471957705508653,0.022449330269068028,-0.0003197780451836441,58,58
2016-09,enstone,jolyon_palmer,kevin_magnussen,0.05763814786240151,-0.025943153654720764,0.16764073819343261,0.030381679024299217,0.0008385131329575328,57,57
2016-09,ferrari,raikkonen,vettel,0.22069996491537902,0.04270157968420041,0.12956176365767647,0.015861525997668373,-0.0009188915908368013,60,23
2016-09,haas,grosjean,gutierrez,-0.04615512904407304,0.06708605454936362,0.20956105243578155,0.02068059035369956,-0.0016101993373924955,62,57
2016-09,hinwil,ericsson,nasr,-0.11944072081408463,0.026844136537700684,0.19113373045095639,0.031667594176028976,0.00026154633489123733,57,59
2016-09,mclaren,alonso,button,-0.2805026835937723,-0.05043669500538574,0.08639947468559271,0.0073937830151030535,-0.0002945419495390963,51,60
2016-09,red_bull,max_verstappen,ricciardo,0.2964228598680714,-0.017488165156994584,0.0795372826026468,0.008996569354972983,-8.213789425372083e-06,60,58
2016-09,silverstone,hulkenberg,perez,-0.4853416166354018,-0.08230943389755707,0.13518404422896343,0.019833934524639846,0.00012169690962805224,46,56
2016-09,williams,bottas,massa,-0.27439323022594553,-0.031026585590300644,0.118912973007785,0.019962181552071797,0.00019145183291041244,57,48
2016-10,brackley,hamilton,rosberg,-0.7205422744115091,0.022205489402626177,0.34032759869303253,0.026464574556160622,-0.006083054042133811,32,32
2016-10,faenza,kvyat,sainz,-0.4642410542156351,0.040925528694039495,0.3503974971932596,0.02334465387897849,-0.005780940740376109,32,31
2016-10,ferrari,raikkonen,vettel,0.07024614011128094,-0.0110538858860849,0.487106161996251,0.033462201007100296,-0.011716688623600936,32,32
2016-10,mclaren,alonso,button,-0.0393469701554707,0.06412564754542005,0.29750107575493673,0.032286995724733016,-0.004222768952296694,28,31
2016-10,red_bull,max_verstappen,ricciardo,0.14993306325852562,0.012887879148193337,0.23200511906843885,0.017445878886538032,-0.002188162771128399,32,32
2016-10,silverstone,hulkenberg,perez,0.15802012154473455,0.03625251352149912,0.348591729531534,0.02892483045500326,-0.007220074763301868,32,32
2016-10,williams,bottas,massa,-1.019068947392322,-0.01840049094580956,0.39065352121163543,0.03942385223529173,-0.006680199661557971,31,29
2016-11,banbury,haryanto,wehrlein,-1.1485876769433605,0.08014060798284284,0.20634068555968987,0.024173326604866426,-0.0019440267178916957,64,62
2016-11,brackley,hamilton,rosberg,-0.4041642007653965,0.018233510736072378,0.11128296103027883,0.015025620636855645,-0.0006607826804975569,64,64
2016-11,enstone,jolyon_palmer,kevin_magnussen,-0.03061438500969793,0.008383522580450165,0.16439883060100507,0.01820192205727474,-0.0009769692715049197,62,63
2016-11,faenza,kvyat,sainz,-0.21235439716386262,-0.023923430096330245,0.13264239609518047,0.020361601792638788,-0.0010120961809574813,63,63
2016-11,ferrari,raikkonen,vettel,0.15497726338768203,-0.03886008659933471,0.1317061282120736,0.016979635628450042,-0.0009724529701265013,64,64
2016-11,haas,grosjean,gutierrez,0.08501252591415473,-0.010413572213661737,0.11578403344590243,0.014437810066330898,-0.0005824385673730918,63,63
2016-11,hinwil,ericsson,nasr,-0.5119635051414126,-0.09582908221797648,0.13692387784504154,0.020336289092346086,0.00015433630598055633,60,63
2016-11,mclaren,alonso,button,0.4386247889438669,0.01802520477507924,0.1035355891228754,0.016114382298255264,-0.0003563867735465308,63,48
2016-11,red_bull,max_verstappen,ricciardo,-0.02204061053209827,-0.04464603061032513,0.0968177642737278,0.010091982534685988,-0.00036257880280439226,64,64
2016-11,silverstone,hulkenberg,perez,-0.032292308647038026,-0.0118293886161136,0.10720417387606312,0.013166784361796214,-0.0004098109221295817,63,63
2016-11,williams,bottas,massa,1.0600959943134938,-0.0016093293787138307,0.15006461189802084,0.016506162681558953,-0.0005744301922948848,63,62
2016-12,banbury,haryanto,wehrlein,-0.6121487145862399,0.036203323011131106,0.17767445996381367,0.040583796186040404,0.00299482539041336,57,57
2016-12,brackley,hamilton,rosberg,-0.07990534093492085,0.010821683139832134,0.089006326483022,0.015791421667171776,-0.00015070797130741924,59,59
2016-12,enstone,jolyon_palmer,kevin_magnussen,-0.9131255622436241,0.0035698843511637636,0.12733101790072396,0.02066307404962131,-0.0007378728769885726,57,60
2016-12,faenza,kvyat,sainz,-0.055310109544443806,0.00531213842423706,0.10941651846486913,0.01898013426917741,-0.0003390482696049952,58,58
2016-12,ferrari,raikkonen,vettel,-0.08978703408255362,-0.005774981779931743,0.06354141223113938,0.01266662571574377,6.158183703872049e-05,59,59
2016-12,haas,grosjean,gutierrez,-0.19899958590604572,0.011477222464552184,0.11417708321322635,0.016455089348532292,-0.00034713570215489205,60,60
2016-12,hinwil,ericsson,nasr,0.22132638102689617,-0.00969673594040285,0.11547545934750846,0.022479976073608285,0.0007969028675498287,59,45
2016-12,mclaren,alonso,button,-0.017209215102702916,-0.004894008731414545,0.10986252211449078,0.023888384524056016,0.001052711183749517,58,58
2016-12,red_bull,max_verstappen,ricciardo,-0.1645670674224582,0.028566286864743197,0.08001891485412503,0.016617603019003578,0.00043493427478775044,59,59
2016-12,silverstone,hulkenberg,perez,0.25417222258769484,0.0664843614076856,0.07271500508253424,0.01596498486103113,0.00037639823240407825,59,58
2016-12,williams,bottas,massa,1.2960809126739878,0.0003845369288146827,0.14733282966016234,0.027152085871871956,0.0020704587122457483,60,27
2016-13,brackley,hamilton,rosberg,0.014589755319103892,-0.016034457580315284,0.13588494386615177,0.035636448893812095,0.0038114840512512636,31,33
2016-13,ferrari,raikkonen,vettel,-0.11746347301512639,-0.06291202658210415,0.08816796156153041,0.018880567918640154,0.0003732749248694797,32,33
2016-13,haas,grosjean,gutierrez,0.025693761992792163,0.036214599459070566,0.1005175293097003,0.01842860362733094,-0.0004235516951110343,34,33
2016-13,red_bull,max_verstappen,ricciardo,-0.7833483846182893,-0.032463087071682876,0.1077946147484274,0.020309825691601294,0.001316890877697052,31,33
2016-13,silverstone,hulkenberg,perez,-0.09231077836300478,0.019178519663186212,0.1043504682632103,0.016389679972924724,-0.0007025949751597626,33,34
2016-13,williams,bottas,massa,0.13713133823956136,0.09919443657323351,0.06605639947640089,0.015344922868306148,0.00037877804753667677,34,32
2016-14,banbury,ocon,wehrlein,-1.414233353881159,-0.062298170363453975,0.17046195093974592,0.027947487380813634,0.0003270678349751069,47,20
2016-14,brackley,hamilton,rosberg,-0.21512038780187392,0.016540798555315928,0.1457615777360613,0.015048629639701579,-0.0012629095512006524,49,49
2016-14,faenza,kvyat,sainz,-0.6386141443287727,0.04668856024974383,0.14998519977335506,0.028666572016686008,-3.335928143070579e-05,29,46
2016-14,ferrari,raikkonen,vettel,-0.08727052517699274,0.01747134183901289,0.05958250301534053,0.011426283984828409,9.311015798141274e-05,47,47
2016-14,haas,grosjean,gutierrez,-0.0003834861430942471,-0.02726503955168952,0.11844559839017302,0.017982740315492646,-0.0002923433783442905,48,46
2016-14,mclaren,alonso,button,-0.2983966323660754,0.008291779693991419,0.08220997444205728,0.014396803421860666,6.802975553744196e-05,44,46
2016-14,red_bull,max_verstappen,ricciardo,-0.09857886949885641,0.006074940604523347,0.06329688431523957,0.014117963022068488,-0.0001333614913086596,47,47
2016-14,silverstone,hulkenberg,perez,-0.32931015859589996,0.05705005862880161,0.09422747158313287,0.018365465156804876,0.0003712212813682852,47,47
2016-14,williams,bottas,massa,0.3100985784256799,-0.008643678688472545,0.07989333838663,0.014141431490265512,0.00021308274609751712,47,47
2016-15,banbury,ocon,wehrlein,-0.38651700011022205,0.05188817335106294,0.11359554979323928,0.027033988079560773,0.0006766884649158282,49,52
2016-15,brackley,hamilton,rosberg,0.1740886309896561,-0.014513756267653888,0.08898780930177363,0.019404081795636078,0.0005196083763408338,51,53
2016-15,enstone,jolyon_palmer,kevin_magnussen,-0.6756740640392,0.06449473039521025,0.10245785293319759,0.016465422907283603,-0.00042134523817810213,52,53
2016-15,faenza,kvyat,sainz,0.645407666271264,-0.06030183715843196,0.17391227915570961,0.025339700616729098,-0.0007615429044449244,53,50
2016-15,ferrari,raikkonen,vettel,0.13745916168427486,0.07766669344064414,0.07758300627094254,0.017430244699063957,0.0004785638503896111,51,53
2016-15,hinwil,ericsson,nasr,-0.17366945613688445,-0.00040327507951420927,0.13504401775147035,0.022344116557942245,0.00038658100410457913,50,52
2016-15,mclaren,alonso,button,0.962498420179656,0.09516064446513722,0.15906050851745626,0.03495199785142755,0.0009721453060826467,53,32
2016-15,red_bull,max_verstappen,ricciardo,-0.8174375274772534,-0.0608958175410228,0.10096039746748152,0.02534392648765037,0.0009119116650790509,51,51
2016-15,williams,bottas,massa,-0.5439683107813048,-0.04382788242426813,0.15531242198544973,0.04170437434256603,0.003968971374210645,24,50
2016-16,banbury,ocon,wehrlein,-0.4307182676785284,-0.01656349900306836,0.08695515955151865,0.015913494449913558,-9.940291316846619e-05,39,42
2016-16,brackley,hamilton,rosberg,0.45227836728404647,0.03361719252626888,0.12314006778490386,0.0211865715322271,2.4454326307114145e-05,30,43
2016-16,faenza,kvyat,sainz,-0.5986545675591763,0.017072377787523574,0.07437366053534898,0.012387364139675151,-7.371141938512643e-05,42,41
2016-16,hinwil,ericsson,nasr,0.7731992325072341,-0.012972689143792016,0.08289957937798417,0.011237947831773513,-0.00036268394540982316,40,31
2016-16,mclaren,alonso,button,0.43128762615246186,0.018872420566234005,0.07431288399025984,0.012921410123069828,-4.934216180946242e-05,43,43
2016-16,red_bull,max_verstappen,ricciardo,0.23204084514255996,-0.02834558357405914,0.06798397242237422,0.014734867869910866,9.975508343859727e-05,43,43
2016-16,silverstone,hulkenberg,perez,0.20015558253266474,-0.0026150876275736756,0.05046430785864992,0.009950936479723206,2.393862127216276e-05,43,43
2016-16,williams,bottas,massa,0.5601122146285631,0.03695810800751054,0.09986864905638322,0.010903008355060528,-0.0006097542154925397,43,39
2016-17,banbury,ocon,wehrlein,0.01950901792647053,0.08575565716272887,0.1673832592591659,0.03131787259359377,0.000550978790648573,46,46
2016-17,brackley,hamilton,rosberg,0.18632727412561145,0.04578278917974549,0.1125328253723677,0.0196679146881669,-0.00023144211844365993,47,47
2016-17,enstone,jolyon_palmer,kevin_magnussen,0.2993685418200008,-0.005883609924612579,0.1516651317239539,0.019699213466764027,-0.001140052286420356,48,48
2016-17,faenza,kvyat,sainz,0.06671186709420318,-0.019478395487239786,0.14629804606349056,0.02466405696169097,-0.00021292231274306709,46,46
2016-17,ferrari,raikkonen,vettel,0.18768253012182923,0.04447503965007204,0.13775662106082573,0.023021570035270694,0.00010942772451420522,47,47
2016-17,haas,grosjean,gutierrez,0.9097323743159622,0.025260386985172564,0.140450700387949,0.02590693346782104,0.0006672339807175676,47,46
2016-17,hinwil,ericsson,nasr,0.3588094965912182,-0.016537146535549607,0.10169860086725767,0.015113727416057413,-0.0007440241311917977,48,48
2016-17,mclaren,alonso,button,0.32934002836830845,-0.013928433448447741,0.14371594972314797,0.031106942012190365,0.00016394789964638835,46,46
2016-17,red_bull,max_verstappen,ricciardo,0.30504756075739126,0.049417863886226224,0.11656585535752899,0.022452062852425212,8.094327933268148e-05,47,47
2016-17,silverstone,hulkenberg,perez,-0.002116307236969539,0.011378700686311416,0.10159576508928143,0.013017122765950526,-0.0007270195927011828,47,47
2016-17,williams,bottas,massa,0.14624451771711874,0.013868815135890777,0.1076067932802847,0.012109660088299893,-0.0006647195723595721,49,49
2016-18,banbury,ocon,wehrlein,-0.5615111612417478,-0.007091615923825678,0.18780955400274796,0.04482076338529316,0.005511499885741336,42,47
2016-18,brackley,hamilton,rosberg,-0.11508113930099717,0.0005501294355417657,0.09311900632607878,0.0167413521345887,3.636844843922464e-05,48,48
2016-18,enstone,jolyon_palmer,kevin_magnussen,-0.020843101833925348,0.005420380435035009,0.09558675331930695,0.02007282185709809,0.0009065331881096652,45,43
2016-18,faenza,kvyat,sainz,-0.8040455508159281,0.08071924633898908,0.09662848692192297,0.011771164571348752,-0.0003308195767214231,47,48
2016-18,ferrari,raikkonen,vettel,0.1678766469797035,-0.02687131888730032,0.10800201778828915,0.021956670718536887,0.0016568642069984699,26,45
2016-18,hinwil,ericsson,nasr,0.829572633263858,-0.0618992429930454,0.1950733783498472,0.021886083610407902,-0.0025127521981957203,47,48
2016-18,mclaren,alonso,button,0.5027594812970524,-0.005245700374992,0.06348871432311054,0.009589606194330445,-7.243358585462957e-05,48,45
2016-18,red_bull,max_verstappen,ricciardo,-0.022464518935469302,-0.06426526421708983,0.20001774776846973,0.03942036072672614,0.0046028796375066254,22,46
2016-18,williams,bottas,massa,-0.6312704129684041,0.014106140589876831,0.12263459794542006,0.01405682535690627,-0.00044879109141523094,46,45
2016-19,brackley,hamilton,rosberg,0.1371300080466109,0.0009329304312504783,0.10638647528141856,0.006533808154289825,-0.0004230331937559108,64,64
2016-19,enstone,jolyon_palmer,kevin_magnussen,-0.12404021252038255,0.039947447640396705,0.15803664121574837,0.01007907504460556,-0.0006266641732615943,65,61
2016-19,faenza,kvyat,sainz,-0.096571875282975,0.03446345710639401,0.1772092189059636,0.012899309187854346,-0.0014034424211502323,61,63
2016-19,ferrari,raikkonen,vettel,-0.39326188189817635,0.0016040228556300669,0.15702356868007397,0.01664120928726579,-0.0014650980100218388,62,64
2016-19,haas,grosjean,gutierrez,-0.28291741373178647,0.0033664240540111634,0.12095217565347309,0.012376236873926357,-0.0005890652928737596,61,61
2016-19,hinwil,ericsson,nasr,0.237643443738909,-0.00212305107844149,0.2173845076291625,0.008759857594801539,-0.0015828336503281352,65,63
2016-19,mclaren,alonso,button,0.09271377762657745,-0.021784962627479774,0.1384957997449775,0.01105162361117826,-0.0008122432913883926,61,63
2016-19,red_bull,max_verstappen,ricciardo,0.1581598169897387,-0.011009736773285317,0.1169202463946452,0.0056063488356075985,-0.00045847028629904973,64,64
2016-19,silverstone,hulkenberg,perez,0.1839685346947239,-0.005294363547562686,0.15987344303606046,0.006870915659305343,-0.0008015271821912527,64,64
2016-19,williams,bottas,massa,0.318801749544004,-0.015422591439196554,0.14048640933160167,0.006108868889448718,-0.0006210462331564763,64,64
2016-21,banbury,ocon,wehrlein,-0.46977465868857304,0.012886354901923858,0.12983809564408977,0.022685056978395356,0.00015187758112998855,48,48
2016-21,brackley,hamilton,rosberg,-0.3189728507850359,-0.004728772954263882,0.08980990537252498,0.010138535804156412,-0.00020768164036083123,49,49
2016-21,ferrari,raikkonen,vettel,-0.43111390078278233,-0.026874858619250874,0.12309952402759848,0.014046997210892295,-0.0003993083952200741,49,49
2016-21,haas,grosjean,gutierrez,0.15067107057345058,-0.034943037474979816,0.11201722760037701,0.020102067000265927,-0.00026715940161362056,49,49
2016-21,hinwil,ericsson,nasr,0.12123411794618355,-0.021221905694408377,0.06712799679376084,0.008012213515541594,-0.0001802900146727451,50,48
2016-21,red_bull,max_verstappen,ricciardo,-0.23220510450796072,0.046171049206830905,0.14543616193182407,0.013170700940534928,-0.0011020145240724255,51,49
2016-21,silverstone,hulkenberg,perez,0.1062656080433799,0.03591898817189332,0.07242887577771442,0.010492695282299857,-0.0002933346515817933,49,49
2017-01,brackley,bottas,hamilton,-0.23229343213761133,-0.010786970151223197,0.1219247739142412,0.01148227003426822,-0.0005160849648716602,53,53
2017-01,faenza,kvyat,sainz,0.4164903725276581,-0.03451628425792569,0.08994906617421151,0.009709127178798592,-0.0003369436746340103,50,52
2017-01,ferrari,raikkonen,vettel,-0.6251603723826342,0.03782228944666621,0.09974863199563289,0.009322240717215368,-0.0004657607790098411,53,53
2017-01,hinwil,ericsson,giovinazzi,-0.3126814477867583,-0.05993457103000982,0.16386033882483958,0.026924838908230532,-0.0003367505525529691,16,51
2017-01,mclaren,alonso,vandoorne,0.959874288593173,-0.06751843141206004,0.18564954152058094,0.015124701960534103,-0.0009238214375232361,43,51
2017-01,red_bull,max_verstappen,ricciardo,1.7902261168650724,-0.15439885839338258,0.2561147180886988,0.04331791365479125,6.140106919752948e-05,53,19
2017-01,silverstone,ocon,perez,-0.795093815083692,0.005648948004298271,0.11861311360401965,0.009685698682987532,-0.00038792527846160703,52,52
2017-01,williams,massa,stroll,1.1348555227237969,0.02555634565431264,0.13831728947127406,0.019738195250655587,0.000356633124904348,53,31
2017-02,brackley,bottas,hamilton,-0.03061191044158118,-0.03014185077801937,0.16469282023606774,0.018333609947801963,-0.0016598508143618762,44,44
2017-02,enstone,hulkenberg,jolyon_palmer,0.375111090555599,0.013572703394924251,0.2482055597304458,0.03480630149366851,-0.005205880153878015,43,43
2017-02,ferrari,raikkonen,vettel,-0.6870735571920339,-0.014209320580385543,0.18204525592677656,0.02383252570015562,-0.0011834771561458023,44,44
2017-02,haas,grosjean,kevin_magnussen,-0.34272686574837236,0.036408340652031745,0.16226431256737672,0.022655035630404684,-0.0016337466466565475,43,43
2017-02,red_bull,max_verstappen,ricciardo,0.1839713358526498,-0.060768066955004474,0.1404245990854027,0.017337044635486663,-0.0012793097791815062,44,44
2017-02,silverstone,ocon,perez,-0.02941745464317458,0.046895473434960255,0.14850623098542498,0.01479692209934481,-0.0009932075899310106,43,41
2017-03,brackley,bottas,hamilton,-0.6817530337878438,-0.032855727194869955,0.09528369656682215,0.011254506838112759,-0.00041140281805598184,48,48
2017-03,enstone,hulkenberg,jolyon_palmer,0.59059460831632,-0.007555873590788242,0.07908120431840446,0.014191629669606645,-0.00026824281360321846,48,47
2017-03,ferrari,raikkonen,vettel,-0.4155200028595565,-0.024558904157328365,0.05262815082676396,0.00836655170947713,5.1977585684391604e-05,47,46
2017-03,hinwil,ericsson,wehrlein,0.20855440553997773,-0.039128558792702384,0.139823119033737,0.013298895757116591,-0.0009545423500256116,39,47
2017-03,silverstone,ocon,perez,-0.1880379299436769,0.00994930327061308,0.06976477579182767,0.011472808660941827,-0.00016427025182461243,46,48
2017-04,brackley,bottas,hamilton,0.6183197374638432,-0.032019421294086525,0.1373087417661458,0.015157924153462694,-0.0013121234288004152,45,45
2017-04,faenza,kvyat,sainz,-0.720325044893964,0.08827960571458215,0.12997469612437335,0.017915650275982752,-0.001309654684743823,44,44
2017-04,ferrari,raikkonen,vettel,-0.21041738318650105,-0.002093446349089645,0.12843387900403386,0.011197384257467363,-0.0008905512705127063,45,45
2017-04,hinwil,ericsson,wehrlein,-0.03531145271683833,0.08142855099440927,0.08758726962155362,0.009302312848212676,-0.0005027444418425204,44,43
2017-04,silverstone,ocon,perez,-0.1045520498115588,-0.011430455082158425,0.06215562717050061,0.007620808980642279,-0.00031459885797563794,45,45
2017-04,williams,massa,stroll,0.7782761234598802,-0.0712668296479061,0.11677054692615244,0.015235037973427207,-0.0007870611962113623,42,44
2017-05,brackley,bottas,hamilton,-0.6879431384250694,-0.05749302378543339,0.18558971987607573,0.022627113082925174,-0.0008363588481924762,30,58
2017-05,enstone,hulkenberg,jolyon_palmer,0.3636449173760135,0.02920019924621832,0.08581609192991725,0.01531561361101344,-0.00027131842823012215,57,52
2017-05,faenza,kvyat,sainz,-0.17344354870688225,-0.022382716608205046,0.13064738917552993,0.012719702340084123,-0.0007899958113422381,58,57
2017-05,haas,grosjean,kevin_magnussen,0.13290283557411658,-0.003053074931884392,0.10624509400802414,0.01667798460309191,-6.122081917424527e-05,57,55
2017-05,hinwil,ericsson,wehrlein,0.45552793322234014,-0.05339639166156077,0.13064716326168085,0.01049351583257987,-0.0008352993975886832,55,59
2017-05,mclaren,alonso,vandoorne,1.13645495510066,-0.056349835751502785,0.21838937368224412,0.05083846482668253,0.005372021564785198,52,25
2017-05,silverstone,ocon,perez,-0.1354255446015733,0.009137031291079567,0.07104864737302698,0.01142340691831476,-9.861356531604045e-05,58,58
2017-05,williams,massa,stroll,1.0231940068521836,-0.007898808346571529,0.13191866068723182,0.018637986139740024,-0.00017080652919412853,55,56
2017-06,brackley,bottas,hamilton,-0.14602121715400962,-0.004348189050383201,0.3658572047683212,0.018068418663724214,-0.004802651031885976,66,66
2017-06,faenza,kvyat,sainz,-0.056715515309342546,0.04584233606323085,0.21645521623113598,0.016766573698042703,-0.0020942858826908327,57,66
2017-06,ferrari,raikkonen,vettel,-0.36884292696656895,-0.026682734154509835,0.2172108299740136,0.01447994243245984,-0.0019691015623167878,66,66
2017-06,haas,grosjean,kevin_magnussen,-0.4309223613511982,0.018789826698039747,0.26447609341965783,0.018921087666278376,-0.0029830034003418115,66,64
2017-06,hinwil,ericsson,wehrlein,-0.08017753627699453,0.05566046186378611,0.21724159399447646,0.013249301770906727,-0.0016015562039805302,55,51
2017-06,mclaren,button,vandoorne,-0.23822487309570847,-0.046768797609164484,0.1718894018984934,0.017485772556037654,-0.0011908013255320497,49,56
2017-06,red_bull,max_verstappen,ricciardo,0.020842329134116655,0.013077660584130735,0.19689199451611042,0.015981926787052427,-0.0016524655943197357,66,66
2017-06,silverstone,ocon,perez,-0.49601247500157275,0.00971457152265557,0.1589173948840766,0.012671942776121322,-0.0010122196126706837,63,64
2017-06,williams,massa,stroll,0.3448556104153038,-0.013997523297709959,0.20040274409260356,0.015336023976157416,-0.0016570028900051706,66,55
2017-08,brackley,bottas,hamilton,-0.8257538199751044,-0.034868937755788476,0.11805671195756749,0.01758157320194004,0.0002260805615969176,34,34
2017-08,ferrari,raikkonen,vettel,-1.3352823854670333,-0.05660464040196084,0.09569403958088073,0.023216993162172593,0.0017070021414106369,26,34
2017-08,haas,grosjean,kevin_magnussen,-0.7587439175328838,-0.012293802272091522,0.2349403733007753,0.0455729094209661,0.0025519356796854615,31,36
2017-08,hinwil,ericsson,wehrlein,-0.2903258375280575,-0.014223024358806374,0.3144321506595704,0.037757399067350206,-0.0025029124264692388,36,36
2017-08,mclaren,alonso,vandoorne,0.019477433816604273,-0.01620242149779083,0.22474091679065855,0.03359271512912374,0.0007957092650141953,36,32
2017-08,silverstone,ocon,perez,0.043647388767484196,0.027692045821837964,0.14073974513228116,0.03446849047712362,0.002316200602004478,36,19
2017-11,brackley,bottas,hamilton,-0.1769615140392795,-0.02455733517174545,0.16421789040788223,0.012623853595041796,-0.0014324320808603254,61,61
2017-11,enstone,hulkenberg,jolyon_palmer,0.37658695304321965,0.02975655336676769,0.18975800266467233,0.011749893144387591,-0.0012967366923194697,55,60
2017-11,faenza,kvyat,sainz,0.060274195840684996,-0.01111808802095337,0.16533972777687295,0.013128159323990475,-0.0014293543181805738,60,60
2017-11,ferrari,raikkonen,vettel,0.25509954773119636,0.008640718124989732,0.14551462989169106,0.010844194751667917,-0.0011510713680981351,61,61
2017-11,hinwil,ericsson,wehrlein,0.33375671444079824,-0.00974145161068802,0.2005689821769195,0.014118420023245034,-0.001651993488030672,59,59
2017-11,mclaren,alonso,vandoorne,-0.21490123069953807,0.03758823985245788,0.19311596727242508,0.012512295755061815,-0.0017456657446823433,61,60
2017-11,silverstone,ocon,perez,-0.17620259932252613,-0.01881391838721469,0.20516109081073708,0.014835064259119488,-0.002350820720627314,60,60
2017-11,williams,resta,stroll,-0.5863555055046682,-0.010269985370286658,0.16611526829308035,0.013330263292013558,-0.0012903702182685299,48,60
2017-12,brackley,bottas,hamilton,-0.5920778380922527,-0.04085473463628614,0.050346337777084894,0.01220730751588381,0.0002836183869298447,34,34
2017-12,enstone,hulkenberg,jolyon_palmer,1.0705538877511271,-0.016176431765687116,0.1325385688969802,0.02553443138563671,0.000758091855690175,34,34
2017-12,faenza,kvyat,sainz,-0.5232277789887168,0.017291149235315786,0.11469234144391781,0.027520025248723642,0.0008179150637434567,34,34
2017-12,ferrari,raikkonen,vettel,-0.7815112698075093,0.026777888405135786,0.06396334701850688,0.014127067200084104,0.00041092542343267816,32,34
2017-12,haas,grosjean,kevin_magnussen,0.3710835585649013,-0.05783102376598023,0.09786623041121811,0.017842664044189417,0.0002819686588269487,34,33
2017-12,mclaren,alonso,vandoorne,0.10302562282981365,0.02525790589206911,0.14082735721980386,0.032026744077295874,0.0034728736793766322,19,34
2017-12,silverstone,ocon,perez,0.09535088958862464,0.031093323808046858,0.14177245234479618,0.02925776186335571,0.003254896199105861,32,28
2017-12,williams,massa,stroll,0.4162806426518103,0.0033987187810133324,0.12007693474090035,0.030311338985467867,0.0019673294648346242,34,34
2017-13,brackley,bottas,hamilton,-0.044412179068700874,-0.0028078920110886085,0.14921922742712218,0.017443356550784463,-0.0012627115709569047,49,49
2017-13,enstone,hulkenberg,jolyon_palmer,0.44479831794765406,-0.033397674111823,0.18693986874408994,0.021832385181207788,-0.0019169194186884177,48,23
2017-13,faenza,kvyat,sainz,0.22079638259890305,-0.01674473068640664,0.08394641030778383,0.008365573984346343,-0.00021833597571854933,48,48
2017-13,ferrari,raikkonen,vettel,-0.23787068761272545,-0.018662063053108725,0.10832520205088908,0.010431098423346628,-0.0006180678624821919,49,49
2017-13,haas,grosjean,kevin_magnussen,0.25068888687034513,-0.006838785094179137,0.09190763788532302,0.007425231862266254,-0.0002482542487829141,46,48
2017-13,hinwil,ericsson,wehrlein,-0.6000768353361332,-0.010066394692661074,0.13391179031822212,0.018094958610665506,-0.0009659036726745007,41,47
2017-13,mclaren,alonso,vandoorne,-0.5301368027250644,0.01758749551254339,0.16071742909699807,0.018731731292347033,-0.0013502537215719027,43,29
2017-13,red_bull,max_verstappen,ricciardo,-0.06465206699033699,-0.04073320744950959,0.09030440885694345,0.01258397737442364,-0.00043517290278483246,46,49
2017-13,silverstone,ocon,perez,-0.0899836146315478,-0.01738731982189662,0.08447855532481502,0.008975344307333955,-0.00034085169496707134,49,49
2017-13,williams,massa,stroll,-0.2574982302590852,0.011605314848741166,0.07871989291907736,0.0074845596134016324,-0.0004073552883676607,49,49
2017-15,brackley,bottas,hamilton,-0.5729781716694223,-0.01916780661312023,0.15535326248944933,0.016726697641569994,-0.0012925674472136254,52,52
2017-15,enstone,hulkenberg,jolyon_palmer,0.37791459852737364,-0.015326589926968335,0.16038385259171586,0.01364048960592534,-0.0008781740168636223,49,51
2017-15,faenza,gasly,sainz,-0.26513882493335217,-0.005850341883510745,0.09462490332310518,0.00863868613224048,-0.0003092797200535127,51,25
2017-15,haas,grosjean,kevin_magnussen,-0.001543565487872045,0.0005721031599098536,0.13960179881990337,0.016282294694841278,-0.00040967644266871124,49,51
2017-15,hinwil,ericsson,wehrlein,-0.46711309299307824,-0.022096108292712358,0.13277637353635163,0.011195263376569238,-0.0008050429230284837,50,51
2017-15,mclaren,alonso,vandoorne,-0.23072891455565037,-0.03558844447421494,0.13025119575536837,0.012589154534521618,-0.000587427995361935,51,51
2017-15,red_bull,max_verstappen,ricciardo,0.3619804338768322,-0.023238308069527425,0.11140096961130658,0.012780153431921291,-0.000603752610905949,52,52
2017-15,silverstone,ocon,perez,0.3239788521191831,-0.02029151238171767,0.22234322618574637,0.012664634688695473,-0.0017864442254770197,50,52
2017-15,williams,massa,stroll,0.1252395461119607,-0.02350304008163362,0.14052599472645605,0.010101866178285027,-0.0005865539263458776,51,51
2017-16,brackley,bottas,hamilton,-0.25486736474576843,0.027678749182749804,0.1371637239570849,0.015145215759121134,-0.0010010540313747898,40,40
2017-16,enstone,hulkenberg,jolyon_palmer,0.6003664938048701,-0.0127137439629878,0.15580934091317986,0.01005502248301687,-0.0011008862932778876,30,39
2017-16,haas,grosjean,kevin_magnussen,-0.010779012991941728,0.01433259423938621,0.11147495111271122,0.015631821598002308,-0.0009146410651347112,40,40
2017-16,mclaren,alonso,vandoorne,0.09157596676565438,0.02605334114105118,0.1278246403319606,0.016550892902765728,-0.001303663168173664,39,39
2017-16,red_bull,max_verstappen,ricciardo,0.29219168614224467,-0.014062962136872192,0.10926165565259174,0.012200748535940437,-0.0008014722307753037,40,40
2017-16,silverstone,ocon,perez,-0.3094436461357623,0.03197686332953886,0.10554268971397236,0.01126646093810452,-0.0004912778107095152,40,40
2017-16,williams,massa,stroll,-0.03118655421211536,-0.040264862589603156,0.1433349116293137,0.011981910850037148,-0.001071558993006769,39,31
2017-17,brackley,bottas,hamilton,-0.30942509087292436,0.01626961720663256,0.14971230475994515,0.013213780494307449,-0.0006556738347455653,50,52
2017-17,faenza,brendon_hartley,kvyat,-0.4622249177922671,0.014270632289911322,0.06157579469958221,0.006641749696341868,-0.00011122654767086646,49,51
2017-17,ferrari,raikkonen,vettel,0.18929199623761805,0.030607919629527025,0.14316087618817397,0.01930177445609956,-0.0007536059589644797,52,50
2017-17,haas,grosjean,kevin_magnussen,-0.05748712768254949,-0.042521235298723425,0.17166505850386038,0.010356178433756656,-0.0010747328795796395,51,49
2017-17,mclaren,alonso,vandoorne,0.3779207575162189,0.09977810784408148,0.13116256784077152,0.024183622398740563,0.0014131815342547527,18,51
2017-17,silverstone,ocon,perez,-0.3240448513996548,0.02896934727128253,0.108330461158517,0.007735266277136847,-0.000478468155343787,52,51
2017-17,williams,massa,stroll,0.3962876402731069,0.003271269090969073,0.0754939585571311,0.010819240209607698,-0.00025344339916351014,51,49
2017-18,brackley,bottas,hamilton,0.16954223594581053,0.02074863963636417,0.1924436130832756,0.014120936652593308,-0.0018592811882302412,67,64
2017-18,enstone,hulkenberg,sainz,0.7978304074035418,0.05760998880687673,0.14150241777769146,0.02197399804898068,-0.0004927495341282804,18,49
2017-18,faenza,brendon_hartley,gasly,-0.34162462641218827,0.02834211246168185,0.1593794191672111,0.01642935031283288,-0.0014641492256544418,26,65
2017-18,ferrari,raikkonen,vettel,-0.4347654278460493,0.006992449976593845,0.14767894866613226,0.010113719937965768,-0.000908292273297059,67,66
2017-18,haas,grosjean,kevin_magnussen,-0.46094424784372734,-0.0030513749946284863,0.1315679347939651,0.010713192434472487,-0.0008290320292801808,62,65
2017-18,hinwil,ericsson,wehrlein,0.07441510594183254,-0.015785092866068412,0.17390285974626987,0.0084978993703237,-0.0009413266026451688,45,62
2017-18,mclaren,alonso,vandoorne,0.05300068551472381,0.006740743954741113,0.15301313797627525,0.010406205985871747,-0.0010882990083202846,66,65
2017-18,silverstone,ocon,perez,-0.16799432798346203,-0.0034255363494702373,0.08883237806942053,0.00880051367751434,-0.00038295268983893396,64,62
2017-18,williams,massa,stroll,-0.4742369982666956,0.014110834832568697,0.14139769379649772,0.00692914144323717,-0.0007217155993175089,63,66
2017-19,brackley,bottas,hamilton,-0.08314490848648504,-0.011867011114959025,0.15820967624796345,0.012663812580730634,-0.0012166854483432073,62,62
2017-19,enstone,hulkenberg,sainz,0.26241144279588074,-0.013933300961979145,0.14165912955394433,0.010951306917125779,-0.0010307482433675786,61,61
2017-19,faenza,brendon_hartley,gasly,-0.10461783415112025,0.0328689191349788,0.11824455485236306,0.010591887034356307,-0.000499170249883275,29,61
2017-19,ferrari,raikkonen,vettel,-0.03214327934327077,0.003654925651725982,0.10590220359743314,0.007894721516711846,-0.0004741983043669743,62,62
2017-19,hinwil,ericsson,wehrlein,-0.025443302157158287,0.00666721538208922,0.22181519194581756,0.009897129670628866,-0.001657173286973848,61,63
2017-19,red_bull,max_verstappen,ricciardo,1.0064786620046098,-0.06729654140720681,0.14126370406293112,0.009848878082995085,-0.000885074877430786,60,62
2017-19,williams,massa,stroll,1.1198807540922877,-0.013129684448627277,0.18393047007860727,0.01546092325883612,-0.0017715374050959404,62,58
2017-20,brackley,bottas,hamilton,-0.1130134458747496,0.017111069006188417,0.0718907231022691,0.008816595817786273,-0.0002292061310922094,51,51
2017-20,enstone,hulkenberg,sainz,0.45202791516235563,-0.044309920754832144,0.11734914405696681,0.011725306055754394,-0.0007488239567958997,51,27
2017-20,faenza,brendon_hartley,gasly,-0.2052678564903725,0.0029828166517143206,0.09423502787024135,0.012559878914334853,-0.0005018744385809674,50,49
2017-20,ferrari,raikkonen,vettel,-0.25086011908152783,-0.018086834784117434,0.11423686543866317,0.011079997026173382,-0.0007027386607738743,51,51
2017-20,haas,grosjean,kevin_magnussen,0.7967374031352947,-0.007401342938136629,0.08853296914955358,0.008536679247750936,-0.0003661326198459078,50,50
2017-20,hinwil,ericsson,wehrlein,-0.2914521937866841,-0.0027535112130673833,0.10810402230891586,0.010704463673564226,-0.0007051872182156047,50,50
2017-20,mclaren,alonso,vandoorne,1.125289826133606,-0.023273364757008252,0.09781735351028702,0.010677681712163548,-0.00048081564532297106,50,50
2017-20,red_bull,max_verstappen,ricciardo,-0.4187921351189592,-0.020379009162340256,0.06596948106800576,0.009168513068162045,4.0044583313232485e-05,51,16
2017-20,silverstone,ocon,perez,0.10098098755238955,-0.033364316796273975,0.07841465304950203,0.006351079891673907,-0.0002612515099995777,51,51
2017-20,williams,massa,stroll,0.4520019544301624,0.013808513638381537,0.0740713563942473,0.013322332710620017,7.247708459111607e-05,50,46
