event_id,team,a,b,gap,se,spread_a,spread_b,season
2018-02,Ferrari,raikkonen,vettel,-0.1526514706262494,0.3045115313535314,0.24991116611480715,0.29112624065994996,2018
2018-02,Force India,ocon,perez,-0.02915409205901298,0.2640901167094099,0.3735139551879252,0.3845637054979584,2018
2018-02,Haas F1 Team,grosjean,kevin_magnussen,0.5997010181592949,0.27153073072663014,0.6480385499940203,0.35575744599124626,2018
2018-02,McLaren,alonso,vandoorne,-0.5612479003770536,0.2591731693430419,0.2341403654383586,0.4104149365086887,2018
2018-02,Mercedes,bottas,hamilton,0.43223907021040164,0.25007398482416177,0.45855317436452747,0.2976258585235563,2018
2018-02,Renault,hulkenberg,sainz,-0.4660688466344781,0.264176974174909,0.42483049860436556,0.677059467773775,2018
2018-02,Sauber,ericsson,leclerc,0.03340870255059092,0.25764501233470904,0.4386180111364144,0.42420642902113825,2018
2018-02,Toro Rosso,brendon_hartley,gasly,0.35274702001583624,0.2644380616781061,0.3089062427869256,0.21708539238705077,2018
2018-02,Williams,sirotkin,stroll,0.0021867233050181234,0.25764501233470904,0.6053014665073672,0.6039792858325038,2018
2018-04,Ferrari,raikkonen,vettel,-1.0927867160784073,0.3204341783862369,0.26038178498304554,0.7766079652594948,2018
2018-04,Haas F1 Team,grosjean,kevin_magnussen,0.6417370357873079,0.3349455958637943,0.7356415895116876,0.38722502870375436,2018
2018-04,McLaren,alonso,vandoorne,-0.08544432846694322,0.32716515254078793,0.680691696357686,0.7414100233869335,2018
2018-04,Mercedes,bottas,hamilton,-0.043765630853666915,0.3089789317988631,0.34670815598926186,0.36221900239738897,2018
2018-04,Red Bull Racing,max_verstappen,ricciardo,0.33275655862717834,0.3266614337623778,1.190179662538344,0.8532930093367855,2018
2018-04,Sauber,ericsson,leclerc,0.25004976914275034,0.32716515254078793,0.510755130867615,0.39775669937486197,2018
2018-04,Toro Rosso,brendon_hartley,gasly,-0.2316536328478488,0.3266614337623778,0.5935436857618553,0.7482704308473258,2018
2018-07,Ferrari,raikkonen,vettel,-0.38288552030799106,0.20862115295019662,0.3654944267140905,0.5360012809999924,2018
2018-07,Force India,ocon,perez,-0.22147243936400562,0.21756967100986618,0.4245835809770693,0.529843308500259,2018
2018-07,Haas F1 Team,grosjean,kevin_magnussen,-0.32747209680160627,0.21119221230347113,0.35611064522073643,0.4940879711312699,2018
2018-07,McLaren,alonso,vandoorne,-0.5143413129613565,0.2572276223681053,0.3709138564236625,0.6203669486841138,2018
2018-07,Mercedes,bottas,hamilton,0.01365091399198426,0.2077849926597279,0.5368936899627298,0.5296143979125029,2018
2018-07,Red Bull Racing,max_verstappen,ricciardo,-0.19393251282818635,0.2077849926597279,0.35886113511090645,0.43566256760891414,2018
2018-07,Renault,hulkenberg,sainz,-0.00147398218370276,0.2139979742749327,0.38833069886767924,0.3889035134547338,2018
2018-07,Sauber,ericsson,leclerc,-0.08650695662896324,0.20862115295019662,0.43234112827497984,0.4714070199275937,2018
2018-09,Ferrari,raikkonen,vettel,-0.04897357677334602,0.22690463698592475,0.4181188672146657,0.4391053406439785,2018
2018-09,Force India,ocon,perez,-0.07729501782847392,0.22887810114815527,0.4606523146133085,0.4976706824386598,2018
2018-09,Haas F1 Team,grosjean,kevin_magnussen,-0.23971087216948217,0.22443344307471286,0.40219045306427853,0.511136466581403,2018
2018-09,McLaren,alonso,vandoorne,-0.22628868539214975,0.23555796759938138,0.3978703806565408,0.49890463281840913,2018
2018-09,Red Bull Racing,max_verstappen,ricciardo,-0.29148910161985797,0.2468315898505161,0.28963175159835464,0.3876486529005888,2018
2018-09,Sauber,ericsson,leclerc,0.1710076277988809,0.22138876894049306,0.5864042542085475,0.4942303863181341,2018
2018-09,Toro Rosso,brendon_hartley,gasly,-0.32796847857814304,0.2374364512371013,0.4334761643962792,0.6017278635484556,2018
2018-09,Williams,sirotkin,stroll,0.22128838544957008,0.22658118046084794,0.5029079615491246,0.40307344414562557,2018
2018-10,Ferrari,raikkonen,vettel,-0.2717091407747765,0.29636688973860315,0.3843902008636145,0.5043988506881212,2018
2018-10,Force India,ocon,perez,-0.5206720427689479,0.29683105116591013,0.3416052323269835,0.5749757245214201,2018
2018-10,Haas F1 Team,grosjean,kevin_magnussen,0.25939146347805764,0.36049348892255395,0.4130345469985159,0.3186648026340416,2018
2018-10,McLaren,alonso,vandoorne,-0.12400842584449612,0.29621265247094186,0.3270542772921582,0.3702337520917683,2018
2018-10,Mercedes,bottas,hamilton,-0.18001709206531957,0.3011090610836324,0.44260719500156226,0.529906076010373,2018
2018-10,Red Bull Racing,max_verstappen,ricciardo,0.41072427131972666,0.3182711921053144,0.49370197443195557,0.32740822054574986,2018
2018-10,Renault,hulkenberg,sainz,-0.09657180378038022,0.3149073937948531,0.2786812132149309,0.3069363285958796,2018
2018-10,Williams,sirotkin,stroll,0.2561481298977364,0.29621265247094186,0.5880992321871924,0.4552048630063911,2018
2018-12,Ferrari,raikkonen,vettel,0.027838594853461462,0.22138876894049306,0.6305815345481778,0.6132691253194686,2018
2018-12,Force India,ocon,perez,-0.3383157144288178,0.21844747250910007,0.346598989304773,0.48613393661640103,2018
2018-12,Haas F1 Team,grosjean,kevin_magnussen,0.3091756005012286,0.21942051729161818,0.7238294718847486,0.5313283693157024,2018
2018-12,McLaren,alonso,vandoorne,1.1162964662613826,0.24620399241190988,0.47068651954127794,0.1541453275115422,2018
2018-12,Mercedes,bottas,hamilton,-0.15163821420259238,0.22242054642253595,0.5802119531195422,0.67521535700358,2018
2018-12,Renault,hulkenberg,sainz,0.2176039546115104,0.21844747250910007,0.6842632733517446,0.5504514675014743,2018
2018-12,Toro Rosso,brendon_hartley,gasly,0.18052653881563419,0.21844747250910007,0.42293977672948946,0.3530830358460484,2018
2018-12,Williams,sirotkin,stroll,0.02001548990629598,0.22138876894049306,0.45408906126323745,0.4450906009482362,2018
2018-13,Haas F1 Team,grosjean,kevin_magnussen,-0.841520906794712,0.271133755761826,0.1389515581995832,0.3223526965549388,2018
2018-13,Mercedes,bottas,hamilton,1.09396323620066,0.271133755761826,0.8130389568163051,0.2722758725340344,2018
2018-13,Racing Point,ocon,perez,-0.2590098310678881,0.271133755761826,0.15231897008541798,0.19735154692617846,2018
2018-13,Red Bull Racing,max_verstappen,ricciardo,-0.7362347217317149,0.3236614848213435,0.20547828834730741,0.42905070150679125,2018
2018-13,Toro Rosso,brendon_hartley,gasly,0.9674205642412097,0.2730101363219588,0.5469543944026479,0.20787664703268083,2018
2018-13,Williams,sirotkin,stroll,0.22826266823517694,0.2748737083745107,0.5001281158479028,0.3980595547183959,2018
2018-15,Ferrari,raikkonen,vettel,-0.2952807695022628,0.22443344307471286,0.3280068005558871,0.4406782913114312,2018
2018-15,Haas F1 Team,grosjean,kevin_magnussen,-0.31279070009507304,0.23994948963429277,0.5866723932489082,0.8021192283789126,2018
2018-15,McLaren,alonso,vandoorne,0.4458451451443918,0.2254896062874645,0.6204613936265758,0.3972708299444595,2018
2018-15,Mercedes,bottas,hamilton,-0.28387685346794644,0.2254896062874645,0.37639673672393026,0.49995624842269604,2018
2018-15,Red Bull Racing,max_verstappen,ricciardo,-0.9313563047562816,0.22443344307471286,0.38663433242284334,0.9812582470003167,2018
2018-15,Renault,hulkenberg,sainz,-0.35768335377423816,0.22654084558194165,0.48175939494978876,0.6889220727037304,2018
2018-15,Sauber,ericsson,leclerc,0.21012790507457532,0.22654084558194165,0.8007267172243422,0.6489734500032222,2018
2018-15,Toro Rosso,brendon_hartley,gasly,-0.011497942361825886,0.2378433691898546,0.6403592788005328,0.6477645841830173,2018
2018-15,Williams,sirotkin,stroll,0.9349795244829728,0.23639500752070208,0.9152659989057366,0.3593278517202016,2018
2018-17,Ferrari,raikkonen,vettel,-0.2244740680738333,0.26953584668754665,0.5248976047116941,0.6569955682306088,2018
2018-17,McLaren,alonso,vandoorne,-0.40925425910376373,0.260768096208106,0.4563147689129863,0.6870706416340588,2018
2018-17,Mercedes,bottas,hamilton,0.1794127401692836,0.2608496244565285,0.7765478514138199,0.6490083126420285,2018
2018-17,Racing Point,ocon,perez,0.33733324282791255,0.260768096208106,0.5649925804988918,0.4032188055312162,2018
2018-17,Red Bull Racing,max_verstappen,ricciardo,-0.287857571695878,0.2644380616781061,0.391489370480793,0.5220774434648939,2018
2018-17,Renault,hulkenberg,sainz,-0.4309802343447411,0.2952617265740468,0.33865277365526336,0.5211070809565596,2018
2018-17,Sauber,ericsson,leclerc,-0.2667571734638904,0.2910131349074208,0.407134631750893,0.5316051926468485,2018
2018-17,Toro Rosso,brendon_hartley,gasly,-0.4176872615557302,0.26243436297824047,0.5310910965193524,0.8064330044501439,2018
2018-17,Williams,sirotkin,stroll,-0.08710268564953949,0.2591731693430419,0.4127096310662224,0.45026980009096945,2018
2018-18,Ferrari,raikkonen,vettel,0.19456096372388887,0.24451470224411165,0.4634621961225654,0.3815202221218089,2018
2018-18,Mercedes,bottas,hamilton,-0.02941552733694658,0.24056670681025652,0.5912265355419521,0.6088760886949802,2018
2018-18,Racing Point,ocon,perez,-0.4482334323467211,0.24187060095032284,0.33600515098682626,0.526030882246946,2018
2018-18,Renault,hulkenberg,sainz,-0.09040849925630567,0.24056670681025652,0.3829133648451929,0.41914514221256116,2018
2018-18,Sauber,ericsson,leclerc,1.059269144382731,0.3242233380663087,0.6159977599267069,0.2135720363735315,2018
2018-18,Toro Rosso,brendon_hartley,gasly,0.1719563636144068,0.24316750354973155,0.5767428000743378,0.4856266164654244,2018
2018-18,Williams,sirotkin,stroll,0.4003313458164244,0.3467446957892377,0.5852674375692137,0.39218652479883875,2018
2018-19,Ferrari,raikkonen,vettel,0.04968117977468528,0.2165883112737946,0.7235638859589292,0.6884947298873582,2018
2018-19,Haas F1 Team,grosjean,kevin_magnussen,-0.47733338001042436,0.22138876894049306,0.8353203656079469,1.346344879227438,2018
2018-19,Mercedes,bottas,hamilton,0.26875067687845233,0.2203892660077359,0.6148773401684643,0.469971532704232,2018
2018-19,Racing Point,ocon,perez,0.8439247220491304,0.27322454824732395,1.3349901589226474,0.5740718008953719,2018
2018-19,Red Bull Racing,max_verstappen,ricciardo,0.15095898368861888,0.22787556412935708,0.7860804076013677,0.6759371533173112,2018
2018-19,Renault,hulkenberg,sainz,-0.2335877906930119,0.30308356788649404,0.5828772656866513,0.7362460963661306,2018
2018-19,Sauber,ericsson,leclerc,-0.1525687793570198,0.21844747250910007,1.033079788963918,1.203354660051574,2018
2018-19,Toro Rosso,brendon_hartley,gasly,-0.26339356505967393,0.2287510525115835,0.7636071303011157,0.993711571081899,2018
2018-19,Williams,sirotkin,stroll,0.296379439326772,0.22242054642253595,1.1435961034076727,0.8502697174621291,2018
2018-20,Ferrari,raikkonen,vettel,-0.3007202208526977,0.20618045132935983,0.3865549558867361,0.5221705545407634,2018
2018-20,Haas F1 Team,grosjean,kevin_magnussen,-0.24220054100187405,0.20456332478270353,0.36832668499621457,0.46926649014395483,2018
2018-20,McLaren,alonso,vandoorne,0.2720896446829847,0.21036627166437175,0.8149542659006392,0.6208207242981377,2018
2018-20,Mercedes,bottas,hamilton,0.07968293415937533,0.20618045132935983,0.5786318104149227,0.5343138685545507,2018
2018-20,Racing Point,ocon,perez,0.040503951643346525,0.21047766498521195,0.5737345123642166,0.5509603330168078,2018
2018-20,Red Bull Racing,max_verstappen,ricciardo,-0.531686874226486,0.2053608456426807,0.3509083799634862,0.5971760958817005,2018
2018-20,Renault,hulkenberg,sainz,-0.00011392054132519647,0.2810013320855967,0.5715640312905651,0.5716291478834,2018
2018-20,Sauber,ericsson,leclerc,0.05659305162570638,0.32596012026013244,0.4375197251518528,0.41344675486386967,2018
2018-20,Toro Rosso,brendon_hartley,gasly,0.29681107353727393,0.2069717410355858,0.6670208301345452,0.49571947963360374,2018
2018-20,Williams,sirotkin,stroll,-0.2781947466680653,0.20948122482579365,0.6609191432306647,0.8729045848148548,2018
2019-01,Alfa Romeo Racing,giovinazzi,raikkonen,-0.36329600003087437,0.22870874995874624,0.3555346674591088,0.5112807038507589,2019
2019-01,Ferrari,leclerc,vettel,0.38537647654701634,0.2276273786527814,0.5220559704102978,0.3550996053587113,2019
2019-01,Haas F1 Team,grosjean,kevin_magnussen,0.20579707906537537,0.2911886195253847,0.5825319447773546,0.47417997593315186,2019
2019-01,Mercedes,bottas,hamilton,-0.22078106356129323,0.22654084558194165,0.3576327804415671,0.44598609328602123,2019
2019-01,Racing Point,perez,stroll,0.5988449544446173,0.22870874995874624,0.5360613502808763,0.2945367136168375,2019
2019-01,Red Bull Racing,gasly,max_verstappen,0.5864782070401405,0.2276273786527814,0.8587904509745632,0.477730487535508,2019
2019-01,Renault,hulkenberg,ricciardo,0.5867193492742386,0.2920347255660786,0.29323746511860976,0.16308367173879584,2019
2019-01,Toro Rosso,albon,kvyat,0.035945501045956674,0.23098451496549754,0.6350252135508716,0.6126042937524051,2019
2019-01,Williams,kubica,russell,0.9678693682440289,0.2368299714439658,0.90685281396683,0.34450575332664807,2019
2019-02,Alfa Romeo Racing,giovinazzi,raikkonen,-0.4342289770915047,0.26992062325273125,0.40519582429184736,0.6255300961589382,2019
2019-02,Ferrari,leclerc,vettel,0.03000201790733914,0.26294050493925264,0.47330647129398695,0.459317224206322,2019
2019-02,McLaren,norris,sainz,0.4594959260009119,0.27424828388181616,0.6204356816559612,0.3918683798030021,2019
2019-02,Mercedes,bottas,hamilton,0.0016949280944913436,0.25455576733608154,0.424903314283341,0.4241837437009817,2019
2019-02,Racing Point,perez,stroll,0.2536972728554186,0.264176974174909,0.6317078071642052,0.49015892926134785,2019
2019-02,Red Bull Racing,gasly,max_verstappen,-0.5184162528870052,0.26109466877966486,0.3086068566930007,0.5182638167086587,2019
2019-02,Renault,hulkenberg,ricciardo,-0.08868243419154004,0.26582187373503596,0.6375255063905928,0.6966455330169147,2019
2019-02,Toro Rosso,albon,kvyat,0.49186613086965825,0.2679137506321349,0.613606023728285,0.3752104003245649,2019
2019-02,Williams,kubica,russell,0.16452247106818474,0.2591731693430419,0.7424769815699227,0.6298422542009404,2019
2019-03,Alfa Romeo Racing,giovinazzi,raikkonen,0.5232691436271105,0.23565511522844848,0.6757639646029958,0.4004443104009584,2019
2019-03,Ferrari,leclerc,vettel,-0.5080195904866357,0.243686292223343,0.26892777519041583,0.4469570210978518,2019
2019-03,Haas F1 Team,grosjean,kevin_magnussen,-0.17454865324959568,0.23804761428476168,0.4608434197827906,0.548730256748321,2019
2019-03,McLaren,norris,sainz,-0.14815782530550758,0.2526023853501008,0.23156721025447027,0.26854754691906413,2019
2019-03,Mercedes,bottas,hamilton,0.5091618864374203,0.2368299714439658,0.3746727062123397,0.22517794921109205,2019
2019-03,Racing Point,perez,stroll,-0.3678693589653902,0.23565511522844848,0.31305222942041017,0.452251934940941,2019
2019-03,Red Bull Racing,gasly,max_verstappen,0.40177265967423326,0.24609769846447194,0.3523194812795478,0.23574853836543133,2019
2019-03,Toro Rosso,albon,kvyat,-0.062339457719279734,0.27851457838032534,0.368963669808926,0.3926967325636042,2019
2019-03,Williams,kubica,russell,-0.1190939409187523,0.2380992907456515,0.5782188206440846,0.6513494712554682,2019
2019-04,Alfa Romeo Racing,giovinazzi,raikkonen,0.587794186642373,0.2575683664867139,0.651794425641112,0.36210529057287855,2019
2019-04,Ferrari,leclerc,vettel,-0.014496983013425946,0.2608496244565285,0.3772901370704139,0.3827995441804,2019
2019-04,Haas F1 Team,grosjean,kevin_magnussen,-0.2764424877489066,0.2829616289030281,0.5100672152348706,0.6724884922013389,2019
2019-04,McLaren,norris,sainz,-0.550688346333396,0.2544836041121407,0.33099442404648943,0.5740921226063289,2019
2019-04,Mercedes,bottas,hamilton,0.031293122875587165,0.2591731693430419,0.45109447840414585,0.4371969067637445,2019
2019-04,Racing Point,perez,stroll,0.2550458423291563,0.2544836041121407,0.5184735221959131,0.4017552682862001,2019
2019-04,Red Bull Racing,gasly,max_verstappen,-0.03439387267391003,0.27756386553233575,0.3995285752643142,0.41350895172219015,2019
2019-04,Renault,hulkenberg,ricciardo,0.23784569967953334,0.29681166754678434,0.6942421876039916,0.5472880007394516,2019
2019-04,Toro Rosso,albon,kvyat,0.5166397472474018,0.29046578175470233,0.6907453771018807,0.4120445703484819,2019
2019-04,Williams,kubica,russell,-0.8283327694182426,0.26953584668754665,0.4253677930117376,0.9738788962622894,2019
2019-05,Alfa Romeo Racing,giovinazzi,raikkonen,0.7216103899414762,0.2287510525115835,0.6504148458215254,0.3160814690191416,2019
2019-05,Ferrari,leclerc,vettel,-0.30400089080059134,0.22658118046084794,0.5053210408701897,0.6848465801438592,2019
2019-05,Haas F1 Team,grosjean,kevin_magnussen,-0.08496423751290716,0.22771001702132443,0.2854080308027385,0.3107174818790892,2019
2019-05,McLaren,norris,sainz,-0.42552417444155466,0.24991226530700167,0.3462205929375251,0.5298533648608119,2019
2019-05,Mercedes,bottas,hamilton,0.11759965953051446,0.22443344307471286,0.802000352882516,0.7130199414092014,2019
2019-05,Racing Point,perez,stroll,0.2386616566642078,0.24693047375606705,0.40073249198590655,0.3156495078822921,2019
2019-05,Red Bull Racing,gasly,max_verstappen,-0.2030616215596952,0.22658118046084794,0.4164830500157987,0.5102533597052146,2019
2019-05,Renault,hulkenberg,ricciardo,0.4310800232718853,0.22443344307471286,0.6941349612556669,0.4510536936156713,2019
2019-05,Toro Rosso,albon,kvyat,0.041679974711863466,0.22443344307471286,0.344267683690601,0.3302135380934773,2019
2019-05,Williams,kubica,russell,0.003012661190932825,0.2276273786527814,0.8174256886584015,0.8149667678171933,2019
2019-07,Alfa Romeo Racing,giovinazzi,raikkonen,-0.4855475106919269,0.22348622249303166,0.2829802832662986,0.4598612140950516,2019
2019-07,Ferrari,leclerc,vettel,-0.2949240165093775,0.2214606834361174,0.3794829234682205,0.5096547903602291,2019
2019-07,Haas F1 Team,grosjean,kevin_magnussen,-0.0061652078928357,0.21942051729161818,0.6337516528926311,0.6376709327584821,2019
2019-07,Mercedes,bottas,hamilton,0.34004066934328847,0.2196270307653689,0.4989817831524732,0.35514598099957073,2019
2019-07,Racing Point,perez,stroll,0.3820580095510733,0.21750385050586113,0.5144197229600828,0.35106855027184325,2019
2019-07,Red Bull Racing,gasly,max_verstappen,0.5656521924887841,0.2165883112737946,0.6735468974064309,0.3825676243457297,2019
2019-07,Renault,hulkenberg,ricciardo,0.29865457519742855,0.21750385050586113,0.5818302365017002,0.43161074988313475,2019
2019-07,Toro Rosso,albon,kvyat,0.7148034964652454,0.23301196030120613,0.9440861994058266,0.46193028362083005,2019
2019-07,Williams,kubica,russell,-0.09280148371455427,0.22042441300835927,0.663151442572056,0.727638870406356,2019
2019-08,Alfa Romeo Racing,giovinazzi,raikkonen,0.43750362965064904,0.25150708529480514,0.37549556483194796,0.24243727814973523,2019
2019-08,Ferrari,leclerc,vettel,-0.45501314894514966,0.24888987478854327,0.19754559169234506,0.31137019772390906,2019
2019-08,Haas F1 Team,grosjean,kevin_magnussen,-0.2541927398476843,0.2734594277969337,0.41995206322964895,0.5414947166117028,2019
2019-08,McLaren,norris,sainz,-0.17413500160881434,0.25007398482416177,0.24675495537058134,0.29369175421562066,2019
2019-08,Mercedes,bottas,hamilton,-0.14409987236709976,0.2459152461731384,0.3269257310781769,0.3775990413170307,2019
2019-08,Racing Point,perez,stroll,-0.1520391930495546,0.24863262420322443,0.4571373706987529,0.5322020077655266,2019
2019-08,Red Bull Racing,gasly,max_verstappen,-0.24146129789824666,0.24869686206095648,0.30152130772062324,0.383869243906962,2019
2019-08,Renault,hulkenberg,ricciardo,0.36907849496072875,0.2582606524294815,0.39057132243792597,0.270029740121006,2019
2019-08,Toro Rosso,albon,kvyat,-0.2522433498739216,0.24863262420322443,0.3934751217656009,0.5063667417244583,2019
2019-08,Williams,kubica,russell,-0.10587937843008022,0.25299972205063104,0.6147061329937503,0.6833612932016722,2019
2019-09,Alfa Romeo Racing,giovinazzi,raikkonen,-0.01767752833848535,0.20541022903780182,0.4133185686293443,0.4206899815597858,2019
2019-09,Ferrari,leclerc,vettel,0.7246567605315292,0.2053608456426807,0.43940968928430657,0.2128899680577068,2019
2019-09,Haas F1 Team,grosjean,kevin_magnussen,-0.47625830359853133,0.20712590995158892,0.5899334835026269,0.9498158220916697,2019
2019-09,McLaren,norris,sainz,-0.6949280014632144,0.20541022903780182,0.3731741395926102,0.7476785759604981,2019
2019-09,Mercedes,bottas,hamilton,-0.12080331495410879,0.20148700932162633,0.4102915476315519,0.46297419293467124,2019
2019-09,Racing Point,perez,stroll,0.08290728514514079,0.20300768756902093,0.480163049778991,0.44195958803637325,2019
2019-09,Red Bull Racing,gasly,max_verstappen,0.4532842742703289,0.20458753775843877,0.5284214105489422,0.3358315910310432,2019
2019-09,Renault,hulkenberg,ricciardo,-0.3032486221500319,0.20300768756902093,0.3360907578810547,0.45515128508565733,2019
2019-09,Toro Rosso,albon,kvyat,0.34582420034878514,0.20300768756902093,0.5755165016473472,0.4072567007444227,2019
2019-09,Williams,kubica,russell,0.1764166333067192,0.2053608456426807,0.4676167935764168,0.39198850291138293,2019
2019-10,Ferrari,leclerc,vettel,-0.17225900703297403,0.26243436297824047,0.40697041643682674,0.4834749495725852,2019
2019-10,McLaren,norris,sainz,0.4034835845811924,0.26763390475936377,0.3339085672228612,0.2230472472487304,2019
2019-10,Mercedes,bottas,hamilton,-0.24908390646735556,0.25787536107301734,0.2555953788325716,0.32789044686182683,2019
2019-10,Racing Point,perez,stroll,0.02072573230617125,0.271232836253261,0.40368095171325336,0.39540047425908026,2019
2019-10,Red Bull Racing,gasly,max_verstappen,0.2667756320106578,0.26243436297824047,0.5536143699559902,0.42398273253372715,2019
2019-10,Renault,hulkenberg,ricciardo,0.31315570602568465,0.26243436297824047,0.3580549839195095,0.2617869107129568,2019
2019-10,Toro Rosso,albon,kvyat,-0.31392756878041905,0.2679137506321349,0.2788894455116852,0.3817412486067483,2019
2019-10,Williams,kubica,russell,-0.11948287419509351,0.2575683664867139,0.3636607444406282,0.409814364011428,2019
2019-12,Alfa Romeo Racing,giovinazzi,raikkonen,0.624054318388478,0.2069717410355858,0.7698915710859604,0.4124831554928707,2019
2019-12,Ferrari,leclerc,vettel,0.6177748491966402,0.2070230924173549,0.6771349850413907,0.3650724368089376,2019
2019-12,Haas F1 Team,grosjean,kevin_magnussen,-0.23164717003619584,0.23158357536956803,0.351836267717422,0.44355113279377567,2019
2019-12,McLaren,norris,sainz,0.3141868115676938,0.20615528128088303,0.3532798470872597,0.2580294431749959,2019
2019-12,Mercedes,bottas,hamilton,0.5023984600149953,0.21303464444319076,0.9381426982473747,0.5676491917451598,2019
2019-12,Racing Point,perez,stroll,-0.03819160839018121,0.21294583683378326,0.560563123925496,0.5823860041759652,2019
2019-12,Red Bull Racing,gasly,max_verstappen,-0.4633837209097816,0.2069717410355858,0.4207252279238906,0.6687188222905958,2019
2019-12,Renault,hulkenberg,ricciardo,-0.12205532523361917,0.20615528128088303,0.467386389378797,0.5280609048017614,2019
2019-12,Toro Rosso,albon,kvyat,-0.1811523243453369,0.21127742199517843,0.45729984101125587,0.5481185563979322,2019
2019-12,Williams,kubica,russell,0.3781558028939653,0.20862115295019662,0.6222498814822142,0.42631817104792896,2019
2019-13,Alfa Romeo Racing,giovinazzi,raikkonen,0.1974577992895985,0.29211869733608864,0.5734906534055431,0.47072960385542184,2019
2019-13,Ferrari,leclerc,vettel,-0.34535047020701004,0.2768301295649024,0.3349169223155153,0.4730650844039359,2019
2019-13,Haas F1 Team,grosjean,kevin_magnussen,-0.7496575062075386,0.284977404739606,0.30897752811868634,0.6538814434696295,2019
2019-13,Mercedes,bottas,hamilton,-0.1872177326999227,0.271133755761826,0.27891319136277437,0.33633857760198943,2019
2019-13,Racing Point,perez,stroll,-0.6528122597932434,0.29283731760361553,0.32482808737358276,0.6239737750019718,2019
2019-13,Renault,hulkenberg,ricciardo,-0.0755050571068665,0.27888667551135854,0.4804337882921201,0.5181135768239009,2019
2019-13,Toro Rosso,gasly,kvyat,-0.3849726044753541,0.2882899774725287,0.3576607800732036,0.5256090050816982,2019
2019-13,Williams,kubica,russell,-0.08738258493638484,0.2768301295649024,0.4955587833865715,0.5408102977004939,2019
2019-14,Alfa Romeo Racing,giovinazzi,raikkonen,-0.8234706761238906,0.25764501233470904,0.2971725201230126,0.6770759969778927,2019
2019-14,Ferrari,leclerc,vettel,-0.5755126870431271,0.26636161413592396,0.19278446639506253,0.342778853580717,2019
2019-14,Haas F1 Team,grosjean,kevin_magnussen,0.5420105769675455,0.2923669338605332,0.5377867687146726,0.3127648292690993,2019
2019-14,McLaren,norris,sainz,0.6308563346567129,0.3285369202030541,0.3023567047384481,0.16089486306615816,2019
2019-14,Mercedes,bottas,hamilton,-0.4068653104233896,0.2561794429237916,0.3292097415661187,0.49450653701689523,2019
2019-14,Racing Point,perez,stroll,0.3709724921544155,0.26208179770229884,0.4434351078089857,0.30599812685151107,2019
2019-14,Red Bull Racing,albon,max_verstappen,-0.40670642213496,0.2615046151284924,0.30827591065135734,0.4629882232001465,2019
2019-14,Renault,hulkenberg,ricciardo,-0.29916843396650616,0.24585451886114368,0.3851599621261576,0.5194794061120731,2019
2019-14,Toro Rosso,gasly,kvyat,0.611884852078388,0.3000658689216413,0.3968413970809531,0.21521808120158348,2019
2019-14,Williams,kubica,russell,-0.2656962280445892,0.2575683664867139,0.4956784829259076,0.6465326661847398,2019
2019-15,Alfa Romeo Racing,giovinazzi,raikkonen,-0.0077071465376689074,0.27050089040022973,0.4096283244084744,0.41279758722929466,2019
2019-15,Ferrari,leclerc,vettel,0.27689898522914136,0.25692741369194677,0.5597038667940184,0.42432889459455303,2019
2019-15,Haas F1 Team,grosjean,kevin_magnussen,-0.056529403658658384,0.25150708529480514,0.5956851558586803,0.6303288511573918,2019
2019-15,McLaren,norris,sainz,-0.6583440454053888,0.25177957409118656,0.5449454701905252,1.0526117970246776,2019
2019-15,Mercedes,bottas,hamilton,-0.18205878823789068,0.24585451886114368,0.7168378609654888,0.8599794279138335,2019
2019-15,Racing Point,perez,stroll,-0.3205298262107741,0.27613750220295663,0.5946107736857875,0.8192889712137505,2019
2019-15,Red Bull Racing,albon,max_verstappen,0.23075346041934208,0.24585451886114368,0.6334636458572018,0.5029290726549042,2019
2019-15,Renault,hulkenberg,ricciardo,-0.019156039617393095,0.2560306311523476,0.6544730634997029,0.6671310265821002,2019
2019-15,Toro Rosso,gasly,kvyat,-0.5051711354574235,0.25455576733608154,0.5833735917297198,0.966807035322818,2019
2019-15,Williams,kubica,russell,1.0466738740689712,0.2789366283463483,0.7514644210093654,0.2638418815093136,2019
2019-17,Alfa Romeo Racing,giovinazzi,raikkonen,-0.37723797784762325,0.24863262420322443,0.3547190137210195,0.5172694627469543,2019
2019-17,Ferrari,leclerc,vettel,0.9314833285027795,0.2575305305164052,0.7143029383740697,0.2814131367933129,2019
2019-17,Haas F1 Team,grosjean,kevin_magnussen,-0.047022539609727576,0.2459152461731384,0.40950523910895076,0.42922112831120857,2019
2019-17,McLaren,norris,sainz,0.6323897175995177,0.24762294440079324,0.6526811085084863,0.3467829028730046,2019
2019-17,Mercedes,bottas,hamilton,0.32138899869390714,0.24316750354973155,0.4667145687209378,0.3384339237624584,2019
2019-17,Racing Point,perez,stroll,-0.3085222336561575,0.24609769846447194,0.3207833293312277,0.4367182028570679,2019
2019-17,Renault,hulkenberg,ricciardo,-0.732030609329558,0.24056670681025652,0.36659272196266424,0.7622557213688935,2019
2019-17,Toro Rosso,gasly,kvyat,-0.8011449911767686,0.2432249831637124,0.40291113594577943,0.8977225197222587,2019
2019-17,Williams,kubica,russell,0.13157968958969796,0.24737244059928853,0.7539171295490672,0.6609662401327533,2019
2019-18,Alfa Romeo Racing,giovinazzi,raikkonen,-0.10909584227243108,0.22477426854528423,0.44740413787172434,0.4989760706503618,2019
2019-18,Ferrari,leclerc,vettel,-0.15715766043024626,0.21116383197514255,0.43570613081786547,0.509854639572131,2019
2019-18,Haas F1 Team,grosjean,kevin_magnussen,0.7761028810358181,0.21303464444319076,1.0302987683549076,0.474139330398937,2019
2019-18,McLaren,norris,sainz,0.3779223064556445,0.23909595738742215,0.507857154477327,0.3480262505718128,2019
2019-18,Mercedes,bottas,hamilton,-0.6207286544856482,0.2095630374533321,0.3171335046103667,0.589958083755929,2019
2019-18,Racing Point,perez,stroll,0.029335102847646732,0.20948122482579365,0.42840135138420266,0.4160166943947158,2019
2019-18,Red Bull Racing,albon,max_verstappen,0.034749381010756863,0.2139979742749327,0.4472318595501485,0.431957749154582,2019
2019-18,Renault,hulkenberg,ricciardo,-0.29992953923981003,0.21116383197514255,0.2764138557933581,0.3730933884087649,2019
2019-18,Toro Rosso,gasly,kvyat,-0.18276026274115353,0.21294583683378326,0.4007171861968651,0.481071626132198,2019
2019-18,Williams,kubica,russell,-0.36878686427321605,0.21119221230347113,0.49313410719496953,0.713061751053521,2019
2019-19,Alfa Romeo Racing,giovinazzi,raikkonen,0.8781805735323758,0.24869686206095648,0.6730446560018885,0.2796758090509601,2019
2019-19,Haas F1 Team,grosjean,kevin_magnussen,-0.3693093190576932,0.24762294440079324,0.4284782217292577,0.6198944560484759,2019
2019-19,McLaren,norris,sainz,0.03947050052549472,0.24451470224411165,0.36338610757417156,0.3493224515854091,2019
2019-19,Mercedes,bottas,hamilton,0.014057113413673106,0.2380992907456515,0.4998361589593568,0.49285905921641754,2019
2019-19,Racing Point,perez,stroll,0.26043413127996806,0.24187060095032284,0.5909368027131044,0.4554449929987996,2019
2019-19,Red Bull Racing,albon,max_verstappen,0.6680613845513512,0.24609769846447194,0.7933394342942484,0.4067463545618483,2019
2019-19,Renault,hulkenberg,ricciardo,0.6141939700462056,0.24486984361100395,0.6973527439076787,0.37732142164373483,2019
2019-19,Toro Rosso,gasly,kvyat,-0.19397073346727323,0.24451470224411165,0.4833549811049788,0.5868223114022357,2019
2019-19,Williams,kubica,russell,0.34768437366290117,0.2989191479394235,0.7263284802155272,0.5130216212269311,2019
2019-20,Alfa Romeo Racing,giovinazzi,raikkonen,0.1799149381141807,0.23323807579381203,0.31706751268099526,0.26485957684561307,2019
2019-20,Ferrari,leclerc,vettel,0.27445651044239494,0.23565511522844848,0.4441756589590888,0.3375668625788387,2019
2019-20,Haas F1 Team,grosjean,kevin_magnussen,-0.24069507857646721,0.23962934340815237,0.28524046521160307,0.3628638302764702,2019
2019-20,McLaren,norris,sainz,0.24848055728709462,0.23209193580705614,0.49945126792162137,0.3895645100520537,2019
2019-20,Mercedes,bottas,hamilton,-0.24944477779305418,0.24193965887137756,0.2897822335472653,0.37188121913718314,2019
2019-20,Racing Point,perez,stroll,-0.15114771581508846,0.2344250456773259,0.36902369002963425,0.4292367186265101,2019
2019-20,Red Bull Racing,albon,max_verstappen,0.250762661934672,0.23328473740792174,0.3995509685384642,0.3109333796711054,2019
2019-20,Renault,hulkenberg,ricciardo,0.16119187808156366,0.2369307287220591,0.4806624864052348,0.40910565761514145,2019
2019-20,Toro Rosso,gasly,kvyat,-0.5259843459056742,0.23209193580705614,0.43826299839534644,0.7415951905824801,2019
2019-20,Williams,kubica,russell,0.4832582452798469,0.2347126250686403,0.9026946722064517,0.556755466646495,2019
2019-21,Alfa Romeo Racing,giovinazzi,raikkonen,-0.19798995514409534,0.24105827284930695,0.33150536650633905,0.4040885160899851,2019
2019-21,Ferrari,leclerc,vettel,0.2945967012501315,0.2356060357495806,0.5205325687833543,0.3877092709020505,2019
2019-21,Haas F1 Team,grosjean,kevin_magnussen,0.3660016087845174,0.23323807579381203,0.5301318630737494,0.3676473405863667,2019
2019-21,McLaren,norris,sainz,-0.07233769266203804,0.24078480903711214,0.2866545921599038,0.30815893480741957,2019
2019-21,Mercedes,bottas,hamilton,-0.125295713633226,0.23094010767585033,0.5137486366580909,0.5823256490690378,2019
2019-21,Racing Point,perez,stroll,-0.6870543256138114,0.25921125783899934,0.29951693035218707,0.5953951306671041,2019
2019-21,Red Bull Racing,albon,max_verstappen,0.37467287847109043,0.23094010767585033,0.345995385302368,0.23787672070000923,2019
2019-21,Renault,hulkenberg,ricciardo,-0.5515111003529131,0.23962934340815237,0.29862185311024797,0.5183699455809311,2019
2019-21,Toro Rosso,gasly,kvyat,0.1826321044085355,0.2344250456773259,0.5246628249982399,0.4370832645883777,2019
2019-21,Williams,kubica,russell,0.038521126778197856,0.2382545222893038,0.4728863134912895,0.4550165904427217,2019
2020-01,Alfa Romeo Racing,giovinazzi,raikkonen,0.6450166744703022,0.2752988806446741,0.555398696104201,0.29139203293240845,2020
2020-01,AlphaTauri,gasly,kvyat,-0.8433768197456389,0.2749798167391556,0.23260294173061857,0.5406162577477505,2020
2020-01,Ferrari,leclerc,vettel,0.054150444431418254,0.2749798167391556,0.38086071280972533,0.3607853851858286,2020
2020-01,Haas F1 Team,grosjean,kevin_magnussen,-0.15307843543051747,0.36374124361651966,0.31024720044013554,0.36156717088448104,2020
2020-01,McLaren,norris,sainz,-0.5295626690132511,0.27877282097486783,0.20449347412428584,0.34726866552937297,2020
2020-01,Mercedes,bottas,hamilton,0.20752807100738435,0.2720294101747089,0.3841365972980158,0.31214572324614165,2020
2020-01,Williams,latifi,russell,0.6885229570575346,0.27362710916828925,0.4762693158762639,0.23923839581862277,2020
2020-04,Alfa Romeo Racing,giovinazzi,raikkonen,-0.3487384024274329,0.271232836253261,0.3225213071279869,0.45710247737765614,2020
2020-04,Ferrari,leclerc,vettel,-0.37448490034378157,0.2752988806446741,0.25190896919422245,0.36633663895816065,2020
2020-04,McLaren,norris,sainz,0.15432859493480455,0.2752988806446741,0.2655290265048532,0.2275558192129681,2020
2020-04,Mercedes,bottas,hamilton,0.5740940411358484,0.2748737083745107,0.4769279126874118,0.2686129005771714,2020
2020-04,Red Bull Racing,albon,max_verstappen,0.30755717740322763,0.2810514169861077,0.4382463480523415,0.32221660745267194,2020
2020-04,Renault,ocon,ricciardo,-0.04733486498443251,0.2732153299896501,0.2964938122427252,0.31086577080157884,2020
2020-04,Williams,latifi,russell,0.17826163326712108,0.26754242162397546,0.4053141835037017,0.3391358941756964,2020
2020-05,Alfa Romeo Racing,giovinazzi,raikkonen,-0.38865649416653447,0.24737244059928853,0.43459999140395844,0.6410340285734434,2020
2020-05,AlphaTauri,gasly,kvyat,-0.20033164590072694,0.24585451886114368,0.34583094618866544,0.42253898161837616,2020
2020-05,Ferrari,leclerc,vettel,0.56494753366829,0.2432249831637124,0.6149284770131913,0.34951917694863,2020
2020-05,Haas F1 Team,grosjean,kevin_magnussen,-0.1723962522213583,0.2750831359922252,0.5978971641605512,0.710390646522739,2020
2020-05,McLaren,norris,sainz,0.3330594804361632,0.24585451886114368,0.43300758872887957,0.3103484732325343,2020
2020-05,Mercedes,bottas,hamilton,-0.0883066375667107,0.24585451886114368,0.6565102578204856,0.7171212661389346,2020
2020-05,Racing Point,hulkenberg,stroll,0.0844758215596173,0.2459152461731384,0.4622467631487751,0.42480194404772276,2020
2020-05,Red Bull Racing,albon,max_verstappen,0.7151908706340994,0.24451470224411165,0.6572871343909498,0.3214783147031342,2020
2020-05,Renault,ocon,ricciardo,-0.7440984873493481,0.2492125637284024,0.3101183062764842,0.6526574058836534,2020
2020-05,Williams,latifi,russell,-0.06500282109403277,0.25933134645226996,0.5662361901630335,0.6042657649535442,2020
2020-06,Alfa Romeo Racing,giovinazzi,raikkonen,-0.5856180603664974,0.2214606834361174,0.2791005390319098,0.5012926850633345,2020
2020-06,AlphaTauri,gasly,kvyat,-0.0701843801728495,0.21844747250910007,0.5808081901289762,0.6230364006222828,2020
2020-06,Ferrari,leclerc,vettel,0.01187614637738088,0.2560289972984059,0.512557002054298,0.5065058036531581,2020
2020-06,Haas F1 Team,grosjean,kevin_magnussen,0.40009471460582446,0.22348622249303166,0.5441936596000134,0.3647493702264495,2020
2020-06,McLaren,norris,sainz,0.1270081394618086,0.21750385050586113,0.6117229997922553,0.5387606589795284,2020
2020-06,Mercedes,bottas,hamilton,0.31862812505921345,0.2184810979187519,0.571729453604214,0.41573073174208497,2020
2020-06,Racing Point,perez,stroll,0.21588356246224666,0.21474389986385092,0.7965394306837933,0.6418746725915553,2020
2020-06,Red Bull Racing,albon,max_verstappen,0.002012291841240854,0.21750385050586113,0.38488180085788576,0.3841080850822338,2020
2020-06,Renault,ocon,ricciardo,-0.06967579134000074,0.21381654314924695,0.5819125922345786,0.6239037081680459,2020
2020-06,Williams,latifi,russell,0.2033198891326617,0.21750385050586113,0.6770125036386678,0.5524538236497845,2020
2020-07,AlphaTauri,gasly,kvyat,0.013508075681733622,0.2749798167391556,0.47902535089338466,0.47259814750461976,2020
2020-07,Ferrari,leclerc,vettel,0.3441486011102861,0.2749798167391556,0.5553480650038838,0.39364380816412925,2020
2020-07,Haas F1 Team,grosjean,kevin_magnussen,0.04763072753627107,0.2749798167391556,0.3514239043797804,0.33507770897905137,2020
2020-07,Mercedes,bottas,hamilton,0.14910162243598346,0.26934407444933195,0.41416666945324593,0.3567969504038262,2020
2020-07,Racing Point,perez,stroll,-0.4377905289986055,0.2749798167391556,0.27775997463393287,0.4303280690842531,2020
2020-07,Red Bull Racing,albon,max_verstappen,0.587048253407809,0.271133755761826,0.4674244524078228,0.25987207303306886,2020
2020-07,Renault,ocon,ricciardo,0.2261968132436447,0.271133755761826,0.3315806660862605,0.264455845964282,2020
2020-08,Alfa Romeo Racing,giovinazzi,raikkonen,-0.425702688328657,0.26582187373503596,0.24737350613389805,0.3786461218111151,2020
2020-08,AlphaTauri,gasly,kvyat,0.16189525182261288,0.264176974174909,0.25036394506979404,0.21294211914929131,2020
2020-08,McLaren,norris,sainz,-0.29180961701730945,0.2640901167094099,0.17927658553039746,0.24002411581854227,2020
2020-08,Mercedes,bottas,hamilton,0.02478494089215988,0.26243436297824047,0.3638867050084161,0.35497864343202973,2020
2020-08,Racing Point,perez,stroll,0.344389517979491,0.2644380616781061,0.42721308143412706,0.3027457639816182,2020
2020-08,Red Bull Racing,albon,max_verstappen,0.7795256926730415,0.3489366085075579,0.5373911483196585,0.24646020297364452,2020
2020-08,Renault,ocon,ricciardo,-0.45050940564481534,0.26243436297824047,0.2192824203455544,0.3440785227978876,2020
2020-08,Williams,latifi,russell,-0.016534739116730868,0.264176974174909,0.47021195848802233,0.4780514237004744,2020
2020-09,Ferrari,leclerc,vettel,0.3063470825056956,0.2591731693430419,0.6083151034887515,0.44779965222133006,2020
2020-09,Mercedes,bottas,hamilton,-0.017854640715853076,0.25455576733608154,0.42379865693129193,0.4314333845250614,2020
2020-09,Racing Point,perez,stroll,0.11508547670541447,0.2831948720372118,0.5359710520179932,0.4777056154356288,2020
2020-10,Alfa Romeo Racing,giovinazzi,raikkonen,0.03981127181395394,0.2544836041121407,0.529700601288737,0.5090268022711238,2020
2020-10,AlphaTauri,gasly,kvyat,0.4594046519938758,0.25150708529480514,0.44105095227180224,0.2785940640624633,2020
2020-10,Ferrari,leclerc,vettel,-0.01834666715406874,0.26243436297824047,0.5169910616599137,0.5265636687980165,2020
2020-10,Haas F1 Team,grosjean,kevin_magnussen,0.3489587659923157,0.26294050493925264,0.43473914283488757,0.3066746499793448,2020
2020-10,Mercedes,bottas,hamilton,0.04942726943710918,0.25299972205063104,0.5459517660318262,0.5196229029181197,2020
2020-10,Red Bull Racing,albon,max_verstappen,0.8338922444754687,0.25455576733608154,0.7048090323298994,0.30613759125460827,2020
2020-10,Renault,ocon,ricciardo,-0.4512237339336661,0.25455576733608154,0.2900579469920077,0.45545843181314377,2020
2020-10,Williams,latifi,russell,-0.48736750390347905,0.25764501233470904,0.43607400125271034,0.7099392908214462,2020
2020-12,Alfa Romeo Racing,giovinazzi,raikkonen,-0.08638337096506143,0.21204185585369645,0.5386923663917165,0.587295458777305,2020
2020-12,AlphaTauri,gasly,kvyat,-0.3159102062583883,0.21750385050586113,0.533222927717052,0.7313190298298365,2020
2020-12,Ferrari,leclerc,vettel,-0.03858125758364772,0.21119221230347113,0.5415283200869637,0.5628294333785414,2020
2020-12,Haas F1 Team,grosjean,kevin_magnussen,0.4062654157263256,0.21204185585369645,0.5982145366360252,0.39849064833990777,2020
2020-12,McLaren,norris,sainz,-0.16594290761349373,0.21387696890801985,0.4531943659206711,0.5349985330435099,2020
2020-12,Mercedes,bottas,hamilton,0.39660230787225026,0.20945397523545714,0.9029174073663057,0.6073035671372897,2020
2020-12,Racing Point,perez,stroll,-0.4781756173408055,0.24091768249641402,0.49722803134642696,0.8020928336112041,2020
2020-12,Red Bull Racing,albon,max_verstappen,0.7671870864380832,0.21750385050586113,0.6368536801424308,0.2957021924423546,2020
2020-12,Renault,ocon,ricciardo,-0.09725688829307588,0.21116383197514255,0.45817156603656634,0.5049707973612743,2020
2020-12,Williams,latifi,russell,-0.33444859593021214,0.21294583683378326,0.4286834539161372,0.5989435617184484,2020
2020-13,Alfa Romeo Racing,giovinazzi,raikkonen,-0.24535029959681676,0.24187060095032284,0.2923664435175364,0.37366447109401524,2020
2020-13,Ferrari,leclerc,vettel,-0.08793896505737053,0.25384446470841004,0.2521272492821592,0.2753031578305174,2020
2020-13,Haas F1 Team,grosjean,kevin_magnussen,0.3290176205736586,0.27128043348732983,0.36457450266638236,0.26235887197334207,2020
2020-13,McLaren,norris,sainz,-0.628061882797734,0.24316750354973155,0.2185656894576811,0.40958665408780087,2020
2020-13,Mercedes,bottas,hamilton,0.09064164637306393,0.2368299714439658,0.34703915947616687,0.3169664647100196,2020
2020-13,Racing Point,perez,stroll,-0.17062834863029697,0.23931047521180365,0.4844310092412396,0.5745593355546018,2020
2020-13,Red Bull Racing,albon,max_verstappen,-0.32000452034351046,0.2531399269503094,0.2070188899364907,0.2850927497877997,2020
2020-13,Renault,ocon,ricciardo,0.2146110399741754,0.30712720842219293,0.5251685404977845,0.4237349749064344,2020
2020-13,Williams,latifi,russell,0.2908295219805387,0.25455576733608154,0.3826788600893557,0.2861072183975351,2020
2020-15,Alfa Romeo Racing,giovinazzi,raikkonen,0.22181831024062437,0.2608496244565285,0.6621100317092871,0.5303904550363528,2020
2020-15,AlphaTauri,gasly,kvyat,-0.6085457195971178,0.26294050493925264,0.36452066660395177,0.6699003486336255,2020
2020-15,Ferrari,leclerc,vettel,0.28578795729888196,0.26582187373503596,0.5463244171913079,0.4105201493878663,2020
2020-15,McLaren,norris,sainz,-0.8340983218911934,0.26243436297824047,0.22216853403160094,0.5115956556879266,2020
2020-15,Mercedes,bottas,hamilton,0.20855299837239283,0.26243436297824047,0.5867154931201664,0.4762710021341399,2020
2020-15,Red Bull Racing,albon,max_verstappen,-0.07626855009654876,0.26600142247130326,0.35082426507721526,0.3786279190368223,2020
2020-15,Renault,ocon,ricciardo,0.29942537772661826,0.260768096208106,0.36533867866500946,0.2708051158260107,2020
2020-15,Williams,latifi,russell,0.19136559131750375,0.2640901167094099,0.4755441045821089,0.392718881037318,2020
2020-16,Alfa Romeo Racing,giovinazzi,raikkonen,-0.5817115958307179,0.20788977581951942,0.3113120485036211,0.5569677709274913,2020
2020-16,AlphaTauri,gasly,kvyat,-0.28033998770132584,0.20878156908535675,0.41431248627352685,0.5483756114855348,2020
2020-16,Haas F1 Team,kevin_magnussen,pietro_fittipaldi,-0.4748447721778362,0.20300768756902093,0.4191258073190801,0.6738556394394846,2020
2020-16,McLaren,norris,sainz,0.48208643118375827,0.20466022830532601,0.5251681591437444,0.324288023802502,2020
2020-16,Mercedes,bottas,russell,0.2004741669694744,0.20466022830532601,0.47203715609411223,0.38628812778654714,2020
2020-16,Racing Point,perez,stroll,0.31186922725651733,0.2022487776693525,0.4550413750774377,0.333125442015922,2020
2020-16,Renault,ocon,ricciardo,-0.4919177349013837,0.2022487776693525,0.24153517455433518,0.3950185981499141,2020
2020-16,Williams,aitken,latifi,0.2911780438222007,0.2308766538739448,0.4125648711216478,0.30834380576573633,2020
2020-17,Alfa Romeo Racing,giovinazzi,raikkonen,0.7959132120910348,0.2432249831637124,0.6720911697233032,0.30322672361646824,2020
2020-17,AlphaTauri,gasly,kvyat,-0.5120455904686146,0.23931047521180365,0.29060250228072704,0.4849287399995899,2020
2020-17,Ferrari,leclerc,vettel,-0.19140227868801596,0.24585451886114368,0.5463531422541972,0.6616044210484671,2020
2020-17,Haas F1 Team,kevin_magnussen,pietro_fittipaldi,0.053795475484521904,0.25299972205063104,0.6687509508918695,0.633725721321106,2020
2020-17,McLaren,norris,sainz,0.20682572819343337,0.2356060357495806,0.29788714711553355,0.24223031432001502,2020
2020-17,Mercedes,bottas,hamilton,0.21962365858108268,0.2356060357495806,0.3659421797115375,0.2937860212316927,2020
2020-17,Red Bull Racing,albon,max_verstappen,0.23326218350764827,0.2368299714439658,0.25168412850029875,0.19932021646611228,2020
2020-17,Renault,ocon,ricciardo,-0.36583939339920213,0.2406211768000433,0.19543825985640076,0.2817679659857584,2020
2020-17,Williams,latifi,russell,0.5442617565600152,0.2432249831637124,0.7183355190088038,0.4168285557667732,2020
2021-01,Alfa Romeo Racing,giovinazzi,raikkonen,-0.13141558611654802,0.2472474734578963,0.2986457878745206,0.34058809047563127,2021
2021-01,AlphaTauri,gasly,tsunoda,0.18130790752046932,0.25513529174541316,0.4677116756575897,0.39015500968529937,2021
2021-01,Alpine,alonso,ocon,0.6331144259551005,0.3129419059014338,0.48207872291138054,0.2559527866446945,2021
2021-01,Aston Martin,stroll,vettel,-0.6283763699042817,0.24869686206095648,0.2942165198614509,0.5515278457217854,2021
2021-01,Ferrari,leclerc,sainz,-0.24851051168409022,0.25020626411657765,0.2494017666294683,0.3197615713109559,2021
2021-01,McLaren,norris,ricciardo,-0.10080170640860531,0.25020626411657765,0.24354631621737513,0.26937617995231894,2021
2021-01,Mercedes,bottas,hamilton,-0.5528118246356383,0.25007398482416177,0.25227212659203213,0.43848262922186804,2021
2021-01,Red Bull Racing,max_verstappen,perez,-0.5642554301808376,0.2472474734578963,0.2615158230775734,0.45978096854860745,2021
2021-01,Williams,latifi,russell,0.6618114250408887,0.2596485714594916,0.9145556624051993,0.4718338483604586,2021
2021-03,AlphaTauri,gasly,tsunoda,-0.3324884891734927,0.21942051729161818,0.29022017233071534,0.4046928316722109,2021
2021-03,Alpine,alonso,ocon,-0.2148646895378452,0.21844747250910007,0.2216754568270756,0.27480976526024564,2021
2021-03,Aston Martin,stroll,vettel,-0.5197782936358066,0.2203892660077359,0.20629593633272925,0.3469185463557906,2021
2021-03,Ferrari,leclerc,sainz,-0.33632753259691794,0.21844747250910007,0.2777773411035733,0.38883200791755973,2021
2021-03,Haas F1 Team,mazepin,mick_schumacher,-0.3194766444061724,0.22787556412935708,0.49503901069390127,0.6813752711653245,2021
2021-03,McLaren,norris,ricciardo,0.0028297567609163465,0.21844747250910007,0.271174101106324,0.2704078290534226,2021
2021-03,Mercedes,bottas,hamilton,0.06200592216506862,0.2214606834361174,0.2859651889613095,0.2687721956046934,2021
2021-03,Red Bull Racing,max_verstappen,perez,-0.0808869666578994,0.22341096193440893,0.35218466962402467,0.3818556410984704,2021
2021-03,Williams,latifi,russell,0.030216654576212365,0.22138876894049306,0.6540795304949086,0.6346110526704684,2021
2021-04,Alfa Romeo Racing,giovinazzi,raikkonen,-0.16835798462120755,0.21844747250910007,0.5097622479427459,0.603232335068169,2021
2021-04,Alpine,alonso,ocon,-0.2739751156858992,0.2216047229202472,0.5496960037868887,0.7229503305650471,2021
2021-04,Aston Martin,stroll,vettel,-0.1485898765069258,0.2255684350283055,0.45932220326363155,0.5329042732863501,2021
2021-04,Ferrari,leclerc,sainz,-0.3961662469346394,0.21844747250910007,0.36822853722311244,0.5472304531302564,2021
2021-04,Haas F1 Team,mazepin,mick_schumacher,-0.230621267349052,0.22443344307471286,0.633727516232415,0.7981051408961766,2021
2021-04,McLaren,norris,ricciardo,0.8790007982522207,0.22042441300835927,0.7484496836797604,0.31075449039615555,2021
2021-04,Mercedes,bottas,hamilton,-0.014007590498266609,0.21844747250910007,0.5208902418338903,0.5282380010942611,2021
2021-04,Red Bull Racing,max_verstappen,perez,-0.42557999380713596,0.21942051729161818,0.36732695190339987,0.5621857562333199,2021
2021-04,Williams,latifi,russell,-0.24984788269706354,0.22042441300835927,0.5085027411061291,0.6528311295714201,2021
2021-05,Alfa Romeo Racing,giovinazzi,raikkonen,-0.3727702828231836,0.19302920497324424,0.7098671830611324,1.0305502575953929,2021
2021-05,AlphaTauri,gasly,tsunoda,-0.41197890652551966,0.19237597397980796,0.5144503973084814,0.7767185417738148,2021
2021-05,Alpine,alonso,ocon,-0.754112960395745,0.19302920497324424,0.4966435347090064,1.055727619769942,2021
2021-05,Aston Martin,stroll,vettel,-0.13314626758034237,0.19237597397980796,0.6316531616182847,0.7216113634334923,2021
2021-05,Haas F1 Team,mazepin,mick_schumacher,0.38220081467965605,0.2000865613544099,1.1229614724290278,0.7662617578122495,2021
2021-05,McLaren,norris,ricciardo,-0.48048423357421627,0.19237597397980796,0.5694086929740924,0.9206525160391236,2021
2021-05,Mercedes,bottas,hamilton,-0.44412849097973595,0.2707192067232927,0.5677568909717602,0.8852072595988073,2021
2021-05,Red Bull Racing,max_verstappen,perez,-0.190623891204386,0.19172051730776432,0.5535043805883255,0.6697426657680401,2021
2021-05,Williams,latifi,russell,-0.4203133944291309,0.19302920497324424,0.48808690537022453,0.7430823471548342,2021
2021-06,Alfa Romeo Racing,giovinazzi,raikkonen,-0.8370076433558781,0.29154759474226505,0.1979513871074269,0.4571580274579085,2021
2021-06,AlphaTauri,gasly,tsunoda,0.27419963487606647,0.28933047059050176,0.30802924955625144,0.23415776783281333,2021
2021-06,Aston Martin,stroll,vettel,0.3805973322102114,0.32750863311049494,0.3153329094340143,0.2155152351686234,2021
2021-06,Ferrari,leclerc,sainz,-0.6973037218591848,0.29154759474226505,0.276128210325119,0.5545566745087637,2021
2021-06,Haas F1 Team,mazepin,mick_schumacher,0.38314922171648014,0.3036937356243478,0.553591535676161,0.3773895310440451,2021
2021-06,McLaren,norris,ricciardo,0.4381650837875264,0.28933047059050176,0.4350026636057492,0.28067209619895434,2021
2021-06,Mercedes,bottas,hamilton,0.2560360712179116,0.2829651287160029,0.6467900514073922,0.5006892629945111,2021
2021-06,Red Bull Racing,max_verstappen,perez,-0.32089596665100695,0.29418608829354004,0.23764983721174415,0.3275675471732445,2021
2021-06,Williams,latifi,russell,-0.4267743422781881,0.28933047059050176,0.3043997541005592,0.4664338270789374,2021
2021-07,Alfa Romeo Racing,giovinazzi,raikkonen,0.0842053038395284,0.23804761428476168,0.46530349848011215,0.4277267571126342,2021
2021-07,AlphaTauri,gasly,tsunoda,0.20042986031370347,0.24198255217175382,0.4542161674337797,0.37172092240274207,2021
2021-07,Alpine,alonso,ocon,0.6201146525200024,0.2368299714439658,0.7299374874233313,0.3926207936071832,2021
2021-07,Aston Martin,stroll,vettel,-0.05669821797810859,0.2356060357495806,0.39446860271523276,0.4174804711700011,2021
2021-07,Ferrari,leclerc,sainz,0.5825102040161103,0.23941662313239798,0.7053750965585104,0.3939482317480082,2021
2021-07,Haas F1 Team,mazepin,mick_schumacher,-0.18642585362657293,0.23804761428476168,0.3785278175115879,0.4561015207183667,2021
2021-07,McLaren,norris,ricciardo,0.028094103303688334,0.24078480903711214,0.3990497903342512,0.38799486057932303,2021
2021-07,Mercedes,bottas,hamilton,0.022314101845564482,0.24220692176299843,0.5352104556659897,0.5233999752323578,2021
2021-07,Red Bull Racing,max_verstappen,perez,0.11090658875435766,0.24463291095405962,0.40342602756409945,0.3610753113129631,2021
2021-07,Williams,latifi,russell,0.2337855798658362,0.23804761428476168,0.7253173867196473,0.5741115721386907,2021
2021-08,Alfa Romeo Racing,giovinazzi,raikkonen,0.44502567090661693,0.20300768756902093,0.587984376591068,0.37678498991084386,2021
2021-08,Alpine,alonso,ocon,0.2446976402512524,0.20300768756902093,0.4533115348747484,0.354916291762816,2021
2021-08,Aston Martin,stroll,vettel,-0.2442770458449961,0.2080209779631066,0.28450203891287373,0.3632231799137366,2021
2021-08,Ferrari,leclerc,sainz,-0.4393359946176395,0.20378699057873526,0.3294965377960936,0.5112720525800445,2021
2021-08,Haas F1 Team,mazepin,mick_schumacher,-0.0994638903118899,0.2053608456426807,0.7132430723444091,0.7878330229205687,2021
2021-08,McLaren,norris,ricciardo,-0.2723345700207054,0.20300768756902093,0.36780126461346196,0.4829327067770943,2021
2021-08,Mercedes,bottas,hamilton,0.048376938167092653,0.20303099365802132,0.4030662587828692,0.3840312863422295,2021
2021-08,Red Bull Racing,max_verstappen,perez,-0.17724481531288905,0.20303099365802132,0.34492713285050797,0.41181655729287775,2021
2021-08,Williams,latifi,russell,0.31599410063100386,0.2616941980851687,0.5754200641932705,0.419517910499819,2021
2021-10,Alfa Romeo Racing,giovinazzi,raikkonen,0.009262992943795068,0.2560306311523476,0.31359739516227814,0.31070595706353543,2021
2021-10,AlphaTauri,gasly,tsunoda,-0.06943676667020715,0.25150708529480514,0.30158222481605695,0.3232672772461375,2021
2021-10,Alpine,alonso,ocon,0.5027649815227369,0.24863262420322443,0.48928767132379997,0.2959485494814023,2021
2021-10,Aston Martin,stroll,vettel,-0.016209030030039484,0.2734594277969337,0.29903457404579253,0.30392113061995135,2021
2021-10,Ferrari,leclerc,sainz,-0.48437698729061507,0.24863262420322443,0.26392364430957793,0.42839121100547833,2021
2021-10,Haas F1 Team,mazepin,mick_schumacher,-0.24365726932325293,0.25150708529480514,0.6321056304206653,0.8065079752603497,2021
2021-10,McLaren,norris,ricciardo,0.03322435229079024,0.24863262420322443,0.33795354709507525,0.32690973698805376,2021
2021-10,Mercedes,bottas,hamilton,-0.03487726531561175,0.24863262420322443,0.4014928221621422,0.41574285037370706,2021
2021-10,Williams,latifi,russell,-0.21456559308642742,0.25299972205063104,0.3112823217959543,0.3857794683204083,2021
2021-13,Alfa Romeo Racing,giovinazzi,kubica,-0.027442813090041318,0.20618045132935983,0.6261865982374446,0.6436088848990407,2021
2021-13,AlphaTauri,gasly,tsunoda,-0.11479351655295034,0.23189823697772624,0.4833380275649517,0.5421321416223644,2021
2021-13,Alpine,alonso,ocon,0.8802227842433649,0.20300768756902093,0.9732102617529511,0.4035810645300085,2021
2021-13,Aston Martin,stroll,vettel,0.02698564243522622,0.2070230924173549,0.7577814889428008,0.7376057210274177,2021
2021-13,Ferrari,leclerc,sainz,0.2300698634400581,0.20300768756902093,0.46928031096356587,0.3728329277529657,2021
2021-13,Haas F1 Team,mazepin,mick_schumacher,-0.42860122920866184,0.24958982745138697,0.6734831807794298,1.0338699276936296,2021
2021-13,McLaren,norris,ricciardo,-0.43634934608138204,0.20541022903780182,0.5628244250406615,0.8707170516890083,2021
2021-13,Mercedes,bottas,hamilton,0.28358137665629846,0.20618045132935983,0.5636915571800234,0.42450587302442067,2021
2021-13,Red Bull Racing,max_verstappen,perez,-0.6533376338774832,0.20788977581951942,0.5558029825989899,1.0682226990455403,2021
2021-13,Williams,latifi,russell,0.5533312342026805,0.2070230924173549,1.0098795508773486,0.5807121016736352,2021
2021-14,Alfa Romeo Racing,giovinazzi,kubica,-0.2680729495649953,0.2644380616781061,0.2951068507641263,0.38583524283180654,2021
2021-14,Alpine,alonso,ocon,0.1178777766155038,0.26754242162397546,0.37690325255722934,0.3349933742871524,2021
2021-14,Aston Martin,stroll,vettel,-0.09038476520412586,0.27658633371878666,0.26356102988524843,0.28849268168075043,2021
2021-14,Ferrari,leclerc,sainz,-0.10985411283276214,0.26260275206388756,0.3037764281649567,0.33904949850379384,2021
2021-14,Haas F1 Team,mazepin,mick_schumacher,0.16162764888425318,0.3038218101251,0.28249747844096684,0.2403369689247144,2021
2021-14,McLaren,norris,ricciardo,0.2512942605831159,0.26953584668754665,0.31916508821567535,0.2482445195265996,2021
2021-14,Mercedes,bottas,hamilton,0.46317808675599115,0.3364085785281301,0.4397268433705992,0.27671155248260004,2021
2021-14,Red Bull Racing,max_verstappen,perez,-0.28210460686503946,0.3364085785281301,0.25575864347327987,0.3391148388544105,2021
2021-14,Williams,latifi,russell,-0.2803924758611439,0.26636161413592396,0.2837453371130317,0.3755792915290327,2021
2021-17,Alfa Romeo Racing,giovinazzi,raikkonen,0.5246509558212434,0.25020626411657765,0.5629875556167062,0.3331545739694372,2021
2021-17,Alpine,alonso,ocon,-0.185969922329841,0.29388938011084287,0.4269048752093131,0.5141582698504076,2021
2021-17,Aston Martin,stroll,vettel,0.3948784817789822,0.24316750354973155,0.530734185698105,0.3575884779274194,2021
2021-17,Ferrari,leclerc,sainz,0.1280083760743319,0.24056670681025652,0.47744440134385413,0.42007755126055096,2021
2021-17,Haas F1 Team,mazepin,mick_schumacher,-0.19939487436995484,0.2472474734578963,0.48613579934514645,0.5934084108538863,2021
2021-17,McLaren,norris,ricciardo,0.15072565150061956,0.24056670681025652,0.4980294832458512,0.428347005272745,2021
2021-17,Mercedes,bottas,hamilton,0.7826731149386469,0.24056670681025652,0.8163104883301557,0.3732026867081753,2021
2021-17,Red Bull Racing,max_verstappen,perez,0.4201915492506165,0.23931047521180365,0.6519713145695166,0.4282936316665661,2021
2021-17,Williams,latifi,russell,0.0735308504018869,0.24187060095032284,0.5703165304604185,0.5298853555648506,2021
2021-18,Alfa Romeo Racing,giovinazzi,raikkonen,-0.3341250864544938,0.2077849926597279,0.21436775345834325,0.2994112662471599,2021
2021-18,Alpine,alonso,ocon,-0.2714814039341782,0.2077849926597279,0.34474000096488183,0.45226663957126423,2021
2021-18,Aston Martin,stroll,vettel,0.40919396722879264,0.21483652177881704,0.4934795062978831,0.3277618781636754,2021
2021-18,Ferrari,leclerc,sainz,0.5042405768733098,0.2069717410355858,0.515941594510568,0.3116101830276351,2021
2021-18,McLaren,norris,ricciardo,-0.6388581399974915,0.21036627166437175,0.2624764265333739,0.49721345176768666,2021
2021-18,Mercedes,bottas,hamilton,0.9253139820857766,0.21303464444319076,1.050092837958062,0.4162640832101237,2021
2021-18,Red Bull Racing,max_verstappen,perez,0.01845103636630696,0.2069717410355858,0.40062705557051204,0.39330284859055137,2021
2021-18,Williams,latifi,russell,-0.3872902561358861,0.21119221230347113,0.5980114320877247,0.8808612544582088,2021
2021-19,Alfa Romeo Racing,giovinazzi,raikkonen,0.12396401511004723,0.22348622249303166,0.755115290376461,0.6670776293440739,2021
2021-19,AlphaTauri,gasly,tsunoda,-0.11706744842791206,0.22341096193440893,0.6505339031880449,0.7313271254475325,2021
2021-19,Alpine,alonso,ocon,0.07157602813598529,0.2165883112737946,0.5286117610585865,0.4920981671097734,2021
2021-19,Aston Martin,stroll,vettel,0.16357657324009423,0.26191265809274705,0.6026078037227512,0.5116751768319845,2021
2021-19,Ferrari,leclerc,sainz,-0.0172288242433154,0.2203892660077359,0.38611479581421887,0.3928247359824928,2021
2021-19,Haas F1 Team,mazepin,mick_schumacher,0.11947076759899396,0.22348622249303166,1.0060869363482239,0.8927914341081102,2021
2021-19,McLaren,norris,ricciardo,0.3644415202718555,0.25001010080604846,0.8343317973347303,0.5795138958355203,2021
2021-19,Mercedes,bottas,hamilton,-0.1107932569740987,0.2216047229202472,0.3681914939868502,0.41133025167587983,2021
2021-19,Red Bull Racing,max_verstappen,perez,0.43689276900845486,0.22887810114815527,0.5783049186173009,0.3736085163347896,2021
2021-19,Williams,latifi,russell,-0.2235367301902358,0.21844747250910007,0.435042735174575,0.5440172730239614,2021
2021-21,Alfa Romeo Racing,giovinazzi,raikkonen,-0.435199271255712,0.3145501533011849,0.33864247683912974,0.523294384048189,2021
2021-21,AlphaTauri,gasly,tsunoda,-0.6590186762995528,0.32817962056477135,0.24112450431032498,0.46606825426776266,2021
2021-21,Alpine,alonso,ocon,1.002116985268219,0.33326665999866634,0.6972015949218155,0.25594373009053645,2021
2021-21,Aston Martin,stroll,vettel,0.2971854692503513,0.34921242494904364,0.3554140185259714,0.2640392826657956,2021
2021-21,Ferrari,leclerc,sainz,0.24407853014826242,0.3089789317988631,0.510101440938009,0.3996267872114703,2021
2021-21,McLaren,norris,ricciardo,0.08191335113923004,0.31167748898959186,0.41381738201418966,0.381271385370738,2021
2021-21,Mercedes,bottas,hamilton,-0.06331968220907491,0.32181239626652763,0.5290654483778304,0.5636490620111485,2021
2021-22,Alfa Romeo Racing,giovinazzi,raikkonen,-0.04632937094445455,0.34985711369071804,0.24989271515980346,0.2617424636948163,2021
2021-22,AlphaTauri,gasly,tsunoda,0.4094026547599612,0.25177957409118656,0.36548830489973894,0.24270133816582817,2021
2021-22,Alpine,alonso,ocon,0.3346813790532751,0.25150708529480514,0.451536464039662,0.3231041614594346,2021
2021-22,Aston Martin,stroll,vettel,0.3137434845161833,0.25150708529480514,0.23558976324280248,0.17214695758538634,2021
2021-22,Ferrari,leclerc,sainz,0.3884211967002653,0.25455576733608154,0.376460771438277,0.2552880849513723,2021
2021-22,McLaren,norris,ricciardo,-0.209102016248907,0.25455576733608154,0.23606402464572784,0.29096560821342704,2021
2021-22,Mercedes,bottas,hamilton,-0.034112337604169096,0.25007398482416177,0.38823706716133444,0.4017092179628682,2021
2021-22,Red Bull Racing,max_verstappen,perez,-0.23921458654187633,0.24585451886114368,0.3342653069815987,0.42460086924826684,2021
2021-22,Williams,latifi,russell,-0.6959271909858405,0.305172794958215,0.3532607601623241,0.7084883902099247,2021
2022-01,Alfa Romeo,bottas,zhou,0.18731988456922555,0.2472474734578963,0.46928207673780314,0.3891185862061551,2022
2022-01,AlphaTauri,gasly,tsunoda,-1.4020615673312808,0.26344958674198365,0.11695007483883874,0.4752346586616831,2022
2022-01,Alpine,alonso,ocon,0.3091592701573874,0.2560306311523476,0.42222692403791157,0.3099415198499778,2022
2022-01,Aston Martin,hulkenberg,stroll,0.06004573126692703,0.260768096208106,0.45840352477919183,0.43168843959637826,2022
2022-01,Ferrari,leclerc,sainz,-0.5557237778787822,0.2472474734578963,0.21983530432081846,0.38321739041581326,2022
2022-01,Haas F1 Team,kevin_magnussen,mick_schumacher,-0.03154330033424757,0.25177957409118656,0.5586599269139553,0.5765627778858656,2022
2022-01,McLaren,norris,ricciardo,0.9098831400129535,0.25764501233470904,0.6455145918610151,0.25986562631064214,2022
2022-01,Mercedes,hamilton,russell,-0.004924302963730143,0.25007398482416177,0.37725325685393823,0.37911554766363237,2022
2022-01,Red Bull Racing,max_verstappen,perez,0.4135666128961099,0.26582187373503596,0.6129842102461129,0.4053587852910256,2022
2022-01,Williams,albon,latifi,-0.2279743901527871,0.25455576733608154,0.3977129330707379,0.49954858543804204,2022
2022-02,Alfa Romeo,bottas,zhou,1.376836386656328,0.3124756400761916,0.9676877672342613,0.24422088790577612,2022
2022-02,Alpine,alonso,ocon,-0.20043620538341367,0.32298325315437304,0.3338615122388802,0.40795728625013733,2022
2022-02,Aston Martin,hulkenberg,stroll,-0.11952581064868018,0.2872281323269014,0.37615262150581014,0.42390983526455556,2022
2022-02,Ferrari,leclerc,sainz,-0.30087795444384025,0.27877282097486783,0.20274431052760492,0.27391657398787744,2022
2022-02,McLaren,norris,ricciardo,0.28075353074596776,0.31676893154905506,0.40349267671017935,0.3047234997938476,2022
2022-02,Mercedes,hamilton,russell,-0.1324859689503357,0.27877282097486783,0.26730832485348255,0.30517602334119204,2022
2022-02,Red Bull Racing,max_verstappen,perez,-0.006945146238647837,0.2808151400069855,0.2671480006462941,0.26900984046924364,2022
2022-03,Alfa Romeo,bottas,zhou,-0.28776129272706497,0.25787536107301734,0.7009560504715564,0.9346821101365907,2022
2022-03,AlphaTauri,gasly,tsunoda,0.008435706860328573,0.26243436297824047,0.4189716618444923,0.41545220514558806,2022
2022-03,Alpine,alonso,ocon,-0.16320855531198036,0.25455576733608154,0.5801503187939541,0.6830006393137269,2022
2022-03,Haas F1 Team,kevin_magnussen,mick_schumacher,0.4605638406758686,0.26754242162397546,0.7903967443597812,0.4986832809733858,2022
2022-03,McLaren,norris,ricciardo,-0.18958838232850483,0.25150708529480514,0.38642883346864726,0.46709660660223945,2022
2022-03,Mercedes,hamilton,russell,-0.1403472266000917,0.2472474734578963,0.45594683085291543,0.524645832567145,2022
2022-03,Red Bull Racing,max_verstappen,perez,-0.21102126660929676,0.30381107038738037,0.5016169290112485,0.6194661169477453,2022
2022-03,Williams,albon,latifi,0.08542597236212701,0.2547726259021776,0.4795000263509873,0.44023909494012825,2022
2022-06,Alfa Romeo,bottas,zhou,-0.0995056918366427,0.3082648588965178,0.42723088327827585,0.4719298110794754,2022
2022-06,AlphaTauri,gasly,tsunoda,0.2476110631493733,0.2255684350283055,0.39330890869012586,0.3070419143709657,2022
2022-06,Alpine,alonso,ocon,0.26937976841558164,0.22138876894049306,0.4951627686669025,0.37823162242243147,2022
2022-06,Aston Martin,stroll,vettel,0.253805635019831,0.2225309562314816,0.5836427811175484,0.45281492344749485,2022
2022-06,Ferrari,leclerc,sainz,-0.7102064498292873,0.30451153135353143,0.2099565688730325,0.4271379992482279,2022
2022-06,Haas F1 Team,kevin_magnussen,mick_schumacher,0.03379276429010514,0.21844747250910007,0.5989311315269529,0.579029748182334,2022
2022-06,McLaren,norris,ricciardo,0.7918459456027775,0.22138876894049306,0.5670387341391272,0.2568729667703743,2022
2022-06,Mercedes,hamilton,russell,0.6764305760790794,0.2225309562314816,0.9006830465555301,0.4579329793056757,2022
2022-06,Red Bull Racing,max_verstappen,perez,0.30924326309364714,0.22458753402528922,0.5955976032297445,0.4371699467150861,2022
2022-06,Williams,albon,latifi,-0.3619666388854734,0.2287510525115835,0.4803003463646374,0.6897838369306438,2022
2022-08,Alfa Romeo,bottas,zhou,0.09095511001935253,0.3437597005283154,0.5791602014053175,0.5288072589458666,2022
2022-08,AlphaTauri,gasly,tsunoda,0.1302494919732189,0.2561794429237916,0.4221893941645104,0.3706300972285594,2022
2022-08,Alpine,alonso,ocon,-0.0024054628218768137,0.25764501233470904,0.21239998861030554,0.21291152387915438,2022
2022-08,Aston Martin,stroll,vettel,0.22018377225439245,0.27273220000476345,0.42096048596746233,0.3377666253501921,2022
2022-08,Haas F1 Team,kevin_magnussen,mick_schumacher,-0.6356106832669802,0.3011090610836324,0.2966508078211014,0.5601285993787805,2022
2022-08,McLaren,norris,ricciardo,0.18690802040252552,0.2561794429237916,0.48681510429422836,0.403822880792513,2022
2022-08,Mercedes,hamilton,russell,1.1173794342418195,0.25150708529480514,0.5379037072001961,0.17596764220039668,2022
2022-08,Red Bull Racing,max_verstappen,perez,0.46345562884470715,0.260768096208106,0.4206706167650923,0.26464637890658194,2022
2022-08,Williams,albon,latifi,-0.13086580752396187,0.26763510911042976,0.5468023934777392,0.6232534697706893,2022
2022-09,Alfa Romeo,bottas,zhou,-0.8799829623816637,0.22138876894049306,0.3280139798013557,0.7907953342199657,2022
2022-09,AlphaTauri,gasly,tsunoda,0.22600866305853112,0.247033683989939,0.7156908064711136,0.5709145656299907,2022
2022-09,Alpine,alonso,ocon,0.6223110297375727,0.22242054642253595,0.6838673150547318,0.36703341216407565,2022
2022-09,Aston Martin,stroll,vettel,-0.4190776149274288,0.22341096193440893,0.4394884571338425,0.6682678512387559,2022
2022-09,Ferrari,leclerc,sainz,0.34547120401619746,0.22341096193440893,0.6006825229034959,0.42521517837947914,2022
2022-09,McLaren,norris,ricciardo,0.3196144642000086,0.22348622249303166,0.5482168967128912,0.3982406781009973,2022
2022-09,Mercedes,hamilton,russell,0.4401598385684067,0.22443344307471286,0.3650211291723607,0.23504932870096637,2022
2022-09,Williams,albon,latifi,-0.0585089486432081,0.22447193607612356,0.42232700987861166,0.4477741014999344,2022
2022-11,Alfa Romeo,bottas,zhou,-0.33983378566913225,0.26838009345787917,0.5264428257085597,0.7395016535604614,2022
2022-11,AlphaTauri,gasly,tsunoda,-0.8336101156159184,0.2732153299896501,0.25837115549553474,0.5946703711437766,2022
2022-11,Alpine,alonso,ocon,0.6541153823018993,0.24338806368899749,0.6767131719828858,0.3518243782870384,2022
2022-11,Aston Martin,stroll,vettel,0.7540969849950735,0.24376920113792763,0.5079882821692433,0.23897558591282833,2022
2022-11,Ferrari,leclerc,sainz,0.2980826417845581,0.23538778092205084,0.5043817788149745,0.37437233008282,2022
2022-11,Haas F1 Team,kevin_magnussen,mick_schumacher,-0.04639564784318029,0.2749798167391556,0.47657107193573106,0.4992028438879562,2022
2022-11,McLaren,norris,ricciardo,-0.08664159413159478,0.26763510911042976,0.4106174999646756,0.4477807513334257,2022
2022-11,Mercedes,hamilton,russell,0.059038964512150294,0.26604010713316434,0.5182063572435177,0.4884976063519568,2022
2022-11,Red Bull Racing,max_verstappen,perez,0.42692548778620276,0.3205550741379016,0.551954210951033,0.3601568402279554,2022
2022-11,Williams,albon,latifi,-0.44800921183899756,0.2857424461288754,0.30695383539620785,0.48044202944552067,2022
2022-12,Alfa Romeo,bottas,zhou,0.1794649888191009,0.2648749330509215,0.45654052182886157,0.38153877109877715,2022
2022-12,Alpine,alonso,ocon,-0.14098659976933203,0.25007398482416177,0.24491223994467598,0.28199421085266285,2022
2022-12,Aston Martin,stroll,vettel,-0.08787396669941683,0.24863262420322443,0.20794628509386967,0.2270462561500255,2022
2022-12,Haas F1 Team,kevin_magnussen,mick_schumacher,-0.46263156479096057,0.29517304607149875,0.260925846724841,0.41441497197701355,2022
2022-12,McLaren,norris,ricciardo,-0.22979025934842112,0.24863262420322443,0.27358264510476143,0.3442589071851802,2022
2022-12,Mercedes,hamilton,russell,0.018240107877731004,0.2591731693430419,0.31154072957983014,0.3059097044370472,2022
2022-12,Red Bull Racing,max_verstappen,perez,-0.3703668557700799,0.26243436297824047,0.2388226968600265,0.3458787493545742,2022
2022-12,Williams,albon,latifi,0.3047175824060906,0.2734594277969337,0.3595909418123629,0.2651377574242404,2022
2022-14,AlphaTauri,gasly,tsunoda,-0.4900418559730647,0.27877282097486783,0.3432276688856438,0.5602795416141367,2022
2022-14,Alpine,alonso,ocon,0.45695875716052403,0.27877282097486783,0.41385924671392715,0.2620583463798812,2022
2022-14,Aston Martin,stroll,vettel,0.18164157823839377,0.27877282097486783,0.3591737652552715,0.2995150656399385,2022
2022-14,Ferrari,leclerc,sainz,0.6729135643902612,0.2808151400069855,0.5542241464926034,0.2827761618314067,2022
2022-14,Haas F1 Team,kevin_magnussen,mick_schumacher,-0.3639493869260032,0.282842712474619,0.3992028041079921,0.5744533860238664,2022
2022-14,McLaren,norris,ricciardo,-0.22974823354465945,0.27877282097486783,0.31458591370465766,0.3958381627948,2022
2022-14,Red Bull Racing,max_verstappen,perez,0.8436073838319741,0.27877282097486783,0.4104626597741678,0.17656296909029723,2022
2022-14,Williams,albon,latifi,-0.09240774927029449,0.2808151400069855,0.4876208150407874,0.5348283395361794,2022
2022-15,Alfa Romeo,bottas,zhou,0.062112404528945175,0.2581988897471611,0.4739823806692499,0.44543785618501897,2022
2022-15,AlphaTauri,gasly,tsunoda,0.28700054516581275,0.25490739059073547,0.4213583051737909,0.31623417767572926,2022
2022-15,Alpine,alonso,ocon,0.19205473990525412,0.22341096193440893,0.5075220615460092,0.41883851549679735,2022
2022-15,Aston Martin,stroll,vettel,-0.16810155786695002,0.2345207879911715,0.3380612911029996,0.3999456934576785,2022
2022-15,Ferrari,leclerc,sainz,-0.3983731879043836,0.2287510525115835,0.29222224947414804,0.43523574594790365,2022
2022-15,Haas F1 Team,kevin_magnussen,mick_schumacher,-0.4691012267992761,0.23094010767585033,0.3564402703828591,0.56979002063558,2022
2022-15,McLaren,norris,ricciardo,-0.5164671344779262,0.22771001702132443,0.2994857704369932,0.5019668290118927,2022
2022-15,Mercedes,hamilton,russell,0.23108834278127344,0.22443344307471286,0.44824265190945045,0.35575645327800776,2022
2022-15,Red Bull Racing,max_verstappen,perez,-0.36657033677760464,0.23098451496549754,0.31688728867360855,0.45719796970478704,2022
2022-15,Williams,albon,latifi,-0.29942101061340276,0.22982713682355446,0.34700162238773696,0.468132074239937,2022
2022-16,Alfa Romeo,bottas,zhou,0.12159030376653845,0.260768096208106,0.4298239497945754,0.3806138720349511,2022
2022-16,AlphaTauri,gasly,tsunoda,-0.23949049647526466,0.260768096208106,0.23041818158613597,0.2927697123525373,2022
2022-16,Alpine,alonso,ocon,0.3018853626024034,0.2973213749463701,0.2942332815734426,0.21756280442879786,2022
2022-16,Ferrari,leclerc,sainz,-0.15615026059819392,0.2575683664867139,0.31449109728973224,0.36764067290802277,2022
2022-16,Haas F1 Team,kevin_magnussen,mick_schumacher,-0.08491547877689265,0.260768096208106,0.4358068629511858,0.4744302683580113,2022
2022-16,McLaren,norris,ricciardo,-0.11670992988571083,0.26600142247130326,0.2303225333543435,0.25883494366714677,2022
2022-16,Mercedes,hamilton,russell,0.6471204586246566,0.260768096208106,0.4711112872878638,0.24665087771678423,2022
2022-16,Red Bull Racing,max_verstappen,perez,-0.6077832776510332,0.264176974174909,0.1747938089923459,0.32098369343806427,2022
2022-16,Williams,de_vries,latifi,0.0022158232455347093,0.260768096208106,0.3506262345525475,0.3498501689211966,2022
2022-19,AlphaTauri,gasly,tsunoda,-0.6160759644125093,0.271232836253261,0.3658482790676067,0.6774221739808753,2022
2022-19,Alpine,alonso,ocon,0.18766909247019314,0.2459152461731384,0.2775229690985378,0.23003572174933767,2022
2022-19,Haas F1 Team,kevin_magnussen,mick_schumacher,0.18656912008926319,0.25692741369194677,0.4775545458865271,0.3962753371694018,2022
2022-19,McLaren,norris,ricciardo,0.2998857895350262,0.2575683664867139,0.4082337836994684,0.30246156756609005,2022
2022-19,Mercedes,hamilton,russell,-0.18595445344171557,0.25933134645226996,0.3896397282401759,0.46926938812766605,2022
2022-19,Red Bull Racing,max_verstappen,perez,-0.18863949802361502,0.2560306311523476,0.38751286610028546,0.4679626799798996,2022
2022-19,Williams,albon,latifi,0.12034240338679303,0.26992062325273125,0.46633515066900105,0.4134605809448488,2022
2022-20,Alfa Romeo,bottas,zhou,-0.24928310885227134,0.2069717410355858,0.43316536666294647,0.5557967517975299,2022
2022-20,AlphaTauri,gasly,tsunoda,0.173996006011925,0.23066029757265125,0.3617357440393074,0.30396663752509545,2022
2022-20,Alpine,alonso,ocon,0.2597281284114208,0.21239032257333906,0.3411991495151033,0.26315367959284947,2022
2022-20,Aston Martin,stroll,vettel,-0.0067294114683680295,0.21221587464035427,0.3931178924735727,0.39577226569547674,2022
2022-20,Ferrari,leclerc,sainz,0.08198818428429266,0.20615528128088303,0.3406736973315566,0.313856832838171,2022
2022-20,Haas F1 Team,kevin_magnussen,mick_schumacher,-0.00680230778184765,0.2077849926597279,0.48346538546776585,0.4867652765347265,2022
2022-20,McLaren,norris,ricciardo,0.4682954326244767,0.20867458390329455,0.3898232090859036,0.2440560455237869,2022
2022-20,Mercedes,hamilton,russell,-0.041233170490279525,0.20618045132935983,0.32924903238471753,0.34310879115745674,2022
2022-20,Red Bull Racing,max_verstappen,perez,-0.35061231591036157,0.2053608456426807,0.22245358404754398,0.3158700152234494,2022
2022-20,Williams,albon,latifi,-0.609108903975881,0.20867458390329455,0.30581164321012255,0.5623240422349853,2022
2022-21,Alfa Romeo,bottas,zhou,-0.4529780812938923,0.23323807579381203,0.319229504709153,0.5021447254731537,2022
2022-21,AlphaTauri,gasly,tsunoda,-0.21123226110746474,0.23565511522844848,0.4586073039358052,0.5664713797436989,2022
2022-21,Alpine,alonso,ocon,0.37453470106994124,0.23209193580705614,0.4192963184656246,0.2883119843704214,2022
2022-21,Aston Martin,stroll,vettel,-0.07262285476705688,0.2369307287220591,0.46384927331928455,0.4987886765856855,2022
2022-21,Ferrari,leclerc,sainz,-0.2431930361253681,0.2356060357495806,0.6310302036041184,0.8047621466603896,2022
2022-21,Mercedes,hamilton,russell,0.3997344063059546,0.23209193580705614,0.4409242546200684,0.29563887605008615,2022
2022-21,Red Bull Racing,max_verstappen,perez,0.10019959092484088,0.23328473740792174,0.46409314344705666,0.4198450360226547,2022
2022-21,Williams,albon,latifi,0.06846900994587146,0.23323807579381203,0.38021589539539624,0.35505411952351645,2022
2022-22,Alfa Romeo,bottas,zhou,0.5169484149465389,0.2321830058265731,0.7105388920818392,0.42372102133406997,2022
2022-22,AlphaTauri,gasly,tsunoda,0.29125951489921065,0.22870874995874624,0.46900298235941756,0.3504961115842112,2022
2022-22,Alpine,alonso,ocon,0.7881433350166963,0.3023715784073818,0.4613713486119578,0.20978011530036578,2022
2022-22,Aston Martin,stroll,vettel,-0.35579589033149883,0.2323654679418263,0.2836354377007245,0.4048374521450286,2022
2022-22,Ferrari,leclerc,sainz,-0.06886477716629358,0.2287510525115835,0.2863072122747073,0.30671843603104043,2022
2022-22,Haas F1 Team,kevin_magnussen,mick_schumacher,0.365483926735144,0.2321830058265731,0.6732208960245454,0.4671215839929764,2022
2022-22,McLaren,norris,ricciardo,0.23625565533854032,0.2287510525115835,0.3752810428301463,0.29631395099282903,2022
2022-22,Mercedes,hamilton,russell,0.34914244518912907,0.2347126250686403,0.45468966841526803,0.32068928460540763,2022
2022-22,Red Bull Racing,max_verstappen,perez,0.521881959809552,0.22991384768754267,0.416168002458522,0.24695523144483764,2022
2022-22,Williams,albon,latifi,0.4049689549679668,0.2369307287220591,0.46588336650587453,0.3107430489022606,2022
2023-01,Alfa Romeo,bottas,zhou,-0.5089965776275385,0.24463291095405962,0.292347889314556,0.48635610041709787,2023
2023-01,AlphaTauri,de_vries,tsunoda,0.19434474105309496,0.24187060095032284,0.327321115437501,0.2695076975797746,2023
2023-01,Alpine,gasly,ocon,1.060422518486925,0.27252431734819427,0.4013686916026878,0.13899777375245334,2023
2023-01,Aston Martin,alonso,stroll,0.24482816596453183,0.2459152461731384,0.40720350737359096,0.31877480486448906,2023
2023-01,Ferrari,leclerc,sainz,0.00592601771358825,0.27252431734819427,0.32414788512878023,0.3222326594551731,2023
2023-01,Haas F1 Team,hulkenberg,kevin_magnussen,0.0010114039783463147,0.24056670681025652,0.4098312761372479,0.4094169806994555,2023
2023-01,Mercedes,hamilton,russell,0.5559822639389289,0.2432249831637124,0.4832736336893302,0.277161608063364,2023
2023-01,Red Bull Racing,max_verstappen,perez,-0.062340046010300965,0.23931047521180365,0.5498822037620303,0.5852529379324882,2023
2023-01,Williams,albon,sargeant,0.12326558112651798,0.24187060095032284,0.33308961680544974,0.2944608308926119,2023
2023-02,Alfa Romeo,bottas,zhou,0.1885630050706062,0.25933134645226996,0.47214833385440474,0.3910088514795407,2023
2023-02,AlphaTauri,de_vries,tsunoda,0.38700615560341367,0.24863262420322443,0.3330816276988686,0.22619137490528624,2023
2023-02,Alpine,gasly,ocon,-0.2971985371627792,0.25299972205063104,0.25665483442728554,0.3454785863794849,2023
2023-02,Ferrari,leclerc,sainz,-0.07310031161833175,0.25299972205063104,0.28632263664393587,0.3080369017781913,2023
2023-02,Haas F1 Team,hulkenberg,kevin_magnussen,-0.20195364737910104,0.2544836041121407,0.3511971496663825,0.42979200962577585,2023
2023-02,McLaren,norris,piastri,-0.36870774187152,0.25299972205063104,0.42102444569930797,0.6087445001301752,2023
2023-02,Mercedes,hamilton,russell,0.5845239120674528,0.24863262420322443,0.47356600606712745,0.26395203240347465,2023
2023-02,Red Bull Racing,max_verstappen,perez,0.8214414452579883,0.25007398482416177,0.9361287081431443,0.4117068349726038,2023
2023-02,Williams,albon,sargeant,0.03288249672294319,0.3201375302545954,0.46668714657890276,0.4515908698693256,2023
2023-03,Alfa Romeo,bottas,zhou,-0.39447853512246756,0.25150708529480514,0.35120748904904775,0.5210550617070699,2023
2023-03,AlphaTauri,de_vries,tsunoda,0.019101722634073615,0.26260275206388756,0.3835980186010031,0.3763401749874739,2023
2023-03,Alpine,gasly,ocon,-0.4375124823306712,0.2531399269503094,0.3294614968898628,0.5102863181391813,2023
2023-03,Aston Martin,alonso,stroll,-0.13084286246614074,0.24863262420322443,0.3343476742389511,0.38108568881850186,2023
2023-03,Haas F1 Team,hulkenberg,kevin_magnussen,-0.08882432450138422,0.25764501233470904,0.47166836584795196,0.5154810015726463,2023
2023-03,McLaren,norris,piastri,-0.6480228917716896,0.2561794429237916,0.20254758621980884,0.38722183443146435,2023
2023-03,Red Bull Racing,max_verstappen,perez,-0.4942094712660343,0.25455576733608154,0.31822282487349574,0.5216314561420943,2023
2023-04,Alfa Romeo,bottas,zhou,0.44895372333639894,0.29352997130545444,0.2971620157794795,0.1896772179172543,2023
2023-04,Alpine,gasly,ocon,0.5545632121394611,0.25933134645226996,0.4402092406522362,0.25282231978728203,2023
2023-04,Aston Martin,alonso,stroll,0.4554562105004698,0.25150708529480514,0.30955708099519275,0.19630828266976788,2023
2023-04,Ferrari,leclerc,sainz,-0.0033536626088077615,0.25150708529480514,0.2157528159242544,0.21647759272489245,2023
2023-04,Haas F1 Team,hulkenberg,kevin_magnussen,-0.08167440675685578,0.25455576733608154,0.35630210292353687,0.38662428492260265,2023
2023-04,McLaren,norris,piastri,-0.05881514622706385,0.2560306311523476,0.3039000836170801,0.322310098614923,2023
2023-04,Mercedes,hamilton,russell,0.14112465568868093,0.2544836041121407,0.2878147510062427,0.2499328775009392,2023
2023-04,Red Bull Racing,max_verstappen,perez,0.3508311749482076,0.25299972205063104,0.2612423506212839,0.1839414219553338,2023
2023-04,Williams,albon,sargeant,-0.17645007835071969,0.2575683664867139,0.27958010828575575,0.3335320433367753,2023
2023-05,Alfa Romeo,bottas,zhou,-0.2957933771025363,0.22654084558194165,0.2565371025013754,0.3448352202193795,2023
2023-05,AlphaTauri,de_vries,tsunoda,-0.09105776360568418,0.2287510525115835,0.26159247115494205,0.28653067623196066,2023
2023-05,Alpine,gasly,ocon,-0.6723131603372773,0.22654084558194165,0.20616986320036557,0.4038379032998308,2023
2023-05,Aston Martin,alonso,stroll,0.4087192067308807,0.22991384768754267,0.47894892741275763,0.31826194230148547,2023
2023-05,Ferrari,leclerc,sainz,0.012641782486452868,0.22654084558194165,0.3433016468208972,0.3389890191599062,2023
2023-05,Haas F1 Team,hulkenberg,kevin_magnussen,-0.2072873551430814,0.22654084558194165,0.40696495298882024,0.5007036586029653,2023
2023-05,McLaren,norris,piastri,-0.5979080548412876,0.22982713682355446,0.37460682105716925,0.681151707905422,2023
2023-05,Mercedes,hamilton,russell,-0.24474624919229715,0.22991384768754267,0.23381372484531976,0.29864960598770535,2023
2023-05,Red Bull Racing,max_verstappen,perez,-0.7998944308042224,0.22654084558194165,0.20227595073276478,0.4501258852694052,2023
2023-05,Williams,albon,sargeant,0.21385714241167642,0.2276273786527814,0.3144469092386006,0.2539044739392146,2023
2023-07,Alfa Romeo,bottas,zhou,0.6207878906771931,0.2165883112737946,0.7587510462531061,0.40784444139547726,2023
2023-07,AlphaTauri,de_vries,tsunoda,-0.055443612634487605,0.2165883112737946,0.43527714071325296,0.46009203517864294,2023
2023-07,Alpine,gasly,ocon,0.16738092084962986,0.21291625896895083,0.3705584714023247,0.3134470132321781,2023
2023-07,Aston Martin,alonso,stroll,-0.17638407737509154,0.21291625896895083,0.3296319333837522,0.393216659336699,2023
2023-07,Ferrari,leclerc,sainz,0.5433889990811864,0.21291625896895083,0.6416720813245241,0.37266816938015973,2023
2023-07,Haas F1 Team,hulkenberg,kevin_magnussen,-0.31764626052068456,0.21844747250910007,0.505551839061817,0.6945727051777933,2023
2023-07,McLaren,norris,piastri,0.2669434701155685,0.21563655376511676,0.5815964034553043,0.4453378787741041,2023
2023-07,Mercedes,hamilton,russell,0.1786539203437757,0.21291625896895083,0.4008284334346267,0.3352510213245915,2023
2023-07,Red Bull Racing,max_verstappen,perez,-0.26820193599393993,0.21291625896895083,0.3399611011132582,0.44453693220090784,2023
2023-07,Williams,albon,sargeant,0.1557847820646009,0.2147130525032287,0.43349244237169177,0.37095827131020337,2023
2023-08,Alfa Romeo,bottas,zhou,-0.021358561839823986,0.22341096193440893,0.3594103243579292,0.36716937814823275,2023
2023-08,AlphaTauri,de_vries,tsunoda,0.47356050311684283,0.2903715205866338,0.44474003842489707,0.2769756025947406,2023
2023-08,Alpine,gasly,ocon,0.24145342579887852,0.22341096193440893,0.27105398233518185,0.21290894202038266,2023
2023-08,Aston Martin,alonso,stroll,0.21582524721669194,0.22042441300835927,0.39662657039257415,0.31963188110690066,2023
2023-08,Ferrari,leclerc,sainz,-0.09528976850358017,0.2203892660077359,0.46665099037079244,0.5133056120657221,2023
2023-08,Haas F1 Team,hulkenberg,kevin_magnussen,0.08731811712270887,0.2255684350283055,0.40933511706242903,0.37510877874181126,2023
2023-08,McLaren,norris,piastri,0.41804242142962245,0.21942051729161818,0.3914420409599002,0.2576997221630163,2023
2023-08,Mercedes,hamilton,russell,-0.15935195804695312,0.24233710555190002,0.3360016654057461,0.3940461658187386,2023
2023-08,Red Bull Racing,max_verstappen,perez,-0.17644647154050963,0.22443344307471286,0.2717690463601567,0.32421247337655407,2023
2023-10,Alfa Romeo,bottas,zhou,0.2371642744301703,0.25455576733608154,0.3262526353694795,0.25736820451129444,2023
2023-10,AlphaTauri,de_vries,tsunoda,0.62036545145158,0.2575683664867139,0.5360797987726478,0.28827577580324887,2023
2023-10,Aston Martin,alonso,stroll,0.17512458891862526,0.25787536107301734,0.2925721849208394,0.24557117736014666,2023
2023-10,Ferrari,leclerc,sainz,0.073669859237667,0.2575683664867139,0.29731442233335414,0.2761986575769344,2023
2023-10,Haas F1 Team,hulkenberg,kevin_magnussen,0.2006448831946026,0.28903477658871335,0.2669340187200917,0.21840619825744934,2023
2023-10,McLaren,norris,piastri,-0.2919695689554276,0.25455576733608154,0.24291953524238757,0.3252843837924179,2023
2023-10,Mercedes,hamilton,russell,-0.046858703154660564,0.25455576733608154,0.25591942039679894,0.2681968790184843,2023
2023-10,Red Bull Racing,max_verstappen,perez,-0.052022473261961855,0.25455576733608154,0.25800864274038626,0.2717861534743125,2023
2023-10,Williams,albon,sargeant,-0.5656149996221719,0.25455576733608154,0.2178692285225905,0.3835653510713258,2023
2023-11,Alfa Romeo,bottas,zhou,-0.21148997885818555,0.20945397523545714,0.3760534070563561,0.46462059704267283,2023
2023-11,AlphaTauri,ricciardo,tsunoda,-0.9047872730572716,0.20945397523545714,0.25766028305802074,0.6367832036419362,2023
2023-11,Aston Martin,alonso,stroll,-0.018267435232135476,0.20948122482579365,0.32974732882380897,0.33582632155374736,2023
2023-11,Ferrari,leclerc,sainz,0.2768870023093415,0.2077849926597279,0.4775765581997414,0.3620699684167061,2023
2023-11,Haas F1 Team,hulkenberg,kevin_magnussen,-0.2994399239405583,0.20945397523545714,0.3724675383611173,0.5024970717853993,2023
2023-11,McLaren,norris,piastri,-0.15437404523755305,0.21036627166437175,0.33609095146492834,0.3921937027667933,2023
2023-11,Mercedes,hamilton,russell,-0.14063859469418205,0.2077849926597279,0.4482932901528343,0.515989428789111,2023
2023-11,Red Bull Racing,max_verstappen,perez,-0.33824561539367737,0.21036627166437175,0.39558419910622655,0.554800878976953,2023
2023-11,Williams,albon,sargeant,-0.07296589256021213,0.2120998145416324,0.3308032152935026,0.35584298330068137,2023
2023-14,Alfa Romeo,bottas,zhou,-0.057972807384748415,0.2472474734578963,0.3803982962841787,0.403102817346134,2023
2023-14,Alpine,gasly,ocon,0.14033315196434093,0.27220064284302803,0.4043265707922189,0.3513875491540698,2023
2023-14,Aston Martin,alonso,stroll,-0.29866449155662056,0.24056670681025652,0.3047163381982467,0.41077507286226467,2023
2023-14,Ferrari,leclerc,sainz,-0.07448202018925199,0.24056670681025652,0.3015818109015796,0.3249019179383134,2023
2023-14,Haas F1 Team,hulkenberg,kevin_magnussen,-0.19518462822115767,0.24585451886114368,0.3664480882843915,0.4454306191416824,2023
2023-14,McLaren,norris,piastri,0.19349878573835932,0.24869686206095648,0.3862863306800802,0.31832729978033875,2023
2023-14,Mercedes,hamilton,russell,0.2652612804769292,0.2459152461731384,0.33467186538134647,0.25669516821138166,2023
2023-14,Red Bull Racing,max_verstappen,perez,-0.5497026547982201,0.24056670681025652,0.26485035469641094,0.45891619974143405,2023
2023-14,Williams,albon,sargeant,0.5107505411100558,0.24463291095405962,0.4670464927228484,0.28024893667827916,2023
2023-15,Alfa Romeo,bottas,zhou,-0.46799172419538293,0.26037149050905867,0.4702536992863405,0.7508936713493805,2023
2023-15,Alpine,gasly,ocon,0.14817944188354204,0.2672720401282997,0.6102537149336252,0.5262073596556966,2023
2023-15,Ferrari,leclerc,sainz,0.14987823416057222,0.2380992907456515,0.6343735005520263,0.5460768214122119,2023
2023-15,Haas F1 Team,hulkenberg,kevin_magnussen,0.11507251811396735,0.2432249831637124,0.6643742164533072,0.5921577397115719,2023
2023-15,McLaren,norris,piastri,-0.3337848170518863,0.2368299714439658,0.46663150802497905,0.65153081970032,2023
2023-15,Mercedes,hamilton,russell,-0.12451751749833229,0.2380992907456515,0.6866638215800418,0.7777167219541314,2023
2023-15,Red Bull Racing,max_verstappen,perez,0.08075646038007567,0.2575305305164052,0.44629746808098775,0.41167295603974646,2023
2023-15,Williams,albon,sargeant,0.03202423015438005,0.2492125637284024,0.4161986753117372,0.4030813896494358,2023
2023-16,AlphaTauri,lawson,tsunoda,-0.8356167056823885,0.260768096208106,0.3113317153795903,0.7180043721506931,2023
2023-16,Alpine,gasly,ocon,-0.27957819867756295,0.25455576733608154,0.23997636559294777,0.3173859815076456,2023
2023-16,Ferrari,leclerc,sainz,-0.25192843127546105,0.26260275206388756,0.28068728917959707,0.3611053092034621,2023
2023-16,Haas F1 Team,hulkenberg,kevin_magnussen,-0.07210526307380904,0.26260275206388756,0.31906179520771333,0.3429175579630269,2023
2023-16,McLaren,norris,piastri,-0.42560758143085853,0.25455576733608154,0.2682889881837648,0.4106216763565152,2023
2023-16,Mercedes,hamilton,russell,0.09639984665298629,0.26600142247130326,0.3554936873742079,0.3228241169668022,2023
2023-17,Alfa Romeo,bottas,zhou,0.48547268012491884,0.24463291095405962,0.4975846742961456,0.3062167123493065,2023
2023-17,AlphaTauri,lawson,tsunoda,0.36676574707070775,0.2459152461731384,0.8149099455955551,0.5647097395690408,2023
2023-17,Alpine,gasly,ocon,-0.12151826661847387,0.2531399269503094,0.4042624931365506,0.45649724687706894,2023
2023-17,Aston Martin,alonso,stroll,-0.27431979656893346,0.25007398482416177,0.3878865454251338,0.5103172977610166,2023
2023-17,Haas F1 Team,hulkenberg,kevin_magnussen,-0.18772270039463154,0.2472474734578963,0.6617647131873301,0.7984184033419657,2023
2023-17,McLaren,norris,piastri,0.14229750989073442,0.24863262420322443,0.6021174168451571,0.5222544707694924,2023
2023-17,Red Bull Racing,max_verstappen,perez,-0.9993240774836952,0.25007398482416177,0.2618725580773494,0.7113624275745551,2023
2023-17,Williams,albon,sargeant,0.8486089500068157,0.27770267183871344,0.9189766960929799,0.39333112490624783,2023
2023-18,Alfa Romeo,bottas,zhou,-0.054821725322741766,0.2344250456773259,0.46766893318282354,0.4940231424623786,2023
2023-18,AlphaTauri,ricciardo,tsunoda,0.5320485284243198,0.2368299714439658,0.6973035426784826,0.4095964007091317,2023
2023-18,Aston Martin,alonso,stroll,0.0671085312526325,0.2492125637284024,0.36017916209664796,0.336801268567052,2023
2023-18,Ferrari,leclerc,sainz,0.3000653314723082,0.2344250456773259,0.4165918394303984,0.30859866337372616,2023
2023-18,Haas F1 Team,hulkenberg,kevin_magnussen,0.45701478810504625,0.2344250456773259,0.6535544299602075,0.41381169667563944,2023
2023-18,Mercedes,hamilton,russell,-0.35212414059876274,0.23323807579381203,0.2610318677775426,0.37120951706656774,2023
2023-18,Red Bull Racing,max_verstappen,perez,-0.94306023106291,0.2369307287220591,0.168423601461542,0.4324827642997021,2023
2023-18,Williams,albon,sargeant,-0.04850393978898637,0.2369307287220591,0.3143182441966196,0.329939706102142,2023
2023-19,Alfa Romeo,bottas,zhou,-0.21746402689725974,0.2203892660077359,0.4160226635939028,0.5170831873177496,2023
2023-19,AlphaTauri,ricciardo,tsunoda,-0.21694018435790463,0.22052995498855513,0.4046058069757744,0.5026295719772601,2023
2023-19,Alpine,gasly,ocon,-0.07378950828826647,0.2184810979187519,0.4990791113645251,0.5372986747767434,2023
2023-19,Aston Martin,alonso,stroll,0.14955018315733626,0.2595495470347952,0.5307242585325469,0.4570041245265394,2023
2023-19,Ferrari,leclerc,sainz,0.44296346655633134,0.2165561168014839,0.286753528980161,0.18413323451429187,2023
2023-19,Haas F1 Team,hulkenberg,kevin_magnussen,0.11578234454635528,0.2934346538905998,0.5005916699575663,0.44586151271579905,2023
2023-19,McLaren,norris,piastri,0.5265394084672522,0.21942051729161818,0.48591404653215764,0.2870029059025962,2023
2023-19,Mercedes,hamilton,russell,0.376596353067991,0.2165561168014839,0.4589897065780789,0.31495552267063454,2023
2023-19,Williams,albon,sargeant,0.10781980076874242,0.22070619569037406,0.5412212449829688,0.48590267667136755,2023
2023-21,Alfa Romeo,bottas,zhou,0.6928703196854772,0.2852317353611671,1.2725775535979338,0.6364649646547622,2023
2023-21,AlphaTauri,ricciardo,tsunoda,-0.25893616360454497,0.3047464033756106,0.6951504158351377,0.9006028851193012,2023
2023-21,Alpine,gasly,ocon,0.3887091417334395,0.2872281323269014,0.8948964179631059,0.6066784023352431,2023
2023-21,Aston Martin,alonso,stroll,0.3599546793572637,0.27877282097486783,0.6779868389817346,0.4730368047915272,2023
2023-21,Ferrari,leclerc,sainz,-0.15813470493535015,0.2852317353611671,0.6529113239038511,0.764770682145085,2023
2023-21,Haas F1 Team,hulkenberg,kevin_magnussen,0.7048357611037691,0.297609523657138,0.9392267528977521,0.464156218022632,2023
2023-21,Mercedes,hamilton,russell,-0.15793111316620917,0.29154759474226505,0.5863855959609151,0.6867076803057105,2023
2023-21,Red Bull Racing,max_verstappen,perez,0.17666817417309122,0.28762494780369513,0.5026391919157953,0.42124070925420165,2023
2023-21,Williams,albon,sargeant,-0.3404658911074536,0.2870962250261094,0.552980324798618,0.7772704139869239,2023
2023-22,Alfa Romeo,bottas,zhou,0.1543014899314198,0.2350012654216886,0.46130499803169944,0.39534465756216064,2023
2023-22,AlphaTauri,ricciardo,tsunoda,0.19324959501130412,0.22658118046084794,0.421284983917226,0.3472551912343608,2023
2023-22,Alpine,gasly,ocon,0.3579670901720525,0.2300875642576137,0.38502526706141593,0.2691696555811252,2023
2023-22,Aston Martin,alonso,stroll,-0.2307713296944165,0.23098451496549754,0.23064072999695404,0.2905084164356798,2023
2023-22,Ferrari,leclerc,sainz,0.012812665727841344,0.22982713682355446,0.32052090905731345,0.31644037884855464,2023
2023-22,Haas F1 Team,hulkenberg,kevin_magnussen,0.07700205712766084,0.2321830058265731,0.5216856871982075,0.4830224909086034,2023
2023-22,McLaren,norris,piastri,0.07372571386234728,0.2321830058265731,0.34841337504815795,0.32365039980758176,2023
2023-22,Mercedes,hamilton,russell,-0.09748796336395671,0.23342489046196313,0.2814260713998697,0.31024358675382113,2023
2023-22,Red Bull Racing,max_verstappen,perez,-0.8768764371185696,0.2356060357495806,0.1427553059913509,0.34309536986803263,2023
2023-22,Williams,albon,sargeant,-0.03575902200663261,0.23941662313239798,0.22111442059685366,0.22916432664123024,2023
2024-01,Alpine,gasly,ocon,-0.2163321934355955,0.2369307287220591,0.23733837361757,0.2946590876832031,2024
2024-01,Aston Martin,alonso,stroll,0.22458462683012947,0.23323807579381203,0.44282245716770113,0.35374782092030704,2024
2024-01,Ferrari,leclerc,sainz,0.14637622018258845,0.23323807579381203,0.21016335662871888,0.18154596945030665,2024
2024-01,Haas F1 Team,hulkenberg,kevin_magnussen,0.11256738607163919,0.2380992907456515,0.2726430505182857,0.2436166897258769,2024
2024-01,Kick Sauber,bottas,zhou,0.4076877204782259,0.2344250456773259,0.3813758157646246,0.25368607097380835,2024
2024-01,McLaren,norris,piastri,-0.4640714567063118,0.23323807579381203,0.13097916741110768,0.20832716234074028,2024
2024-01,Mercedes,hamilton,russell,-0.052746539196584674,0.23323807579381203,0.3382767469572568,0.3565986350144027,2024
2024-01,RB,ricciardo,tsunoda,0.07788961415430218,0.2356060357495806,0.28347939745899015,0.2622373039965115,2024
2024-01,Red Bull Racing,max_verstappen,perez,-0.11031199871856545,0.2344250456773259,0.24539067987425534,0.2740097119825331,2024
2024-01,Williams,albon,sargeant,-0.625566318756659,0.2380992907456515,0.25680901181622673,0.4800541848807167,2024
2024-02,Ferrari,bearman,leclerc,0.27242909739891075,0.2472474734578963,0.35534059605543267,0.2706016078811842,2024
2024-02,Haas F1 Team,hulkenberg,kevin_magnussen,-1.7858151003155764,0.26109466877966486,0.21945478509748262,1.3089248069920538,2024
2024-02,Kick Sauber,bottas,zhou,0.5113713118106384,0.2575683664867139,0.41032990119682916,0.24606363009441443,2024
2024-02,McLaren,norris,piastri,-0.4641699346117525,0.25177957409118656,0.20540882682209577,0.32674243664058517,2024
2024-02,Mercedes,hamilton,russell,0.5056731719910452,0.2515751245454194,0.3818589557116933,0.2302989258194223,2024
2024-02,RB,ricciardo,tsunoda,-0.2146355034086846,0.25764501233470904,0.5875298304885623,0.7281903788640222,2024
2024-02,Red Bull Racing,max_verstappen,perez,-0.5419466728104942,0.24869686206095648,0.1981447426860064,0.3406802861138117,2024
2024-02,Williams,albon,sargeant,0.29434623428471435,0.25455576733608154,1.00870762200719,0.7515058352865075,2024
2024-03,Alpine,gasly,ocon,0.33089728278488506,0.2369307287220591,0.40009217481331955,0.28737778517340384,2024
2024-03,Aston Martin,alonso,stroll,-0.01677025735668325,0.2344250456773259,0.42515088101147175,0.43234089135336645,2024
2024-03,Ferrari,leclerc,sainz,-0.17407253201005113,0.2344250456773259,0.31784027781096613,0.378275027703934,2024
2024-03,Haas F1 Team,hulkenberg,kevin_magnussen,-0.1059798474414857,0.23328473740792174,0.46408925826434605,0.5159741916851236,2024
2024-03,Kick Sauber,bottas,zhou,0.2034242936143663,0.24056670681025652,0.3940852444876769,0.321546751161612,2024
2024-03,McLaren,norris,piastri,-0.048729849365223954,0.2356060357495806,0.2797513318892177,0.2937211822138103,2024
2024-03,RB,ricciardo,tsunoda,0.8400861186271668,0.2368299714439658,0.6020927754786656,0.2599074034221703,2024
2024-04,Alpine,gasly,ocon,0.7330482806648007,0.25150708529480514,0.76997976329815,0.36993079677682417,2024
2024-04,Aston Martin,alonso,stroll,-0.6839839103466518,0.2531399269503094,0.25597620486647593,0.507282679142485,2024
2024-04,Ferrari,leclerc,sainz,0.023555590370569313,0.2459152461731384,0.32900211026050574,0.3213428348497919,2024
2024-04,Haas F1 Team,hulkenberg,kevin_magnussen,-0.37433297326345627,0.25007398482416177,0.33770142848985957,0.491025043066142,2024
2024-04,McLaren,norris,piastri,0.51397903661201,0.2531399269503094,0.5787624551640089,0.3461641516747717,2024
2024-04,Mercedes,hamilton,russell,-0.18129065084119755,0.2561794429237916,0.24862129398521235,0.298038145057365,2024
2024-04,Red Bull Racing,max_verstappen,perez,0.275688799665312,0.24863262420322443,0.43746655798138434,0.33205860164230644,2024
2024-05,Alpine,gasly,ocon,0.07564900400839014,0.27658633371878666,0.2651164611986108,0.245800492712906,2024
2024-05,Aston Martin,alonso,stroll,0.5515028788291768,0.271232836253261,0.5795800560530769,0.3338864353307348,2024
2024-05,Ferrari,leclerc,sainz,0.24361089535859404,0.25764501233470904,0.3739439913880972,0.29309451541105735,2024
2024-05,Haas F1 Team,hulkenberg,kevin_magnussen,-0.6294014561758364,0.26992062325273125,0.25353630855769593,0.4757576081591889,2024
2024-05,McLaren,norris,piastri,-0.0731064004497729,0.2561794429237916,0.3442051751467363,0.3703114170746673,2024
2024-05,Mercedes,hamilton,russell,0.14123108186814592,0.260768096208106,0.270392589563321,0.23477881460197952,2024
2024-05,RB,ricciardo,tsunoda,0.2542398736822181,0.41231056256176607,0.41604603059377765,0.32264609161635055,2024
2024-05,Red Bull Racing,max_verstappen,perez,0.09639822035975198,0.260768096208106,0.16870804826836305,0.15320416990420596,2024
2024-05,Williams,albon,sargeant,-0.3270068023307243,0.271133755761826,0.30896920796243826,0.42848186867100413,2024
2024-06,Alpine,gasly,ocon,-0.2035231559661106,0.2406211768000433,0.3096832645496375,0.3795829704370005,2024
2024-06,Aston Martin,alonso,stroll,0.203272852867194,0.24800013113030892,0.5644735626140519,0.4606417824421109,2024
2024-06,Ferrari,leclerc,sainz,-0.20639423073320984,0.25047145366013557,0.19154480134370683,0.23545409330508343,2024
2024-06,Haas F1 Team,hulkenberg,kevin_magnussen,0.2707626692259091,0.2406211768000433,0.4560857275614273,0.34790105744337657,2024
2024-06,Kick Sauber,bottas,zhou,0.05398060573385233,0.2406211768000433,0.28367475263802133,0.26876778095654635,2024
2024-06,McLaren,norris,piastri,-0.14812592365767685,0.2526023853501008,0.46364259423908744,0.5376672680897648,2024
2024-06,Mercedes,hamilton,russell,0.3627873352321854,0.24316750354973155,0.45802663766070695,0.31866487692454887,2024
2024-06,RB,ricciardo,tsunoda,0.19358980249641566,0.23804761428476168,0.38298857291477567,0.31558098931327905,2024
2024-06,Red Bull Racing,max_verstappen,perez,-0.26242564155974557,0.2406211768000433,0.2916544863846459,0.37917410418982533,2024
2024-06,Williams,albon,sargeant,-0.2844445713313213,0.3262678994939832,0.2216791045940408,0.29461677166266886,2024
2024-07,Alpine,gasly,ocon,0.6316510831077512,0.22138876894049306,0.44174835873246726,0.23488342158825481,2024
2024-07,Aston Martin,alonso,stroll,0.6961101050181583,0.2196270307653689,0.6072930819820089,0.30274819075720244,2024
2024-07,Ferrari,leclerc,sainz,-0.018333295805686767,0.2147130525032287,0.2882236716099194,0.29355649619805396,2024
2024-07,Haas F1 Team,hulkenberg,kevin_magnussen,0.3824186367310476,0.2165561168014839,0.5190303044498275,0.3540873502474591,2024
2024-07,Kick Sauber,bottas,zhou,0.5778254711513466,0.219489290375047,0.6355962488145493,0.3566439915565051,2024
2024-07,McLaren,norris,piastri,0.09918691860438389,0.2147130525032287,0.3621133883338794,0.32792026083471776,2024
2024-07,Mercedes,hamilton,russell,0.20767555716215425,0.2165883112737946,0.38156908053805216,0.3100136576008101,2024
2024-07,RB,ricciardo,tsunoda,-0.2600793870109449,0.2165561168014839,0.3842955367977713,0.4984440122540294,2024
2024-07,Red Bull Racing,max_verstappen,perez,-0.544744899178508,0.2147130525032287,0.3397248241441451,0.5857428368808348,2024
2024-07,Williams,albon,sargeant,-0.4846741763258643,0.23968369961695135,0.302344427178955,0.49090028969128174,2024
2024-08,Aston Martin,alonso,stroll,-0.19166289400006686,0.19862889276273824,0.7095081892274154,0.8594003965651722,2024
2024-08,Ferrari,leclerc,sainz,0.09068956605077844,0.19438381250445255,0.7719326165537713,0.7050069746668024,2024
2024-08,Kick Sauber,bottas,zhou,0.11427109622735072,0.19854543524108648,0.9945016061083993,0.887111445020808,2024
2024-08,McLaren,norris,piastri,0.1530601850925587,0.19373514899429883,0.7335570724194734,0.6294492418871865,2024
2024-08,Mercedes,hamilton,russell,0.03318132427653503,0.19302920497324424,0.7555594082084686,0.7309003195141311,2024
2024-08,RB,ricciardo,tsunoda,-0.38050551571238783,0.19574846185209302,0.7420191496552528,1.0855918126384663,2024
2024-08,Williams,albon,sargeant,0.21348599202512714,0.1964663681560412,0.9328646335487529,0.7535339782881719,2024
2024-13,Alpine,gasly,ocon,-0.8070145143435064,0.2709634990695195,0.25464216942194745,0.5707057865295917,2024
2024-13,Aston Martin,alonso,stroll,0.2707108913674251,0.2077849926597279,0.6822119280256365,0.5204165055138349,2024
2024-13,Ferrari,leclerc,sainz,0.31271591731448123,0.2077849926597279,0.4691643271835779,0.34317384913582843,2024
2024-13,Haas F1 Team,hulkenberg,kevin_magnussen,-0.11261604131591973,0.20945397523545714,0.5445443154986278,0.6094551540089629,2024
2024-13,Kick Sauber,bottas,zhou,0.17501454123191396,0.2103106412861243,0.7003570223575588,0.5879110704496928,2024
2024-13,McLaren,norris,piastri,-0.1862274929812513,0.2077849926597279,0.35710363695885794,0.4302014262887898,2024
2024-13,Mercedes,hamilton,russell,-0.1143420440824292,0.20948122482579365,0.49315014297293497,0.5528881504052785,2024
2024-13,RB,ricciardo,tsunoda,0.37386584252154753,0.2070230924173549,0.6516318131972668,0.4483677903504141,2024
2024-13,Red Bull Racing,max_verstappen,perez,-0.18922915143936114,0.20948122482579365,0.4640629936083441,0.5607355794547285,2024
2024-13,Williams,albon,sargeant,-0.1616807575818069,0.21119221230347113,0.42951702598877184,0.5048907855444423,2024
2024-14,Alpine,gasly,ocon,-0.24506668686229116,0.271133755761826,0.31829131491180374,0.40668288724075913,2024
2024-14,Aston Martin,alonso,stroll,-0.10714241206434671,0.2640901167094099,0.18995234409663747,0.21143457915471192,2024
2024-14,Ferrari,leclerc,sainz,-0.6755807336548469,0.271133755761826,0.15564679843364682,0.3058730239188167,2024
2024-14,Haas F1 Team,hulkenberg,kevin_magnussen,-0.10931785125646509,0.26763510911042976,0.3642006783459058,0.4062719980046641,2024
2024-14,McLaren,norris,piastri,-0.2917741793834585,0.26934407444933195,0.18358375205083716,0.24578204744003873,2024
2024-14,Mercedes,hamilton,russell,-0.20946984990309914,0.26763510911042976,0.21730986644594488,0.2679483239552671,2024
2024-14,RB,ricciardo,tsunoda,0.45403944775178795,0.26600142247130326,0.35086739928377303,0.222821036981698,2024
2024-14,Red Bull Racing,max_verstappen,perez,0.08201602705014843,0.2749798167391556,0.34534346363586776,0.31815015011752523,2024
2024-14,Williams,albon,sargeant,0.14230076538181868,0.271133755761826,0.33960367852426215,0.29455876386517543,2024
2024-15,Alpine,gasly,ocon,-0.33982848476019234,0.20148700932162633,0.3158475709835289,0.4436731806004596,2024
2024-15,Aston Martin,alonso,stroll,0.21914461944210628,0.20148700932162633,0.5776543020571567,0.46397514174903454,2024
2024-15,Ferrari,leclerc,sainz,-0.3532254711920195,0.2,0.28619407547358544,0.40744079649399556,2024
2024-15,Haas F1 Team,hulkenberg,kevin_magnussen,-0.07030337223779326,0.20148700932162633,0.5137500023563152,0.5511682644355611,2024
2024-15,Kick Sauber,bottas,zhou,-0.4110152887081595,0.20615528128088303,0.3920573089264146,0.5913590213240084,2024
2024-15,McLaren,norris,piastri,0.002610207006177312,0.2,0.3365143240321625,0.33563709735556196,2024
2024-15,Mercedes,hamilton,russell,0.4709524690380192,0.20300768756902093,0.6134697138684271,0.3830549409110523,2024
2024-15,RB,ricciardo,tsunoda,-0.5419746308918106,0.20303099365802132,0.29628979098746083,0.5094402784982633,2024
2024-15,Red Bull Racing,max_verstappen,perez,-0.49712331764462814,0.2,0.17999378332353186,0.2959071228250506,2024
2024-15,Williams,albon,sargeant,-0.11137288691329095,0.20303099365802132,0.48592838460097376,0.5431764076649757,2024
2024-16,Alpine,gasly,ocon,0.254038368364945,0.24486984361100395,0.6887147578734164,0.5342098944774256,2024
2024-16,Aston Martin,alonso,stroll,-0.5290691259017856,0.24463291095405962,0.3362784876833806,0.57078281310626,2024
2024-16,Ferrari,leclerc,sainz,-0.32112272433070255,0.2356060357495806,0.3109029843727808,0.4286340996796483,2024
2024-16,Haas F1 Team,hulkenberg,kevin_magnussen,-0.3131528959756762,0.24737244059928853,0.3519270049947372,0.48134134620920993,2024
2024-16,Kick Sauber,bottas,zhou,0.2629587592387931,0.23804761428476168,0.6170142672217912,0.4743442803679546,2024
2024-16,McLaren,norris,piastri,-0.3770214182733572,0.24056670681025652,0.36560938205626653,0.5330349102115358,2024
2024-16,Mercedes,hamilton,russell,-0.25164904744125116,0.24056670681025652,0.3322251297064748,0.427289550688438,2024
2024-16,Red Bull Racing,max_verstappen,perez,-0.41153040376840433,0.24056670681025652,0.3468933463939097,0.523505626118667,2024
2024-16,Williams,albon,colapinto,-0.09914831220930975,0.2356060357495806,0.44083653775812476,0.4867849557516876,2024
2024-17,Alpine,gasly,ocon,-0.3381588750264525,0.24316750354973155,0.3373842422676282,0.47313527470248645,2024
2024-17,Aston Martin,alonso,stroll,-0.42118342305936163,0.2601265993047379,0.2921981202717919,0.44524090237374275,2024
2024-17,Ferrari,leclerc,sainz,0.4759479076700094,0.25020626411657765,0.4626493438828915,0.28744211557973026,2024
2024-17,Haas F1 Team,bearman,hulkenberg,0.31641601001597763,0.24863262420322443,0.5908196903934538,0.4305635226257687,2024
2024-17,Kick Sauber,bottas,zhou,-0.5124601679811265,0.2472474734578963,0.20579011702282785,0.34354460854381963,2024
2024-17,McLaren,norris,piastri,0.216504813291029,0.24585451886114368,0.3859953798844182,0.3108531415205198,2024
2024-17,Mercedes,hamilton,russell,0.3806110318705538,0.2472474734578963,0.5525436706884277,0.3776324772985889,2024
2024-17,Red Bull Racing,max_verstappen,perez,0.3423449934657724,0.2515751245454194,0.6031737551849158,0.42831560254703244,2024
2024-17,Williams,albon,colapinto,0.32246637149284807,0.24863262420322443,0.5064513367806196,0.3668532374611373,2024
2024-18,Alpine,gasly,ocon,0.2816151537410616,0.2214606834361174,0.5191660668841931,0.3917440343731565,2024
2024-18,Aston Martin,alonso,stroll,-0.26243503624171793,0.21844747250910007,0.29362214931203484,0.3817358092701864,2024
2024-18,Ferrari,leclerc,sainz,0.6076267239959076,0.2165561168014839,0.8241648051315147,0.4488747035613891,2024
2024-18,Haas F1 Team,hulkenberg,kevin_magnussen,-0.3251539931291284,0.22909032010997119,0.32266197386376055,0.44664283475226485,2024
2024-18,Kick Sauber,bottas,zhou,-0.19069022734084695,0.21844747250910007,0.4685082854499909,0.5669346344479884,2024
2024-18,McLaren,norris,piastri,0.11423627347058973,0.2165561168014839,0.5333544796544102,0.47577735093001966,2024
2024-18,Mercedes,hamilton,russell,0.6298088185179427,0.2165561168014839,0.5493117393250483,0.29261486575781787,2024
2024-18,RB,ricciardo,tsunoda,0.39474699672756675,0.2225309562314816,0.46275833164803426,0.3118299350420188,2024
2024-18,Red Bull Racing,max_verstappen,perez,-0.16417941271648817,0.21750385050586113,0.42857883012279324,0.5050483167588399,2024
2024-19,Alpine,gasly,ocon,0.6992286927885816,0.25299972205063104,0.3321591592548095,0.16507262962583236,2024
2024-19,Aston Martin,alonso,stroll,-0.29115155630147926,0.25177957409118656,0.26582461580342054,0.35566465569924555,2024
2024-19,Ferrari,leclerc,sainz,0.011930250180704816,0.24187060095032284,0.34505739357632176,0.3409652313405165,2024
2024-19,Haas F1 Team,hulkenberg,kevin_magnussen,-0.1060142612300703,0.25047145366013557,0.30776415965335335,0.34218380543442556,2024
2024-19,Kick Sauber,bottas,zhou,-0.3437308387765612,0.25299972205063104,0.22655572961721626,0.319488666415414,2024
2024-19,McLaren,norris,piastri,-0.12139294064206796,0.2459152461731384,0.34732397813755556,0.3921525567953589,2024
2024-19,RB,lawson,tsunoda,-0.7472473679639556,0.24888987478854327,0.22582755094334725,0.47676276875764345,2024
2024-19,Red Bull Racing,max_verstappen,perez,-0.09519809826618886,0.2459152461731384,0.2840732233912111,0.3124455243927885,2024
2024-19,Williams,albon,colapinto,-0.08812938604523057,0.26604010713316434,0.2960705044319658,0.32334730804560613,2024
2024-20,Alpine,gasly,ocon,0.4175808654240555,0.21116383197514255,0.44971408743376995,0.2961988899395077,2024
2024-20,Ferrari,leclerc,sainz,-0.269566249934854,0.21119221230347113,0.38355124497139353,0.502220610473991,2024
2024-20,Haas F1 Team,hulkenberg,kevin_magnussen,-0.009235112514360044,0.2103106412861243,0.410557012851187,0.4143661147283373,2024
2024-20,Kick Sauber,bottas,zhou,-0.38240994650270166,0.21116383197514255,0.30336411000358865,0.4446750157803438,2024
2024-20,McLaren,norris,piastri,-0.6210080640112308,0.2120998145416324,0.29776840095906415,0.5540883055626646,2024
2024-20,Mercedes,hamilton,russell,0.0425364319954169,0.20945397523545714,0.4850450535004863,0.46484561906100424,2024
2024-20,Red Bull Racing,max_verstappen,perez,-0.5706916476358466,0.22042441300835927,0.4089783198172556,0.7236832484348513,2024
2024-22,Aston Martin,alonso,stroll,-0.265133849599938,0.24863262420322443,0.5060751125059815,0.6597222753640123,2024
2024-22,Ferrari,leclerc,sainz,0.3502681208610048,0.25299972205063104,0.6281083281089545,0.44250179800155526,2024
2024-22,Haas F1 Team,hulkenberg,kevin_magnussen,0.20807404834970894,0.24863262420322443,0.695973765890613,0.5652329339076375,2024
2024-22,Kick Sauber,bottas,zhou,0.6587482439952396,0.2560306311523476,0.953385250543232,0.49337563857395056,2024
2024-22,McLaren,norris,piastri,0.5583278310423974,0.25299972205063104,0.819531770485453,0.46890741263049995,2024
2024-22,Mercedes,hamilton,russell,0.5016682168731179,0.25299972205063104,0.5466473490082119,0.33100572704314885,2024
2024-22,RB,lawson,tsunoda,-0.52049330582292,0.2601265993047379,0.3720307546354915,0.6260747860074362,2024
2024-22,Red Bull Racing,max_verstappen,perez,-0.197740545959955,0.25007398482416177,0.5483840155733996,0.6682860803381749,2024
2024-22,Williams,albon,colapinto,-0.803704589360849,0.3201375302545954,0.4113729231964578,0.9189252201640142,2024
2024-23,Ferrari,leclerc,sainz,0.12236063558170929,0.2591731693430419,0.27038328127774186,0.23924302518621443,2024
2024-23,Haas F1 Team,hulkenberg,kevin_magnussen,0.3703614140163296,0.3112876483254676,0.34154816758600637,0.23583379587441028,2024
2024-23,Kick Sauber,bottas,zhou,0.6996339908942983,0.26109466877966486,0.6398157907277152,0.317839429647754,2024
2024-23,McLaren,norris,piastri,0.32131287747043635,0.260768096208106,0.4969031209276197,0.3603523136504002,2024
2024-23,Mercedes,hamilton,russell,0.5017053067888689,0.26243436297824047,0.4831953923410518,0.29257346691318736,2024
2024-23,RB,lawson,tsunoda,-0.3425043595491294,0.2608496244565285,0.2645335446602155,0.3725876923126378,2024
2024-23,Red Bull Racing,max_verstappen,perez,0.9376783425239943,0.2859058591193011,0.26794370275046414,0.10490955012725796,2024
2024-24,Alpine,doohan,gasly,0.6246091868062883,0.2356060357495806,0.40526556504581834,0.21700781822430043,2024
2024-24,Aston Martin,alonso,stroll,-0.23241314321302564,0.23804761428476168,0.26310866492279156,0.33194864216258707,2024
2024-24,Ferrari,leclerc,sainz,0.3729549876869942,0.23328473740792174,0.3537088263479854,0.24359793591566253,2024
2024-24,Haas F1 Team,hulkenberg,kevin_magnussen,0.054827410587325875,0.23941662313239798,0.3833203574464758,0.3628696472865051,2024
2024-24,Kick Sauber,bottas,zhou,-0.3290591607904213,0.301254629891306,0.26595535506755463,0.3695875364208334,2024
2024-24,McLaren,norris,piastri,-0.31344351841519424,0.2369307287220591,0.2492084052136425,0.3409490434932955,2024
2024-24,Mercedes,hamilton,russell,0.005408681619301081,0.2344250456773259,0.17329287115586936,0.1723581153658876,2024
2024-24,RB,lawson,tsunoda,-0.056135989235441164,0.24105827284930695,0.35018946377278526,0.3704099340939473,2024
2024-24,Williams,albon,colapinto,0.2499483585993698,0.327414110874898,0.33095110345726064,0.2577582891862443,2024
2025-02,Alpine,doohan,gasly,0.18831651585645404,0.23941662313239798,0.3930607861145559,0.32559287659172986,2025
2025-02,Ferrari,hamilton,leclerc,-0.20100440485011828,0.23565511522844848,0.2571776944561265,0.31443320503056094,2025
2025-02,Haas F1 Team,bearman,ocon,0.43406131247475976,0.2356060357495806,0.43281239166671104,0.28040725989667586,2025
2025-02,Kick Sauber,bortoleto,hulkenberg,-0.5441099002943621,0.2368299714439658,0.3672598785639969,0.6328159450383121,2025
2025-02,McLaren,norris,piastri,0.4621277679488025,0.23323807579381203,0.38165591948321304,0.24042103538047835,2025
2025-02,Mercedes,antonelli,russell,0.10199720835117243,0.23323807579381203,0.22874740900322255,0.20656624685721317,2025
2025-02,Racing Bulls,hadjar,tsunoda,-0.0818549585409698,0.24863262420322443,0.372040899296435,0.4037753872169214,2025
2025-02,Red Bull Racing,lawson,max_verstappen,0.5026219332079468,0.2369307287220591,0.4286401189393737,0.2593026079292183,2025
2025-02,Williams,albon,sainz,-0.03283636468221873,0.2356060357495806,0.2816186223093047,0.2910194539908848,2025
2025-03,Alpine,doohan,gasly,0.06125720920094513,0.2356060357495806,0.245160568052815,0.23059344151765043,2025
2025-03,Aston Martin,alonso,stroll,-0.7573499743680743,0.23941662313239798,0.14413300746432783,0.3073805358859919,2025
2025-03,Ferrari,hamilton,leclerc,0.33893954562467576,0.2356060357495806,0.2880886399285581,0.20527050885636203,2025
2025-03,Haas F1 Team,bearman,ocon,0.5802272918648492,0.2356060357495806,0.3450464855824592,0.1931470579222459,2025
2025-03,Kick Sauber,bortoleto,hulkenberg,0.04602664463969597,0.2356060357495806,0.37726060980961823,0.3602901131217005,2025
2025-03,McLaren,norris,piastri,-0.6794803058617498,0.23941662313239798,0.13585318412980077,0.26801825129255274,2025
2025-03,Mercedes,antonelli,russell,0.030931787448930104,0.2356060357495806,0.21649631452506735,0.2099022060696671,2025
2025-03,Racing Bulls,hadjar,lawson,-0.46665343662118874,0.2356060357495806,0.17805755611835616,0.2839392434120308,2025
2025-03,Red Bull Racing,max_verstappen,tsunoda,-0.4158395147567815,0.23941662313239798,0.14819299352508034,0.22460761564987372,2025
2025-03,Williams,albon,sainz,-0.5094692324177371,0.2356060357495806,0.2784345094998974,0.46342849892657784,2025
2025-04,Alpine,doohan,gasly,-0.03518355514198945,0.24056670681025652,0.31677251699297687,0.3281160836711319,2025
2025-04,Aston Martin,alonso,stroll,0.4974340377999825,0.243686292223343,0.4503430871145792,0.2738486743100195,2025
2025-04,Ferrari,hamilton,leclerc,0.11279827384514052,0.2356060357495806,0.3176257105014469,0.2837448459880391,2025
2025-04,Haas F1 Team,bearman,ocon,0.23992562342994717,0.2380992907456515,0.30965937482145695,0.24360480949140828,2025
2025-04,Kick Sauber,bortoleto,hulkenberg,0.22843119358099284,0.24220692176299843,0.28108063595152666,0.2236786436585972,2025
2025-04,McLaren,norris,piastri,0.16238723219896656,0.2368299714439658,0.3148086327593844,0.2676225806957095,2025
2025-04,Mercedes,antonelli,russell,0.4202411916044896,0.2761203075516617,0.44131924385667004,0.2898974764288958,2025
2025-04,Racing Bulls,hadjar,lawson,0.8150901779565509,0.25087082375749864,0.4593724823936883,0.2033179909873767,2025
2025-04,Red Bull Racing,max_verstappen,tsunoda,0.3599343833020844,0.23941662313239798,0.43720269295072667,0.30504598401972666,2025
2025-04,Williams,albon,sainz,0.0052113189948125305,0.27322454824732395,0.4886937308380601,0.4861536163380366,2025
2025-05,Aston Martin,alonso,stroll,0.2788356309953055,0.25455576733608154,0.4652167405696119,0.3520128831368594,2025
2025-05,Ferrari,hamilton,leclerc,-0.3030304769928812,0.24863262420322443,0.36683832669373106,0.49668285379157845,2025
2025-05,Haas F1 Team,bearman,ocon,0.1298024128290335,0.2459152461731384,0.42937648452620825,0.3771080335559015,2025
2025-05,Kick Sauber,bortoleto,hulkenberg,0.3146117996196117,0.25299972205063104,0.564641967066944,0.4122294220719343,2025
2025-05,McLaren,norris,piastri,0.10670836011711238,0.24863262420322443,0.23756411911131198,0.21351972179004627,2025
2025-05,Mercedes,antonelli,russell,-0.11254781086186472,0.24863262420322443,0.31119894997129455,0.34827076202051255,2025
2025-05,Racing Bulls,hadjar,lawson,0.2974793616470106,0.2531399269503094,0.36830052816322134,0.2735323498514943,2025
2025-05,Williams,albon,sainz,-0.007804656044548608,0.24863262420322443,0.2796118164467376,0.2818026286472663,2025
2025-07,Alpine,colapinto,gasly,-0.39138658133117127,0.24316750354973155,0.441775151163151,0.6533987762028906,2025
2025-07,Aston Martin,alonso,stroll,0.45261963528879867,0.24316750354973155,0.8533879416291972,0.5427205820145409,2025
2025-07,Ferrari,hamilton,leclerc,0.03773158840436297,0.24220692176299843,0.5870117795908687,0.5652755428173684,2025
2025-07,Haas F1 Team,bearman,ocon,0.37934363260971316,0.301254629891306,0.5448015390009655,0.37281337045147184,2025
2025-07,Kick Sauber,bortoleto,hulkenberg,-0.5324080512878862,0.2406211768000433,0.42244426041857075,0.7194345536959317,2025
2025-07,McLaren,norris,piastri,-0.2889620059553555,0.23931047521180365,0.387426884927922,0.5172307774142579,2025
2025-07,Mercedes,antonelli,russell,0.17128754462632756,0.2575305305164052,0.5554765117152874,0.46803298790900216,2025
2025-07,Racing Bulls,hadjar,lawson,-0.27390908084687704,0.23941662313239798,0.34747604252444947,0.4569640858750364,2025
2025-07,Red Bull Racing,max_verstappen,tsunoda,-0.465769381380989,0.24198255217175382,0.35268767545588575,0.561915944967334,2025
2025-07,Williams,albon,sainz,-0.30280128093609393,0.25007398482416177,0.42692745588976877,0.5779084049681009,2025
2025-08,Aston Martin,alonso,stroll,0.4234832675368611,0.28600192560413884,1.3749911720710237,0.9002921504236626,2025
2025-08,Ferrari,hamilton,leclerc,0.7093751652762733,0.20615528128088303,1.7482627541627809,0.8600604665084693,2025
2025-08,Haas F1 Team,bearman,ocon,0.07962072644315638,0.2069717410355858,1.5859116968987832,1.4645363659273531,2025
2025-08,Kick Sauber,bortoleto,hulkenberg,-0.28398279674019783,0.21204185585369645,0.891035612191805,1.1836606867116046,2025
2025-08,McLaren,norris,piastri,-0.09643709592431032,0.2069717410355858,1.104789096159784,1.2166382828302102,2025
2025-08,Mercedes,antonelli,russell,0.24972580162647937,0.21291625896895083,1.2696375272678795,0.9890658635262146,2025
2025-08,Racing Bulls,hadjar,lawson,-0.0798356740234998,0.2077849926597279,1.1225681796246427,1.2158637771514236,2025
2025-08,Red Bull Racing,max_verstappen,tsunoda,-0.1848956424093215,0.20618045132935983,0.9316130948961813,1.1208170829698025,2025
2025-08,Williams,albon,sainz,-0.4924619481654822,0.20945397523545714,1.622628823392289,2.6551722035755048,2025
2025-09,Alpine,colapinto,gasly,0.18508916649283003,0.2276273786527814,0.7404219167531483,0.6153129591268395,2025
2025-09,Ferrari,hamilton,leclerc,-0.4614962626104846,0.22658118046084794,0.455824459004824,0.7231408667938684,2025
2025-09,Haas F1 Team,bearman,ocon,-0.5770810885481948,0.23365904127864712,0.4462526845014672,0.7947013926075756,2025
2025-09,Kick Sauber,bortoleto,hulkenberg,-0.012998232706705415,0.22654084558194165,0.5972908216993341,0.6051052234771523,2025
2025-09,McLaren,norris,piastri,-0.6527534103126001,0.2254896062874645,0.265313826030345,0.5096207312259077,2025
2025-09,Mercedes,antonelli,russell,-0.1461831972896469,0.24078480903711214,0.32627455250491094,0.37763284339352604,2025
2025-09,Racing Bulls,hadjar,lawson,-0.2871690472637546,0.24091768249641402,0.3159530699865763,0.4210546928999186,2025
2025-09,Red Bull Racing,max_verstappen,tsunoda,-0.16195531992331524,0.23580253789862532,0.4293123382821019,0.5047887551903187,2025
2025-09,Williams,albon,sainz,-0.2782508568390497,0.3060398296929512,0.33092031927268567,0.43708534607236355,2025
2025-11,Alpine,colapinto,gasly,0.01977770809099222,0.22454792073738514,0.4092187004264941,0.401204801919915,2025
2025-11,Aston Martin,alonso,stroll,-0.0836101776564181,0.2139979742749327,0.4026823743842328,0.43779828858440634,2025
2025-11,Ferrari,hamilton,leclerc,-0.12211764610343634,0.21116383197514255,0.3746000410779125,0.4232557243926365,2025
2025-11,Haas F1 Team,bearman,ocon,0.1641786015287232,0.21844747250910007,0.38123766991149427,0.3235146454072223,2025
2025-11,Kick Sauber,bortoleto,hulkenberg,-0.26553987588123495,0.21291625896895083,0.41828809294038044,0.5455040821511887,2025
2025-11,McLaren,norris,piastri,-0.07305784212893884,0.21204185585369645,0.39219486528431474,0.42192039707569684,2025
2025-11,Racing Bulls,hadjar,lawson,1.0318004245004102,0.20862115295019662,0.7240902232544806,0.25804024932144565,2025
2025-14,Alpine,colapinto,gasly,0.22803173544953725,0.20862115295019662,0.4996849357042735,0.39779867506839106,2025
2025-14,Aston Martin,alonso,stroll,0.5628868691270053,0.20300768756902093,0.5523962261969361,0.31462414021915514,2025
2025-14,Ferrari,hamilton,leclerc,-0.31959879854664974,0.2103106412861243,0.6334156043745904,0.87194431963501,2025
2025-14,Haas F1 Team,bearman,ocon,-0.36573393782787456,0.22924001374066683,0.5700336009332454,0.8217442752002939,2025
2025-14,Kick Sauber,bortoleto,hulkenberg,-0.6656768334443414,0.2080209779631066,0.29454732272881956,0.5731322609662449,2025
2025-14,McLaren,norris,piastri,0.34343393174428194,0.20458753775843877,0.4896798795929764,0.3473447973509159,2025
2025-14,Mercedes,antonelli,russell,0.8601009027623814,0.20788977581951942,0.6604584809281532,0.27945278709314797,2025
2025-14,Racing Bulls,hadjar,lawson,0.4483044735007684,0.20378699057873526,0.5728160399089044,0.36586343830430446,2025
2025-14,Red Bull Racing,max_verstappen,tsunoda,0.5358670386885837,0.21204185585369645,0.5031459933914926,0.29442177102388317,2025
2025-14,Williams,albon,sainz,0.03136400294486785,0.21036627166437175,0.5527259294177009,0.5356592701331947,2025
2025-15,Alpine,colapinto,gasly,0.15955504704483947,0.2344250456773259,0.5432090475976018,0.46309822710920906,2025
2025-15,Aston Martin,alonso,stroll,-0.4510085823183626,0.23931047521180365,0.4512260670689903,0.70837743617873,2025
2025-15,Ferrari,hamilton,leclerc,0.3546818259097888,0.3336840260482454,0.44819087757296655,0.31435954599468696,2025
2025-15,Haas F1 Team,bearman,ocon,-0.11940407357440441,0.22870874995874624,0.591359474755714,0.6663587268195332,2025
2025-15,Kick Sauber,bortoleto,hulkenberg,-0.7272028066190901,0.24078480903711214,0.4431815677894355,0.9170686675383106,2025
2025-15,McLaren,norris,piastri,0.4694475625883171,0.23565511522844848,0.7021186859941956,0.43906826209765937,2025
2025-15,Mercedes,antonelli,russell,0.49174096163217407,0.22870874995874624,0.5445838932723248,0.3330461412968964,2025
2025-15,Racing Bulls,hadjar,lawson,-0.40650392584925676,0.22771001702132443,0.2723273848780704,0.4089156455816425,2025
2025-15,Red Bull Racing,max_verstappen,tsunoda,0.6346855049440344,0.23263996947633728,0.4788819807788907,0.2538563803543043,2025
2025-15,Williams,albon,sainz,-0.49303530073405477,0.22887810114815527,0.2588832281097798,0.42386389614738434,2025
2025-16,Alpine,colapinto,gasly,0.09526502506664358,0.24056670681025652,0.282163842772868,0.25652416735894085,2025
2025-16,Aston Martin,alonso,stroll,-0.15591693816142183,0.32628920678540146,0.23437406623174709,0.27391979670949945,2025
2025-16,Ferrari,hamilton,leclerc,-0.0039428360022821796,0.24198255217175382,0.18480023957537442,0.18553031495113084,2025
2025-16,Haas F1 Team,bearman,ocon,0.027959772803962446,0.24451470224411165,0.20123344281810077,0.19568493050541688,2025
2025-16,McLaren,norris,piastri,-0.4493032608701375,0.23931047521180365,0.13986378016446077,0.21919729419209902,2025
2025-16,Mercedes,antonelli,russell,-0.40246938030914636,0.24198255217175382,0.19917826685845558,0.2978737137703302,2025
2025-16,Racing Bulls,hadjar,lawson,-0.1356308228958989,0.23804761428476168,0.22111112521465975,0.25322950883540896,2025
2025-16,Red Bull Racing,max_verstappen,tsunoda,-0.12595641060812812,0.2432249831637124,0.29671501510617415,0.3365438806339394,2025
2025-16,Williams,albon,sainz,-0.13047490003284867,0.24451470224411165,0.25152285588328316,0.2865774306551882,2025
2025-17,Alpine,colapinto,gasly,-0.5059093416661015,0.260768096208106,0.26801689435536763,0.44450413559193325,2025
2025-17,Aston Martin,alonso,stroll,0.48925907749024067,0.2575683664867139,0.40560445750740903,0.24866817187554124,2025
2025-17,Ferrari,hamilton,leclerc,-0.11593439306727094,0.2575683664867139,0.22183576512316286,0.24910430501933445,2025
2025-17,Haas F1 Team,bearman,ocon,0.3603381623444063,0.2575683664867139,0.37792997895985,0.26358365009515566,2025
2025-17,Kick Sauber,bortoleto,hulkenberg,0.05592290056993465,0.2608496244565285,0.42363493118270745,0.40059429116442075,2025
2025-17,Mercedes,antonelli,russell,-0.18442920040067623,0.25764501233470904,0.22999478617134456,0.2765760532896901,2025
2025-17,Racing Bulls,hadjar,lawson,0.5489198159394904,0.2591731693430419,0.3182456424515562,0.18381020472409085,2025
2025-17,Red Bull Racing,max_verstappen,tsunoda,-0.16644082758567835,0.260768096208106,0.17442853875898706,0.20601643874651965,2025
2025-17,Williams,albon,sainz,1.0404626610488075,0.260768096208106,0.645897095119655,0.2281897533966102,2025
2025-19,Alpine,colapinto,gasly,-0.3686707101147124,0.24056670681025652,0.36833172262762903,0.5325382161531785,2025
2025-19,Aston Martin,alonso,stroll,0.13706554919182268,0.23804761428476168,0.33230182455009255,0.28973830436289333,2025
2025-19,Ferrari,hamilton,leclerc,-0.2820513013491457,0.24187060095032284,0.30284381336595523,0.4015244814594862,2025
2025-19,Haas F1 Team,bearman,ocon,0.06142387643449254,0.23804761428476168,0.2939692768669268,0.27645591946801723,2025
2025-19,Kick Sauber,bortoleto,hulkenberg,0.3093989739007882,0.24220692176299843,0.5206286878657246,0.38208309935637363,2025
2025-19,McLaren,norris,piastri,0.43452307940298884,0.24056670681025652,0.38983329170700926,0.2524456836135808,2025
2025-19,Mercedes,antonelli,russell,0.8097003340407745,0.2368299714439658,0.47205407755480366,0.21006000249510764,2025
2025-19,Racing Bulls,hadjar,lawson,0.12493759836585461,0.23804761428476168,0.3815980415486264,0.3367801046721986,2025
2025-19,Red Bull Racing,max_verstappen,tsunoda,0.2787244339224346,0.23931047521180365,0.34079291160050795,0.25789449354170924,2025
2025-20,Alpine,colapinto,gasly,-0.33370258766062166,0.20945397523545714,0.22973408142504104,0.320738150589125,2025
2025-20,Aston Martin,alonso,stroll,-0.06613813213196518,0.2810013320855967,0.48565474759803345,0.5188610431349758,2025
2025-20,Ferrari,hamilton,leclerc,0.36592922818945905,0.21221587464035427,0.45639732360303653,0.31653522336151024,2025
2025-20,Haas F1 Team,bearman,ocon,-0.19034780489870784,0.21204185585369645,0.3165165543473667,0.38288066061027687,2025
2025-20,Kick Sauber,bortoleto,hulkenberg,-0.9070259486778067,0.30523146783338484,0.41108705192707323,1.0182400205811613,2025
2025-20,McLaren,norris,piastri,-0.09866369599409375,0.21047766498521195,0.357589903696415,0.394670210239824,2025
2025-20,Mercedes,antonelli,russell,-0.23226152625227425,0.21116383197514255,0.2509105553866153,0.31651101668623416,2025
2025-20,Red Bull Racing,max_verstappen,tsunoda,-0.6605775313938462,0.21036627166437175,0.23650058516922312,0.45784386213036915,2025
2025-20,Williams,albon,sainz,0.10343054455221712,0.21736531219537342,0.47131136568075754,0.42499967519771803,2025
2025-21,Alpine,colapinto,gasly,-0.17342403890292613,0.219489290375047,0.4504120033006227,0.535706676362811,2025
2025-21,Aston Martin,alonso,stroll,0.2598541137829308,0.2184810979187519,0.47881383042200415,0.36924402693675124,2025
2025-21,Haas F1 Team,bearman,ocon,0.084851987186493,0.21563655376511676,0.37693236266078145,0.34626825383807225,2025
2025-21,McLaren,norris,piastri,-0.4195152379113952,0.22042441300835927,0.32434772564752173,0.49340552681105415,2025
2025-21,Mercedes,antonelli,russell,0.2258243796670576,0.219489290375047,0.40516854594871765,0.32326705061101974,2025
2025-21,Racing Bulls,hadjar,lawson,0.4130148418591718,0.2184810979187519,0.5873972804863051,0.3886528571596593,2025
2025-21,Red Bull Racing,max_verstappen,tsunoda,-0.11210688300551686,0.2184810979187519,0.35961764400541396,0.4022799543277682,2025
2025-21,Williams,albon,sainz,0.37779122443153623,0.219489290375047,0.525286163559307,0.36001725581030386,2025
2025-22,Alpine,colapinto,gasly,0.09584255116364604,0.2561794429237916,0.35626008108764257,0.32370042627320844,2025
2025-22,Ferrari,hamilton,leclerc,0.07202293867381337,0.2608496244565285,0.3181793071100051,0.29606888416820776,2025
2025-22,Haas F1 Team,bearman,ocon,0.2314189947774583,0.2575683664867139,0.33703124250017563,0.26740293455077324,2025
2025-22,McLaren,norris,piastri,0.08012394989743088,0.2575683664867139,0.3687088226043139,0.3403189560889452,2025
2025-22,Mercedes,antonelli,russell,0.17771886012664218,0.25455576733608154,0.2727976571023013,0.22838012999338725,2025
2025-22,Racing Bulls,hadjar,lawson,-0.7219797119628932,0.2591731693430419,0.17639080865219833,0.3631012601812246,2025
2025-22,Red Bull Racing,max_verstappen,tsunoda,-0.5039954198159675,0.2591731693430419,0.20165901344283485,0.3338105573799217,2025
2025-22,Williams,albon,sainz,0.818896987380919,0.29592352340987876,0.6076607324977601,0.26792838725860785,2025
2025-23,Alpine,colapinto,gasly,0.3700610920005897,0.23804761428476168,0.36984272351856073,0.25544745979762035,2025
2025-23,Aston Martin,alonso,stroll,0.3848458370550967,0.243686292223343,0.3955376792926235,0.26918536072689236,2025
2025-23,Ferrari,hamilton,leclerc,0.1954913428632632,0.2356060357495806,0.3606928455806268,0.29664478414544093,2025
2025-23,Haas F1 Team,bearman,ocon,0.12074042480741398,0.26614532371118854,0.34457888487631483,0.3053878545827088,2025
2025-23,McLaren,norris,piastri,-0.14726195535945596,0.24187060095032284,0.5442609485581668,0.6306119972425547,2025
2025-23,Mercedes,antonelli,russell,-0.33320280869734664,0.2356060357495806,0.21337346651345773,0.29774779509087473,2025
2025-23,Racing Bulls,hadjar,lawson,-0.3845618672076152,0.23941662313239798,0.1871176213342296,0.2748702800374983,2025
2025-23,Red Bull Racing,max_verstappen,tsunoda,-0.28108995230651335,0.2356060357495806,0.25467095946363694,0.337330212345222,2025
2025-23,Williams,albon,sainz,0.29439411031018925,0.2356060357495806,0.28137513678347736,0.20961964517647488,2025
2025-24,Alpine,colapinto,gasly,0.02812041435839885,0.2345207879911715,0.34088420376948897,0.33143192260652876,2025
2025-24,Aston Martin,alonso,stroll,0.8074309835829442,0.23684230216385777,0.6235465486199621,0.27810324669161696,2025
2025-24,Ferrari,hamilton,leclerc,-0.4566444651820125,0.23323807579381203,0.32933113666946473,0.5199372879505165,2025
2025-24,Haas F1 Team,bearman,ocon,-0.232256649679476,0.23398803938767798,0.3583479064075989,0.45203561446420815,2025
2025-24,Kick Sauber,bortoleto,hulkenberg,-0.12115100715718086,0.2300875642576137,0.4483559496764423,0.506102113684309,2025
2025-24,McLaren,norris,piastri,0.5512285639757841,0.23263996947633728,0.4281111490927361,0.2466953789817167,2025
2025-24,Mercedes,antonelli,russell,0.7127093212588465,0.23094010767585033,0.49804183737379465,0.24419687458997474,2025
2025-24,Racing Bulls,hadjar,lawson,0.3462101400469012,0.2378433691898546,0.5059421959815698,0.3578852074943062,2025
2025-24,Red Bull Racing,max_verstappen,tsunoda,-0.35669087956803414,0.2300875642576137,0.30185944444620594,0.4312346497210597,2025
2025-24,Williams,albon,sainz,-0.20884524589350584,0.23323807579381203,0.3038774308040197,0.37445426694103157,2025
2026-01,Alpine,colapinto,gasly,0.7083091630448285,0.2561794429237916,1.0896788655529663,0.5366408969280401,2026
2026-01,Ferrari,hamilton,leclerc,0.24884528210371937,0.2459152461731384,0.36865745307001213,0.2874424365013012,2026
2026-01,Haas F1 Team,bearman,ocon,-0.03761184472249113,0.24737244059928853,0.5283653539620242,0.5486166057665235,2026
2026-01,Mercedes,antonelli,russell,-0.37245139549316175,0.23931047521180365,0.3216404706604234,0.46679293553678847,2026
2026-01,Racing Bulls,arvid_lindblad,lawson,-0.3962853606658808,0.24451470224411165,0.3341300594535444,0.4966152976677275,2026
2026-01,Williams,albon,sainz,-0.1748013349366307,0.24888987478854327,0.5955869947617649,0.7093498171479341,2026
2026-02,Alpine,colapinto,gasly,-0.05800180439113167,0.25299972205063104,0.28167034080776615,0.2984908225945244,2026
2026-02,Cadillac,bottas,perez,-0.6530138144565487,0.2560306311523476,0.26227294049532435,0.5039109336873723,2026
2026-02,Ferrari,hamilton,leclerc,0.03134980313420055,0.24316750354973155,0.3770733618721893,0.3654355607278908,2026
2026-02,Haas F1 Team,bearman,ocon,-0.5876072989314144,0.2582606524294815,0.22974144047129597,0.4134604254664176,2026
2026-02,Mercedes,antonelli,russell,-0.3214517969805539,0.24451470224411165,0.28941864650337873,0.3991455114257291,2026
2026-02,Racing Bulls,arvid_lindblad,lawson,0.9322450634263552,0.26600142247130326,0.4334108827356516,0.17062038799413476,2026
2026-02,Red Bull Racing,hadjar,max_verstappen,0.9196804424200995,0.27094112074229504,0.5441166442097387,0.21691014749644644,2026
2026-03,Alpine,colapinto,gasly,0.32127872301169047,0.25513529174541316,0.3667539636217312,0.26597770816373345,2026
2026-03,Aston Martin,alonso,stroll,0.7721665445324049,0.32125823622930705,0.3665807231229643,0.16936433225076633,2026
2026-03,Audi,bortoleto,hulkenberg,-0.24675475617747533,0.24863262420322443,0.40776888555186724,0.5218892043252961,2026
2026-03,Cadillac,bottas,perez,0.31417166436336186,0.2547726259021776,0.2612859271333736,0.1908415780511242,2026
2026-03,Ferrari,hamilton,leclerc,0.012021862246640924,0.24869686206095648,0.37431905575753466,0.3698459848266823,2026
2026-03,McLaren,norris,piastri,0.7880381404051724,0.25150708529480514,0.3608229869918019,0.16407921950025756,2026
2026-03,Mercedes,antonelli,russell,0.24966694670939604,0.24863262420322443,0.4190981399249361,0.3265026842441256,2026
2026-03,Racing Bulls,arvid_lindblad,lawson,0.5534388627109081,0.25299972205063104,0.3638314794630011,0.20919188257487373,2026
2026-03,Red Bull Racing,hadjar,max_verstappen,1.0840227823070085,0.25020626411657765,0.5568864053008522,0.18835688666706063,2026
2026-03,Williams,albon,sainz,-0.46049508358633817,0.26208179770229884,0.25755063459837485,0.4081812939290334,2026
2026-06,Alpine,colapinto,gasly,0.5257573128304823,0.21483652177881704,0.965101565889313,0.5704788139027636,2026
2026-06,Aston Martin,alonso,stroll,0.35266683399422144,0.22330845632592303,0.6558550667916467,0.46094235683327384,2026
2026-06,Audi,bortoleto,hulkenberg,-0.6413343836637664,0.2165561168014839,1.0128909875658167,1.92349335714679,2026
2026-06,Ferrari,hamilton,leclerc,-0.08745105020621036,0.21499115832210874,0.4423448013891495,0.4827701796136132,2026
2026-06,Haas F1 Team,bearman,ocon,-0.15498014539483693,0.2906627745082753,0.8653256070614659,1.0103842730534907,2026
2026-06,McLaren,norris,piastri,0.09400436645246507,0.23909595738742215,0.8044861114609487,0.7323066421358821,2026
2026-06,Mercedes,antonelli,russell,-0.3136811140492335,0.2120998145416324,0.693841697266326,0.9494899508896348,2026
2026-06,Racing Bulls,arvid_lindblad,lawson,0.6614351828353673,0.21119221230347113,1.0074597936667937,0.5199601651491328,2026
2026-06,Williams,albon,sainz,-0.01591992347199378,0.21875066137466156,1.1806663674446465,1.199612899172589,2026
2026-07,Alpine,colapinto,gasly,-0.1375069124285918,0.22658118046084794,0.49350310327226965,0.5662502167477741,2026
2026-07,Audi,bortoleto,hulkenberg,0.877057829346042,0.2978181528616297,0.8261728184822091,0.3436920818546785,2026
2026-07,Ferrari,hamilton,leclerc,-0.3272543267117015,0.2276273786527814,0.3349866179970544,0.4646781017006556,2026
2026-07,Haas F1 Team,bearman,ocon,0.14057310171378734,0.2696705809357451,0.9353893231954682,0.812722505270436,2026
2026-07,McLaren,norris,piastri,-0.19476881533993395,0.22654084558194165,0.31976027878913726,0.3885183499895426,2026
2026-07,Mercedes,antonelli,russell,-0.03160663735376401,0.22991384768754267,0.31174349522436906,0.3217540250729883,2026
2026-07,Racing Bulls,arvid_lindblad,lawson,0.5262294629036139,0.22870874995874624,0.6565296297149509,0.38789642676824615,2026
2026-07,Red Bull Racing,hadjar,max_verstappen,0.43202449389718856,0.2350012654216886,0.37958511208270895,0.24642417805177347,2026
2026-07,Williams,albon,sainz,0.18962838733359533,0.24522653694445207,0.4990339154414343,0.4128340403785125,2026
2026-08,Alpine,colapinto,gasly,-0.0690941774333027,0.2184810979187519,0.6217301869859805,0.6662069733658197,2026
2026-08,Aston Martin,alonso,stroll,0.5159434957594758,0.23987176061066784,0.6821015143398292,0.4071717143362606,2026
2026-08,Audi,bortoleto,hulkenberg,-0.6660150152153663,0.21756967100986618,0.48981682928003595,0.953411417859184,2026
2026-08,Ferrari,hamilton,leclerc,-0.13869592803727437,0.2165561168014839,0.4769244612701737,0.5478787724221895,2026
2026-08,Haas F1 Team,bearman,ocon,-0.6341444347134979,0.21684638501595052,0.41036505484931923,0.7737057055839758,2026
2026-08,McLaren,norris,piastri,-0.21846209948156947,0.21291625896895083,0.4574668807133469,0.5691628458161307,2026
2026-08,Mercedes,antonelli,russell,-0.04636698351757418,0.21221587464035427,0.3486802144031356,0.36522813822449557,2026
2026-08,Racing Bulls,arvid_lindblad,lawson,0.1979994874878176,0.2165561168014839,0.5635058293093835,0.4622834313586802,2026
2026-08,Red Bull Racing,hadjar,max_verstappen,0.0880548055615672,0.21844747250910007,0.4594628258480741,0.42073502096943194,2026
2026-08,Williams,albon,sainz,0.23236767096084754,0.32163376045133846,0.5485517530711339,0.4348120888593697,2026
2026-09,Alpine,colapinto,gasly,-0.2484411450326922,0.26934407444933195,0.37920247723521533,0.48614719488848634,2026
2026-09,Aston Martin,alonso,stroll,-0.47192299202425125,0.2730101363219588,0.3723809747302175,0.5969542324298992,2026
2026-09,Audi,bortoleto,hulkenberg,-0.5174011417656612,0.29352997130545444,0.26352095676341597,0.4420990884178553,2026
2026-09,Cadillac,bottas,perez,-0.37733116267960704,0.26763510911042976,0.42295486101801444,0.6168319524500597,2026
2026-09,Ferrari,hamilton,leclerc,0.591520312410455,0.26754242162397546,0.5354785077838744,0.29637941525840084,2026
2026-09,Haas F1 Team,bearman,ocon,-0.03812639800975082,0.26953584668754665,0.41525149409602874,0.431389219709915,2026
2026-09,McLaren,norris,piastri,-0.553329095415746,0.26934407444933195,0.27017891474543215,0.46984999405011724,2026
2026-09,Mercedes,antonelli,russell,-0.5527748306291481,0.2808151400069855,0.26663323833449054,0.4634270140079041,2026
2026-09,Racing Bulls,arvid_lindblad,lawson,-0.3401524306685677,0.26754242162397546,0.22964357864915888,0.32268637606294187,2026
2026-09,Red Bull Racing,hadjar,max_verstappen,0.2950880404961893,0.2798025619686327,0.44369374080282326,0.33031492281871566,2026
2026-09,Williams,albon,sainz,-0.4316004382138642,0.29681166754678434,0.28944162478220237,0.44565899455806096,2026
2026-10,Alpine,colapinto,gasly,-0.3617098185934241,0.29154759474226505,0.2709011209050676,0.3889550193275171,2026
2026-10,Audi,bortoleto,hulkenberg,-0.15391762526461894,0.28960484758017346,0.4415978026675277,0.5150773813224657,2026
2026-10,Ferrari,hamilton,leclerc,0.12500443189813182,0.2916900563167293,0.40799935940338455,0.360056575192387,2026
2026-10,Haas F1 Team,bearman,ocon,0.12040502202050374,0.284977404739606,0.27398620133676954,0.2429055593175077,2026
2026-10,McLaren,norris,piastri,-0.29585411905249837,0.29388938011084287,0.3051057217896026,0.4101457008169558,2026
2026-10,Racing Bulls,arvid_lindblad,lawson,-0.1385261312924686,0.3012764834268905,0.262820925781776,0.30187077878718216,2026
2026-10,Red Bull Racing,hadjar,max_verstappen,0.5347020977032091,0.282842712474619,0.3569826020347454,0.2091360399553263,2026
2026-10,Williams,albon,sainz,-0.044173562590622106,0.2916900563167293,0.28770421053976736,0.30069800883772824,2026
2026-11,Alpine,colapinto,gasly,0.2487672642705816,0.21563655376511676,0.5368456893793463,0.4186115627690853,2026
2026-11,Aston Martin,alonso,stroll,0.0041598989423747845,0.21381654314924695,0.5488881811100108,0.5466096043562941,2026
2026-11,Audi,bortoleto,hulkenberg,0.1412008005012858,0.21474389986385092,0.6813236096381359,0.5916034665775709,2026
2026-11,Ferrari,hamilton,leclerc,-0.047602743791945845,0.21291625896895083,0.515505515953751,0.5406384453524469,2026
2026-11,Haas F1 Team,bearman,ocon,0.14453667044523044,0.22042441300835927,0.490191207844334,0.4242228321203262,2026
2026-11,McLaren,norris,piastri,0.21744057348850954,0.23301196030120613,0.5453102158298337,0.43874319408265733,2026
2026-11,Mercedes,antonelli,russell,-0.25964346483891276,0.21291625896895083,0.4334728436513069,0.5619835700581006,2026
2026-11,Racing Bulls,arvid_lindblad,lawson,-0.027808627230482386,0.21563655376511676,0.3858464991605693,0.3967269445864813,2026
2026-11,Red Bull Racing,hadjar,max_verstappen,0.5958929583255242,0.21381654314924695,0.5747840223149662,0.31674638252816417,2026
2026-11,Williams,albon,sainz,-0.04461435552778703,0.2177014914830383,0.45880257621099596,0.47973523399538187,2026
2026-13,Alpine,colapinto,gasly,0.29534121443199235,0.25150708529480514,0.3895646157797371,0.2899442117768747,2026
2026-13,Audi,bortoleto,hulkenberg,-0.591241929351179,0.2561794429237916,0.26820979370416276,0.4844486382721754,2026
2026-13,Cadillac,bottas,perez,-0.1146320580393968,0.25455576733608154,0.4692273746765019,0.5262200737609903,2026
2026-13,Haas F1 Team,bearman,ocon,-0.8310288814451495,0.25299972205063104,0.21733145361111905,0.49892336441858715,2026
2026-13,McLaren,norris,piastri,-0.018662552690269063,0.25007398482416177,0.4385595312892851,0.446821022121675,2026
2026-13,Mercedes,antonelli,russell,0.20666236504695057,0.24863262420322443,0.33465675634664643,0.2721743989895145,2026
2026-13,Racing Bulls,arvid_lindblad,tsunoda,-0.10423701370726324,0.25150708529480514,0.22804295440708236,0.25309654619275007,2026
2026-13,Red Bull Racing,lawson,max_verstappen,-0.38974445789739653,0.2547726259021776,0.3169398673099343,0.46799448925496,2026
2026-13,Williams,albon,sainz,-0.13427375366497207,0.2561794429237916,0.3426870408408467,0.3919331803426332,2026
2026-14,Alpine,colapinto,gasly,-0.41523530433671835,0.23098451496549754,0.45928311983561354,0.6956885976588694,2026
2026-14,Audi,bortoleto,hulkenberg,0.28345170620955473,0.2356060357495806,0.5471696746640776,0.4121169793273249,2026
2026-14,Cadillac,bottas,perez,0.6906273029170975,0.31167748898959186,1.101625877352272,0.5522026701269291,2026
2026-14,Haas F1 Team,bearman,ocon,0.32196812939899344,0.23713262967793156,0.7329841569194956,0.5312092217474242,2026
2026-14,McLaren,norris,piastri,-0.21051659125864908,0.23323807579381203,0.29178537878609906,0.3601552250171656,2026
2026-14,Mercedes,antonelli,russell,0.1294751153793775,0.23209193580705614,0.641244361817275,0.5633693705420043,2026
2026-14,Racing Bulls,arvid_lindblad,tsunoda,0.6165618939025088,0.243686292223343,0.6644406568314872,0.3586631600770088,2026
2026-14,Red Bull Racing,lawson,max_verstappen,0.26847294787800324,0.23098451496549754,0.32082250675465385,0.24528359797558386,2026
2026-14,Williams,albon,sainz,0.0649035776600646,0.27755546659548436,0.5971831538605726,0.5596548637898203,2026
2026-15,Alpine,colapinto,gasly,0.6824154777387055,0.3204341783862369,0.2622106117126322,0.13251986577926433,2026
2026-15,Audi,bortoleto,hulkenberg,0.33275609764819647,0.2748737083745107,0.46859749821062513,0.33595865088636273,2026
2026-15,Cadillac,bottas,perez,-0.24464715351505117,0.2909885384373682,0.2693753439147079,0.34403826652528413,2026
2026-15,Ferrari,hamilton,leclerc,0.2979204909173626,0.271133755761826,0.3895899701571699,0.2892161511966844,2026
2026-15,Haas F1 Team,bearman,ocon,-0.13578352808072847,0.27877282097486783,0.2707732579819325,0.31015287228463906,2026
2026-15,McLaren,norris,piastri,0.09207587395279648,0.29517304607149875,0.36458751023459296,0.3325169152149162,2026
2026-15,Mercedes,antonelli,russell,0.712606534876887,0.2748737083745107,0.4848343568993302,0.23774549804033404,2026
2026-15,Racing Bulls,arvid_lindblad,lawson,0.014483520417085671,0.2808151400069855,0.23759525024288713,0.23417883516599805,2026
2026-15,Red Bull Racing,hadjar,max_verstappen,-0.62018611580769,0.271133755761826,0.1823981032112825,0.3391280600586645,2026
2026-15,Williams,albon,sainz,-0.445894327920228,0.3148498606996813,0.2385031178066135,0.3725147784513733,2026
2010-01,brackley,michael_schumacher,rosberg,-0.4416320969503902,0.24585451886114368,0.18018243165704437,0.28022754778521053,2010
2010-01,faenza,alguersuari,buemi,-0.15735341245507317,0.2561794429237916,0.36567554642867595,0.42799001570966366,2010
2010-01,ferrari,alonso,massa,0.29162921982789947,0.24585451886114368,0.3771450977875337,0.281744538448344,2010
2010-01,leafield,kovalainen,trulli,0.15005377870185144,0.2615046151284924,0.5172591927788511,0.44518517097958266,2010
2010-01,mclaren,button,hamilton,-0.23065223214724528,0.24585451886114368,0.23114008017028703,0.29110271183916214,2010
2010-01,red_bull,vettel,webber,0.40265339062808664,0.24585451886114368,0.778121882688139,0.5202085468617911,2010
2010-01,silverstone,liuzzi,sutil,-0.16717446496622146,0.24585451886114368,0.2966915579748266,0.35067768975237396,2010
2010-01,williams,barrichello,hulkenberg,-0.8252135853238328,0.25020626411657765,0.2411090240998746,0.550299567801138,2010
2010-03,enstone,kubica,petrov,-0.7097143713701785,0.28010986855435577,0.23225659393162593,0.4722729678725541,2010
2010-03,faenza,alguersuari,buemi,0.27245919041529665,0.23098451496549754,0.5538270414703004,0.4217417871943514,2010
2010-03,ferrari,alonso,massa,-0.062367053606377953,0.23342489046196313,0.5203039060136787,0.5537869960266847,2010
2010-03,hrt,bruno_senna,chandhok,0.2695305103116079,0.2406211768000433,1.3110756912393702,1.0013182964923468,2010
2010-03,leafield,kovalainen,trulli,-0.4050958317984777,0.271232836253261,0.5974634759380659,0.8958643313430545,2010
2010-03,mclaren,button,hamilton,-0.37796183470360833,0.22870874995874624,0.3577597779836819,0.5220814366678526,2010
2010-03,red_bull,vettel,webber,-0.25729733922412057,0.22870874995874624,0.3455067641025938,0.44688869537030795,2010
2010-03,williams,barrichello,hulkenberg,0.12039666468737709,0.2321830058265731,0.41501418730992323,0.3679385870580389,2010
2010-05,banbury,glock,grassi,-0.5481665294956025,0.2196270307653689,0.9616209224470866,1.6636792609884423,2010
2010-05,brackley,michael_schumacher,rosberg,-0.8025665666016153,0.2120998145416324,0.3337685871754291,0.7447245859019499,2010
2010-05,enstone,kubica,petrov,-0.689564915200657,0.2103106412861243,0.25787664641059527,0.5139090329527226,2010
2010-05,faenza,alguersuari,buemi,-0.7208969650969884,0.257948898831924,0.36103640763442,0.7423907861645916,2010
2010-05,ferrari,alonso,massa,0.10583194102766413,0.20945397523545714,0.37437390015577127,0.3367777071561083,2010
2010-05,mclaren,button,hamilton,0.3587323971400007,0.21303464444319076,0.35979899401392307,0.25134163980442387,2010
2010-05,red_bull,vettel,webber,0.07947654261450765,0.21119221230347113,0.3396645749939728,0.3137140944525498,2010
2010-05,silverstone,liuzzi,sutil,0.2989594910768849,0.2139979742749327,0.30913878293216746,0.22925405995162712,2010
2010-05,williams,barrichello,hulkenberg,-0.31641057662380057,0.21387696890801985,0.41423168082298034,0.56840603258299,2010
2010-07,banbury,glock,grassi,-1.0619965347350782,0.2369307287220591,0.524777293561362,1.517729131955885,2010
2010-07,brackley,michael_schumacher,rosberg,0.10780575188268204,0.22443344307471286,0.28407868556346977,0.2550464051920558,2010
2010-07,enstone,kubica,petrov,0.1352923921368714,0.22771001702132443,0.31740697963687026,0.2772424532239218,2010
2010-07,faenza,alguersuari,buemi,-0.09812939994700032,0.22982713682355446,0.40685765926686146,0.4488069288431842,2010
2010-07,ferrari,alonso,massa,0.17904648682639346,0.22443344307471286,0.43449026381621625,0.36326298547145564,2010
2010-07,hinwil,kobayashi,rosa,0.21612445049271822,0.22443344307471286,0.4753301796927237,0.38294264545776546,2010
2010-07,hrt,bruno_senna,chandhok,-0.5778354379986188,0.2596485714594916,0.4557066182821044,0.8121496810922745,2010
2010-07,leafield,kovalainen,trulli,0.5168548758326986,0.3145501533011849,0.39911234798901946,0.23802794323498538,2010
2010-07,mclaren,button,hamilton,0.24249677007717774,0.22443344307471286,0.5967110612870945,0.468219049880161,2010
2010-07,red_bull,vettel,webber,-0.34829448868823654,0.2595495470347952,0.33255552433848845,0.4711145758844641,2010
2010-07,silverstone,liuzzi,sutil,0.39618557100364127,0.2254896062874645,0.39925998836082394,0.26865478642230356,2010
2010-07,williams,barrichello,hulkenberg,-1.0997500311061275,0.23094010767585033,0.45651521022957847,1.3711047076193859,2010
2010-08,banbury,glock,grassi,-0.19852169576041423,0.2452628103766369,1.486988795471257,1.813529285505222,2010
2010-08,brackley,michael_schumacher,rosberg,-0.42624599128506674,0.20781117359508788,0.8586714855751846,1.3150532024210901,2010
2010-08,enstone,kubica,petrov,-0.2007782767380603,0.21119221230347113,1.0903838577610865,1.3328347620596142,2010
2010-08,faenza,alguersuari,buemi,0.08130957072534552,0.21116383197514255,1.2108180581692016,1.1162631588415686,2010
2010-08,ferrari,alonso,massa,-0.4030871035967357,0.20867458390329455,0.8066237668629447,1.207061836185199,2010
2010-08,leafield,kovalainen,trulli,-0.5128665251851525,0.2503331114069145,0.6528482384189864,1.0903033298135218,2010
2010-08,mclaren,button,hamilton,-0.2206630513662759,0.20615528128088303,0.5971352566652848,0.7445698727812629,2010
2010-08,red_bull,vettel,webber,-0.22376113305847478,0.20615528128088303,0.8679833595491753,1.0856494697349945,2010
2010-08,silverstone,liuzzi,sutil,-0.2964732556033811,0.20618045132935983,0.6065155914705197,0.8158281162664195,2010
2010-08,williams,barrichello,hulkenberg,-0.18600532526705307,0.21116383197514255,0.9011792106822543,1.0854060819971063,2010
2010-09,banbury,glock,grassi,0.17126133595133308,0.25177957409118656,0.5155259728441881,0.4343828769009456,2010
2010-09,brackley,michael_schumacher,rosberg,0.7563540548399881,0.24316750354973155,0.4250035728680353,0.19948589275007148,2010
2010-09,enstone,kubica,petrov,-0.2822536239990596,0.23804761428476168,0.29612039233726095,0.3926896976175389,2010
2010-09,faenza,alguersuari,buemi,-0.040976322611260496,0.23804761428476168,0.28130049620840053,0.29306657513233436,2010
2010-09,ferrari,alonso,massa,0.08270992127202415,0.23804761428476168,0.5060078305007328,0.4658399979804563,2010
2010-09,hinwil,kobayashi,rosa,-0.38133903875281594,0.2406211768000433,0.35947363709756286,0.5263571007162071,2010
2010-09,hrt,bruno_senna,chandhok,0.18154678625983356,0.2459152461731384,0.46909122164961387,0.3912123337773988,2010
2010-09,mclaren,button,hamilton,-0.41134434950422305,0.2406211768000433,0.33859557305693994,0.5108881822661552,2010
2010-09,silverstone,liuzzi,sutil,-0.03606753952465469,0.23804761428476168,0.36495771001391974,0.3783610972735826,2010
2010-09,williams,barrichello,hulkenberg,-0.5023999082378265,0.253224815169335,0.2183681125143989,0.36089322410452884,2010
2010-10,brackley,michael_schumacher,rosberg,0.12346706315807698,0.24863262420322443,0.49188680491246567,0.43475452242920576,2010
2010-10,faenza,alguersuari,buemi,-0.08437431516471494,0.26208179770229884,0.37064955427862123,0.4032800903155905,2010
2010-10,ferrari,alonso,massa,-0.08956515552140648,0.2544836041121407,0.687525813561249,0.751946013906937,2010
2010-10,hinwil,kobayashi,rosa,-0.30438852512032666,0.3045115313535314,0.3971735047523571,0.5384861356427442,2010
2010-10,hrt,chandhok,yamamoto,0.27644680530791876,0.2591731693430419,0.9165014197639335,0.6951424656367903,2010
2010-10,leafield,kovalainen,trulli,0.09737861344041088,0.25150708529480514,0.4252931435331728,0.38583123823072146,2010
2010-10,mclaren,button,hamilton,-0.16058607795492064,0.24863262420322443,0.2676203143092116,0.3142394630038361,2010
2010-10,red_bull,vettel,webber,-0.17250339148493987,0.24863262420322443,0.376278097392516,0.44712217625170453,2010
2010-10,silverstone,liuzzi,sutil,-0.5156836266353834,0.2459152461731384,0.4745547756218311,0.7947762882572094,2010
2010-10,williams,barrichello,hulkenberg,-0.003249181760048403,0.2459152461731384,0.3739182410444232,0.37513514527389746,2010
2010-11,banbury,glock,grassi,0.1517842300872636,0.23146437647240142,0.9048864938497289,0.7774546268382893,2010
2010-11,brackley,michael_schumacher,rosberg,0.20278183454254795,0.20945397523545714,0.5538706176893073,0.4522111798826913,2010
2010-11,enstone,kubica,petrov,-0.9321497842701101,0.20945397523545714,0.2754304688937402,0.6995833891425542,2010
2010-11,ferrari,alonso,massa,0.052999920657709754,0.2077849926597279,0.5150207413370702,0.48843541585147615,2010
2010-11,hinwil,kobayashi,rosa,0.36700529179864405,0.21119221230347113,0.5820309496808553,0.4032345218117019,2010
2010-11,hrt,bruno_senna,yamamoto,0.7164829941702775,0.33841736921953885,1.0119612994609137,0.4943098826355162,2010
2010-11,mclaren,button,hamilton,-0.041418637626079224,0.2077849926597279,0.35976358296143973,0.37497739319847545,2010
2010-11,red_bull,vettel,webber,-0.7068460706445773,0.2077849926597279,0.3865073050759053,0.7836769164714414,2010
2010-11,silverstone,liuzzi,sutil,0.024583770579117786,0.21844747250910007,0.8531269868889595,0.8324096078044592,2010
2010-11,williams,barrichello,hulkenberg,-0.6504564671104248,0.20945397523545714,0.48506763696852107,0.9295910943761194,2010
2010-12,banbury,glock,grassi,-0.48955546352073037,0.21563655376511676,0.6235354971604512,1.017354753896483,2010
2010-12,enstone,kubica,petrov,0.0007282411000458788,0.3340505105365708,0.4701803479109929,0.46983806790352173,2010
2010-12,ferrari,alonso,massa,-0.03492130944744343,0.20618045132935983,0.4156962452754831,0.43046934927752745,2010
2010-12,hinwil,kobayashi,rosa,0.21637352899305395,0.2069717410355858,0.46606988564617086,0.37538871524533485,2010
2010-12,hrt,bruno_senna,yamamoto,-0.8591274746669435,0.21569959617364537,0.529179325129446,1.2494451327971063,2010
2010-12,leafield,kovalainen,trulli,0.05100009652884285,0.21474389986385092,0.505411598745481,0.48028181576647394,2010
2010-12,mclaren,button,hamilton,-0.07608486298588801,0.327559280081046,0.43368222455177424,0.46796660072663704,2010
2010-12,red_bull,vettel,webber,-0.8377953330747037,0.20618045132935983,0.43218630209868136,0.9988974125278273,2010
2010-12,williams,barrichello,hulkenberg,0.5329481456255363,0.2070230924173549,0.5766168969159443,0.338400445272235,2010
2010-14,banbury,glock,grassi,0.4768446334009617,0.2432249831637124,0.5531866557768943,0.34338451155224503,2010
2010-14,brackley,michael_schumacher,rosberg,0.16909046086383106,0.2356060357495806,0.2154356537486981,0.18192087023412917,2010
2010-14,enstone,kubica,petrov,-0.2241486642863586,0.2356060357495806,0.2794355781640613,0.3496457296075555,2010
2010-14,faenza,alguersuari,buemi,0.7376875393746087,0.23941662313239798,0.6652511256174892,0.3181353949674306,2010
2010-14,ferrari,alonso,massa,-0.001628726552325599,0.2356060357495806,0.2553481503821496,0.2557643815661418,2010
2010-14,leafield,kovalainen,trulli,0.5044549467859107,0.25829043340887353,0.7544486508665249,0.4555622051578936,2010
2010-14,red_bull,vettel,webber,-0.2829565235617777,0.2344250456773259,0.2752364800293368,0.3652518731716136,2010
2010-14,silverstone,liuzzi,sutil,-0.08234128206692115,0.23941662313239798,0.3367618435451912,0.36566487317605323,2010
2010-14,williams,barrichello,hulkenberg,0.13459159544299748,0.2356060357495806,0.3331764451201592,0.2912204729857492,2010
2010-16,brackley,michael_schumacher,rosberg,-0.05893663285376327,0.2615046151284924,0.3139886069066276,0.33305023496942326,2010
2010-16,faenza,alguersuari,buemi,-0.004945546993621375,0.2561794429237916,0.5747651613089272,0.5776147299543037,2010
2010-16,hinwil,heidfeld,kobayashi,-0.3526824714142702,0.25150708529480514,0.35911674094243556,0.5109797650672655,2010
2010-16,hrt,bruno_senna,yamamoto,0.27768796444372934,0.25787536107301734,1.2395147238368667,0.9389735079953878,2010
2010-16,leafield,kovalainen,trulli,-1.5369307352600432,0.2560306311523476,0.3395605207716001,1.5790567132334088,2010
2010-16,mclaren,button,hamilton,-0.2420489989071254,0.25150708529480514,0.4312978711302468,0.5494116435302624,2010
2010-16,red_bull,vettel,webber,0.30710657503200833,0.25150708529480514,0.554587155450315,0.40793889574478137,2010
2010-18,banbury,glock,grassi,-0.6820445723036745,0.2340272207071176,0.5154026059054024,1.0194238834829503,2010
2010-18,brackley,michael_schumacher,rosberg,0.21428725697269135,0.20945397523545714,0.5130016222313329,0.41405207479222694,2010
2010-18,enstone,kubica,petrov,-0.30607075397248595,0.21204185585369645,0.4574274642261593,0.6212223553427094,2010
2010-18,faenza,alguersuari,buemi,-0.07076878052130287,0.21116383197514255,0.49642393937388507,0.5328282068789372,2010
2010-18,ferrari,alonso,massa,-0.6551473584754992,0.21119221230347113,0.36386804410549345,0.7006010743220736,2010
2010-18,hinwil,heidfeld,kobayashi,-0.0640495686728394,0.21204185585369645,0.3767651691660626,0.40168639353398283,2010
2010-18,hrt,bruno_senna,klien,-0.2594631640137677,0.22755572766995408,0.3886121350474761,0.503732275774414,2010
2010-18,leafield,kovalainen,trulli,-0.15389936857272846,0.21750385050586113,0.47773366032177844,0.5572158848214039,2010
2010-18,mclaren,button,hamilton,0.015039865570402544,0.20945397523545714,0.6251667871668922,0.6158347151898291,2010
2010-18,red_bull,vettel,webber,0.014082713260909263,0.20945397523545714,0.5463738580511286,0.5387333574379706,2010
2010-18,silverstone,liuzzi,sutil,0.08359530037007612,0.2323106841457232,0.40791887059804616,0.3752051742522885,2010
2010-18,williams,barrichello,hulkenberg,0.2620731603917691,0.21387696890801985,0.5447147665022511,0.41913335251778566,2010
2010-19,banbury,glock,grassi,0.2093668674639051,0.26604010713316434,0.3520693702405826,0.2855626267729796,2010
2010-19,enstone,kubica,petrov,0.08518041687849487,0.2406211768000433,0.2830826119865576,0.25996794977283233,2010
2010-19,faenza,alguersuari,buemi,0.04114728255861455,0.2406211768000433,0.2873912671375537,0.27580588550317725,2010
2010-19,ferrari,alonso,massa,0.6043087197556949,0.24316750354973155,0.40285825948403103,0.22014272079112002,2010
2010-19,hinwil,heidfeld,kobayashi,-0.15111000780093398,0.24316750354973155,0.37760606272167047,0.4392029021047043,2010
2010-19,hrt,bruno_senna,klien,-0.32822289658027637,0.24316750354973155,0.3664097945386298,0.5087594242158172,2010
2010-19,leafield,kovalainen,trulli,0.11721860902571313,0.25692741369194677,0.3877589539071561,0.3448692241460163,2010
2010-19,mclaren,button,hamilton,-0.5956682154469237,0.24316750354973155,0.22004007898684422,0.3992061389378765,2010
2010-19,red_bull,vettel,webber,-0.003061255924052042,0.24316750354973155,0.384791772261841,0.38597152319265166,2010
2010-19,williams,barrichello,hulkenberg,0.3766602454281863,0.24316750354973155,0.41163817519036466,0.2824451867358519,2010
2011-01,banbury,ambrosio,glock,-0.3073026813336226,0.24609769846447194,1.1872002788371843,1.6142985204185707,2011
2011-01,enstone,heidfeld,petrov,0.8258521485767918,0.22982713682355446,0.8947598270791555,0.3917810681106335,2011
2011-01,faenza,alguersuari,buemi,-0.335138996785747,0.23209193580705614,0.680177088619257,0.9509791951492541,2011
2011-01,ferrari,alonso,massa,-0.17868731676987348,0.23323807579381203,0.4170906960019878,0.4986931672460647,2011
2011-01,hinwil,kobayashi,perez,-0.6519388256966485,0.22658118046084794,0.8605141235334858,1.6515489009015982,2011
2011-01,leafield,kovalainen,trulli,-1.454901196398365,0.34331715172223287,0.24236789272174464,1.0383186342701527,2011
2011-01,mclaren,button,hamilton,-0.4513456929016996,0.23098451496549754,0.4552320557548394,0.7149073790325612,2011
2011-01,red_bull,vettel,webber,0.251893863746788,0.23098451496549754,0.7027536079859407,0.5462695198893962,2011
2011-01,silverstone,resta,sutil,0.7688050356227164,0.23094010767585033,1.0448585203937852,0.4843615986528595,2011
2011-03,banbury,ambrosio,glock,0.1502842404964504,0.2406211768000433,0.5852413524029325,0.5035787423306097,2011
2011-03,brackley,michael_schumacher,rosberg,-0.4430512761016607,0.23804761428476168,0.485751944585848,0.7565354310438538,2011
2011-03,enstone,heidfeld,petrov,-0.2334161471490679,0.23323807579381203,0.5705500079192289,0.7205515561197458,2011
2011-03,ferrari,alonso,massa,-0.38306612421014313,0.23323807579381203,0.43445060413896586,0.6372412919245534,2011
2011-03,hinwil,kobayashi,perez,-0.6285118414186439,0.23962934340815237,0.5358294047167902,1.0045828674276815,2011
2011-03,hrt,karthikeyan,liuzzi,-0.24370636960950576,0.2382545222893038,0.7779865233314412,0.9926871623338323,2011
2011-03,leafield,kovalainen,trulli,-0.22146191995486114,0.2356060357495806,0.5555261580111298,0.6932409410556786,2011
2011-03,mclaren,button,hamilton,-0.26115884081202806,0.23804761428476168,0.512111298607478,0.6649426672786822,2011
2011-03,red_bull,vettel,webber,-0.8512622722048936,0.23565511522844848,0.5002109278214388,1.1717951138422968,2011
2011-03,silverstone,resta,sutil,0.03561979184845199,0.2369307287220591,0.48679878187910575,0.46976429408315734,2011
2011-03,williams,barrichello,maldonado,-0.22846551990318856,0.2369307287220591,0.6470818359350597,0.8131684564762817,2011
2011-04,brackley,michael_schumacher,rosberg,-0.037573278483601535,0.23804761428476168,0.6093678191624207,0.6326993420397008,2011
2011-04,enstone,heidfeld,petrov,-0.1804423956991828,0.23804761428476168,0.5703178186350486,0.6830965270974453,2011
2011-04,faenza,alguersuari,buemi,0.5506880595334904,0.2369307287220591,1.0330940181058805,0.5956334255679805,2011
2011-04,ferrari,alonso,massa,-0.1569008985943704,0.23804761428476168,0.3189403102288864,0.37312178533830415,2011
2011-04,hinwil,kobayashi,perez,0.3019627896104665,0.23565511522844848,0.6074127291600481,0.4491000626438187,2011
2011-04,hrt,karthikeyan,liuzzi,-0.14845503623958378,0.24463291095405962,0.7730523467372815,0.8967721365985079,2011
2011-04,leafield,kovalainen,trulli,0.027977155873435466,0.2368299714439658,0.7305326651576461,0.7103776929401765,2011
2011-04,mclaren,button,hamilton,0.04612668889261662,0.23565511522844848,0.4914622509780248,0.4693076126885999,2011
2011-04,red_bull,vettel,webber,-0.03593417748230898,0.23804761428476168,0.28473996729770534,0.29515792315176714,2011
2011-04,silverstone,resta,sutil,-0.38994386773355083,0.2602981022612657,0.4051524401867423,0.5983687840117883,2011
2011-04,williams,barrichello,maldonado,-0.17369926274147574,0.2380992907456515,0.5573053462223521,0.6630249028557832,2011
2011-05,banbury,ambrosio,glock,-0.023721895804791907,0.22341096193440893,1.10644288883792,1.133003601462446,2011
2011-05,brackley,michael_schumacher,rosberg,-0.457018760497101,0.21844747250910007,0.4716152540172962,0.7448495665392104,2011
2011-05,enstone,heidfeld,petrov,0.862718483114472,0.21844747250910007,1.7836906311232383,0.7527411436309498,2011
2011-05,faenza,alguersuari,buemi,0.056323358195372306,0.2214606834361174,0.9079608545152639,0.8582349596193359,2011
2011-05,ferrari,alonso,massa,0.3783043313978729,0.23165371341733051,1.190057291855373,0.8152154205151563,2011
2011-05,hinwil,kobayashi,perez,0.07062681784014416,0.21750385050586113,1.3374602493370873,1.2462582490688536,2011
2011-05,hrt,karthikeyan,liuzzi,1.2904963858185416,0.3023715784073818,1.178650962190347,0.3242871618447438,2011
2011-05,leafield,kovalainen,trulli,-0.19900747643385397,0.24706774585621458,1.0994427817358121,1.3415302846377701,2011
2011-05,mclaren,button,hamilton,-0.3001434677606455,0.2184810979187519,0.532266556743107,0.718587786383383,2011
2011-05,red_bull,vettel,webber,-0.05728032531569238,0.2203892660077359,0.4963282005239845,0.5255880483344079,2011
2011-05,silverstone,resta,sutil,-0.018467401605956286,0.21844747250910007,1.0048317152805322,1.0235607521519337,2011
2011-05,williams,barrichello,maldonado,0.49561092724803024,0.22341096193440893,1.0628544333117464,0.6474894514325188,2011
2011-06,banbury,ambrosio,glock,0.76530203322003,0.2873651173066725,0.924652013660819,0.43014201949925646,2011
2011-06,brackley,michael_schumacher,rosberg,-0.5692047481563718,0.27974926116579296,0.6562803543601703,1.1595564209730371,2011
2011-06,enstone,heidfeld,petrov,0.09026396225716485,0.21520821154076422,0.8583650031807039,0.7842794972407804,2011
2011-06,faenza,alguersuari,buemi,-0.03380465665423393,0.2212730183142079,0.7441086815592859,0.7696930185782073,2011
2011-06,ferrari,alonso,massa,-0.053631331084555534,0.2724760102810155,0.6342306976737887,0.6691739864793466,2011
2011-06,hrt,karthikeyan,liuzzi,0.16720546529814573,0.22271533852861397,1.732886547803639,1.466066666470307,2011
2011-06,leafield,kovalainen,trulli,-0.2116167748479376,0.21844747250910007,0.8155507155394438,1.0077550211074686,2011
2011-06,mclaren,button,hamilton,-0.6139188171534311,0.21474389986385092,0.8684094482358179,1.604523545566739,2011
2011-06,red_bull,vettel,webber,-0.8159529956364853,0.21119221230347113,0.5390327628498481,1.2189307868097345,2011
2011-06,silverstone,resta,sutil,0.5245945436103299,0.21318290435705348,1.21442351809313,0.7186900851619291,2011
2011-06,williams,barrichello,maldonado,-0.21092179315393536,0.21499115832210874,0.7968823241852323,0.9840028688961757,2011
2011-08,banbury,ambrosio,glock,-0.1658270944481689,0.2356060357495806,0.6325778322868197,0.7466752580846311,2011
2011-08,brackley,michael_schumacher,rosberg,-0.08087830539290997,0.2356060357495806,0.5168144407893848,0.5603503427531957,2011
2011-08,enstone,heidfeld,petrov,-1.0096162824590382,0.23804761428476168,0.38949240876118735,1.0689804875641187,2011
2011-08,faenza,alguersuari,buemi,0.3031504189751891,0.23565511522844848,0.6592224388926713,0.48682786401714606,2011
2011-08,ferrari,alonso,massa,-0.11186257674146627,0.2356060357495806,0.48305901172651194,0.5402334713211621,2011
2011-08,hinwil,kobayashi,perez,-0.6028018123915773,0.23098451496549754,0.8613615471127148,1.5739066882515107,2011
2011-08,hrt,karthikeyan,liuzzi,0.4147411769050885,0.24451470224411165,1.0107091379146693,0.667584719826346,2011
2011-08,leafield,kovalainen,trulli,-0.7117558195625042,0.2380992907456515,0.6593393945538488,1.343447346489134,2011
2011-08,mclaren,button,hamilton,-0.20333979579673678,0.2356060357495806,0.5599935707927494,0.6862658566132783,2011
2011-08,red_bull,vettel,webber,-0.3242179018206366,0.2356060357495806,0.4409342960924745,0.6097894768703805,2011
2011-08,silverstone,resta,sutil,0.2362291202356327,0.23804761428476168,0.5015375385293835,0.39601390998658226,2011
2011-08,williams,barrichello,maldonado,-0.618344507849931,0.23804761428476168,0.4122606572665551,0.7650952381723963,2011
2011-09,banbury,ambrosio,glock,-0.28026695639405086,0.284977404739606,1.1079614626624184,1.466368246302779,2011
2011-09,brackley,michael_schumacher,rosberg,-0.051534323529676324,0.27888667551135854,0.770334842194181,0.8110742502299602,2011
2011-09,enstone,heidfeld,petrov,-0.08898640631462695,0.2748737083745107,0.7061983200313358,0.7719212298307518,2011
2011-09,ferrari,alonso,massa,0.533508288566753,0.284977404739606,1.2649871859052317,0.7419701274268357,2011
2011-09,hrt,liuzzi,ricciardo,-0.2818286715722962,0.29211869733608864,1.4769281105932313,1.9577444139676163,2011
2011-09,mclaren,button,hamilton,-0.3997522733038864,0.3236694374850749,0.7577069754242336,1.1300859923650122,2011
2011-09,red_bull,vettel,webber,0.11549051456865791,0.284977404739606,0.801627272548746,0.7141930027765407,2011
2011-09,silverstone,resta,sutil,0.30702307590537237,0.284977404739606,0.9533997930219136,0.701352946100469,2011
2011-09,williams,barrichello,maldonado,0.4174417814293448,0.2829651287160029,0.9474568187270338,0.6241180795937449,2011
2011-11,banbury,ambrosio,glock,0.06806241271084923,0.25299972205063104,1.6221405581899473,1.5154072224789708,2011
2011-11,faenza,alguersuari,buemi,-0.31214300502791886,0.2356060357495806,1.282159214386949,1.751878337443792,2011
2011-11,ferrari,alonso,massa,0.3860583912899324,0.2368299714439658,1.4641184425054237,0.995206450235154,2011
2011-11,hinwil,kobayashi,perez,-0.4165732362399658,0.24339766687958259,1.0930729112422521,1.6579238895092387,2011
2011-11,hrt,liuzzi,ricciardo,-0.21394560128558818,0.25647784656941774,1.2143218387374342,1.504004721521926,2011
2011-11,mclaren,button,hamilton,-0.059445895741502885,0.24254464944983675,0.9063034309011011,0.9618130128232172,2011
2011-11,red_bull,vettel,webber,-0.2503883318623811,0.2369307287220591,0.8395473092749278,1.078418786693541,2011
2011-11,silverstone,resta,sutil,-0.599567380057805,0.23941662313239798,0.7784397050843089,1.4177961220316986,2011
2011-11,williams,barrichello,maldonado,-0.4842523961191014,0.24863262420322443,0.8614416011285335,1.398086314576429,2011
2011-13,faenza,alguersuari,buemi,0.2802405518365706,0.25150708529480514,0.4861887301587736,0.36736515654022933,2011
2011-13,ferrari,alonso,massa,-0.30809080777766573,0.25007398482416177,0.2992492421021119,0.4072257172504767,2011
2011-13,leafield,kovalainen,trulli,-0.8604954758091494,0.2544836041121407,0.30576961055640023,0.7229408359672939,2011
2011-13,mclaren,button,hamilton,-0.2762246130868524,0.24863262420322443,0.3347240854054965,0.44121451241469173,2011
2011-13,williams,barrichello,maldonado,0.8342071141281496,0.24869686206095648,0.7749276508898916,0.3364880235361677,2011
2011-14,brackley,michael_schumacher,rosberg,0.3498515932327283,0.3094432129499956,0.8269170077778415,0.582805052362955,2011
2011-14,enstone,bruno_senna,petrov,-0.5200451860914164,0.2406211768000433,1.0211535423925941,1.7176861066602027,2011
2011-14,faenza,alguersuari,buemi,0.3326456354035806,0.24850573844645182,1.1359290495806913,0.814488660227052,2011
2011-14,ferrari,alonso,massa,-0.17875378283635543,0.2406211768000433,0.6654033369175433,0.7956402697824194,2011
2011-14,hinwil,kobayashi,perez,0.28272741970655224,0.23713262967793156,0.7717308554472192,0.581673001471625,2011
2011-14,hrt,liuzzi,ricciardo,-0.2969958691620009,0.25299972205063104,1.1018596314950124,1.4828934243050729,2011
2011-14,leafield,kovalainen,trulli,-0.18696962273392834,0.2736759958868108,0.9948711411495738,1.1994073576088515,2011
2011-14,mclaren,button,hamilton,-0.06832909754809657,0.2382545222893038,0.677596649078551,0.7255146721306585,2011
2011-14,red_bull,vettel,webber,-0.6313627916668474,0.23323807579381203,0.5326977911996181,1.0015630003882814,2011
2011-14,silverstone,resta,sutil,0.12057745668560049,0.22982713682355446,0.503382727858297,0.4462026916916503,2011
2011-14,williams,barrichello,maldonado,0.2247142310980179,0.23580253789862532,0.7335838598935231,0.5859460311760046,2011
2011-15,banbury,ambrosio,glock,-0.4352559798972279,0.26763510911042976,0.4426588130094201,0.6840665987063743,2011
2011-15,brackley,michael_schumacher,rosberg,-0.42710059856415705,0.2544836041121407,0.6235409533229374,0.9557678458412341,2011
2011-15,enstone,bruno_senna,petrov,0.2837764100983184,0.2544836041121407,1.0769617492018475,0.8108821672201547,2011
2011-15,ferrari,alonso,massa,-1.0774801529647922,0.260768096208106,0.26622830329416275,0.7819840756296051,2011
2011-15,hinwil,kobayashi,perez,-0.3017039429994584,0.2515751245454194,0.5547973836800025,0.7501753023159689,2011
2011-15,hrt,liuzzi,ricciardo,0.5470194579728982,0.26934407444933195,1.1843080648531037,0.6853259150721137,2011
2011-15,leafield,kovalainen,trulli,-0.2949585728634797,0.25764501233470904,0.3796202439343566,0.5098568335729822,2011
2011-15,mclaren,button,hamilton,-0.07817432482867553,0.260768096208106,0.5689200996206089,0.6151796424116005,2011
2011-15,red_bull,vettel,webber,-0.4949914550707004,0.260768096208106,0.301271562903598,0.4942312452322245,2011
2011-15,silverstone,resta,sutil,0.6562106511834433,0.2560306311523476,0.6498176891942518,0.33713424164741657,2011
2011-15,williams,barrichello,maldonado,-0.48065888859169575,0.2544836041121407,0.47028851809704003,0.7605221700753686,2011
2011-16,banbury,ambrosio,glock,-0.42935254757979724,0.24863262420322443,0.3524191813650841,0.5414083883226236,2011
2011-16,faenza,alguersuari,buemi,-0.08873222394694447,0.24737244059928853,0.4431261259517535,0.4842429105727434,2011
2011-16,ferrari,alonso,massa,0.35249342553268426,0.24863262420322443,0.4253993130668401,0.2990272966712618,2011
2011-16,hinwil,kobayashi,perez,0.09475918913762738,0.2561794429237916,0.5940432410649358,0.5403369486690428,2011
2011-16,hrt,liuzzi,ricciardo,0.5342701037838513,0.2531399269503094,0.8707231701464242,0.5103281716685628,2011
2011-16,leafield,kovalainen,trulli,0.03454157561472404,0.2544836041121407,0.48535843369467624,0.46887962899687646,2011
2011-16,mclaren,button,hamilton,0.2224656255174905,0.24863262420322443,0.4272185017921844,0.3420065779430687,2011
2011-16,red_bull,vettel,webber,-0.5479527291772974,0.2472474734578963,0.37158630830807443,0.6427358879681777,2011
2011-16,silverstone,resta,sutil,0.30680531404603706,0.2472474734578963,0.48837365496937446,0.35934232483923656,2011
2011-16,williams,barrichello,maldonado,-0.5760376659956266,0.3273888552353298,0.3804767859104466,0.6768589002100339,2011
2011-17,brackley,michael_schumacher,rosberg,0.4168463553158318,0.22443344307471286,0.5723796326591696,0.3772681128595734,2011
2011-17,enstone,bruno_senna,petrov,0.2519182339900644,0.22654084558194165,0.8496134748196503,0.6604115997098795,2011
2011-17,faenza,alguersuari,buemi,-0.18918277799034605,0.318144515769243,0.5958246877863325,0.7199121954259278,2011
2011-17,ferrari,alonso,massa,-0.4334200060044646,0.27837542544714233,0.5451203558566142,0.8408612067152252,2011
2011-17,hrt,karthikeyan,ricciardo,0.29739398444137266,0.23209193580705614,0.8017278387454404,0.5954844123074203,2011
2011-17,leafield,kovalainen,trulli,-0.7498674599875792,0.2321830058265731,0.7415607792425131,1.5696761232950844,2011
2011-17,mclaren,button,hamilton,-0.4204711406756041,0.22658118046084794,0.45418407426853447,0.6915764532645882,2011
2011-17,red_bull,vettel,webber,-0.35669918895368125,0.22443344307471286,0.4464717368013758,0.637832230923618,2011
2011-17,silverstone,resta,sutil,0.09869674405483586,0.2287510525115835,0.5084198215777264,0.46063721580399736,2011
2011-18,brackley,michael_schumacher,rosberg,0.4982343014708561,0.2356060357495806,0.5401851175482625,0.328217858162913,2011
2011-18,enstone,bruno_senna,petrov,0.2473707553213489,0.23931047521180365,1.0933173472513376,0.8537180916732882,2011
2011-18,faenza,alguersuari,buemi,0.9979368209252422,0.3449637662132068,1.21312979185089,0.4472072273270186,2011
2011-18,ferrari,alonso,massa,0.12560230394866662,0.2356060357495806,0.6731767214925277,0.5937186647997045,2011
2011-18,hinwil,kobayashi,perez,-0.3939018032212518,0.23804761428476168,0.6953515025814623,1.0310358753270337,2011
2011-18,hrt,liuzzi,ricciardo,0.455914795481856,0.2520804945350331,0.9259620455308406,0.5869375646874362,2011
2011-18,leafield,kovalainen,trulli,-0.6777711724101945,0.23931047521180365,0.6089284247776799,1.1992743015245924,2011
2011-18,mclaren,button,hamilton,-0.2881004677456902,0.2356060357495806,0.3809002740802385,0.5080795657415857,2011
2011-18,silverstone,resta,sutil,0.8817949295758557,0.23328473740792174,1.2920760766057813,0.5349699814352442,2011
2011-18,williams,barrichello,maldonado,-0.5834316835368588,0.23804761428476168,0.6368815958660701,1.1414052344355705,2011
2012-01,banbury,glock,pic,-0.25386041034978457,0.25564563574509713,1.0676928739382794,1.376247425393268,2012
2012-01,faenza,ricciardo,vergne,-0.21869179075291625,0.24056670681025652,0.7365227660225501,0.9165640380871708,2012
2012-01,ferrari,alonso,massa,-0.343207072139429,0.2684496552266446,0.5941749993583025,0.8374662461871222,2012
2012-01,hinwil,kobayashi,perez,-0.21574234670048945,0.23931047521180365,0.63694232253471,0.7903069803483231,2012
2012-01,leafield,kovalainen,petrov,-0.12463045276501106,0.3064388387668278,0.6598854792159877,0.7474719327432814,2012
2012-01,mclaren,button,hamilton,-0.2029724731689766,0.24056670681025652,0.5016190551500698,0.6145027784657136,2012
2012-01,red_bull,vettel,webber,-0.6636285530109419,0.23804761428476168,0.3485628050978072,0.6768481723934529,2012
2012-01,williams,bruno_senna,maldonado,-0.14291493918848663,0.260768096208106,0.5056155972097824,0.583294165102823,2012
2012-03,banbury,glock,pic,-0.27310052523916795,0.2380992907456515,0.2955260937045699,0.38833084195925877,2012
2012-03,enstone,grosjean,raikkonen,-0.1655880588940999,0.23323807579381203,0.509595551530046,0.6013670220664498,2012
2012-03,faenza,ricciardo,vergne,0.22091343560708737,0.23565511522844848,0.6187499179997085,0.49610507336435167,2012
2012-03,ferrari,alonso,massa,0.7547184787139176,0.23565511522844848,0.6104811232868699,0.2870133970456639,2012
2012-03,hinwil,kobayashi,perez,-0.34363639739508967,0.23565511522844848,0.33930692458833717,0.4784451031876032,2012
2012-03,hrt,karthikeyan,rosa,0.8319395228863455,0.2368299714439658,0.9189177502536369,0.3999170282770261,2012
2012-03,leafield,kovalainen,petrov,0.5283275113263566,0.24078480903711214,0.6366542961169616,0.37536515193001124,2012
2012-03,mclaren,button,hamilton,-0.07981665688453421,0.23804761428476168,0.41100876756062205,0.4451588583050885,2012
2012-03,red_bull,vettel,webber,0.2028989140700037,0.23565511522844848,0.528206870715891,0.4312073623310916,2012
2012-03,silverstone,hulkenberg,resta,0.4235071271950438,0.23323807579381203,0.4307676091339065,0.2820435883326157,2012
2012-03,williams,bruno_senna,maldonado,-0.5056246083140354,0.23323807579381203,0.32256921596727106,0.5348264729600632,2012
2012-04,banbury,glock,pic,0.45904434246939624,0.323251799327276,0.7768216890995358,0.4908637013193311,2012
2012-04,brackley,michael_schumacher,rosberg,0.40119867920413244,0.2356060357495806,0.35122213613987074,0.2351492010064502,2012
2012-04,enstone,grosjean,raikkonen,0.0590567329480467,0.2356060357495806,0.4179435562938828,0.3939758675973639,2012
2012-04,faenza,ricciardo,vergne,0.254737344697727,0.2368299714439658,0.6294169858676283,0.4878737322411782,2012
2012-04,ferrari,alonso,massa,-0.17469213892003777,0.2356060357495806,0.2652485935270543,0.3158791216425241,2012
2012-04,hinwil,kobayashi,perez,0.10311042900424883,0.2356060357495806,0.43217562237795837,0.38983423484492535,2012
2012-04,hrt,karthikeyan,rosa,-0.28158985190648134,0.2432249831637124,0.5402484580720566,0.7159562009189274,2012
2012-04,leafield,kovalainen,petrov,-0.286773257445744,0.23931047521180365,0.27452115147889666,0.36569570116302536,2012
2012-04,mclaren,button,hamilton,0.5932040396297089,0.24078480903711214,0.555813045872016,0.30711674422355706,2012
2012-04,red_bull,vettel,webber,-0.1573334887692578,0.2356060357495806,0.34825507701071284,0.40759281758570465,2012
2012-04,silverstone,hulkenberg,resta,0.11840417546468962,0.23328473740792174,0.3596710193561427,0.319509051321724,2012
2012-04,williams,bruno_senna,maldonado,-0.49231938316012636,0.3201375302545954,0.29624985947612326,0.48469634460793387,2012
2012-05,banbury,glock,pic,-0.018425945006037114,0.2767551383324375,0.3335248621623664,0.3397273407095743,2012
2012-05,enstone,grosjean,raikkonen,0.7348086914050147,0.2165561168014839,0.6622252844136709,0.3176013930122469,2012
2012-05,faenza,ricciardo,vergne,-0.27583704441576457,0.21844747250910007,0.5179638278461234,0.6824863001546041,2012
2012-05,ferrari,alonso,massa,-0.43803952679949754,0.2184810979187519,0.3840404634955312,0.5951345101778924,2012
2012-05,hinwil,kobayashi,perez,0.11206085140218114,0.2622624814863962,0.4660663446551723,0.41665858402263384,2012
2012-05,hrt,karthikeyan,rosa,-0.2579676822156073,0.34106750655135304,0.5332768946931823,0.6902186791778685,2012
2012-05,leafield,kovalainen,petrov,-0.20128637844456287,0.21844747250910007,0.4669279162745278,0.5710411475546509,2012
2012-05,mclaren,button,hamilton,0.172215792866159,0.21474389986385092,0.6210679143368001,0.5228134174152861,2012
2012-05,red_bull,vettel,webber,0.020869103252048438,0.21942051729161818,0.6641195999286588,0.6504036371416313,2012
2012-05,silverstone,hulkenberg,resta,-0.08509891620506882,0.21844747250910007,0.44692827671284974,0.48662657532090053,2012
2012-07,banbury,glock,pic,-0.1567881759895187,0.2234292615586305,0.8013880069244862,0.9374218636435053,2012
2012-07,brackley,michael_schumacher,rosberg,-0.4152507217543908,0.2408459191199983,0.3550617401485114,0.5378299391830663,2012
2012-07,enstone,grosjean,raikkonen,0.7439417318728613,0.20300768756902093,0.6540023893779822,0.3108061086995561,2012
2012-07,faenza,ricciardo,vergne,0.12776424268353803,0.20948122482579365,0.5049327222585012,0.44437151340690917,2012
2012-07,ferrari,alonso,massa,-0.07835040294543705,0.20541022903780182,0.6609674908125486,0.7148373682015469,2012
2012-07,hinwil,kobayashi,perez,-0.0034543783088455404,0.20300768756902093,0.5111388941906886,0.5129076144552417,2012
2012-07,hrt,karthikeyan,rosa,0.8283730238836771,0.3788872596902086,0.6845255939515796,0.2989729230327934,2012
2012-07,leafield,kovalainen,petrov,-0.41197284091858,0.2077849926597279,0.5716250266941465,0.8630357103947361,2012
2012-07,mclaren,button,hamilton,-0.13622962566805463,0.20867458390329455,0.41044311613802487,0.4703452374501335,2012
2012-07,red_bull,vettel,webber,0.2980925404962401,0.20615528128088303,0.5765657827145071,0.42794594879877085,2012
2012-07,silverstone,hulkenberg,resta,0.5751676433446523,0.20615528128088303,0.5696257392221087,0.32047744644338705,2012
2012-07,williams,bruno_senna,maldonado,0.8762487988074833,0.20378699057873526,0.6541567045279951,0.272352758780115,2012
2012-08,brackley,michael_schumacher,rosberg,-0.32257479507650544,0.24863262420322443,0.5343415065544872,0.7377536453699913,2012
2012-08,enstone,grosjean,raikkonen,-0.03521198761917804,0.28272882371925706,0.6722659729345218,0.69635949507214,2012
2012-08,faenza,ricciardo,vergne,-0.4377802798147268,0.31563888698438947,0.33558684308835873,0.5199127710339406,2012
2012-08,ferrari,alonso,massa,-0.3027089416946248,0.25047145366013557,0.5650022940380308,0.7647421613879373,2012
2012-08,hinwil,kobayashi,perez,-0.4975507933426073,0.3045115313535314,0.5741267334288143,0.9442594365462211,2012
2012-08,hrt,karthikeyan,rosa,0.6193233115616925,0.24869686206095648,0.8066878801427243,0.4342470085278555,2012
2012-08,leafield,kovalainen,petrov,0.05371438111846183,0.25020626411657765,0.6316213533281964,0.598589293286121,2012
2012-08,mclaren,button,hamilton,-0.4973214916410079,0.2515751245454194,0.2715550467095154,0.4465209683371329,2012
2012-08,red_bull,vettel,webber,-0.3142784980891774,0.29593201512468637,0.3916623079441179,0.5362918489965623,2012
2012-08,silverstone,hulkenberg,resta,-0.36189987912640437,0.24316750354973155,0.5168222813594492,0.7421853017091721,2012
2012-08,williams,bruno_senna,maldonado,-0.17026003788390465,0.2472474734578963,0.47955070930343985,0.5685616105282438,2012
2012-10,banbury,glock,pic,0.1786770971036341,0.21563655376511676,0.8841674762972281,0.7394963899651531,2012
2012-10,brackley,michael_schumacher,rosberg,0.23264421180621542,0.2147130525032287,0.5454072144978008,0.4322000183024131,2012
2012-10,enstone,grosjean,raikkonen,0.830864210466699,0.21294583683378326,0.7833904206547992,0.3413017498041797,2012
2012-10,faenza,ricciardo,vergne,0.7971640643647351,0.21294583683378326,0.6389390476729555,0.28790915559352376,2012
2012-10,ferrari,alonso,massa,-0.06454214995057195,0.21204185585369645,0.36230570206070073,0.38646081792291,2012
2012-10,hinwil,kobayashi,perez,-0.016228207933640326,0.21116383197514255,0.4838105432270916,0.49172597424016146,2012
2012-10,hrt,karthikeyan,rosa,0.16431770049003447,0.2165561168014839,0.8219480537947189,0.6974002534566702,2012
2012-10,leafield,kovalainen,petrov,0.5357061187119584,0.219489290375047,0.8359536360118359,0.4892467842890332,2012
2012-10,mclaren,button,hamilton,-0.010481375143692961,0.22916654247388588,0.3922494108304878,0.3963823456386974,2012
2012-10,red_bull,vettel,webber,-0.330927140496306,0.21116383197514255,0.28408890075479115,0.3955251440364617,2012
2012-10,silverstone,hulkenberg,resta,0.22449149058129725,0.21294583683378326,0.5126635065295069,0.40957834623083605,2012
2012-10,williams,bruno_senna,maldonado,0.2062893074410243,0.21563655376511676,0.6393832546750425,0.5202007213642726,2012
2012-11,banbury,glock,pic,0.05256975949701169,0.21294583683378326,1.1269395756711773,1.0692268946123316,2012
2012-11,brackley,michael_schumacher,rosberg,-0.41638670839516456,0.2196678589461104,0.364352507783387,0.5525304446896248,2012
2012-11,enstone,grosjean,raikkonen,0.32692500820430714,0.2077849926597279,0.5290515514336358,0.38151908269014073,2012
2012-11,faenza,ricciardo,vergne,-0.026569010340411037,0.21474389986385092,0.5292509590919617,0.5435011011127389,2012
2012-11,ferrari,alonso,massa,-0.04530929553149632,0.2077849926597279,0.3682920637795806,0.38536293189883336,2012
2012-11,hinwil,kobayashi,perez,-0.2630017475502172,0.20948122482579365,0.6791167996786275,0.8834148221213597,2012
2012-11,hrt,karthikeyan,rosa,0.21767877785969295,0.2258317958127243,1.2547504482208518,1.009300916091279,2012
2012-11,leafield,kovalainen,petrov,-0.6035712288111769,0.21381654314924695,0.5318169270969776,0.9725004487490404,2012
2012-11,mclaren,button,hamilton,0.007579321368771708,0.20948122482579365,0.4814850624906217,0.4778495273163888,2012
2012-11,red_bull,vettel,webber,0.7117917667459237,0.21116383197514255,0.6891054863007783,0.33818821618981654,2012
2012-11,silverstone,hulkenberg,resta,-0.5035282385523814,0.2077849926597279,0.32245779651893713,0.5335221044170292,2012
2012-11,williams,bruno_senna,maldonado,0.378667584041932,0.20948122482579365,0.3347346524117659,0.22921732054816563,2012
2012-12,banbury,glock,pic,-0.3892893986050734,0.2829651287160029,0.40449563861735593,0.5970079040311658,2012
2012-12,brackley,michael_schumacher,rosberg,-0.626265633499428,0.282842712474619,0.2483441066572732,0.4645554583529125,2012
2012-12,faenza,ricciardo,vergne,0.0802000428609363,0.282842712474619,0.4595418661573974,0.42412575668243246,2012
2012-12,hrt,karthikeyan,rosa,-0.41255152388006266,0.3358438157544996,0.28329224320576,0.4279603496131823,2012
2012-12,leafield,kovalainen,petrov,0.8006767534735797,0.2870962250261094,0.6047212072959856,0.27153492925256567,2012
2012-12,red_bull,vettel,webber,-0.057888920457039306,0.27888667551135854,0.4271618343231589,0.4526195218652773,2012
2012-12,silverstone,hulkenberg,resta,-0.026981066134386222,0.282842712474619,0.6236667196924415,0.6407229759895661,2012
2012-13,banbury,glock,pic,0.3317094951604682,0.24316750354973155,0.344462002768338,0.24721892805558765,2012
2012-13,brackley,michael_schumacher,rosberg,-0.5580707666024807,0.24056670681025652,0.303303626989756,0.5299619119130017,2012
2012-13,enstone,ambrosio,raikkonen,0.6607522759753456,0.2356060357495806,0.6155505691213294,0.3179088879008434,2012
2012-13,ferrari,alonso,massa,0.014558199718355258,0.2356060357495806,0.4019626796273791,0.3961532169221998,2012
2012-13,hinwil,kobayashi,perez,-0.5445902362787721,0.2356060357495806,0.2943729857269723,0.5074701332701567,2012
2012-13,hrt,karthikeyan,rosa,-0.3322617055718756,0.23804761428476168,0.49504715577626796,0.6901539770202368,2012
2012-13,leafield,kovalainen,petrov,0.024347219297463196,0.24316750354973155,0.2844004165971165,0.2775596717653207,2012
2012-13,mclaren,button,hamilton,-1.112223231735113,0.2829536964743678,0.14414207333235113,0.4383521861665297,2012
2012-13,red_bull,vettel,webber,0.522574866305556,0.25513529174541316,0.548923700400342,0.32550720165730807,2012
2012-13,silverstone,hulkenberg,resta,0.1474157805950176,0.24220692176299843,0.33334912729950933,0.2876586662155242,2012
2012-13,williams,bruno_senna,maldonado,0.15572180732930652,0.2380992907456515,0.42379676278536643,0.36268409727517514,2012
2012-14,banbury,glock,pic,0.12719920464473505,0.25455576733608154,0.6618708913251286,0.5828158697091024,2012
2012-14,brackley,michael_schumacher,rosberg,0.48058473102092936,0.2789366283463483,0.5384993264065587,0.33301965581330484,2012
2012-14,enstone,grosjean,raikkonen,-0.07808505235729002,0.25007398482416177,0.33530384452172146,0.36253541703220743,2012
2012-14,faenza,ricciardo,vergne,0.23314033669025086,0.2876652963972588,0.6767730647682814,0.5360329713494644,2012
2012-14,ferrari,alonso,massa,-0.525356185225369,0.25299972205063104,0.4887914945772192,0.8265762688483261,2012
2012-14,hinwil,kobayashi,perez,-0.3841950937670789,0.2547726259021776,0.6210207709997556,0.9119267079963325,2012
2012-14,hrt,karthikeyan,rosa,0.3964391678971968,0.305172794958215,0.9717442797282356,0.6537032584619521,2012
2012-14,leafield,kovalainen,petrov,-0.03892731363956875,0.264176974174909,0.878578347062467,0.9134534348310103,2012
2012-14,mclaren,button,hamilton,0.4342099480130236,0.3330301651638946,0.4045787627987218,0.2620765105074208,2012
2012-14,red_bull,vettel,webber,-0.5883863840561685,0.2515751245454194,0.47497388119335376,0.8554658716078865,2012
2012-14,silverstone,hulkenberg,resta,0.8374873554019094,0.2515751245454194,0.7900749001959286,0.3419417482973799,2012
2012-14,williams,bruno_senna,maldonado,0.4005492411471272,0.29352997130545444,0.5798378962616723,0.3884635465475902,2012
2012-15,banbury,glock,pic,-0.7301007223739087,0.2884731932377482,0.29326934555006434,0.608618830222491,2012
2012-15,enstone,grosjean,raikkonen,1.251270600844228,0.24869686206095648,0.9027019729214998,0.2583000405360458,2012
2012-15,faenza,ricciardo,vergne,-0.286824999945249,0.24585451886114368,0.5026596643034563,0.669638710789981,2012
2012-15,hrt,karthikeyan,rosa,0.4010205392765821,0.3000658689216413,0.6613755874612945,0.4428811059615094,2012
2012-15,leafield,kovalainen,petrov,-0.36109628303800323,0.2515751245454194,0.27779865595093134,0.3986137389337441,2012
2012-15,mclaren,button,hamilton,0.08190726364190226,0.24585451886114368,0.5796798623600372,0.5340923296942705,2012
2012-15,red_bull,vettel,webber,0.22693274617158588,0.2432249831637124,0.4798173584488954,0.38240214179471366,2012
2012-15,silverstone,hulkenberg,resta,-0.22366850862418874,0.24585451886114368,0.27640976399236794,0.3456936317646458,2012
2012-15,williams,bruno_senna,maldonado,0.600533242951147,0.24869686206095648,0.4955467131043924,0.27181681932477,2012
2012-16,banbury,glock,pic,0.05552165804802342,0.23931047521180365,0.8204229863194094,0.7761132002747752,2012
2012-16,enstone,grosjean,raikkonen,0.09325092603625773,0.2356060357495806,0.7264763357998012,0.6617944330095288,2012
2012-16,faenza,ricciardo,vergne,0.10512050498506353,0.2356060357495806,0.45828614977683474,0.4125565408903485,2012
2012-16,ferrari,alonso,massa,-0.4579837865616215,0.2356060357495806,0.41773420639574377,0.6603890605136096,2012
2012-16,leafield,kovalainen,petrov,-0.29481559597760293,0.23804761428476168,0.5025936909983533,0.674922364214527,2012
2012-16,red_bull,vettel,webber,0.2141906049077651,0.2356060357495806,0.5044862680865504,0.40721854855426665,2012
2012-16,silverstone,hulkenberg,resta,-0.3186924616563484,0.2356060357495806,0.4581896985596034,0.6301612562993492,2012
2012-16,williams,bruno_senna,maldonado,0.7592612081234547,0.23328473740792174,0.6769353973943482,0.31681393173572836,2012
2012-17,banbury,glock,pic,0.3547621488789248,0.22341096193440893,0.7192494020721443,0.5044385467827891,2012
2012-17,brackley,michael_schumacher,rosberg,0.21419584501074496,0.23069868768261392,0.5134537120388222,0.41445484833543617,2012
2012-17,enstone,grosjean,raikkonen,0.6035702198614711,0.2203892660077359,0.4303051665556368,0.23531485520414078,2012
2012-17,faenza,ricciardo,vergne,0.4618149053803963,0.22242054642253595,0.8456351997780552,0.5328676891161677,2012
2012-17,ferrari,alonso,massa,-0.5445924280762986,0.2203892660077359,0.26313261623878403,0.45361579689780135,2012
2012-17,hinwil,kobayashi,perez,0.7076844016127901,0.3390462814312833,1.0315194161262051,0.5083162300056834,2012
2012-17,hrt,karthikeyan,rosa,0.6989441688115301,0.2509242175696937,0.8741541121370869,0.43455065534212783,2012
2012-17,leafield,kovalainen,petrov,0.1855515973783839,0.22238377965702774,0.5611494202958829,0.4661165075222079,2012
2012-17,mclaren,button,hamilton,-0.14589552184163002,0.2203892660077359,0.28949189662048547,0.33496392099899047,2012
2012-17,red_bull,vettel,webber,0.6384811985195173,0.2203892660077359,0.490767611189935,0.259171374441823,2012
2012-17,silverstone,hulkenberg,resta,-0.37446691919522535,0.2203892660077359,0.30245308070618465,0.4398321071928738,2012
2012-17,williams,bruno_senna,maldonado,-0.3372744795966785,0.22348622249303166,0.45099718772380326,0.6319027991050907,2012
2012-18,banbury,glock,pic,0.4577601421459627,0.2919626093220932,0.36933740421043426,0.23367948604088115,2012
2012-18,enstone,grosjean,raikkonen,0.7359422391154817,0.29878385979131283,0.3849636006700873,0.1844183000017226,2012
2012-18,faenza,ricciardo,vergne,0.2461889091252113,0.26582187373503596,0.45424317366494005,0.35511574206827107,2012
2012-18,ferrari,alonso,massa,-0.07229156632726319,0.2640901167094099,0.27572487374033333,0.29639561544017223,2012
2012-18,hinwil,kobayashi,perez,-0.8318313616847336,0.26953584668754665,0.26034043546496555,0.5981380040920267,2012
2012-18,leafield,kovalainen,petrov,0.013442301380947486,0.26582187373503596,0.32879741831444187,0.3244071977656016,2012
2012-18,red_bull,vettel,webber,0.0046897885180683385,0.30255323752764823,0.47589641789686415,0.4736697896293217,2012
2012-18,williams,bruno_senna,maldonado,-0.17988254685017868,0.2640901167094099,0.5262260565880261,0.6299329799164284,2012
2012-19,banbury,glock,pic,-0.05963957005987175,0.23209193580705614,0.6036347240657239,0.6407304307224627,2012
2012-19,brackley,michael_schumacher,rosberg,0.05548479700605813,0.2321830058265731,0.5411884897823006,0.5119786019545176,2012
2012-19,enstone,grosjean,raikkonen,-0.2505568953584726,0.22982713682355446,0.5825271212059906,0.7483962919302622,2012
2012-19,ferrari,alonso,massa,-0.17568790260915412,0.22870874995874624,0.4485704859424529,0.5347256069133449,2012
2012-19,hinwil,kobayashi,perez,0.1584652799945025,0.22982713682355446,0.6572266616968981,0.5609118000304892,2012
2012-19,hrt,karthikeyan,rosa,-0.046864795090581696,0.23323807579381203,0.8293953503511583,0.8691899942320291,2012
2012-19,leafield,kovalainen,petrov,-0.14761564993665371,0.23094010767585033,0.6226664013379806,0.7217122790088639,2012
2012-19,mclaren,button,hamilton,0.21041857655067087,0.22870874995874624,0.5294770351118805,0.42900613376946495,2012
2012-19,silverstone,hulkenberg,resta,0.4875747023430699,0.2321830058265731,0.6578136394873755,0.4039725645815424,2012
2012-19,williams,bruno_senna,maldonado,-0.01076905862391797,0.22870874995874624,0.7068833617359088,0.7145369671943993,2012
2013-01,banbury,chilton,jules_bianchi,0.3787720431877862,0.2368299714439658,1.4231547659495745,0.9744364552879031,2013
2013-01,brackley,hamilton,rosberg,0.23081021441808092,0.3085449724108303,0.6621629638171643,0.5256846352263473,2013
2013-01,enstone,grosjean,raikkonen,0.27926856924610066,0.23098451496549754,0.8498017485433051,0.6427362902118468,2013
2013-01,faenza,ricciardo,vergne,0.5752220631922043,0.2665913872238477,1.0622757101698956,0.5976149910994298,2013
2013-01,ferrari,alonso,massa,0.7307682541085404,0.23323807579381203,1.0127408205526847,0.4876741044682854,2013
2013-01,leafield,garde,pic,0.2827956882391438,0.23565511522844848,1.061535186986211,0.8000512120781399,2013
2013-01,mclaren,button,perez,0.10460882966654267,0.23323807579381203,0.733258310726372,0.6604287281420357,2013
2013-01,red_bull,vettel,webber,-0.39648569096491243,0.23323807579381203,0.48077141542791485,0.714710539106533,2013
2013-01,silverstone,resta,sutil,-0.41343958497606476,0.22870874995874624,0.48025164286954186,0.7261450639600473,2013
2013-01,williams,bottas,maldonado,0.2181259771943141,0.3214197529654515,0.684175204585172,0.550093384977866,2013
2013-03,banbury,chilton,jules_bianchi,-0.004121409913058538,0.24056670681025652,0.47871946001458937,0.4806965305030768,2013
2013-03,brackley,hamilton,rosberg,1.0009701469093273,0.3449637662132068,0.6432212017433167,0.23639840378285204,2013
2013-03,enstone,grosjean,raikkonen,-0.21322178692685678,0.23804761428476168,0.4470865696301585,0.5533407691779566,2013
2013-03,faenza,ricciardo,vergne,-0.30100284039492264,0.23804761428476168,0.31575372669470153,0.4266505969897906,2013
2013-03,ferrari,alonso,massa,0.21734526731198978,0.23804761428476168,0.5564182618070648,0.4477231235482196,2013
2013-03,leafield,garde,pic,0.09249039518925295,0.24056670681025652,0.3870708363404453,0.3528762118300762,2013
2013-03,mclaren,button,perez,0.12044393438797457,0.23323807579381203,0.6422666264557029,0.5693865704312692,2013
2013-03,williams,bottas,maldonado,-0.016699859694712216,0.23804761428476168,0.42568445928063847,0.4328530204076006,2013
2013-04,banbury,chilton,jules_bianchi,0.10720975568559632,0.24316750354973155,0.5353973853837941,0.4809673997911221,2013
2013-04,brackley,hamilton,rosberg,0.0920935913827432,0.2380992907456515,0.6387021130317883,0.5825089659507622,2013
2013-04,enstone,grosjean,raikkonen,0.4742303532380798,0.23328473740792174,0.5232938973416699,0.32567921641616443,2013
2013-04,ferrari,alonso,massa,0.024838101233357612,0.23931047521180365,0.5046056757723356,0.49222660167565446,2013
2013-04,hinwil,gutierrez,hulkenberg,0.1343901653549502,0.2380992907456515,0.476099960379677,0.41622986494785863,2013
2013-04,leafield,garde,pic,0.2375183453102344,0.24486984361100395,0.6763091826704221,0.5333255346837121,2013
2013-04,mclaren,button,perez,-0.12031402100533622,0.2380992907456515,0.6017430272065337,0.678676453839176,2013
2013-04,red_bull,vettel,webber,0.10067106116951063,0.2356060357495806,0.5600031959556444,0.5063719253429688,2013
2013-04,silverstone,resta,sutil,-0.3986194539662905,0.23209193580705614,0.26999669540439425,0.40223205513249066,2013
2013-04,williams,bottas,maldonado,-0.1658307084116899,0.2356060357495806,0.27538973928744165,0.3250626836569698,2013
2013-05,banbury,chilton,jules_bianchi,-0.31568545284250177,0.22242054642253595,0.5567328986385792,0.7633915276710689,2013
2013-05,brackley,hamilton,rosberg,-0.41299188324874153,0.219489290375047,0.6680318803900391,1.0096184647376163,2013
2013-05,faenza,ricciardo,vergne,0.5110545676948139,0.24412920267568894,0.7950345914902537,0.47691155638904087,2013
2013-05,ferrari,alonso,massa,0.29071365991203557,0.2203892660077359,0.5874235259686921,0.4392340476092708,2013
2013-05,hinwil,gutierrez,hulkenberg,0.49571069652176963,0.2255684350283055,1.016115799383658,0.6189545845272719,2013
2013-05,leafield,garde,pic,0.11147116333900631,0.33841736921953885,0.6289220928616618,0.5625816206696537,2013
2013-05,mclaren,button,perez,-0.3223524117779495,0.2184810979187519,0.447023605723337,0.6170584883971432,2013
2013-05,red_bull,vettel,webber,0.2947821137570643,0.2203892660077359,0.6976496563370551,0.5195353934111925,2013
2013-05,silverstone,resta,sutil,-0.12095948229763676,0.22138876894049306,0.4231031514929429,0.4775054094620505,2013
2013-05,williams,bottas,maldonado,0.184635284863276,0.2225309562314816,0.8119346502468242,0.6750485215508946,2013
2013-06,banbury,chilton,jules_bianchi,0.18847531189012823,0.24795973359404444,1.0996329965097094,0.9107390854561433,2013
2013-06,brackley,hamilton,rosberg,-0.1795694891576345,0.2165561168014839,0.6213238893199398,0.7435395776527508,2013
2013-06,enstone,grosjean,raikkonen,0.03283561481244974,0.23398803938767798,1.0507326362727663,1.016791473132183,2013
2013-06,faenza,ricciardo,vergne,-0.009103735775223262,0.2371510099151159,0.888853049086535,0.8969818776002156,2013
2013-06,ferrari,alonso,massa,0.5630621592719266,0.2845213189769458,0.9920007292647737,0.564907320489031,2013
2013-06,hinwil,gutierrez,hulkenberg,0.48375154771869766,0.2203892660077359,1.1351612089687027,0.6997886818838936,2013
2013-06,mclaren,button,perez,0.6882274950617622,0.22812456318101876,1.082544119116608,0.5439415089017737,2013
2013-06,red_bull,vettel,webber,0.011228253846111896,0.2184810979187519,0.8121323260411099,0.8030645013142588,2013
2013-06,silverstone,resta,sutil,0.014542946626010134,0.2184810979187519,1.1239531305490185,1.1077258225996416,2013
2013-06,williams,bottas,maldonado,0.2723734705229732,0.2652259934210953,0.8707446123866485,0.6631327864665096,2013
2013-08,banbury,chilton,jules_bianchi,0.906128529263367,0.29154759474226505,0.7805029666969858,0.31539001370374903,2013
2013-08,brackley,hamilton,rosberg,-0.21153251951251895,0.282842712474619,0.4586688960345885,0.5667175944328218,2013
2013-08,enstone,grosjean,raikkonen,0.7199214353768925,0.28960484758017346,1.0958269460559051,0.5334381458550645,2013
2013-08,faenza,ricciardo,vergne,-0.7410003246690292,0.3286335345030997,0.4347062658590595,0.9120281691055127,2013
2013-08,ferrari,alonso,massa,-0.05379769142420121,0.2870962250261094,0.5401222231513961,0.5699753672483012,2013
2013-08,hinwil,gutierrez,hulkenberg,0.18960515090985192,0.29636688973860315,0.8911297900001518,0.7372189521413551,2013
2013-08,leafield,garde,pic,0.43307482509254513,0.28960484758017346,0.4573192927722339,0.2965770331980504,2013
2013-08,mclaren,button,perez,0.5698474088891301,0.2947822106643105,0.6763148804303639,0.3825316359284599,2013
2013-08,red_bull,vettel,webber,-0.8442511483553357,0.30061665018819295,0.3779747223042561,0.879258087531529,2013
2013-08,silverstone,resta,sutil,0.0025474497681716723,0.282842712474619,0.5537982216641167,0.5523892439246958,2013
2013-08,williams,bottas,maldonado,0.10557485208544848,0.27877282097486783,0.5584202531370055,0.502470518544776,2013
2013-09,brackley,hamilton,rosberg,0.3289581230997669,0.2432249831637124,0.7363780945522462,0.5299515456933741,2013
2013-09,enstone,grosjean,raikkonen,-0.2162911602521489,0.24056670681025652,0.4877530291820214,0.6055277248235322,2013
2013-09,faenza,ricciardo,vergne,-0.2468963266044466,0.3394439898160258,0.3311374085847202,0.42387124748017935,2013
2013-09,hinwil,gutierrez,hulkenberg,-0.28616511401006317,0.24585451886114368,0.41230556618530895,0.5489074532366263,2013
2013-09,leafield,garde,pic,-0.17864701418177087,0.2459152461731384,0.48119471724114427,0.575315749657677,2013
2013-09,mclaren,button,perez,-0.4132577713235833,0.2380992907456515,0.29885364036003725,0.45178740566949077,2013
2013-09,red_bull,vettel,webber,-0.5830704546796855,0.24187060095032284,0.40267188934303566,0.7213990954916129,2013
2013-09,silverstone,resta,sutil,-0.030220057091181474,0.2380992907456515,0.3978740751751267,0.4100813760931501,2013
2013-09,williams,bottas,maldonado,-0.11843647890546483,0.24187060095032284,0.41426938253489165,0.46635769409571204,2013
2013-10,banbury,chilton,jules_bianchi,0.6154647231285287,0.2147130525032287,1.4697187779940704,0.7942208973911784,2013
2013-10,brackley,hamilton,rosberg,-0.49414359150727494,0.2170729579108207,0.3991255246998212,0.6542042144107767,2013
2013-10,enstone,grosjean,raikkonen,0.33331903986040595,0.2095630374533321,0.7075185611736872,0.5069664481524783,2013
2013-10,faenza,ricciardo,vergne,0.307711532003741,0.20948122482579365,0.5880493251474709,0.43229114097044646,2013
2013-10,ferrari,alonso,massa,-0.5041980432249402,0.20945397523545714,0.39167302319657943,0.6484762696693918,2013
2013-10,hinwil,gutierrez,hulkenberg,-0.4705389255972073,0.2900228676939026,0.44375484080109745,0.71038791157906,2013
2013-10,leafield,garde,pic,-0.2653482071711376,0.21119221230347113,0.5915782475400798,0.7713499552693224,2013
2013-10,mclaren,button,perez,-0.09489943796988282,0.2069717410355858,0.656699503688152,0.7220728076289825,2013
2013-10,red_bull,vettel,webber,0.19078480672156645,0.20945397523545714,0.6891679726915759,0.5694666531621284,2013
2013-10,silverstone,resta,sutil,-0.22208461100802368,0.3396968345362367,0.4346300463755297,0.54271255337793,2013
2013-10,williams,bottas,maldonado,-0.1222562392467913,0.2520063554344103,0.5019302300525289,0.567203057274282,2013
2013-11,banbury,chilton,jules_bianchi,-0.179132744152254,0.27705009791869184,0.5501967830408669,0.6581341235493758,2013
2013-11,brackley,hamilton,rosberg,0.3813494397908951,0.26754242162397546,0.5412711501197522,0.3696552872130873,2013
2013-11,enstone,grosjean,raikkonen,0.02021323087460014,0.32492914207319273,0.48224254853088067,0.47259272417758547,2013
2013-11,faenza,ricciardo,vergne,0.6651713801562178,0.26754242162397546,0.6282617874067122,0.3230430378222918,2013
2013-11,ferrari,alonso,massa,0.20458554528882467,0.26754242162397546,0.43627283460100647,0.35555582518456935,2013
2013-11,hinwil,gutierrez,hulkenberg,0.39532543747383375,0.271232836253261,0.5078876158946053,0.3420424174748603,2013
2013-11,mclaren,button,perez,-0.3628448951205766,0.26754242162397546,0.2634995766840099,0.37875768861396686,2013
2013-11,red_bull,vettel,webber,-0.7156048766797491,0.26754242162397546,0.16100680137133194,0.3293271011655674,2013
2013-11,silverstone,resta,sutil,-0.4084566633174902,0.3221637373824226,0.22819490518574997,0.34331787744919084,2013
2013-11,williams,bottas,maldonado,-0.445725817025323,0.2732153299896501,0.27969670096017757,0.4367808676226425,2013
2013-13,banbury,chilton,jules_bianchi,-0.5436754635144811,0.24737244059928853,0.5518792524609794,0.9505157578932548,2013
2013-13,brackley,hamilton,rosberg,-0.12353039765223561,0.23804761428476168,0.4605947078686701,0.5211557259798071,2013
2013-13,enstone,grosjean,raikkonen,-0.36790605660767234,0.29835914904386934,0.4658128686514866,0.6729627915454748,2013
2013-13,faenza,ricciardo,vergne,-1.0526939755110125,0.3300547988028139,0.4896218010405554,1.4029426940702148,2013
2013-13,ferrari,alonso,massa,-0.21729606714293714,0.23565511522844848,0.5518874315177079,0.6858371193706175,2013
2013-13,hinwil,gutierrez,hulkenberg,0.26611776788126795,0.23323807579381203,1.013934034330708,0.7770272023800913,2013
2013-13,leafield,garde,pic,0.5774871061095863,0.24056670681025652,0.699253190068874,0.3924957809887019,2013
2013-13,mclaren,button,perez,-0.032780975783616745,0.23323807579381203,0.7567016754007578,0.7819181468895497,2013
2013-13,red_bull,vettel,webber,-0.17903160840161947,0.24198255217175382,0.492165828303671,0.5886591465024201,2013
2013-13,silverstone,resta,sutil,-0.6122680426115281,0.2514063010449981,0.43806475651245697,0.8080587675387803,2013
2013-13,williams,bottas,maldonado,0.08938813920440164,0.23931047521180365,0.6205940600501545,0.5675274064323599,2013
2013-14,banbury,chilton,jules_bianchi,-0.013922582419395368,0.2640901167094099,0.4220492578266297,0.4279663685547485,2013
2013-14,brackley,hamilton,rosberg,0.2803967022345912,0.26754242162397546,0.622387625945974,0.47020388063952023,2013
2013-14,enstone,grosjean,raikkonen,-0.3863660696714145,0.264176974174909,0.3095203387585329,0.45549733889805166,2013
2013-14,faenza,ricciardo,vergne,0.29440579716259274,0.2730101363219588,0.8062256554120614,0.6006172495424856,2013
2013-14,ferrari,alonso,massa,0.34376248620516286,0.26754242162397546,0.6582561575612486,0.46676768276073133,2013
2013-14,hinwil,gutierrez,hulkenberg,-0.3193768032589328,0.264176974174909,0.36648812796724295,0.5043865463055989,2013
2013-14,leafield,garde,pic,0.2838818915257868,0.26582187373503596,0.5524921045403123,0.4159467516966391,2013
2013-14,mclaren,button,perez,0.06777570850037684,0.264176974174909,0.5376731284834186,0.5024394319032278,2013
2013-14,red_bull,vettel,webber,0.009468798106250453,0.2937817085995864,0.46496735281336166,0.4605854492430821,2013
2013-14,silverstone,resta,sutil,-0.4018150531120266,0.3476907949441413,0.39358232478262795,0.5882225194408495,2013
2013-14,williams,bottas,maldonado,-0.0664603268420868,0.26754242162397546,0.4730810087061102,0.5055904561824957,2013
2013-15,enstone,grosjean,raikkonen,-0.612171227551034,0.24056670681025652,0.2937446284645593,0.5417919148402153,2013
2013-15,faenza,ricciardo,vergne,-0.5091992359577935,0.24863262420322443,0.5167826244918593,0.8599046977366869,2013
2013-15,ferrari,alonso,massa,-0.05867752485009364,0.2432249831637124,0.7053036077977626,0.7479273774706577,2013
2013-15,hinwil,gutierrez,hulkenberg,-0.05561068451428697,0.24056670681025652,0.2956872580752898,0.31259643692452677,2013
2013-15,mclaren,button,perez,0.2196154054351941,0.2472474734578963,0.5469154804177367,0.43907878877903617,2013
2013-15,red_bull,vettel,webber,-0.23811606999325152,0.2432249831637124,0.3578445434402785,0.4540533607769954,2013
2013-15,silverstone,resta,sutil,0.07259642280580891,0.24187060095032284,0.5021994381337206,0.46703346055237976,2013
2013-15,williams,bottas,maldonado,-0.5399741711371409,0.24316750354973155,0.3223677715573138,0.5531710201766533,2013
2013-16,banbury,chilton,jules_bianchi,0.5393947814918769,0.22870874995874624,0.6622762105564199,0.38617395320300063,2013
2013-16,brackley,hamilton,rosberg,0.056462856597985334,0.22443344307471286,0.5347641588388196,0.5054064557943426,2013
2013-16,enstone,grosjean,raikkonen,-0.4939701552240175,0.22242054642253595,0.3794530043978333,0.6218512453882402,2013
2013-16,faenza,ricciardo,vergne,0.10036057411342081,0.22443344307471286,0.39283782509020565,0.3553262188237429,2013
2013-16,ferrari,alonso,massa,0.11617928585796522,0.22658118046084794,0.38208341766998716,0.3401748226654859,2013
2013-16,hinwil,gutierrez,hulkenberg,0.8365457238636891,0.23713262967793156,0.6855460724198442,0.29698154024948165,2013
2013-16,mclaren,button,perez,0.045104802872649064,0.22771001702132443,0.3556170930398252,0.3399334175772899,2013
2013-16,red_bull,vettel,webber,1.2056675968238526,0.2627853742640954,0.9692846300048582,0.2902929854844291,2013
2013-16,silverstone,resta,sutil,-0.34039739539046665,0.22138876894049306,0.4101148950030059,0.5764189543152324,2013
2013-16,williams,bottas,maldonado,0.24069626918658726,0.2254896062874645,0.5929425026903643,0.4661004482399802,2013
2013-17,banbury,chilton,jules_bianchi,0.09558505881418278,0.24056670681025652,0.46683629995991577,0.4242799946319268,2013
2013-17,brackley,hamilton,rosberg,0.18690765963251643,0.2356060357495806,0.519864661670375,0.4312383062558098,2013
2013-17,faenza,ricciardo,vergne,-1.0050073872294942,0.23804761428476168,0.3317933610821796,0.9064353922372971,2013
2013-17,ferrari,alonso,massa,0.389016098902549,0.2356060357495806,0.6141256196412838,0.4162072779901191,2013
2013-17,hinwil,gutierrez,hulkenberg,-0.26470011839484797,0.23941662313239798,0.4215352711899481,0.5492773869671902,2013
2013-17,leafield,garde,pic,-1.028324686344724,0.23804761428476168,0.334117110332548,0.934317435886581,2013
2013-17,mclaren,button,perez,-0.824042763080161,0.2356060357495806,0.22198533588425604,0.5060594174556713,2013
2013-17,red_bull,vettel,webber,0.6461655949459529,0.2356060357495806,0.6274699238656676,0.3288264634263928,2013
2013-17,silverstone,resta,sutil,-0.1927318426076975,0.23094010767585033,0.41562761536612003,0.5039724211371636,2013
2013-17,williams,bottas,maldonado,0.023083463183820818,0.2368299714439658,0.3301489850373826,0.3226152895099303,2013
2013-18,banbury,chilton,jules_bianchi,0.8188618441877484,0.2432249831637124,0.8308841544789505,0.3663644254562263,2013
2013-18,brackley,hamilton,rosberg,-0.12832360413432053,0.23804761428476168,0.27833585617046536,0.31644583970355666,2013
2013-18,enstone,grosjean,kovalainen,-0.24133797128737733,0.2406211768000433,0.3108838206876963,0.39573992749577785,2013
2013-18,faenza,ricciardo,vergne,-0.36596523471259657,0.23804761428476168,0.21174782109997664,0.3053202660244724,2013
2013-18,ferrari,alonso,massa,-0.6971702545225524,0.2406211768000433,0.2252900461848639,0.45239646064953126,2013
2013-18,hinwil,gutierrez,hulkenberg,0.5251239411321488,0.23804761428476168,0.420492915522998,0.24871401204925964,2013
2013-18,leafield,garde,pic,0.34350779517087116,0.2432249831637124,0.40446454847090824,0.28687778666887065,2013
2013-18,mclaren,button,perez,-0.06791719399036378,0.23804761428476168,0.34133837372001774,0.3653265012001648,2013
2013-18,red_bull,vettel,webber,0.2494847134243503,0.23804761428476168,0.5675225196924781,0.44221479139430847,2013
2013-18,williams,bottas,maldonado,-0.48098093463788455,0.23931047521180365,0.44566440343129826,0.7209336764290981,2013
2014-03,banbury,chilton,jules_bianchi,-0.8511188162060527,0.2615046151284924,0.42893947526872156,1.0046903282245652,2014
2014-03,brackley,hamilton,rosberg,-0.011348451385435276,0.24316750354973155,0.3827382473646394,0.38710647317641866,2014
2014-03,enstone,grosjean,maldonado,-0.19423308866241706,0.25299972205063104,0.3269123727802382,0.3969956210395706,2014
2014-03,ferrari,alonso,raikkonen,-0.3714674345314999,0.24863262420322443,0.30397601611585867,0.4407228582129799,2014
2014-03,leafield,ericsson,kobayashi,-0.821696438040872,0.29714402844985943,0.35314194613829547,0.8031701045824066,2014
2014-03,mclaren,button,kevin_magnussen,0.04094862706732205,0.27658633371878666,0.5121834856003539,0.49163388538317104,2014
2014-03,red_bull,ricciardo,vettel,0.4164037291004104,0.24863262420322443,0.6428232657336762,0.42388665588377816,2014
2014-03,silverstone,hulkenberg,perez,-0.011313015436094087,0.24863262420322443,0.5408483468590276,0.5470017134937616,2014
2014-03,williams,bottas,massa,0.23134074234049662,0.25299972205063104,0.5099263817158681,0.4046108024172247,2014
2014-04,banbury,chilton,jules_bianchi,0.459710228937276,0.23941662313239798,0.5819012485172118,0.3674512027890616,2014
2014-04,brackley,hamilton,rosberg,0.011445347532699879,0.23323807579381203,0.35094431439354146,0.34695053345343896,2014
2014-04,enstone,grosjean,maldonado,0.4045264674291838,0.2992879614334632,0.6977591147849966,0.4656095782330069,2014
2014-04,faenza,kvyat,vergne,-0.12214550584200001,0.2356060357495806,0.4570309509795953,0.5164077263843863,2014
2014-04,ferrari,alonso,raikkonen,-0.09407642966321283,0.23323807579381203,0.3253126566817116,0.3574027045923891,2014
2014-04,leafield,ericsson,kobayashi,0.1924134553032547,0.24187060095032284,0.5370077118301215,0.44301294908248556,2014
2014-04,mclaren,button,kevin_magnussen,-0.3984717676235129,0.2356060357495806,0.3941239633888869,0.5870660033483742,2014
2014-04,red_bull,ricciardo,vettel,-0.3342840647891643,0.23323807579381203,0.28060233809047935,0.39198460454160783,2014
2014-04,silverstone,hulkenberg,perez,-0.4073598877405914,0.23323807579381203,0.27060680788623126,0.40668005133910445,2014
2014-04,williams,bottas,massa,-0.6838814107383999,0.2344250456773259,0.3219990794176133,0.6380585800099748,2014
2014-05,banbury,chilton,jules_bianchi,0.5537062124133861,0.2184810979187519,0.5883151378766424,0.3381726421542304,2014
2014-05,brackley,hamilton,rosberg,-0.2656615879306242,0.21291625896895083,0.3704371279533172,0.48315877345017627,2014
2014-05,enstone,grosjean,maldonado,-0.6813173642804738,0.2147130525032287,0.3216256798105233,0.6356866470151978,2014
2014-05,faenza,kvyat,vergne,-0.4021274135195101,0.3153017676423058,0.2949370476634636,0.44093141831829663,2014
2014-05,ferrari,alonso,raikkonen,0.1461845690798348,0.21563655376511676,0.4260078759601178,0.3680700470086965,2014
2014-05,hinwil,gutierrez,sutil,0.08999885037373923,0.2165883112737946,0.5119358276411937,0.467874655619605,2014
2014-05,leafield,ericsson,kobayashi,0.31930603632570875,0.2716958708417177,0.5450240715257653,0.39604344914521333,2014
2014-05,mclaren,button,kevin_magnussen,-0.3937583629081578,0.2147130525032287,0.38692997707027543,0.5736400458354458,2014
2014-05,red_bull,ricciardo,vettel,-0.6441526047390697,0.21474389986385092,0.36335064296172875,0.6919550046616659,2014
2014-05,silverstone,hulkenberg,perez,0.18807208664949737,0.2147130525032287,0.46566571127036416,0.38582964284385834,2014
2014-05,williams,bottas,massa,-0.42802826136557315,0.21569959617364537,0.2592286796219066,0.3977162719096606,2014
2014-06,banbury,chilton,jules_bianchi,0.6930599281718465,0.21064508725613776,1.333078253926721,0.6665972866311974,2014
2014-06,brackley,hamilton,rosberg,0.42567895051706206,0.20148700932162633,0.6594115356732426,0.4308107394961926,2014
2014-06,ferrari,alonso,raikkonen,-0.08506802702400751,0.2038345099895662,0.633356667992122,0.6895931231226261,2014
2014-06,hinwil,gutierrez,sutil,-0.02308014485553639,0.3394439898160258,0.6040148046690477,0.6181176759757374,2014
2014-06,leafield,ericsson,kobayashi,-0.8056740819140684,0.21127742199517843,0.8086955571088805,1.8100262159996188,2014
2014-06,mclaren,button,kevin_magnussen,0.380707805206513,0.20456332478270353,0.9675757542991424,0.6612195385520027,2014
2014-06,williams,bottas,massa,-0.11348769830282118,0.23158357536956803,0.6141475763859158,0.6879546705883313,2014
2014-07,brackley,hamilton,rosberg,-0.9524540380989299,0.2527046677899065,0.6085365330068465,1.5773649593465966,2014
2014-07,faenza,kvyat,vergne,0.5918565288079571,0.25509169005463156,0.5940950306085018,0.3287122545844465,2014
2014-07,ferrari,alonso,raikkonen,0.104312968372816,0.21844747250910007,0.5864340733928581,0.5283438414209418,2014
2014-07,hinwil,gutierrez,sutil,0.49659692185915716,0.2267023144873898,0.5974814591071943,0.3636261686441712,2014
2014-07,mclaren,button,kevin_magnussen,-0.3411377272824059,0.21844747250910007,0.4299861669111395,0.6047957304978921,2014
2014-07,red_bull,ricciardo,vettel,0.4372106528929699,0.21844747250910007,0.5002784523960092,0.323097519401797,2014
2014-07,silverstone,hulkenberg,perez,0.782395294749828,0.21756967100986618,0.45727461805707054,0.20911593904973164,2014
2014-07,williams,bottas,massa,-0.06129604942761424,0.2214606834361174,0.7111606428248717,0.7561156895566175,2014
2014-09,banbury,chilton,jules_bianchi,-0.7598594430761532,0.2472474734578963,0.3995164441242112,0.8541564461278361,2014
2014-09,brackley,hamilton,rosberg,1.0291625956341752,0.30930728357249476,1.0151060576474122,0.36270353067940103,2014
2014-09,enstone,grosjean,maldonado,0.1585579664282596,0.24869686206095648,0.41945593046215013,0.35795257352112764,2014
2014-09,faenza,kvyat,vergne,-0.19575885249400593,0.2472474734578963,0.40219858488629184,0.4891674240730285,2014
2014-09,mclaren,button,kevin_magnussen,-0.11140240545760594,0.24316750354973155,0.34208771600632776,0.38240092082351074,2014
2014-09,red_bull,ricciardo,vettel,0.6389114408455743,0.2459152461731384,0.6725162136399208,0.3549989315815788,2014
2014-09,silverstone,hulkenberg,perez,-0.4981151482026479,0.24451470224411165,0.44746346583079366,0.7363533082888359,2014
2014-10,banbury,chilton,jules_bianchi,0.29404879435571973,0.219489290375047,0.6347900534387921,0.47307102007115265,2014
2014-10,brackley,hamilton,rosberg,0.29761536841636554,0.2165883112737946,0.6587908883198447,0.48920948825109944,2014
2014-10,enstone,grosjean,maldonado,0.3393609954194004,0.3024041597962385,0.7666065828900169,0.545996597813767,2014
2014-10,faenza,kvyat,vergne,0.4011481192362627,0.253546276418555,0.7790995046389326,0.5216467591939481,2014
2014-10,ferrari,alonso,raikkonen,-0.11485393169906344,0.21942051729161818,0.662583863691125,0.7432266670532828,2014
2014-10,hinwil,gutierrez,sutil,-0.05875827949445844,0.24706774585621458,0.4877965519168211,0.5173174434434935,2014
2014-10,leafield,ericsson,kobayashi,0.18855928555627793,0.22138876894049306,0.8414289325563387,0.6968305523394457,2014
2014-10,mclaren,button,kevin_magnussen,-0.0802600669994541,0.21750385050586113,0.35228463221774026,0.381724647297923,2014
2014-10,red_bull,ricciardo,vettel,0.1619871179805542,0.21844747250910007,0.5983941139453918,0.5089055667426859,2014
2014-10,silverstone,hulkenberg,perez,-0.496253689753223,0.21756967100986618,0.4058554300474216,0.6666403548133247,2014
2014-13,brackley,hamilton,rosberg,0.15350888646636163,0.2356060357495806,0.5333162484418524,0.4574216889677155,2014
2014-13,enstone,grosjean,maldonado,0.34230207984206396,0.23804761428476168,0.46705046655434423,0.3316682549971169,2014
2014-13,faenza,kvyat,vergne,0.03473422050674857,0.2356060357495806,0.3987110429418675,0.3850998806372173,2014
2014-13,ferrari,alonso,raikkonen,-0.02468708108958184,0.2992879614334632,0.35317892835904585,0.3620063991238011,2014
2014-13,hinwil,gutierrez,sutil,-0.2147782560767315,0.24486984361100395,0.47155632971541445,0.5845350940103086,2014
2014-13,leafield,ericsson,kobayashi,-0.16436223974390102,0.23931047521180365,0.53648635449775,0.6323249144551522,2014
2014-13,mclaren,button,kevin_magnussen,0.34376725077331804,0.2356060357495806,0.4203996295370352,0.29810283385033504,2014
2014-13,red_bull,ricciardo,vettel,-0.18305202125501863,0.2356060357495806,0.36818286260696653,0.44214228642527226,2014
2014-13,silverstone,hulkenberg,perez,0.1440404184916444,0.2356060357495806,0.36739755049265305,0.3181121797642254,2014
2014-13,williams,bottas,massa,0.12243696700689055,0.2356060357495806,0.43757773741285916,0.38715201074189903,2014
2014-14,banbury,chilton,jules_bianchi,0.26276420535675094,0.25020626411657765,0.6545843076786917,0.5033250499945179,2014
2014-14,enstone,grosjean,maldonado,0.3371817313878759,0.24585451886114368,0.721122747490195,0.5147223543801533,2014
2014-14,faenza,kvyat,vergne,0.1456084992066935,0.24863262420322443,0.7862441643710708,0.6797050041902165,2014
2014-14,ferrari,alonso,raikkonen,-0.06503471156074336,0.24316750354973155,0.45618037909822107,0.4868339067731077,2014
2014-14,mclaren,button,kevin_magnussen,-0.7469611648780587,0.2582606524294815,0.36362363596695657,0.767455525444143,2014
2014-14,red_bull,ricciardo,vettel,0.07818292540630511,0.24316750354973155,0.35692558710644456,0.3300830848913023,2014
2014-14,silverstone,hulkenberg,perez,-0.27711928319010287,0.2459152461731384,0.515541205834194,0.6801657491209646,2014
2014-14,williams,bottas,massa,0.003439207341390027,0.24316750354973155,0.4249278043483813,0.4234688996999056,2014
2014-16,brackley,hamilton,rosberg,0.33032039410125846,0.2344250456773259,0.4535561047720646,0.3259677932729378,2014
2014-16,enstone,grosjean,maldonado,-0.7877280874798882,0.23804761428476168,0.39201526834607486,0.8618048702114774,2014
2014-16,faenza,kvyat,vergne,0.2358804391617163,0.23941662313239798,0.9063953538409469,0.7159391265713,2014
2014-16,ferrari,alonso,raikkonen,0.4358364886879006,0.2356060357495806,0.5131292637186005,0.331852734856791,2014
2014-16,hinwil,gutierrez,sutil,-0.3930797980623527,0.23804761428476168,0.5822191646773971,0.8625790065601066,2014
2014-16,leafield,ericsson,kobayashi,0.0335801823276729,0.3319973226130329,0.4457034507987934,0.43098515226957257,2014
2014-16,mclaren,button,kevin_magnussen,-0.7454122119344018,0.2356060357495806,0.2088182666234738,0.44004480353544767,2014
2014-16,red_bull,ricciardo,vettel,0.4072350973549703,0.2356060357495806,0.38041714992004894,0.25316294080078144,2014
2014-16,silverstone,hulkenberg,perez,0.5116465739887036,0.2356060357495806,0.7888689813873687,0.4729329749888747,2014
2014-16,williams,bottas,massa,0.03468357677132272,0.2368299714439658,0.48281738965291654,0.46635862987127746,2014
2014-17,brackley,hamilton,rosberg,-0.31429522901093243,0.24316750354973155,0.43765298292296306,0.5992755739136403,2014
2014-17,enstone,grosjean,maldonado,-0.4228541072497322,0.24451470224411165,0.427486646066251,0.6524778275588217,2014
2014-17,faenza,kvyat,vergne,-0.29689381816508476,0.24737244059928853,0.29775106812144836,0.40067539619728054,2014
2014-17,ferrari,alonso,raikkonen,0.1773966442109401,0.24737244059928853,0.7860115222384719,0.6582434235037588,2014
2014-17,mclaren,button,kevin_magnussen,0.25644498492603485,0.23931047521180365,0.37965118696373396,0.2937731636113789,2014
2014-17,red_bull,ricciardo,vettel,-0.831957542028081,0.24316750354973155,0.23952394807430608,0.5503810991595431,2014
2014-17,williams,bottas,massa,0.33820538328429295,0.24316750354973155,0.41927620615514744,0.2989644059602033,2014
2014-19,brackley,hamilton,rosberg,-1.1361138594535565,0.2380992907456515,0.4599908876544687,1.4327064248061963,2014
2014-19,enstone,grosjean,maldonado,0.347161844530365,0.311345740636942,0.3071333368863734,0.217048348066114,2014
2014-19,ferrari,alonso,raikkonen,0.2293279319898558,0.2356060357495806,0.5097256482674029,0.4052664307059691,2014
2014-19,hinwil,gutierrez,sutil,-0.24488145297952446,0.2406211768000433,0.303852184669828,0.3881620090208031,2014
2014-19,leafield,kobayashi,stevens,0.04289285485429961,0.26371472189745976,0.5438326174611379,0.5209992781091026,2014
2014-19,mclaren,button,kevin_magnussen,0.013567864407704633,0.2356060357495806,0.3130484704246906,0.3088297554188471,2014
2014-19,red_bull,ricciardo,vettel,-0.3160465120152707,0.2356060357495806,0.30857717614034236,0.423273477834364,2014
2014-19,silverstone,hulkenberg,perez,0.03858600106207488,0.2356060357495806,0.2965621338986797,0.2853369473268529,2014
2014-19,williams,bottas,massa,-0.41926013847822763,0.2356060357495806,0.32279397204804,0.49091667109138976,2014
2015-01,brackley,hamilton,rosberg,0.015208081751610258,0.23094010767585033,0.4020771383659864,0.3960085789132255,2015
2015-01,faenza,max_verstappen,sainz,-1.0289609957210808,0.28565713714171403,0.20054186835390408,0.5611476380830153,2015
2015-01,ferrari,raikkonen,vettel,1.0224989627078547,0.2655892211830182,0.8936645737203217,0.32144663581610283,2015
2015-01,hinwil,ericsson,nasr,0.4698884240427836,0.2345207879911715,0.7457108496262538,0.46612297771552796,2015
2015-01,silverstone,hulkenberg,perez,-0.7210670684884644,0.2368299714439658,0.42376898159853815,0.8715345604993843,2015
2015-02,brackley,hamilton,rosberg,-0.25339153364260547,0.24316750354973155,0.3654632737841545,0.47085835940620585,2015
2015-02,enstone,grosjean,maldonado,0.12858045790700745,0.2722644063713511,0.5876804225941842,0.5167725538863251,2015
2015-02,faenza,max_verstappen,sainz,0.5436609167868819,0.24451470224411165,0.6429320257741467,0.37329839546651516,2015
2015-02,ferrari,raikkonen,vettel,0.16577558308639584,0.2459152461731384,0.31603622741298376,0.26775737884012507,2015
2015-02,red_bull,kvyat,ricciardo,-0.28151746897346897,0.24585451886114368,0.43039568250411325,0.5703341666993234,2015
2015-02,silverstone,hulkenberg,perez,-0.4400441011124238,0.24869686206095648,0.3935308507642674,0.6110651407468316,2015
2015-02,williams,bottas,massa,0.29425252347848574,0.24316750354973155,0.5097349272661825,0.379797538253056,2015
2015-03,banbury,merhi,stevens,-0.3711734802930507,0.24585451886114368,0.6928408107006279,1.0042273739675112,2015
2015-03,brackley,hamilton,rosberg,0.22302461855262512,0.24056670681025652,0.3776433491950604,0.30215061282597044,2015
2015-03,enstone,grosjean,maldonado,-0.3874912295977885,0.2526023853501008,0.2679880449825896,0.39482143556900845,2015
2015-03,faenza,max_verstappen,sainz,-0.8978335686503193,0.2459152461731384,0.37140292310219797,0.9115268841001529,2015
2015-03,ferrari,raikkonen,vettel,0.00209979390412085,0.24056670681025652,0.39452654193043607,0.39369898665450537,2015
2015-03,hinwil,ericsson,nasr,0.25409354554875363,0.24056670681025652,0.4466619580903794,0.34643960977747346,2015
2015-03,mclaren,alonso,button,0.1281259721185114,0.24056670681025652,0.6723742522369786,0.591516238633269,2015
2015-03,williams,bottas,massa,-0.12817113341081998,0.24056670681025652,0.306930257252657,0.3489022092153981,2015
2015-04,banbury,merhi,stevens,0.12068568806911606,0.2368299714439658,0.6011513779030297,0.5328079772664366,2015
2015-04,brackley,hamilton,rosberg,0.13944257458326947,0.23094010767585033,0.3617865530350971,0.31469749083477516,2015
2015-04,enstone,grosjean,maldonado,-0.09162809088020063,0.2345207879911715,0.34349870497943896,0.3764598616754651,2015
2015-04,faenza,max_verstappen,sainz,0.23207462768349263,0.333823496911618,0.3381564362499727,0.26811982528752265,2015
2015-04,ferrari,raikkonen,vettel,-0.0323859050147689,0.23328473740792174,0.38535777902677304,0.3980422295081561,2015
2015-04,hinwil,ericsson,nasr,0.007816564697296191,0.23804761428476168,0.5714735225276661,0.5670239755072155,2015
2015-04,red_bull,kvyat,ricciardo,-0.04409533190437953,0.23209193580705614,0.39402762833736493,0.41179117391674924,2015
2015-04,silverstone,hulkenberg,perez,-0.05271857038479233,0.23565511522844848,0.377288889314235,0.39771264579879334,2015
2015-04,williams,bottas,massa,-0.3167879334084148,0.23209193580705614,0.3792583689105672,0.5206122997551388,2015
2015-05,banbury,merhi,stevens,0.37781169130013204,0.22341096193440893,0.791097100804824,0.5421859511789625,2015
2015-05,brackley,hamilton,rosberg,0.8548549837448671,0.21474389986385092,0.6361272046812959,0.27057344224353747,2015
2015-05,enstone,grosjean,maldonado,0.36979369083753466,0.24455593269103873,0.44496712271358835,0.30741748416495773,2015
2015-05,faenza,max_verstappen,sainz,-0.17722295444412783,0.2147130525032287,0.4274958705870231,0.5103861434906697,2015
2015-05,ferrari,raikkonen,vettel,-0.14397336740621025,0.21291625896895083,0.45578624464895945,0.5263662721435449,2015
2015-05,hinwil,ericsson,nasr,-0.15255639970508017,0.2147130525032287,0.41460117486160336,0.4829308295839169,2015
2015-05,mclaren,alonso,button,-1.2814632987404289,0.30308356788649404,0.209724449511135,0.7554078655514291,2015
2015-05,red_bull,kvyat,ricciardo,0.31030030239057216,0.2147130525032287,0.5551473452513774,0.4070488745245363,2015
2015-05,silverstone,hulkenberg,perez,-0.40696545816260343,0.2165883112737946,0.37082874918629444,0.5570783095593302,2015
2015-05,williams,bottas,massa,0.4639823972509304,0.21474389986385092,0.4299318035520318,0.27033020749275266,2015
2015-06,banbury,merhi,stevens,-0.5011860241723032,0.21474389986385092,0.9847767056702594,1.6255490992133128,2015
2015-06,brackley,hamilton,rosberg,0.06594163399572239,0.20456332478270353,0.7826970508765627,0.7327496331357352,2015
2015-06,faenza,max_verstappen,sainz,-0.2124087256803115,0.21583200476659503,0.6684112522893835,0.8265929366060195,2015
2015-06,ferrari,raikkonen,vettel,-0.09735454438716268,0.20456332478270353,0.5996302600378167,0.6609431144952755,2015
2015-06,hinwil,ericsson,nasr,0.08437419833464278,0.20618045132935983,0.9109272558898682,0.8372216455255854,2015
2015-06,mclaren,alonso,button,0.20582450411548253,0.24449993820085064,0.6322444271836475,0.5146317349645715,2015
2015-06,red_bull,kvyat,ricciardo,-0.3394029437600764,0.20456332478270353,0.35937669304006903,0.5046040520358404,2015
2015-06,silverstone,hulkenberg,perez,-0.25526925343002227,0.2053608456426807,0.39684699608806595,0.5122537253160584,2015
2015-06,williams,bottas,massa,-0.20613942929288134,0.20862115295019662,0.9625760863137635,1.182933374213307,2015
2015-07,banbury,merhi,stevens,0.2878699476875868,0.22371898446048213,0.9383904791099941,0.7036606465032371,2015
2015-07,brackley,hamilton,rosberg,0.02201622005799364,0.20300768756902093,0.47842254312031635,0.4680045899126622,2015
2015-07,enstone,grosjean,maldonado,0.15440728620246635,0.20458753775843877,0.4835448348719593,0.41436066008847283,2015
2015-07,faenza,max_verstappen,sainz,0.24561607149245945,0.20456332478270353,0.5812010199641872,0.45462850600106525,2015
2015-07,ferrari,raikkonen,vettel,-0.41246759454434717,0.20615528128088303,0.43530169824562265,0.6575408848613734,2015
2015-07,hinwil,ericsson,nasr,-0.2416041993329785,0.2053608456426807,0.4740331611159742,0.6035817424913084,2015
2015-07,mclaren,alonso,button,-0.5566886841410101,0.2575305305164052,0.45375569663852827,0.7917515350446322,2015
2015-07,red_bull,kvyat,ricciardo,-0.30625458021188723,0.20456332478270353,0.3617159425939804,0.49132891673821916,2015
2015-07,silverstone,hulkenberg,perez,-0.4572058304599088,0.2053608456426807,0.37660860445159644,0.594911285329549,2015
2015-07,williams,bottas,massa,-0.30916255950131394,0.20300768756902093,0.47921888078672265,0.6528321201929904,2015
2015-09,banbury,merhi,stevens,0.09409837120678421,0.3145501533011849,0.5822249822762122,0.5299372319827846,2015
2015-09,brackley,hamilton,rosberg,-0.0184127557166327,0.2808151400069855,0.7351558882131103,0.7488175221883132,2015
2015-09,ferrari,raikkonen,vettel,-0.8208402849407979,0.28960484758017346,0.6116080460129901,1.389823326192398,2015
2015-09,silverstone,hulkenberg,perez,-0.12472072007563574,0.284977404739606,0.9062750459211616,1.0266574014952257,2015
2015-09,williams,bottas,massa,-0.2073868876514296,0.27877282097486783,0.8308123383372861,1.0222801276343303,2015
2015-10,banbury,merhi,stevens,-0.1330724128885304,0.22870874995874624,0.9802529883093529,1.119775057470858,2015
2015-10,brackley,hamilton,rosberg,1.0911606227977038,0.22242054642253595,1.50254648653236,0.5045949269698079,2015
2015-10,enstone,grosjean,maldonado,-0.49769029309407625,0.22042441300835927,0.5042760206032425,0.829492502640476,2015
2015-10,faenza,max_verstappen,sainz,-0.7606508763706751,0.23398803938767798,0.38730594919712236,0.8287063110827552,2015
2015-10,ferrari,raikkonen,vettel,0.3214266805254768,0.2379474891008225,0.6163221972469176,0.44690372618092217,2015
2015-10,hinwil,ericsson,nasr,-0.08513909559989408,0.2203892660077359,0.4940887546673497,0.5379976875769599,2015
2015-10,mclaren,alonso,button,0.15633783309383043,0.21844747250910007,0.551899824102119,0.47202347458460076,2015
2015-10,red_bull,kvyat,ricciardo,0.3256029934396895,0.2203892660077359,1.0512685078681692,0.7591123751402553,2015
2015-10,silverstone,hulkenberg,perez,-1.0283555505631057,0.2792290779429642,0.26082096450765774,0.7293762835014078,2015
2015-10,williams,bottas,massa,-0.8721756255926493,0.22443344307471286,0.3091612076029906,0.7395474713231601,2015
2015-12,banbury,merhi,stevens,0.1018291487533558,0.24056670681025652,0.5439919498540011,0.4913247428624492,2015
2015-12,brackley,hamilton,rosberg,0.2621741726069097,0.23941662313239798,0.47638779180091384,0.36652181373098247,2015
2015-12,faenza,max_verstappen,sainz,-0.0172062784653797,0.24451470224411165,0.4811154311374515,0.4894652660110251,2015
2015-12,ferrari,raikkonen,vettel,0.33551528646320783,0.2356060357495806,0.39395008335207,0.2816623245605261,2015
2015-12,hinwil,ericsson,nasr,-0.13923686341026498,0.23931047521180365,0.2854954948520463,0.3281474705013631,2015
2015-12,mclaren,alonso,button,0.9165208662022606,0.24640269015229058,0.6251959869504166,0.25002084977860434,2015
2015-12,red_bull,kvyat,ricciardo,-0.041371158714681444,0.23804761428476168,0.3516212730367213,0.3664733582091472,2015
2015-12,silverstone,hulkenberg,perez,-0.32840799719262614,0.2368299714439658,0.2512530451104794,0.3489290395073336,2015
2015-12,williams,bottas,massa,0.2936284716172709,0.2356060357495806,0.39069423824474836,0.2912834310672917,2015
2015-13,banbury,rossi,stevens,0.1061596920693676,0.24863262420322443,0.4144629023518317,0.37271862512707826,2015
2015-13,brackley,hamilton,rosberg,0.36020567635452205,0.311345740636942,0.5184201245872935,0.3616150645659464,2015
2015-13,enstone,grosjean,maldonado,-0.004607824080612666,0.2608496244565285,0.6544333219592803,0.6574557937407194,2015
2015-13,faenza,max_verstappen,sainz,-0.011342199627055849,0.24869686206095648,0.5379078756058725,0.544043665007763,2015
2015-13,ferrari,raikkonen,vettel,-0.7976996459691917,0.24056670681025652,0.2779140909030484,0.617088029021585,2015
2015-13,hinwil,ericsson,nasr,0.020650878665928074,0.25020626411657765,0.5198650500979892,0.5092394714055275,2015
2015-13,mclaren,alonso,button,0.13487604573473733,0.32689010822773895,0.3731408060409517,0.32605947349575426,2015
2015-13,red_bull,kvyat,ricciardo,-0.11530856810199175,0.24463291095405962,0.3571403915660936,0.4007899707040985,2015
2015-13,williams,bottas,massa,-0.5182945918253365,0.323251799327276,0.2084169571544097,0.3499657409517607,2015
2015-14,banbury,rossi,stevens,0.2781948403075925,0.25020626411657765,0.7287807563593223,0.5517958278283832,2015
2015-14,brackley,hamilton,rosberg,-0.5365181712680747,0.24056670681025652,0.32687868631318867,0.5589764164599677,2015
2015-14,enstone,grosjean,maldonado,0.21241933076932484,0.24056670681025652,0.3897765907731384,0.3151833080997082,2015
2015-14,faenza,max_verstappen,sainz,0.055088592108037626,0.24187060095032284,0.6299408218795486,0.5961768130983339,2015
2015-14,ferrari,raikkonen,vettel,0.0974499995375897,0.24056670681025652,0.39376157990463895,0.3571999108604252,2015
2015-14,hinwil,ericsson,nasr,-0.036388546337332905,0.2521214338197059,0.4882784250710273,0.5063733953751525,2015
2015-14,mclaren,alonso,button,-0.4935812980506723,0.24316750354973155,0.31800708638632996,0.5209504672705362,2015
2015-14,red_bull,kvyat,ricciardo,0.6381562660487943,0.24463291095405962,0.751292621590685,0.39688197822512483,2015
2015-14,silverstone,hulkenberg,perez,-0.7120207502533417,0.24585451886114368,0.4009001763615776,0.817076895537375,2015
2015-14,williams,bottas,massa,-1.221327029042856,0.24463291095405962,0.27823438469441586,0.9436835598509775,2015
2015-15,banbury,merhi,stevens,0.17884133396399549,0.2608496244565285,0.5821945581299145,0.4868535456435506,2015
2015-15,faenza,max_verstappen,sainz,0.6278219863550109,0.27658633371878666,0.6576174841182192,0.3510053427305312,2015
2015-15,ferrari,raikkonen,vettel,0.19945069215389377,0.260768096208106,0.45143422473951994,0.3698061644315457,2015
2015-15,mclaren,alonso,button,0.7758883652264639,0.2544836041121407,0.6803568964039007,0.3131646663919719,2015
2015-15,red_bull,kvyat,ricciardo,0.14898326546024743,0.2720294101747089,0.42148620945985243,0.36314557744969556,2015
2015-15,williams,bottas,massa,-0.40924592886228883,0.26600142247130326,0.4008074994504276,0.6034886236035419,2015
2015-17,banbury,rossi,stevens,-0.19984595029220348,0.2203892660077359,0.779983524018183,0.9525272797032497,2015
2015-17,brackley,hamilton,rosberg,0.07462084921404066,0.2165561168014839,0.41876048843009017,0.3886496443592046,2015
2015-17,enstone,grosjean,maldonado,0.022615996555650886,0.21291625896895083,0.6311415916310422,0.6170278947996081,2015
2015-17,faenza,max_verstappen,sainz,-0.5696793949443115,0.21569959617364537,0.3761872795393996,0.6649863394158039,2015
2015-17,ferrari,raikkonen,vettel,-0.4150414085809837,0.33523268393901035,0.30792856589749346,0.46633732038532233,2015
2015-17,hinwil,ericsson,nasr,-0.008627371053596955,0.23255509313930162,0.6346678245912589,0.6401670271307272,2015
2015-17,red_bull,kvyat,ricciardo,-0.6247992779039084,0.21291625896895083,0.39606457327128664,0.7397975292814571,2015
2015-17,silverstone,hulkenberg,perez,-0.47883210830508965,0.21291625896895083,0.5311374082695562,0.8573556860343611,2015
2015-17,williams,bottas,massa,-0.3639983668101001,0.21291625896895083,0.41312396208005275,0.5945150701234097,2015
2015-19,banbury,merhi,stevens,0.6307597496065452,0.23931047521180365,0.8198414041232379,0.4363091982653276,2015
2015-19,brackley,hamilton,rosberg,-0.22565004499928798,0.2356060357495806,0.3360486688416733,0.42111503650647697,2015
2015-19,faenza,max_verstappen,sainz,0.9418256687063564,0.23941662313239798,0.6246854546602199,0.24357443453906735,2015
2015-19,ferrari,raikkonen,vettel,-0.270420226171478,0.2356060357495806,0.3939386909417605,0.5162625823735366,2015
2015-19,hinwil,ericsson,nasr,0.1503877344228398,0.2406211768000433,0.4409592491846694,0.3793900119622795,2015
2015-19,mclaren,alonso,button,0.11939901004442621,0.24640269015229058,0.4349626506894978,0.3860091820491947,2015
2015-19,red_bull,kvyat,ricciardo,-0.4128721156898315,0.2356060357495806,0.2970212453215652,0.44884417791495795,2015
2015-19,silverstone,hulkenberg,perez,-0.13467209502399646,0.2356060357495806,0.36345320830835026,0.4158491849235604,2015
2015-19,williams,bottas,massa,0.5830131770901763,0.2380992907456515,0.3928567691965465,0.21929808287786065,2015
2016-01,brackley,hamilton,rosberg,0.08164907713845848,0.2344250456773259,0.7079586989500004,0.6524514172071576,2016
2016-01,enstone,jolyon_palmer,kevin_magnussen,-0.8022685482321426,0.2368299714439658,0.28786139872078215,0.642102313674283,2016
2016-01,faenza,max_verstappen,sainz,-0.1146289424592668,0.24056670681025652,0.6749764031205383,0.7569571708657415,2016
2016-01,hinwil,ericsson,nasr,0.6635999186303997,0.28397363546819915,0.8803171560920935,0.45335810346327804,2016
2016-01,silverstone,hulkenberg,perez,-0.08869462145432272,0.23323807579381203,0.3844080857930384,0.42006074558762085,2016
2016-01,williams,bottas,massa,-0.15378121817645096,0.23328473740792174,0.3833853807717687,0.4471177208625048,2016
2016-02,banbury,haryanto,wehrlein,0.011275378542427883,0.23804761428476168,0.6231570250943806,0.6161701575555366,2016
2016-02,brackley,hamilton,rosberg,0.47610217506548075,0.2356060357495806,0.7572630256589578,0.4704117974863489,2016
2016-02,faenza,max_verstappen,sainz,0.07536969170663432,0.3094432129499956,0.4806007728790381,0.4457094310210346,2016
2016-02,hinwil,ericsson,nasr,0.2633500415825012,0.23565511522844848,0.5007035961521359,0.3847771209282442,2016
2016-02,red_bull,kvyat,ricciardo,0.29218169282353035,0.2368299714439658,0.36893816337115093,0.27546135822634454,2016
2016-02,silverstone,hulkenberg,perez,-0.10932717420513643,0.23931047521180365,0.548313019283713,0.6116581213336254,2016
2016-02,williams,bottas,massa,-0.030567969256686478,0.2344250456773259,0.4326713509879274,0.4461014553091743,2016
2016-03,banbury,haryanto,wehrlein,0.5019724866897127,0.2575683664867139,0.5974304468485474,0.36164583746746687,2016
2016-03,brackley,hamilton,rosberg,-0.3752283387458288,0.25007398482416177,0.4406944356307639,0.641353049345349,2016
2016-03,enstone,jolyon_palmer,kevin_magnussen,-0.07580722464083367,0.25455576733608154,0.6653665462093462,0.7177672202846779,2016
2016-03,faenza,max_verstappen,sainz,-0.14594828021244344,0.24863262420322443,0.4185259983407386,0.4842916417714929,2016
2016-03,ferrari,raikkonen,vettel,0.4696080052606784,0.25007398482416177,0.6414562013538061,0.401068766886797,2016
2016-03,haas,grosjean,gutierrez,0.3044742805463805,0.2591731693430419,0.794088789698864,0.5856492144974877,2016
2016-03,hinwil,ericsson,nasr,-0.3055698183848957,0.25020626411657765,0.36477189082278666,0.4951407274045387,2016
2016-03,mclaren,alonso,button,-0.555179008568678,0.24863262420322443,0.3364602133531307,0.586198760595207,2016
2016-03,red_bull,kvyat,ricciardo,-0.3759965182832088,0.25007398482416177,0.2496106713804779,0.36354348113312746,2016
2016-03,silverstone,hulkenberg,perez,-0.40949147842637523,0.2531399269503094,0.3885142432038305,0.5851225483226844,2016
2016-03,williams,bottas,massa,0.5238573277527596,0.24863262420322443,0.6116021509162125,0.3622101843792747,2016
2016-04,brackley,hamilton,rosberg,-0.3045359372983333,0.24316750354973155,0.41758423295295266,0.5662423783364948,2016
2016-04,enstone,jolyon_palmer,kevin_magnussen,0.5358635901946558,0.24585451886114368,0.297016216390875,0.17380311711858984,2016
2016-04,faenza,max_verstappen,sainz,-0.7210459120356629,0.2947692129257886,0.25133839107416134,0.5168982852430667,2016
2016-04,haas,grosjean,gutierrez,-0.7008933978495641,0.24585451886114368,0.2104466196189995,0.4241662300077162,2016
2016-04,hinwil,ericsson,nasr,-0.39366034257251803,0.24585451886114368,0.3881292279838352,0.5753615861050528,2016
2016-04,mclaren,alonso,button,-0.06278333910755118,0.24585451886114368,0.3385762304586864,0.3605146546752018,2016
2016-04,red_bull,kvyat,ricciardo,-0.35595873382088944,0.24585451886114368,0.5186170271158745,0.7403510304801695,2016
2016-04,williams,bottas,massa,0.06691687762584675,0.2459152461731384,0.4210788680176752,0.39382367095248805,2016
2016-05,banbury,haryanto,wehrlein,0.31919767762791185,0.2203892660077359,0.45522946526569186,0.3308297635182841,2016
2016-05,enstone,jolyon_palmer,kevin_magnussen,0.3303112471606353,0.22242054642253595,0.647302627783833,0.46521640200623443,2016
2016-05,faenza,kvyat,sainz,0.9418958631673122,0.2214606834361174,0.6026275993369635,0.23495724534890033,2016
2016-05,ferrari,raikkonen,vettel,-0.49021057087029407,0.22042441300835927,0.3671734471942536,0.5994693908941342,2016
2016-05,haas,grosjean,gutierrez,0.13233660046718504,0.23804761428476168,0.6470511418820543,0.5668466085954607,2016
2016-05,hinwil,ericsson,nasr,-0.1104087524754257,0.22242054642253595,0.4420503240931398,0.4936528234041866,2016
2016-05,mclaren,alonso,button,0.6259068205266223,0.253546276418555,0.6864690836286738,0.36710737085170475,2016
2016-05,red_bull,max_verstappen,ricciardo,-0.3861544978609339,0.2214606834361174,0.3045175044641332,0.4480402487249939,2016
2016-05,williams,bottas,massa,-0.33655749694857273,0.22042441300835927,0.3430964037076514,0.48037592045299116,2016
2016-07,banbury,haryanto,wehrlein,0.29252148256311283,0.21294583683378326,0.7482081530094092,0.5584470107012872,2016
2016-07,brackley,hamilton,rosberg,-0.8639287443144178,0.20781117359508788,0.34272285648601425,0.8130973680619393,2016
2016-07,faenza,kvyat,sainz,0.28992858123834453,0.21116383197514255,0.5751596686817102,0.4304017632783937,2016
2016-07,ferrari,raikkonen,vettel,0.6342738210398866,0.20615528128088303,0.5109615675758653,0.27097337155630197,2016
2016-07,haas,grosjean,gutierrez,-0.24813722960586881,0.21474389986385092,0.434384467969617,0.5567226844631973,2016
2016-07,hinwil,ericsson,nasr,-0.056370591094592526,0.21381654314924695,0.37652577764681616,0.3983603917684439,2016
2016-07,red_bull,max_verstappen,ricciardo,-0.42268293246253863,0.20945397523545714,0.2767160925196053,0.422282692115035,2016
2016-07,silverstone,hulkenberg,perez,-0.28121606689370837,0.21116383197514255,0.5211712077554365,0.6904162443574158,2016
2016-07,williams,bottas,massa,-0.5937099132592234,0.26761982432243386,0.26220288341960596,0.4747690529826724,2016
2016-08,banbury,haryanto,wehrlein,-0.6246325516662412,0.2684496552266446,0.5978479366810773,1.1165166532954396,2016
2016-08,brackley,hamilton,rosberg,0.4198965951407845,0.24056670681025652,0.5412598987716205,0.35566987127283295,2016
2016-08,enstone,jolyon_palmer,kevin_magnussen,0.14513413806664222,0.2459152461731384,0.6232856467702408,0.5390836629418111,2016
2016-08,ferrari,raikkonen,vettel,0.005590728064840511,0.24056670681025652,0.46294329565526354,0.4603623270492351,2016
2016-08,haas,grosjean,gutierrez,-0.5660827858701821,0.24863262420322443,0.5426749789236891,0.9558427012520537,2016
2016-08,hinwil,ericsson,nasr,0.008103402539624938,0.24863262420322443,0.6349591459869008,0.6298346075714847,2016
2016-08,mclaren,alonso,button,0.47472493755109474,0.26499475885802387,0.7726537517755169,0.48063400823759833,2016
2016-08,red_bull,max_verstappen,ricciardo,-0.4797242548544727,0.24585451886114368,0.2836508632497939,0.45827451486097587,2016
2016-08,silverstone,hulkenberg,perez,-0.20491860684405722,0.24056670681025652,0.5169710911437406,0.6345433226547589,2016
2016-08,williams,bottas,massa,-1.0813607751526038,0.2432249831637124,0.28868970490779167,0.8512562512182053,2016
2016-09,banbury,haryanto,wehrlein,0.3682394256884589,0.2165883112737946,0.5925631077127416,0.41002492582949845,2016
2016-09,brackley,hamilton,rosberg,0.15284129949149866,0.2165561168014839,0.9144339909568389,0.7848275289198482,2016
2016-09,enstone,jolyon_palmer,kevin_magnussen,-0.18384556198864055,0.21844747250910007,0.6830633447161537,0.8209261565323127,2016
2016-09,ferrari,raikkonen,vettel,0.0875002400710636,0.28600192560413884,0.4265561271262748,0.3908186796671364,2016
2016-09,haas,grosjean,gutierrez,-0.3235898024624527,0.2139979742749327,0.6865040005089595,0.9488036308827354,2016
2016-09,hinwil,ericsson,nasr,-0.09296287898242789,0.2165883112737946,0.6299555317707454,0.6913264278220549,2016
2016-09,mclaren,alonso,button,0.02968343012468777,0.22211108331943577,0.32695459651723907,0.3173920887349834,2016
2016-09,red_bull,max_verstappen,ricciardo,-0.2979875814761249,0.21474389986385092,0.3344815086530048,0.45059511144873743,2016
2016-09,silverstone,hulkenberg,perez,0.3768000517197352,0.23205803514857795,0.7113457751271537,0.48802107047678944,2016
2016-09,williams,bottas,massa,0.6158590312684368,0.22845783518220678,0.49905175705568156,0.26957611493504363,2016
2016-10,brackley,hamilton,rosberg,0.05075054173932736,0.29154759474226505,0.7121417452862846,0.6769019486641945,2016
2016-10,faenza,kvyat,sainz,-0.2627915397544154,0.29388938011084287,0.5131285032908999,0.6673521364451295,2016
2016-10,ferrari,raikkonen,vettel,0.15420321811282467,0.29154759474226505,0.9293612949794526,0.7965535450396842,2016
2016-10,mclaren,alonso,button,-0.1524542687621812,0.3040434118894275,0.5710785639304109,0.6651290347321778,2016
2016-10,red_bull,max_verstappen,ricciardo,-0.12697192217069325,0.29154759474226505,0.6055746924740962,0.6875605058953298,2016
2016-10,silverstone,hulkenberg,perez,-0.48877416632061577,0.29154759474226505,0.5554981708064161,0.9056378322919992,2016
2016-10,williams,bottas,massa,0.5981273365483595,0.3012764834268905,1.2072509201214887,0.6637952545653921,2016
2016-11,banbury,haryanto,wehrlein,-0.4840998969920942,0.20781117359508788,0.6252355947715559,1.0145783914842337,2016
2016-11,brackley,hamilton,rosberg,-0.0027232834059721656,0.20615528128088303,0.4585339655802081,0.45978438537069255,2016
2016-11,enstone,jolyon_palmer,kevin_magnussen,-0.13642707094207285,0.20862115295019662,0.40546459614664093,0.46473187740455835,2016
2016-11,faenza,kvyat,sainz,1.057384650067994,0.2077849926597279,0.7445396658037516,0.25862560596375644,2016
2016-11,ferrari,raikkonen,vettel,0.736026273776855,0.20615528128088303,0.8511607612696365,0.4077175868410095,2016
2016-11,haas,grosjean,gutierrez,0.3513413752008658,0.2077849926597279,0.6454259248464277,0.45421428144815545,2016
2016-11,hinwil,ericsson,nasr,0.15815890577414082,0.21036627166437175,0.7168509478134607,0.611985769694877,2016
2016-11,mclaren,alonso,button,-0.4057400548537059,0.2234292615586305,0.36760481884030977,0.5515588567272645,2016
2016-11,red_bull,max_verstappen,ricciardo,0.49763779946900566,0.20615528128088303,0.48986458747805767,0.29782057306452575,2016
2016-11,silverstone,hulkenberg,perez,-0.2582323609228362,0.2077849926597279,0.38527050807255814,0.49878645928727666,2016
2016-11,williams,bottas,massa,-0.2363018875492482,0.20862115295019662,0.3843591713863606,0.48681264918317446,2016
2016-12,banbury,haryanto,wehrlein,0.6887246050549521,0.21844747250910007,0.9690426017217296,0.48666887830900585,2016
2016-12,brackley,hamilton,rosberg,0.10692766557747102,0.2147130525032287,0.47809328226514874,0.429610162678576,2016
2016-12,enstone,jolyon_palmer,kevin_magnussen,0.6755928148766436,0.21569959617364537,0.818257666657212,0.4163742386693866,2016
2016-12,faenza,kvyat,sainz,0.3223294217267908,0.2165561168014839,0.6282621695589797,0.4551504961708567,2016
2016-12,ferrari,raikkonen,vettel,0.3433178895069766,0.2147130525032287,0.3593075878073589,0.2548973519375597,2016
2016-12,haas,grosjean,gutierrez,-0.12268796703611784,0.21291625896895083,0.5465753493679443,0.6179207057599557,2016
2016-12,hinwil,ericsson,nasr,-0.13095936669803449,0.23080959616066518,0.5831425584370458,0.6647367175335364,2016
2016-12,mclaren,alonso,button,1.0481413752544677,0.2165561168014839,0.6435441698493153,0.2256193505004728,2016
2016-12,red_bull,max_verstappen,ricciardo,0.037045744377143364,0.2147130525032287,0.4091701930881634,0.3942895134344799,2016
2016-12,silverstone,hulkenberg,perez,-0.7731092726841692,0.21563655376511676,0.3012476546228394,0.652650635772505,2016
2016-12,williams,bottas,massa,-0.05676575165013176,0.27025365314281513,0.4611360071558948,0.48806997038118294,2016
2016-13,brackley,hamilton,rosberg,0.09141161239038142,0.2916900563167293,0.6455654683849928,0.5891701465312695,2016
2016-13,ferrari,raikkonen,vettel,0.1075087687778038,0.28933047059050176,0.42592290466990357,0.38250800691566506,2016
2016-13,haas,grosjean,gutierrez,0.3792105129234138,0.284977404739606,0.4714390869867456,0.32265362872772807,2016
2016-13,red_bull,max_verstappen,ricciardo,0.975453909922171,0.2916900563167293,0.5929126998985037,0.22354064638280496,2016
2016-13,silverstone,hulkenberg,perez,0.5188108681845811,0.284977404739606,0.36487439685791295,0.21718343259816103,2016
2016-13,williams,bottas,massa,-0.3341705364630325,0.2872281323269014,0.26244910063000393,0.3665840026310198,2016
2016-14,banbury,ocon,wehrlein,0.12941196449831344,0.311345740636942,0.6537597808231259,0.5744011454357374,2016
2016-14,brackley,hamilton,rosberg,0.1020542325402084,0.2356060357495806,0.5778137695918983,0.5217546124573786,2016
2016-14,faenza,kvyat,sainz,-0.6354444227935625,0.27651721305452626,0.3374460539221641,0.6370512324841945,2016
2016-14,ferrari,raikkonen,vettel,0.08824213522253754,0.24056670681025652,0.2787883809688879,0.2552416816920023,2016
2016-14,haas,grosjean,gutierrez,0.23507288311377983,0.2406211768000433,0.5739521792608613,0.453716792506822,2016
2016-14,mclaren,alonso,button,0.3834714621814117,0.2459152461731384,0.38614637866731377,0.26315548487774776,2016
2016-14,red_bull,max_verstappen,ricciardo,0.11208309067197308,0.24056670681025652,0.3961440751725394,0.35414090852219754,2016
2016-14,silverstone,hulkenberg,perez,-0.18443405527524892,0.24056670681025652,0.31833887908583924,0.3828144963628364,2016
2016-14,williams,bottas,massa,0.1499580082876799,0.24056670681025652,0.33898223455893495,0.2917769651084035,2016
2016-15,banbury,ocon,wehrlein,0.18940235895605928,0.2321830058265731,0.4807565143112244,0.39780366348059093,2016
2016-15,brackley,hamilton,rosberg,0.16085051768299863,0.2287510525115835,0.5584433967131651,0.4754695047553875,2016
2016-15,enstone,jolyon_palmer,kevin_magnussen,0.3030518825125864,0.2276273786527814,0.6346848210846757,0.4687533146025532,2016
2016-15,faenza,kvyat,sainz,-0.46427224348812446,0.22991384768754267,0.45921977655284624,0.7305525422117904,2016
2016-15,ferrari,raikkonen,vettel,-0.5934071276902313,0.2287510525115835,0.5046222207644786,0.9134395497708304,2016
2016-15,hinwil,ericsson,nasr,0.2942334929971363,0.23098451496549754,0.639705754115443,0.4766463534034624,2016
2016-15,mclaren,alonso,button,-0.21205249012882385,0.26107542465442923,0.6406463821110692,0.7919752401211608,2016
2016-15,red_bull,max_verstappen,ricciardo,0.5904442653601216,0.23094010767585033,0.7036712753278409,0.3898909338795828,2016
2016-15,williams,bottas,massa,0.528895768584472,0.2895974217196463,0.9686662241925222,0.570791691774252,2016
2016-16,banbury,ocon,wehrlein,0.06633938506186643,0.25933134645226996,0.5135124317338111,0.4805517167906925,2016
2016-16,brackley,hamilton,rosberg,-0.3025476947260105,0.2774188896057324,0.3356919375590025,0.4542926444221689,2016
2016-16,faenza,kvyat,sainz,-0.15883617941181127,0.2560306311523476,0.38376363065622104,0.44982696981909814,2016
2016-16,hinwil,ericsson,nasr,-0.3471925316883171,0.2790537004627165,0.26940049182019227,0.3812257126150372,2016
2016-16,mclaren,alonso,button,0.3968381005926461,0.25150708529480514,0.5592099918766358,0.3760367802163217,2016
2016-16,red_bull,max_verstappen,ricciardo,-0.28178383720913536,0.25150708529480514,0.4351311447685045,0.5767629239782762,2016
2016-16,silverstone,hulkenberg,perez,0.27053477121262604,0.25150708529480514,0.3626941586381944,0.276725259141726,2016
2016-16,williams,bottas,massa,-0.4703540610676775,0.25787536107301734,0.19835188921060534,0.31747425632799997,2016
2016-17,banbury,ocon,wehrlein,0.02716778252252361,0.24316750354973155,0.49117734179158157,0.4780127782964971,2016
2016-17,brackley,hamilton,rosberg,-0.218894916879668,0.24056670681025652,0.4212087824383554,0.5242787706508291,2016
2016-17,enstone,jolyon_palmer,kevin_magnussen,-0.0018929326619903097,0.23804761428476168,0.4031825116858273,0.4039464318275282,2016
2016-17,faenza,kvyat,sainz,-0.5722895090288775,0.24316750354973155,0.4978050363390695,0.8822698980935226,2016
2016-17,ferrari,raikkonen,vettel,-0.16954365350963796,0.24056670681025652,0.5250195703800218,0.6220243204152376,2016
2016-17,haas,grosjean,gutierrez,-0.5526889511803057,0.24187060095032284,0.3514476210577311,0.6107878222961853,2016
2016-17,hinwil,ericsson,nasr,-0.09135971724596403,0.23804761428476168,0.44063121503776287,0.4827833468446717,2016
2016-17,mclaren,alonso,button,0.2989401533707673,0.24316750354973155,0.8803914432092994,0.6529016314905908,2016
2016-17,red_bull,max_verstappen,ricciardo,-0.0754947955698011,0.24056670681025652,0.45785294273450367,0.49375667859509564,2016
2016-17,silverstone,hulkenberg,perez,0.1268690954708267,0.24056670681025652,0.35856575436371246,0.31584227618676186,2016
2016-17,williams,bottas,massa,0.08089732984295117,0.2356060357495806,0.46957350283654764,0.4330821843187736,2016
2016-18,banbury,ocon,wehrlein,0.7358610248658463,0.24762294440079324,1.0018105426869952,0.4799601884565054,2016
2016-18,brackley,hamilton,rosberg,0.3050352487545318,0.23804761428476168,0.44600190546822127,0.3287468414228824,2016
2016-18,enstone,jolyon_palmer,kevin_magnussen,-0.20642589285578505,0.24869686206095648,0.5452785225413483,0.6702981460518681,2016
2016-18,faenza,kvyat,sainz,0.6350333387280467,0.23931047521180365,0.5707971793767471,0.30247559766351767,2016
2016-18,ferrari,raikkonen,vettel,-0.8432097589803563,0.2872802021196632,0.19605469267115871,0.4555946202854801,2016
2016-18,hinwil,ericsson,nasr,-0.17440238296146793,0.23931047521180365,0.5027433691382773,0.5985333357901,2016
2016-18,mclaren,alonso,button,0.2829892416693509,0.24198255217175382,0.3214454560348901,0.24221811768846246,2016
2016-18,red_bull,max_verstappen,ricciardo,1.0504704922173531,0.3022968726425832,0.7101379199432339,0.2483871735352066,2016
2016-18,williams,bottas,massa,0.7459322569932911,0.24451470224411165,0.5249066141488731,0.24895897203993408,2016
2016-19,brackley,hamilton,rosberg,0.6625247798715472,0.20615528128088303,0.5893587783395714,0.30384276573972474,2016
2016-19,enstone,jolyon_palmer,kevin_magnussen,-0.3220423376254248,0.20788977581951942,0.3826517581103984,0.5280376908985407,2016
2016-19,faenza,kvyat,sainz,0.08834087782712685,0.20948122482579365,0.5780649395533644,0.5291888363589726,2016
2016-19,ferrari,raikkonen,vettel,0.23129064296650426,0.20781117359508788,0.6031882042765134,0.478635151023118,2016
2016-19,haas,grosjean,gutierrez,0.18870880906997894,0.21116383197514255,0.6891804058147606,0.5706603875494216,2016
2016-19,hinwil,ericsson,nasr,0.002214560578498337,0.20618045132935983,0.4381141236164624,0.43714496687366106,2016
2016-19,mclaren,alonso,button,0.2417648861274896,0.20948122482579365,0.5324725209267069,0.41811913598373834,2016
2016-19,red_bull,max_verstappen,ricciardo,-0.24070496739872327,0.20615528128088303,0.3726547686538683,0.47407114494227703,2016
2016-19,silverstone,hulkenberg,perez,0.05049662660832699,0.20615528128088303,0.40322003151717545,0.3833643223201654,2016
2016-19,williams,bottas,massa,-0.017777116274519278,0.20615528128088303,0.326377450747612,0.33223137945935843,2016
2016-21,banbury,ocon,wehrlein,0.41324242782718235,0.23804761428476168,0.5298135831825287,0.3504726902892689,2016
2016-21,brackley,hamilton,rosberg,0.15467566996212145,0.2356060357495806,0.4330395404183206,0.37098193594043355,2016
2016-21,ferrari,raikkonen,vettel,0.04910819309057135,0.2356060357495806,0.45003605165640437,0.42846947612654457,2016
2016-21,haas,grosjean,gutierrez,0.8594724177744886,0.2356060357495806,0.6830412004706935,0.28918966778863686,2016
2016-21,hinwil,ericsson,nasr,-0.34658551239001556,0.23565511522844848,0.2989368737516179,0.4227656213811671,2016
2016-21,red_bull,max_verstappen,ricciardo,-0.13818965014049067,0.23328473740792174,0.40051653313713853,0.4598703937371958,2016
2016-21,silverstone,hulkenberg,perez,-0.04218625939708476,0.2356060357495806,0.33633628765317586,0.3508285964346838,2016
2017-01,brackley,bottas,hamilton,-0.3935394423845283,0.22654084558194165,0.3607087709848599,0.5346489410520531,2017
2017-01,faenza,kvyat,sainz,0.06293586540395668,0.23098451496549754,0.4355272106260512,0.4089616597811485,2017
2017-01,ferrari,raikkonen,vettel,-0.41440877087480543,0.22654084558194165,0.31013343334284665,0.4693794043377676,2017
2017-01,hinwil,ericsson,giovinazzi,-0.40746350824635147,0.33416562759605706,0.3840397635324329,0.5772119940168351,2017
2017-01,mclaren,alonso,vandoorne,-0.37728228895584004,0.24144269225514128,0.5488584987637362,0.8004090853394974,2017
2017-01,red_bull,max_verstappen,ricciardo,-0.42416273965043183,0.31183220604503253,0.40599908940101453,0.6204925861553794,2017
2017-01,silverstone,ocon,perez,0.31458662815740945,0.22870874995874624,0.46116076091051517,0.33668914161066354,2017
2017-01,williams,massa,stroll,-0.5859184976570138,0.2636879691992527,0.32492523921414335,0.5837738241144507,2017
2017-02,brackley,bottas,hamilton,0.001823129583931049,0.24863262420322443,0.530927771946214,0.5299607036315372,2017
2017-02,enstone,hulkenberg,jolyon_palmer,-0.1206095694769897,0.25150708529480514,0.587909116473002,0.6632698636998432,2017
2017-02,ferrari,raikkonen,vettel,0.14641743932228402,0.24863262420322443,0.5998726165233244,0.5181681935654726,2017
2017-02,haas,grosjean,kevin_magnussen,-0.18055333508257532,0.25150708529480514,0.364963024291076,0.4371819107516361,2017
2017-02,red_bull,max_verstappen,ricciardo,0.2440091928265513,0.24863262420322443,0.5300808339830314,0.4153079607138538,2017
2017-02,silverstone,ocon,perez,0.7472507679893718,0.25455576733608154,0.4873229608199533,0.23082879745792428,2017
2017-03,brackley,bottas,hamilton,0.2236858209531204,0.23804761428476168,0.5178061851111848,0.4140203765252005,2017
2017-03,enstone,hulkenberg,jolyon_palmer,-0.7495963614283346,0.23931047521180365,0.20647441362947566,0.43692993970891303,2017
2017-03,ferrari,raikkonen,vettel,-0.4692486262352251,0.24187060095032284,0.30420063431566075,0.48635367776129934,2017
2017-03,hinwil,ericsson,wehrlein,-0.04946962350406037,0.2526023853501008,0.4442956745796974,0.4668275409044478,2017
2017-03,silverstone,ocon,perez,0.3684058585022931,0.2406211768000433,0.349186045513505,0.2415795946740377,2017
2017-04,brackley,bottas,hamilton,-0.1835768265814538,0.24585451886114368,0.4982165245841895,0.598610776103845,2017
2017-04,faenza,kvyat,sainz,-0.3099304838649197,0.24863262420322443,0.2630004760913945,0.3585565278013251,2017
2017-04,ferrari,raikkonen,vettel,0.3773163231416594,0.24585451886114368,0.3259387270422111,0.22349590387428245,2017
2017-04,hinwil,ericsson,wehrlein,0.06220793570278138,0.25007398482416177,0.3121342621428047,0.2933086556863635,2017
2017-04,silverstone,ocon,perez,0.22299486174298377,0.24585451886114368,0.17910444287521687,0.1433048606544032,2017
2017-04,williams,massa,stroll,-1.0487118152664732,0.2515751245454194,0.18694478772138723,0.5335352468187021,2017
2017-05,brackley,bottas,hamilton,0.06033672063040235,0.2622624814863962,0.7079707233820998,0.66651725019922,2017
2017-05,enstone,hulkenberg,jolyon_palmer,-0.80758376543742,0.22363697207003402,0.3448404282791954,0.7732988223642414,2017
2017-05,faenza,kvyat,sainz,-0.13805408368495953,0.21750385050586113,0.4687616230073811,0.5381559867911131,2017
2017-05,haas,grosjean,kevin_magnussen,0.08592170090534679,0.22042441300835927,0.5326970991265977,0.4888380592253119,2017
2017-05,hinwil,ericsson,wehrlein,0.5362257341808362,0.21858206739094552,0.5225027381186004,0.30563894593607804,2017
2017-05,mclaren,alonso,vandoorne,0.07047179327598305,0.28382009469705655,0.8025924351889819,0.747979251632946,2017
2017-05,silverstone,ocon,perez,-0.39688964756880285,0.2165561168014839,0.32029738634186916,0.476343648375348,2017
2017-05,williams,massa,stroll,-0.365639433488385,0.22138876894049306,0.5307984610160946,0.7651117002569697,2017
2017-06,brackley,bottas,hamilton,-0.20219714429758745,0.20300768756902093,0.728944445542302,0.8922931008586593,2017
2017-06,faenza,kvyat,sainz,-0.024044491491462927,0.21086893969683546,0.5368385675201531,0.5499030124420906,2017
2017-06,ferrari,raikkonen,vettel,0.14622278495519486,0.20300768756902093,0.6913857230969026,0.5973332068094962,2017
2017-06,haas,grosjean,kevin_magnussen,-0.5477634150290209,0.20458753775843877,0.5219636554431464,0.9026739146900702,2017
2017-06,hinwil,ericsson,wehrlein,0.5792472437862453,0.2267023144873898,0.947613461556225,0.5309667673978988,2017
2017-06,mclaren,button,vandoorne,0.6998621028387393,0.22812456318101876,0.7287500395459839,0.36193646634614374,2017
2017-06,red_bull,max_verstappen,ricciardo,-0.38493918467347676,0.20300768756902093,0.49444676159636314,0.7266018521596218,2017
2017-06,silverstone,ocon,perez,0.1770135307431568,0.2069717410355858,0.9159637368684759,0.7673655190085575,2017
2017-06,williams,massa,stroll,0.18441014303025427,0.21291625896895083,0.7933238880273128,0.6597239098213217,2017
2017-08,brackley,bottas,hamilton,-0.182003274123949,0.282842712474619,0.386787274506626,0.463997023691538,2017
2017-08,ferrari,raikkonen,vettel,0.37200967990282807,0.3038218101251,0.730811541140921,0.5037831597755237,2017
2017-08,haas,grosjean,kevin_magnussen,0.5370059990444069,0.2857424461288754,0.9611296390840272,0.5617760601609679,2017
2017-08,hinwil,ericsson,wehrlein,0.03848070125718725,0.2748737083745107,0.9285728616896771,0.8935194913152591,2017
2017-08,mclaren,alonso,vandoorne,0.7553668406181057,0.2833333333333333,0.8822090596438621,0.41449554075052475,2017
2017-08,silverstone,ocon,perez,-0.7460072819099619,0.3306912837469395,0.4201197590553114,0.8858495190756707,2017
2017-11,brackley,bottas,hamilton,-0.15067761342037844,0.21116383197514255,0.45606199646365825,0.5302276119420598,2017
2017-11,enstone,hulkenberg,jolyon_palmer,0.32722897204902307,0.2177014914830383,0.7079529127594018,0.5103764608950335,2017
2017-11,faenza,kvyat,sainz,0.12017928807091804,0.21291625896895083,0.47988251162557594,0.42554130546437574,2017
2017-11,ferrari,raikkonen,vettel,-0.42702785752802586,0.21116383197514255,0.33697765782480527,0.5164840919763758,2017
2017-11,hinwil,ericsson,wehrlein,-0.056317030397238954,0.2147130525032287,0.5961698280138075,0.630707751057592,2017
2017-11,mclaren,alonso,vandoorne,0.373497576437414,0.21204185585369645,0.7178489378809897,0.4941116864431702,2017
2017-11,silverstone,ocon,perez,0.20654378500804382,0.21291625896895083,0.4490747140833558,0.3652731719527631,2017
2017-11,williams,resta,stroll,0.038243169991096004,0.2258317958127243,0.503559874233559,0.4846657369445522,2017
2017-12,brackley,bottas,hamilton,-0.38680797380386744,0.282842712474619,0.22311164388537935,0.3284814163885368,2017
2017-12,enstone,hulkenberg,jolyon_palmer,-1.3484323728201906,0.282842712474619,0.21778186928817925,0.8387614463265036,2017
2017-12,faenza,kvyat,sainz,-0.06241989977683726,0.282842712474619,0.4689336354626439,0.4991372739418737,2017
2017-12,ferrari,raikkonen,vettel,0.21004682252318485,0.2872281323269014,0.4049150614863747,0.32820240217254726,2017
2017-12,haas,grosjean,kevin_magnussen,-0.697846650689365,0.284977404739606,0.29896485049754573,0.600746266764103,2017
2017-12,mclaren,alonso,vandoorne,-0.5560365319959542,0.33403435058152486,0.2333443352502569,0.4068936008660812,2017
2017-12,silverstone,ocon,perez,-0.6745920070639213,0.3017804310611087,0.34265841722083273,0.6727179107624514,2017
2017-12,williams,massa,stroll,-0.7854113879278017,0.282842712474619,0.3548442854981893,0.7782831848631092,2017
2017-13,brackley,bottas,hamilton,-0.4500226517781313,0.2356060357495806,0.3696365826195529,0.5797186882355663,2017
2017-13,enstone,hulkenberg,jolyon_palmer,0.2049194675447431,0.29574273975186954,0.502921958065747,0.4097370193021746,2017
2017-13,faenza,kvyat,sainz,-0.10545654635994217,0.23804761428476168,0.2900679150957733,0.3223286353987246,2017
2017-13,ferrari,raikkonen,vettel,-0.3883116110748789,0.2356060357495806,0.30889136373680326,0.4554569735840573,2017
2017-13,haas,grosjean,kevin_magnussen,-0.1551568638852907,0.2406211768000433,0.31648876206022697,0.36960859631327597,2017
2017-13,hinwil,ericsson,wehrlein,-0.5406321586448781,0.2492125637284024,0.4551017343521117,0.7814515443790723,2017
2017-13,mclaren,alonso,vandoorne,0.20765628584537188,0.2802221595464608,0.37802076693703557,0.307136676012059,2017
2017-13,red_bull,max_verstappen,ricciardo,-0.4876985653008047,0.23941662313239798,0.26968275097920047,0.4391955846923605,2017
2017-13,silverstone,ocon,perez,-0.13526194018243798,0.2356060357495806,0.2125821455446902,0.2433718257842039,2017
2017-13,williams,massa,stroll,-0.12191738273661712,0.2356060357495806,0.23594388069443298,0.2665365455748523,2017
2017-15,brackley,bottas,hamilton,0.1343067944373969,0.22870874995874624,0.4455024443938383,0.38951249302431057,2017
2017-15,enstone,hulkenberg,jolyon_palmer,0.15633991094210142,0.23328473740792174,0.5951192244512339,0.5089866822956777,2017
2017-15,faenza,gasly,sainz,0.9088266765541796,0.284722086720835,0.4295275698416163,0.1730982328620623,2017
2017-15,haas,grosjean,kevin_magnussen,0.23286970260796946,0.23328473740792174,0.6693706592374762,0.5303134536857875,2017
2017-15,hinwil,ericsson,wehrlein,0.1814098878833056,0.23209193580705614,0.4788793378335031,0.3994300969218194,2017
2017-15,mclaren,alonso,vandoorne,0.601871022362734,0.23094010767585033,0.7404776700740031,0.4056231212432742,2017
2017-15,red_bull,max_verstappen,ricciardo,0.11406228809195673,0.22870874995874624,0.4133100036797078,0.36875616919546417,2017
2017-15,silverstone,ocon,perez,-0.28287607125572334,0.23098451496549754,0.40599160925673494,0.5387267924270298,2017
2017-15,williams,massa,stroll,0.11440884291175535,0.23094010767585033,0.4398825642994492,0.3923282842182539,2017
2017-16,brackley,bottas,hamilton,-0.36503089961646507,0.260768096208106,0.39656642685769977,0.5712771450221539,2017
2017-16,enstone,hulkenberg,jolyon_palmer,0.04618139281038158,0.2832050991863109,0.3155966589616197,0.3013533841402039,2017
2017-16,haas,grosjean,kevin_magnussen,0.24271338637878692,0.260768096208106,0.35495098486073146,0.27845774455776046,2017
2017-16,mclaren,alonso,vandoorne,0.05237582852749323,0.2640901167094099,0.41162533062091716,0.3906209745860057,2017
2017-16,red_bull,max_verstappen,ricciardo,0.32958930490577387,0.260768096208106,0.3424201593258215,0.24627510255449933,2017
2017-16,silverstone,ocon,perez,0.3341110943131549,0.260768096208106,0.46172686009524805,0.33058453642497787,2017
2017-16,williams,massa,stroll,-0.1207455617757276,0.28061140855947103,0.29770048338594085,0.3359067035939674,2017
2017-17,brackley,bottas,hamilton,-0.36158113747055187,0.23098451496549754,0.41248819017147786,0.5921670137683074,2017
2017-17,faenza,brendon_hartley,kvyat,0.03336416831247924,0.23328473740792174,0.3035139041605357,0.2935544829383064,2017
2017-17,ferrari,raikkonen,vettel,0.11208482525036945,0.23098451496549754,0.539925835673646,0.4826766479560381,2017
2017-17,haas,grosjean,kevin_magnussen,-0.31100842524572836,0.23328473740792174,0.3878215152499582,0.5292990832132813,2017
2017-17,mclaren,alonso,vandoorne,-0.5402210198897264,0.3197221015541813,0.23198554895724546,0.39817678920368593,2017
2017-17,silverstone,ocon,perez,0.3759412256757264,0.22982713682355446,0.38431521040917355,0.26388722942839554,2017
2017-17,williams,massa,stroll,-0.20698615492803207,0.23328473740792174,0.3319124402699336,0.40824086472595883,2017
2017-18,brackley,bottas,hamilton,-0.3610081010236415,0.2038345099895662,0.4714369635433804,0.6764060089584528,2017
2017-18,enstone,hulkenberg,sainz,-0.4310349453985183,0.3214197529654515,0.2854904949606949,0.4393268553842956,2017
2017-18,faenza,brendon_hartley,gasly,0.04923382112826613,0.27061184236978475,0.46334841011397,0.44108846472523416,2017
2017-18,ferrari,raikkonen,vettel,-0.05680308769287862,0.2022487776693525,0.622090511968367,0.6584500653993614,2017
2017-18,haas,grosjean,kevin_magnussen,-0.2811651056153722,0.2070230924173549,0.287510636696378,0.38085737544280535,2017
2017-18,hinwil,ericsson,wehrlein,-0.3069809535948669,0.22838061671952364,0.32638254329909466,0.4436567122240332,2017
2017-18,mclaren,alonso,vandoorne,0.16333104532270637,0.20378699057873526,0.47431512891197536,0.40284057349140623,2017
2017-18,silverstone,ocon,perez,-0.24540696953702534,0.20781117359508788,0.24517644320758913,0.3133701554975625,2017
2017-18,williams,massa,stroll,0.5800694762531975,0.20541022903780182,0.3552293655328667,0.1988785237032484,2017
2017-19,brackley,bottas,hamilton,-0.4433869181232273,0.20945397523545714,0.39105136787277006,0.6092482652288558,2017
2017-19,enstone,hulkenberg,sainz,0.05659136194003589,0.21116383197514255,0.3930559659401197,0.3714300838176164,2017
2017-19,faenza,brendon_hartley,gasly,-0.6960081044695258,0.2630430263119535,0.21582943962268172,0.4328955906789056,2017
2017-19,ferrari,raikkonen,vettel,0.35373475749928784,0.20945397523545714,0.41133290415344737,0.28878085547367793,2017
2017-19,hinwil,ericsson,wehrlein,-0.46308592328705267,0.20948122482579365,0.3592842159088558,0.5708917924318322,2017
2017-19,red_bull,max_verstappen,ricciardo,-0.3211369193503075,0.21119221230347113,0.4249606970519247,0.585890906857325,2017
2017-19,williams,massa,stroll,-0.6520012817449228,0.21303464444319076,0.3005649277970072,0.5768977714388513,2017
2017-20,brackley,bottas,hamilton,0.3511302355752971,0.23094010767585033,0.4616846118838155,0.3249761399606689,2017
2017-20,enstone,hulkenberg,sainz,0.20309501824169685,0.27755546659548436,0.3573347897347841,0.2916568997224603,2017
2017-20,faenza,brendon_hartley,gasly,0.18680394847320891,0.2344250456773259,0.4475490862299338,0.37128957105070165,2017
2017-20,ferrari,raikkonen,vettel,-0.7273242085991013,0.23094010767585033,0.3118262983665668,0.6453356089120957,2017
2017-20,haas,grosjean,kevin_magnussen,0.058137314458061695,0.23323807579381203,0.31531771080043625,0.29750868617378246,2017
2017-20,hinwil,ericsson,wehrlein,0.3466838138432896,0.23323807579381203,0.4145811245198883,0.29312081389870515,2017
2017-20,mclaren,alonso,vandoorne,0.44163894688406613,0.23323807579381203,0.3693015636716549,0.23745416351341883,2017
2017-20,red_bull,max_verstappen,ricciardo,0.5306079885881823,0.33416562759605706,0.2910579990590834,0.1712140568670402,2017
2017-20,silverstone,ocon,perez,-0.5266863261130479,0.23094010767585033,0.18753550854788367,0.3175561117107888,2017
2017-20,williams,massa,stroll,-1.1913364469822867,0.2382545222893038,0.2327370763975301,0.7660487698427819,2017
